==== START Thu 10/09/2025 20:15:01.93 ====
[DEBUG] [GD] net error on page 1: HTTPSConnectionPool(host='maestro.lqdt1.com', port=443): Max retries exceeded with url: /search/list (Caused by NewConnectionError('<urllib3.connection.HTTPSConnection object at 0x0312D058>: Failed to establish a new connection: [Errno 11001] getaddrinfo failed'))
[DEBUG] [GD] total raw items before normalize: 0; unique kept: 0
[DEBUG] [GD] normalized rows: 0
[DEBUG] [GD] blocked by specialty/diesel filter: 0; passing: 0
[DEBUG] [Proxibid] net error for https://www.proxibid.com/core/category/lotItems/category/3817/html?sortBy=endingsoonest&auctionType=timed&inventoryType=all&auctionHouseId=0&auctionId=0&featured=false&metaDataFilters=&galleryView=true&pageNumber=0: HTTPSConnectionPool(host='www.proxibid.com', port=443): Max retries exceeded with url: /core/category/lotItems/category/3817/html?sortBy=endingsoonest&auctionType=timed&inventoryType=all&auctionHouseId=0&auctionId=0&featured=false&metaDataFilters=&galleryView=true&pageNumber=0 (Caused by NewConnectionError('<urllib3.connection.HTTPSConnection object at 0x0312D310>: Failed to establish a new connection: [Errno 11001] getaddrinfo failed'))
[DEBUG] [Proxibid] net error for https://www.proxibid.com/core/category/lotItems/category/3817/auctionHouseId/0/auctionId/0/metadata/html?auctionType=timed: HTTPSConnectionPool(host='www.proxibid.com', port=443): Max retries exceeded with url: /core/category/lotItems/category/3817/auctionHouseId/0/auctionId/0/metadata/html?auctionType=timed (Caused by NewConnectionError('<urllib3.connection.HTTPSConnection object at 0x0312D388>: Failed to establish a new connection: [Errno 11001] getaddrinfo failed'))
[DEBUG] [Proxibid] parsed 0 rows across 1 page(s)
[DEBUG] [Renebates] index fetch error: HTTPSConnectionPool(host='renebates.com', port=443): Max retries exceeded with url: /a_main.php (Caused by NewConnectionError('<urllib3.connection.HTTPSConnection object at 0x0312D1D8>: Failed to establish a new connection: [Errno 11001] getaddrinfo failed'))
[DEBUG] [DEBUG] collected 0 listings from all sites (after filter)
[DEBUG] [GD] HTTP 200 | CT=application/json; charset=utf-8 | page=1
[DEBUG] [GD] page 1: 24 items
[DEBUG] [GD] HTTP 200 | CT=application/json; charset=utf-8 | page=2
[DEBUG] [GD] page 2: 24 items
[DEBUG] [GD] HTTP 200 | CT=application/json; charset=utf-8 | page=3
[DEBUG] [GD] page 3: 24 items
[DEBUG] [GD] HTTP 200 | CT=application/json; charset=utf-8 | page=4
[DEBUG] [GD] page 4: 24 items
[DEBUG] [GD] HTTP 200 | CT=application/json; charset=utf-8 | page=5
[DEBUG] [GD] page 5: 24 items
[DEBUG] [GD] total raw items before normalize: 120; unique kept: 100
[DEBUG] [GD] normalized rows: 100
[DEBUG] [GD] blocked by specialty/diesel filter: 85; passing: 15
[DEBUG] [Proxibid] parsed 30 rows across 1 page(s)
[DEBUG] [Renebates] found 58 events on index
[DEBUG] [Renebates] event: Celina Independent School District - Celina, Texas secs=52435
[DEBUG] [Renebates] Celina Independent School District - Celina, Texas -> 33 lots via https://renebates.com/a_list_2.php?id=268&cat=all
[DEBUG] [Renebates] event: MHMR Tarrant - Fort Worth, Texas secs=63232
[DEBUG] [Renebates] MHMR Tarrant - Fort Worth, Texas -> 60 lots via https://renebates.com/a_list_2.php?id=138&cat=all
[DEBUG] [DEBUG] collected 39 listings from all sites (after filter)
==== START Thu 10/09/2025 21:50:19.52 ====
[DEBUG] [GD] net error on page 1: HTTPSConnectionPool(host='maestro.lqdt1.com', port=443): Max retries exceeded with url: /search/list (Caused by NewConnectionError('<urllib3.connection.HTTPSConnection object at 0x02F32EE0>: Failed to establish a new connection: [Errno 11001] getaddrinfo failed'))
[DEBUG] [GD] total raw items before normalize: 0; unique kept: 0
[DEBUG] [GD] normalized rows: 0
[DEBUG] [GD] blocked by specialty/diesel filter: 0; passing: 0
[DEBUG] [Proxibid] net error for https://www.proxibid.com/core/category/lotItems/category/3817/html?sortBy=endingsoonest&auctionType=timed&inventoryType=all&auctionHouseId=0&auctionId=0&featured=false&metaDataFilters=&galleryView=true&pageNumber=0: HTTPSConnectionPool(host='www.proxibid.com', port=443): Max retries exceeded with url: /core/category/lotItems/category/3817/html?sortBy=endingsoonest&auctionType=timed&inventoryType=all&auctionHouseId=0&auctionId=0&featured=false&metaDataFilters=&galleryView=true&pageNumber=0 (Caused by NewConnectionError('<urllib3.connection.HTTPSConnection object at 0x02EE31C0>: Failed to establish a new connection: [Errno 11001] getaddrinfo failed'))
[DEBUG] [Proxibid] net error for https://www.proxibid.com/core/category/lotItems/category/3817/auctionHouseId/0/auctionId/0/metadata/html?auctionType=timed: HTTPSConnectionPool(host='www.proxibid.com', port=443): Max retries exceeded with url: /core/category/lotItems/category/3817/auctionHouseId/0/auctionId/0/metadata/html?auctionType=timed (Caused by NewConnectionError('<urllib3.connection.HTTPSConnection object at 0x02EE3238>: Failed to establish a new connection: [Errno 11001] getaddrinfo failed'))
[DEBUG] [Proxibid] parsed 0 rows across 1 page(s)
[DEBUG] [Renebates] index fetch error: HTTPSConnectionPool(host='renebates.com', port=443): Max retries exceeded with url: /a_main.php (Caused by NewConnectionError('<urllib3.connection.HTTPSConnection object at 0x02EE3088>: Failed to establish a new connection: [Errno 11001] getaddrinfo failed'))
[DEBUG] [DEBUG] collected 0 listings from all sites (after filter)
[DEBUG] [GD] HTTP 200 | CT=application/json; charset=utf-8 | page=1
[DEBUG] [GD] page 1: 24 items
[DEBUG] [GD] HTTP 200 | CT=application/json; charset=utf-8 | page=2
[DEBUG] [GD] page 2: 24 items
[DEBUG] [GD] HTTP 200 | CT=application/json; charset=utf-8 | page=3
[DEBUG] [GD] page 3: 24 items
[DEBUG] [GD] HTTP 200 | CT=application/json; charset=utf-8 | page=4
[DEBUG] [GD] page 4: 24 items
[DEBUG] [GD] HTTP 200 | CT=application/json; charset=utf-8 | page=5
[DEBUG] [GD] page 5: 24 items
[DEBUG] [GD] total raw items before normalize: 120; unique kept: 99
[DEBUG] [GD] normalized rows: 99
[DEBUG] [GD] blocked by specialty/diesel filter: 84; passing: 15
[DEBUG] [Proxibid] parsed 30 rows across 1 page(s)
[DEBUG] [Renebates] found 58 events on index
[DEBUG] [Renebates] event: Celina Independent School District - Celina, Texas secs=46725
[DEBUG] [Renebates] Celina Independent School District - Celina, Texas -> 33 lots via https://renebates.com/a_list_2.php?id=268&cat=all
[DEBUG] [Renebates] event: MHMR Tarrant - Fort Worth, Texas secs=57521
[DEBUG] [Renebates] MHMR Tarrant - Fort Worth, Texas -> 60 lots via https://renebates.com/a_list_2.php?id=138&cat=all
[DEBUG] [DEBUG] collected 39 listings from all sites (after filter)
==== START Thu 10/09/2025 22:05:01.86 ====
[DEBUG] [GD] net error on page 1: HTTPSConnectionPool(host='maestro.lqdt1.com', port=443): Max retries exceeded with url: /search/list (Caused by NewConnectionError('<urllib3.connection.HTTPSConnection object at 0x031BAF70>: Failed to establish a new connection: [Errno 11001] getaddrinfo failed'))
[DEBUG] [GD] total raw items before normalize: 0; unique kept: 0
[DEBUG] [GD] normalized rows: 0
[DEBUG] [GD] blocked by specialty/diesel filter: 0; passing: 0
[DEBUG] [Proxibid] net error for https://www.proxibid.com/core/category/lotItems/category/3817/html?sortBy=endingsoonest&auctionType=timed&inventoryType=all&auctionHouseId=0&auctionId=0&featured=false&metaDataFilters=&galleryView=true&pageNumber=0: HTTPSConnectionPool(host='www.proxibid.com', port=443): Max retries exceeded with url: /core/category/lotItems/category/3817/html?sortBy=endingsoonest&auctionType=timed&inventoryType=all&auctionHouseId=0&auctionId=0&featured=false&metaDataFilters=&galleryView=true&pageNumber=0 (Caused by NewConnectionError('<urllib3.connection.HTTPSConnection object at 0x03196250>: Failed to establish a new connection: [Errno 11001] getaddrinfo failed'))
[DEBUG] [Proxibid] net error for https://www.proxibid.com/core/category/lotItems/category/3817/auctionHouseId/0/auctionId/0/metadata/html?auctionType=timed: HTTPSConnectionPool(host='www.proxibid.com', port=443): Max retries exceeded with url: /core/category/lotItems/category/3817/auctionHouseId/0/auctionId/0/metadata/html?auctionType=timed (Caused by NewConnectionError('<urllib3.connection.HTTPSConnection object at 0x031962C8>: Failed to establish a new connection: [Errno 11001] getaddrinfo failed'))
[DEBUG] [Proxibid] parsed 0 rows across 1 page(s)
[DEBUG] [Renebates] index fetch error: HTTPSConnectionPool(host='renebates.com', port=443): Max retries exceeded with url: /a_main.php (Caused by NewConnectionError('<urllib3.connection.HTTPSConnection object at 0x03196118>: Failed to establish a new connection: [Errno 11001] getaddrinfo failed'))
[DEBUG] [DEBUG] collected 0 listings from all sites (after filter)
==== START Thu 10/09/2025 22:55:29.76 ====
[DEBUG] [GD] net error on page 1: HTTPSConnectionPool(host='maestro.lqdt1.com', port=443): Max retries exceeded with url: /search/list (Caused by NewConnectionError('<urllib3.connection.HTTPSConnection object at 0x031BBE20>: Failed to establish a new connection: [Errno 11001] getaddrinfo failed'))
[DEBUG] [GD] total raw items before normalize: 0; unique kept: 0
[DEBUG] [GD] normalized rows: 0
[DEBUG] [GD] blocked by specialty/diesel filter: 0; passing: 0
[DEBUG] [Proxibid] net error for https://www.proxibid.com/core/category/lotItems/category/3817/html?sortBy=endingsoonest&auctionType=timed&inventoryType=all&auctionHouseId=0&auctionId=0&featured=false&metaDataFilters=&galleryView=true&pageNumber=0: HTTPSConnectionPool(host='www.proxibid.com', port=443): Max retries exceeded with url: /core/category/lotItems/category/3817/html?sortBy=endingsoonest&auctionType=timed&inventoryType=all&auctionHouseId=0&auctionId=0&featured=false&metaDataFilters=&galleryView=true&pageNumber=0 (Caused by NewConnectionError('<urllib3.connection.HTTPSConnection object at 0x03196100>: Failed to establish a new connection: [Errno 11001] getaddrinfo failed'))
[DEBUG] [Proxibid] net error for https://www.proxibid.com/core/category/lotItems/category/3817/auctionHouseId/0/auctionId/0/metadata/html?auctionType=timed: HTTPSConnectionPool(host='www.proxibid.com', port=443): Max retries exceeded with url: /core/category/lotItems/category/3817/auctionHouseId/0/auctionId/0/metadata/html?auctionType=timed (Caused by NewConnectionError('<urllib3.connection.HTTPSConnection object at 0x03196100>: Failed to establish a new connection: [Errno 11001] getaddrinfo failed'))
[DEBUG] [Proxibid] parsed 0 rows across 1 page(s)
[DEBUG] [Renebates] index fetch error: HTTPSConnectionPool(host='renebates.com', port=443): Max retries exceeded with url: /a_main.php (Caused by NewConnectionError('<urllib3.connection.HTTPSConnection object at 0x03194100>: Failed to establish a new connection: [Errno 11001] getaddrinfo failed'))
[DEBUG] [DEBUG] collected 0 listings from all sites (after filter)
[DEBUG] [GD] HTTP 200 | CT=application/json; charset=utf-8 | page=1
[DEBUG] [GD] page 1: 24 items
[DEBUG] [GD] HTTP 200 | CT=application/json; charset=utf-8 | page=2
[DEBUG] [GD] page 2: 24 items
[DEBUG] [GD] HTTP 200 | CT=application/json; charset=utf-8 | page=3
[DEBUG] [GD] page 3: 24 items
[DEBUG] [GD] HTTP 200 | CT=application/json; charset=utf-8 | page=4
[DEBUG] [GD] page 4: 24 items
[DEBUG] [GD] HTTP 200 | CT=application/json; charset=utf-8 | page=5
[DEBUG] [GD] page 5: 24 items
[DEBUG] [GD] total raw items before normalize: 120; unique kept: 99
[DEBUG] [GD] normalized rows: 99
[DEBUG] [GD] blocked by specialty/diesel filter: 84; passing: 15
[DEBUG] [Proxibid] parsed 30 rows across 1 page(s)
[DEBUG] [Renebates] found 58 events on index
[DEBUG] [Renebates] event: Celina Independent School District - Celina, Texas secs=42811
[DEBUG] [Renebates] Celina Independent School District - Celina, Texas -> 33 lots via https://renebates.com/a_list_2.php?id=268&cat=all
[DEBUG] [Renebates] event: MHMR Tarrant - Fort Worth, Texas secs=53606
[DEBUG] [Renebates] MHMR Tarrant - Fort Worth, Texas -> 60 lots via https://renebates.com/a_list_2.php?id=138&cat=all
[DEBUG] [DEBUG] collected 39 listings from all sites (after filter)
[DEBUG] [GD] HTTP 200 | CT=application/json; charset=utf-8 | page=1
[DEBUG] [GD] page 1: 24 items
[DEBUG] [GD] HTTP 200 | CT=application/json; charset=utf-8 | page=2
[DEBUG] [GD] page 2: 24 items
[DEBUG] [GD] HTTP 200 | CT=application/json; charset=utf-8 | page=3
[DEBUG] [GD] page 3: 24 items
[DEBUG] [GD] HTTP 200 | CT=application/json; charset=utf-8 | page=4
[DEBUG] [GD] page 4: 24 items
[DEBUG] [GD] HTTP 200 | CT=application/json; charset=utf-8 | page=5
[DEBUG] [GD] page 5: 24 items
[DEBUG] [GD] total raw items before normalize: 120; unique kept: 99
[DEBUG] [GD] normalized rows: 99
[DEBUG] [GD] blocked by specialty/diesel filter: 84; passing: 15
[DEBUG] [Proxibid] parsed 30 rows across 1 page(s)
[DEBUG] [Renebates] found 58 events on index
[DEBUG] [Renebates] event: Celina Independent School District - Celina, Texas secs=42165
[DEBUG] [Renebates] Celina Independent School District - Celina, Texas -> 33 lots via https://renebates.com/a_list_2.php?id=268&cat=all
[DEBUG] [Renebates] event: MHMR Tarrant - Fort Worth, Texas secs=52962
[DEBUG] [Renebates] MHMR Tarrant - Fort Worth, Texas -> 60 lots via https://renebates.com/a_list_2.php?id=138&cat=all
[DEBUG] [DEBUG] collected 39 listings from all sites (after filter)
[DEBUG] [GD] HTTP 200 | CT=application/json; charset=utf-8 | page=1
[DEBUG] [GD] page 1: 24 items
[DEBUG] [GD] HTTP 200 | CT=application/json; charset=utf-8 | page=2
[DEBUG] [GD] page 2: 24 items
[DEBUG] [GD] HTTP 200 | CT=application/json; charset=utf-8 | page=3
[DEBUG] [GD] page 3: 24 items
[DEBUG] [GD] HTTP 200 | CT=application/json; charset=utf-8 | page=4
[DEBUG] [GD] page 4: 24 items
[DEBUG] [GD] HTTP 200 | CT=application/json; charset=utf-8 | page=5
[DEBUG] [GD] page 5: 24 items
[DEBUG] [GD] total raw items before normalize: 120; unique kept: 99
[DEBUG] [GD] normalized rows: 99
[DEBUG] [GD] blocked by specialty/diesel filter: 84; passing: 15
[DEBUG] [Proxibid] parsed 30 rows across 1 page(s)
[DEBUG] [Renebates] found 58 events on index
[DEBUG] [Renebates] event: Celina Independent School District - Celina, Texas secs=41522
[DEBUG] [Renebates] Celina Independent School District - Celina, Texas -> 33 lots via https://renebates.com/a_list_2.php?id=268&cat=all
[DEBUG] [Renebates] event: MHMR Tarrant - Fort Worth, Texas secs=52320
[DEBUG] [Renebates] MHMR Tarrant - Fort Worth, Texas -> 60 lots via https://renebates.com/a_list_2.php?id=138&cat=all
[DEBUG] [DEBUG] collected 39 listings from all sites (after filter)
[DEBUG] [GD] HTTP 200 | CT=application/json; charset=utf-8 | page=1
[DEBUG] [GD] page 1: 24 items
[DEBUG] [GD] HTTP 200 | CT=application/json; charset=utf-8 | page=2
[DEBUG] [GD] page 2: 24 items
[DEBUG] [GD] HTTP 200 | CT=application/json; charset=utf-8 | page=3
[DEBUG] [GD] page 3: 24 items
[DEBUG] [GD] HTTP 200 | CT=application/json; charset=utf-8 | page=4
[DEBUG] [GD] page 4: 24 items
[DEBUG] [GD] HTTP 200 | CT=application/json; charset=utf-8 | page=5
[DEBUG] [GD] page 5: 24 items
[DEBUG] [GD] total raw items before normalize: 120; unique kept: 99
[DEBUG] [GD] normalized rows: 99
[DEBUG] [GD] blocked by specialty/diesel filter: 84; passing: 15
[DEBUG] [Proxibid] parsed 30 rows across 1 page(s)
[DEBUG] [Renebates] found 58 events on index
[DEBUG] [Renebates] event: Celina Independent School District - Celina, Texas secs=40872
[DEBUG] [Renebates] Celina Independent School District - Celina, Texas -> 33 lots via https://renebates.com/a_list_2.php?id=268&cat=all
[DEBUG] [Renebates] event: MHMR Tarrant - Fort Worth, Texas secs=51668
[DEBUG] [Renebates] MHMR Tarrant - Fort Worth, Texas -> 60 lots via https://renebates.com/a_list_2.php?id=138&cat=all
[DEBUG] [DEBUG] collected 39 listings from all sites (after filter)
[DEBUG] [GD] HTTP 200 | CT=application/json; charset=utf-8 | page=1
[DEBUG] [GD] page 1: 24 items
[DEBUG] [GD] HTTP 200 | CT=application/json; charset=utf-8 | page=2
[DEBUG] [GD] page 2: 24 items
[DEBUG] [GD] HTTP 200 | CT=application/json; charset=utf-8 | page=3
[DEBUG] [GD] page 3: 24 items
[DEBUG] [GD] HTTP 200 | CT=application/json; charset=utf-8 | page=4
[DEBUG] [GD] page 4: 24 items
[DEBUG] [GD] HTTP 200 | CT=application/json; charset=utf-8 | page=5
[DEBUG] [GD] page 5: 24 items
[DEBUG] [GD] total raw items before normalize: 120; unique kept: 99
[DEBUG] [GD] normalized rows: 99
[DEBUG] [GD] blocked by specialty/diesel filter: 84; passing: 15
[DEBUG] [Proxibid] parsed 30 rows across 1 page(s)
[DEBUG] [Renebates] found 58 events on index
[DEBUG] [Renebates] event: Celina Independent School District - Celina, Texas secs=40216
[DEBUG] [Renebates] Celina Independent School District - Celina, Texas -> 33 lots via https://renebates.com/a_list_2.php?id=268&cat=all
[DEBUG] [Renebates] event: MHMR Tarrant - Fort Worth, Texas secs=51012
[DEBUG] [Renebates] MHMR Tarrant - Fort Worth, Texas -> 60 lots via https://renebates.com/a_list_2.php?id=138&cat=all
[DEBUG] [DEBUG] collected 39 listings from all sites (after filter)
[DEBUG] [GD] HTTP 200 | CT=application/json; charset=utf-8 | page=1
[DEBUG] [GD] page 1: 24 items
[DEBUG] [GD] HTTP 200 | CT=application/json; charset=utf-8 | page=2
[DEBUG] [GD] page 2: 24 items
[DEBUG] [GD] HTTP 200 | CT=application/json; charset=utf-8 | page=3
[DEBUG] [GD] page 3: 24 items
[DEBUG] [GD] HTTP 200 | CT=application/json; charset=utf-8 | page=4
[DEBUG] [GD] page 4: 24 items
[DEBUG] [GD] HTTP 200 | CT=application/json; charset=utf-8 | page=5
[DEBUG] [GD] page 5: 24 items
[DEBUG] [GD] total raw items before normalize: 120; unique kept: 99
[DEBUG] [GD] normalized rows: 99
[DEBUG] [GD] blocked by specialty/diesel filter: 84; passing: 15
[DEBUG] [Proxibid] parsed 30 rows across 1 page(s)
[DEBUG] [Renebates] found 58 events on index
[DEBUG] [Renebates] event: Celina Independent School District - Celina, Texas secs=39560
[DEBUG] [Renebates] Celina Independent School District - Celina, Texas -> 33 lots via https://renebates.com/a_list_2.php?id=268&cat=all
[DEBUG] [Renebates] event: MHMR Tarrant - Fort Worth, Texas secs=50357
[DEBUG] [Renebates] MHMR Tarrant - Fort Worth, Texas -> 60 lots via https://renebates.com/a_list_2.php?id=138&cat=all
[DEBUG] [DEBUG] collected 39 listings from all sites (after filter)
[DEBUG] [GD] HTTP 200 | CT=application/json; charset=utf-8 | page=1
[DEBUG] [GD] page 1: 24 items
[DEBUG] [GD] HTTP 200 | CT=application/json; charset=utf-8 | page=2
[DEBUG] [GD] page 2: 24 items
[DEBUG] [GD] HTTP 200 | CT=application/json; charset=utf-8 | page=3
[DEBUG] [GD] page 3: 24 items
[DEBUG] [GD] HTTP 200 | CT=application/json; charset=utf-8 | page=4
[DEBUG] [GD] page 4: 24 items
[DEBUG] [GD] HTTP 200 | CT=application/json; charset=utf-8 | page=5
[DEBUG] [GD] page 5: 24 items
[DEBUG] [GD] total raw items before normalize: 120; unique kept: 99
[DEBUG] [GD] normalized rows: 99
[DEBUG] [GD] blocked by specialty/diesel filter: 84; passing: 15
[DEBUG] [Proxibid] parsed 30 rows across 1 page(s)
[DEBUG] [Renebates] found 58 events on index
[DEBUG] [Renebates] event: Celina Independent School District - Celina, Texas secs=38913
[DEBUG] [Renebates] Celina Independent School District - Celina, Texas -> 33 lots via https://renebates.com/a_list_2.php?id=268&cat=all
[DEBUG] [Renebates] event: MHMR Tarrant - Fort Worth, Texas secs=49710
[DEBUG] [Renebates] MHMR Tarrant - Fort Worth, Texas -> 60 lots via https://renebates.com/a_list_2.php?id=138&cat=all
[DEBUG] [DEBUG] collected 39 listings from all sites (after filter)
[DEBUG] [GD] HTTP 200 | CT=application/json; charset=utf-8 | page=1
[DEBUG] [GD] page 1: 24 items
[DEBUG] [GD] HTTP 200 | CT=application/json; charset=utf-8 | page=2
[DEBUG] [GD] page 2: 24 items
[DEBUG] [GD] HTTP 200 | CT=application/json; charset=utf-8 | page=3
[DEBUG] [GD] page 3: 24 items
[DEBUG] [GD] HTTP 200 | CT=application/json; charset=utf-8 | page=4
[DEBUG] [GD] page 4: 24 items
[DEBUG] [GD] HTTP 200 | CT=application/json; charset=utf-8 | page=5
[DEBUG] [GD] page 5: 24 items
[DEBUG] [GD] total raw items before normalize: 120; unique kept: 99
[DEBUG] [GD] normalized rows: 99
[DEBUG] [GD] blocked by specialty/diesel filter: 84; passing: 15
[DEBUG] [Proxibid] parsed 30 rows across 1 page(s)
[DEBUG] [Renebates] found 58 events on index
[DEBUG] [Renebates] event: Celina Independent School District - Celina, Texas secs=38260
[DEBUG] [Renebates] Celina Independent School District - Celina, Texas -> 33 lots via https://renebates.com/a_list_2.php?id=268&cat=all
[DEBUG] [Renebates] event: MHMR Tarrant - Fort Worth, Texas secs=49056
[DEBUG] [Renebates] MHMR Tarrant - Fort Worth, Texas -> 60 lots via https://renebates.com/a_list_2.php?id=138&cat=all
[DEBUG] [DEBUG] collected 39 listings from all sites (after filter)
[DEBUG] [GD] HTTP 200 | CT=application/json; charset=utf-8 | page=1
[DEBUG] [GD] page 1: 24 items
[DEBUG] [GD] HTTP 200 | CT=application/json; charset=utf-8 | page=2
[DEBUG] [GD] page 2: 24 items
[DEBUG] [GD] HTTP 200 | CT=application/json; charset=utf-8 | page=3
[DEBUG] [GD] page 3: 24 items
[DEBUG] [GD] HTTP 200 | CT=application/json; charset=utf-8 | page=4
[DEBUG] [GD] page 4: 24 items
[DEBUG] [GD] HTTP 200 | CT=application/json; charset=utf-8 | page=5
[DEBUG] [GD] page 5: 24 items
[DEBUG] [GD] total raw items before normalize: 120; unique kept: 99
[DEBUG] [GD] normalized rows: 99
[DEBUG] [GD] blocked by specialty/diesel filter: 84; passing: 15
[DEBUG] [Proxibid] parsed 30 rows across 1 page(s)
[DEBUG] [Renebates] found 58 events on index
[DEBUG] [Renebates] event: Celina Independent School District - Celina, Texas secs=37606
[DEBUG] [Renebates] Celina Independent School District - Celina, Texas -> 33 lots via https://renebates.com/a_list_2.php?id=268&cat=all
[DEBUG] [Renebates] event: MHMR Tarrant - Fort Worth, Texas secs=48404
[DEBUG] [Renebates] MHMR Tarrant - Fort Worth, Texas -> 60 lots via https://renebates.com/a_list_2.php?id=138&cat=all
[DEBUG] [DEBUG] collected 39 listings from all sites (after filter)
❌ SMS failed: HTTP 401 error: Unable to create record: Authenticate
💓 Healthcheck SMS sent.
[DEBUG] [GD] HTTP 200 | CT=application/json; charset=utf-8 | page=1
[DEBUG] [GD] page 1: 24 items
[DEBUG] [GD] HTTP 200 | CT=application/json; charset=utf-8 | page=2
[DEBUG] [GD] page 2: 24 items
[DEBUG] [GD] HTTP 200 | CT=application/json; charset=utf-8 | page=3
[DEBUG] [GD] page 3: 24 items
[DEBUG] [GD] HTTP 200 | CT=application/json; charset=utf-8 | page=4
[DEBUG] [GD] page 4: 24 items
[DEBUG] [GD] HTTP 200 | CT=application/json; charset=utf-8 | page=5
[DEBUG] [GD] page 5: 24 items
[DEBUG] [GD] total raw items before normalize: 120; unique kept: 99
[DEBUG] [GD] normalized rows: 99
[DEBUG] [GD] blocked by specialty/diesel filter: 84; passing: 15
[DEBUG] [Proxibid] parsed 30 rows across 1 page(s)
[DEBUG] [Renebates] found 58 events on index
[DEBUG] [Renebates] event: Celina Independent School District - Celina, Texas secs=36953
[DEBUG] [Renebates] Celina Independent School District - Celina, Texas -> 33 lots via https://renebates.com/a_list_2.php?id=268&cat=all
[DEBUG] [Renebates] event: MHMR Tarrant - Fort Worth, Texas secs=47749
[DEBUG] [Renebates] MHMR Tarrant - Fort Worth, Texas -> 60 lots via https://renebates.com/a_list_2.php?id=138&cat=all
[DEBUG] [DEBUG] collected 39 listings from all sites (after filter)
[DEBUG] [GD] HTTP 200 | CT=application/json; charset=utf-8 | page=1
[DEBUG] [GD] page 1: 24 items
[DEBUG] [GD] HTTP 200 | CT=application/json; charset=utf-8 | page=2
[DEBUG] [GD] page 2: 24 items
[DEBUG] [GD] HTTP 200 | CT=application/json; charset=utf-8 | page=3
[DEBUG] [GD] page 3: 24 items
[DEBUG] [GD] HTTP 200 | CT=application/json; charset=utf-8 | page=4
[DEBUG] [GD] page 4: 24 items
[DEBUG] [GD] HTTP 200 | CT=application/json; charset=utf-8 | page=5
[DEBUG] [GD] page 5: 24 items
[DEBUG] [GD] total raw items before normalize: 120; unique kept: 99
[DEBUG] [GD] normalized rows: 99
[DEBUG] [GD] blocked by specialty/diesel filter: 84; passing: 15
[DEBUG] [Proxibid] parsed 30 rows across 1 page(s)
[DEBUG] [Renebates] found 58 events on index
[DEBUG] [Renebates] event: Celina Independent School District - Celina, Texas secs=36301
[DEBUG] [Renebates] Celina Independent School District - Celina, Texas -> 33 lots via https://renebates.com/a_list_2.php?id=268&cat=all
[DEBUG] [Renebates] event: MHMR Tarrant - Fort Worth, Texas secs=47098
[DEBUG] [Renebates] MHMR Tarrant - Fort Worth, Texas -> 60 lots via https://renebates.com/a_list_2.php?id=138&cat=all
[DEBUG] [DEBUG] collected 39 listings from all sites (after filter)
[DEBUG] [GD] HTTP 200 | CT=application/json; charset=utf-8 | page=1
[DEBUG] [GD] page 1: 24 items
[DEBUG] [GD] HTTP 200 | CT=application/json; charset=utf-8 | page=2
[DEBUG] [GD] page 2: 24 items
[DEBUG] [GD] HTTP 200 | CT=application/json; charset=utf-8 | page=3
[DEBUG] [GD] page 3: 24 items
[DEBUG] [GD] HTTP 200 | CT=application/json; charset=utf-8 | page=4
[DEBUG] [GD] page 4: 24 items
[DEBUG] [GD] HTTP 200 | CT=application/json; charset=utf-8 | page=5
[DEBUG] [GD] page 5: 24 items
[DEBUG] [GD] total raw items before normalize: 120; unique kept: 99
[DEBUG] [GD] normalized rows: 99
[DEBUG] [GD] blocked by specialty/diesel filter: 84; passing: 15
[DEBUG] [Proxibid] parsed 30 rows across 1 page(s)
[DEBUG] [Renebates] found 58 events on index
[DEBUG] [Renebates] event: Celina Independent School District - Celina, Texas secs=35657
[DEBUG] [Renebates] Celina Independent School District - Celina, Texas -> 33 lots via https://renebates.com/a_list_2.php?id=268&cat=all
[DEBUG] [Renebates] event: MHMR Tarrant - Fort Worth, Texas secs=46454
[DEBUG] [Renebates] MHMR Tarrant - Fort Worth, Texas -> 60 lots via https://renebates.com/a_list_2.php?id=138&cat=all
[DEBUG] [DEBUG] collected 39 listings from all sites (after filter)
[DEBUG] [GD] HTTP 200 | CT=application/json; charset=utf-8 | page=1
[DEBUG] [GD] page 1: 24 items
[DEBUG] [GD] HTTP 200 | CT=application/json; charset=utf-8 | page=2
[DEBUG] [GD] page 2: 24 items
[DEBUG] [GD] HTTP 200 | CT=application/json; charset=utf-8 | page=3
[DEBUG] [GD] page 3: 24 items
[DEBUG] [GD] HTTP 200 | CT=application/json; charset=utf-8 | page=4
[DEBUG] [GD] page 4: 24 items
[DEBUG] [GD] HTTP 200 | CT=application/json; charset=utf-8 | page=5
[DEBUG] [GD] page 5: 24 items
[DEBUG] [GD] total raw items before normalize: 120; unique kept: 99
[DEBUG] [GD] normalized rows: 99
[DEBUG] [GD] blocked by specialty/diesel filter: 84; passing: 15
[DEBUG] [Proxibid] parsed 30 rows across 1 page(s)
[DEBUG] [Renebates] found 58 events on index
[DEBUG] [Renebates] event: Celina Independent School District - Celina, Texas secs=35015
[DEBUG] [Renebates] Celina Independent School District - Celina, Texas -> 33 lots via https://renebates.com/a_list_2.php?id=268&cat=all
[DEBUG] [Renebates] event: MHMR Tarrant - Fort Worth, Texas secs=45812
[DEBUG] [Renebates] MHMR Tarrant - Fort Worth, Texas -> 60 lots via https://renebates.com/a_list_2.php?id=138&cat=all
[DEBUG] [DEBUG] collected 39 listings from all sites (after filter)
[DEBUG] [GD] HTTP 200 | CT=application/json; charset=utf-8 | page=1
[DEBUG] [GD] page 1: 24 items
[DEBUG] [GD] HTTP 200 | CT=application/json; charset=utf-8 | page=2
[DEBUG] [GD] page 2: 24 items
[DEBUG] [GD] HTTP 200 | CT=application/json; charset=utf-8 | page=3
[DEBUG] [GD] page 3: 24 items
[DEBUG] [GD] HTTP 200 | CT=application/json; charset=utf-8 | page=4
[DEBUG] [GD] page 4: 24 items
[DEBUG] [GD] HTTP 200 | CT=application/json; charset=utf-8 | page=5
[DEBUG] [GD] page 5: 24 items
[DEBUG] [GD] total raw items before normalize: 120; unique kept: 99
[DEBUG] [GD] normalized rows: 99
[DEBUG] [GD] blocked by specialty/diesel filter: 84; passing: 15
[DEBUG] [Proxibid] parsed 30 rows across 1 page(s)
[DEBUG] [Renebates] found 58 events on index
[DEBUG] [Renebates] event: Celina Independent School District - Celina, Texas secs=34366
[DEBUG] [Renebates] Celina Independent School District - Celina, Texas -> 33 lots via https://renebates.com/a_list_2.php?id=268&cat=all
[DEBUG] [Renebates] event: MHMR Tarrant - Fort Worth, Texas secs=45161
[DEBUG] [Renebates] MHMR Tarrant - Fort Worth, Texas -> 60 lots via https://renebates.com/a_list_2.php?id=138&cat=all
[DEBUG] [DEBUG] collected 39 listings from all sites (after filter)
[DEBUG] [GD] HTTP 200 | CT=application/json; charset=utf-8 | page=1
[DEBUG] [GD] page 1: 24 items
[DEBUG] [GD] HTTP 200 | CT=application/json; charset=utf-8 | page=2
[DEBUG] [GD] page 2: 24 items
[DEBUG] [GD] HTTP 200 | CT=application/json; charset=utf-8 | page=3
[DEBUG] [GD] page 3: 24 items
[DEBUG] [GD] HTTP 200 | CT=application/json; charset=utf-8 | page=4
[DEBUG] [GD] page 4: 24 items
[DEBUG] [GD] HTTP 200 | CT=application/json; charset=utf-8 | page=5
[DEBUG] [GD] page 5: 24 items
[DEBUG] [GD] total raw items before normalize: 120; unique kept: 99
[DEBUG] [GD] normalized rows: 99
[DEBUG] [GD] blocked by specialty/diesel filter: 84; passing: 15
[DEBUG] [Proxibid] parsed 30 rows across 1 page(s)
[DEBUG] [Renebates] found 58 events on index
[DEBUG] [Renebates] event: Celina Independent School District - Celina, Texas secs=33707
[DEBUG] [Renebates] Celina Independent School District - Celina, Texas -> 33 lots via https://renebates.com/a_list_2.php?id=268&cat=all
[DEBUG] [Renebates] event: MHMR Tarrant - Fort Worth, Texas secs=44504
[DEBUG] [Renebates] MHMR Tarrant - Fort Worth, Texas -> 60 lots via https://renebates.com/a_list_2.php?id=138&cat=all
[DEBUG] [DEBUG] collected 39 listings from all sites (after filter)
[DEBUG] [GD] HTTP 200 | CT=application/json; charset=utf-8 | page=1
[DEBUG] [GD] page 1: 24 items
[DEBUG] [GD] HTTP 200 | CT=application/json; charset=utf-8 | page=2
[DEBUG] [GD] page 2: 24 items
[DEBUG] [GD] HTTP 200 | CT=application/json; charset=utf-8 | page=3
[DEBUG] [GD] page 3: 24 items
[DEBUG] [GD] HTTP 200 | CT=application/json; charset=utf-8 | page=4
[DEBUG] [GD] page 4: 24 items
[DEBUG] [GD] HTTP 200 | CT=application/json; charset=utf-8 | page=5
[DEBUG] [GD] page 5: 24 items
[DEBUG] [GD] total raw items before normalize: 120; unique kept: 99
[DEBUG] [GD] normalized rows: 99
[DEBUG] [GD] blocked by specialty/diesel filter: 84; passing: 15
[DEBUG] [Proxibid] parsed 30 rows across 1 page(s)
[DEBUG] [Renebates] found 58 events on index
[DEBUG] [Renebates] event: Celina Independent School District - Celina, Texas secs=33052
[DEBUG] [Renebates] Celina Independent School District - Celina, Texas -> 33 lots via https://renebates.com/a_list_2.php?id=268&cat=all
[DEBUG] [Renebates] event: MHMR Tarrant - Fort Worth, Texas secs=43848
[DEBUG] [Renebates] MHMR Tarrant - Fort Worth, Texas -> 60 lots via https://renebates.com/a_list_2.php?id=138&cat=all
[DEBUG] [DEBUG] collected 39 listings from all sites (after filter)
[DEBUG] [GD] HTTP 200 | CT=application/json; charset=utf-8 | page=1
[DEBUG] [GD] page 1: 24 items
[DEBUG] [GD] HTTP 200 | CT=application/json; charset=utf-8 | page=2
[DEBUG] [GD] page 2: 24 items
[DEBUG] [GD] HTTP 200 | CT=application/json; charset=utf-8 | page=3
[DEBUG] [GD] page 3: 24 items
[DEBUG] [GD] HTTP 200 | CT=application/json; charset=utf-8 | page=4
[DEBUG] [GD] page 4: 24 items
[DEBUG] [GD] HTTP 200 | CT=application/json; charset=utf-8 | page=5
[DEBUG] [GD] page 5: 24 items
[DEBUG] [GD] total raw items before normalize: 120; unique kept: 99
[DEBUG] [GD] normalized rows: 99
[DEBUG] [GD] blocked by specialty/diesel filter: 84; passing: 15
[DEBUG] [Proxibid] parsed 30 rows across 1 page(s)
[DEBUG] [Renebates] found 58 events on index
[DEBUG] [Renebates] event: Celina Independent School District - Celina, Texas secs=32404
[DEBUG] [Renebates] Celina Independent School District - Celina, Texas -> 33 lots via https://renebates.com/a_list_2.php?id=268&cat=all
[DEBUG] [Renebates] event: MHMR Tarrant - Fort Worth, Texas secs=43200
[DEBUG] [Renebates] MHMR Tarrant - Fort Worth, Texas -> 60 lots via https://renebates.com/a_list_2.php?id=138&cat=all
[DEBUG] [DEBUG] collected 39 listings from all sites (after filter)
[DEBUG] [GD] HTTP 200 | CT=application/json; charset=utf-8 | page=1
[DEBUG] [GD] page 1: 24 items
[DEBUG] [GD] HTTP 200 | CT=application/json; charset=utf-8 | page=2
[DEBUG] [GD] page 2: 24 items
[DEBUG] [GD] HTTP 200 | CT=application/json; charset=utf-8 | page=3
[DEBUG] [GD] page 3: 24 items
[DEBUG] [GD] HTTP 200 | CT=application/json; charset=utf-8 | page=4
[DEBUG] [GD] page 4: 24 items
[DEBUG] [GD] HTTP 200 | CT=application/json; charset=utf-8 | page=5
[DEBUG] [GD] page 5: 24 items
[DEBUG] [GD] total raw items before normalize: 120; unique kept: 99
[DEBUG] [GD] normalized rows: 99
[DEBUG] [GD] blocked by specialty/diesel filter: 84; passing: 15
[DEBUG] [Proxibid] parsed 30 rows across 1 page(s)
[DEBUG] [Renebates] found 58 events on index
[DEBUG] [Renebates] event: Celina Independent School District - Celina, Texas secs=31756
[DEBUG] [Renebates] Celina Independent School District - Celina, Texas -> 33 lots via https://renebates.com/a_list_2.php?id=268&cat=all
[DEBUG] [Renebates] event: MHMR Tarrant - Fort Worth, Texas secs=42553
[DEBUG] [Renebates] MHMR Tarrant - Fort Worth, Texas -> 60 lots via https://renebates.com/a_list_2.php?id=138&cat=all
[DEBUG] [DEBUG] collected 39 listings from all sites (after filter)
[DEBUG] [GD] HTTP 200 | CT=application/json; charset=utf-8 | page=1
[DEBUG] [GD] page 1: 24 items
[DEBUG] [GD] HTTP 200 | CT=application/json; charset=utf-8 | page=2
[DEBUG] [GD] page 2: 24 items
[DEBUG] [GD] HTTP 200 | CT=application/json; charset=utf-8 | page=3
[DEBUG] [GD] page 3: 24 items
[DEBUG] [GD] HTTP 200 | CT=application/json; charset=utf-8 | page=4
[DEBUG] [GD] page 4: 24 items
[DEBUG] [GD] HTTP 200 | CT=application/json; charset=utf-8 | page=5
[DEBUG] [GD] page 5: 24 items
[DEBUG] [GD] total raw items before normalize: 120; unique kept: 99
[DEBUG] [GD] normalized rows: 99
[DEBUG] [GD] blocked by specialty/diesel filter: 84; passing: 15
[DEBUG] [Proxibid] parsed 30 rows across 1 page(s)
[DEBUG] [Renebates] found 58 events on index
[DEBUG] [Renebates] event: Celina Independent School District - Celina, Texas secs=31116
[DEBUG] [Renebates] Celina Independent School District - Celina, Texas -> 33 lots via https://renebates.com/a_list_2.php?id=268&cat=all
[DEBUG] [Renebates] event: MHMR Tarrant - Fort Worth, Texas secs=41912
[DEBUG] [Renebates] MHMR Tarrant - Fort Worth, Texas -> 60 lots via https://renebates.com/a_list_2.php?id=138&cat=all
[DEBUG] [DEBUG] collected 39 listings from all sites (after filter)
[DEBUG] [GD] HTTP 200 | CT=application/json; charset=utf-8 | page=1
[DEBUG] [GD] page 1: 24 items
[DEBUG] [GD] HTTP 200 | CT=application/json; charset=utf-8 | page=2
[DEBUG] [GD] page 2: 24 items
[DEBUG] [GD] HTTP 200 | CT=application/json; charset=utf-8 | page=3
[DEBUG] [GD] page 3: 24 items
[DEBUG] [GD] HTTP 200 | CT=application/json; charset=utf-8 | page=4
[DEBUG] [GD] page 4: 24 items
[DEBUG] [GD] HTTP 200 | CT=application/json; charset=utf-8 | page=5
[DEBUG] [GD] page 5: 24 items
[DEBUG] [GD] total raw items before normalize: 120; unique kept: 99
[DEBUG] [GD] normalized rows: 99
[DEBUG] [GD] blocked by specialty/diesel filter: 84; passing: 15
[DEBUG] [Proxibid] HTTP 500 for https://www.proxibid.com/core/category/lotItems/category/3817/html?sortBy=endingsoonest&auctionType=timed&inventoryType=all&auctionHouseId=0&auctionId=0&featured=false&metaDataFilters=&galleryView=true&pageNumber=0
[DEBUG] [Proxibid] HTTP 500 for https://www.proxibid.com/core/category/lotItems/category/3817/auctionHouseId/0/auctionId/0/metadata/html?auctionType=timed
[DEBUG] [Proxibid] parsed 0 rows across 1 page(s)
[DEBUG] [Renebates] found 58 events on index
[DEBUG] [Renebates] event: Celina Independent School District - Celina, Texas secs=30470
[DEBUG] [Renebates] Celina Independent School District - Celina, Texas -> 33 lots via https://renebates.com/a_list_2.php?id=268&cat=all
[DEBUG] [Renebates] event: MHMR Tarrant - Fort Worth, Texas secs=41265
[DEBUG] [Renebates] MHMR Tarrant - Fort Worth, Texas -> 60 lots via https://renebates.com/a_list_2.php?id=138&cat=all
[DEBUG] [DEBUG] collected 15 listings from all sites (after filter)
[DEBUG] [GD] HTTP 200 | CT=application/json; charset=utf-8 | page=1
[DEBUG] [GD] page 1: 24 items
[DEBUG] [GD] HTTP 200 | CT=application/json; charset=utf-8 | page=2
[DEBUG] [GD] page 2: 24 items
[DEBUG] [GD] HTTP 200 | CT=application/json; charset=utf-8 | page=3
[DEBUG] [GD] page 3: 24 items
[DEBUG] [GD] HTTP 200 | CT=application/json; charset=utf-8 | page=4
[DEBUG] [GD] page 4: 24 items
[DEBUG] [GD] HTTP 200 | CT=application/json; charset=utf-8 | page=5
[DEBUG] [GD] page 5: 24 items
[DEBUG] [GD] total raw items before normalize: 120; unique kept: 99
[DEBUG] [GD] normalized rows: 99
[DEBUG] [GD] blocked by specialty/diesel filter: 84; passing: 15
[DEBUG] [Proxibid] parsed 30 rows across 1 page(s)
[DEBUG] [Renebates] found 58 events on index
[DEBUG] [Renebates] event: Celina Independent School District - Celina, Texas secs=29814
[DEBUG] [Renebates] Celina Independent School District - Celina, Texas -> 33 lots via https://renebates.com/a_list_2.php?id=268&cat=all
[DEBUG] [Renebates] event: MHMR Tarrant - Fort Worth, Texas secs=40611
[DEBUG] [Renebates] MHMR Tarrant - Fort Worth, Texas -> 60 lots via https://renebates.com/a_list_2.php?id=138&cat=all
[DEBUG] [DEBUG] collected 39 listings from all sites (after filter)
[DEBUG] [GD] HTTP 200 | CT=application/json; charset=utf-8 | page=1
[DEBUG] [GD] page 1: 24 items
[DEBUG] [GD] HTTP 200 | CT=application/json; charset=utf-8 | page=2
[DEBUG] [GD] page 2: 24 items
[DEBUG] [GD] HTTP 200 | CT=application/json; charset=utf-8 | page=3
[DEBUG] [GD] page 3: 24 items
[DEBUG] [GD] HTTP 200 | CT=application/json; charset=utf-8 | page=4
[DEBUG] [GD] page 4: 24 items
[DEBUG] [GD] HTTP 200 | CT=application/json; charset=utf-8 | page=5
[DEBUG] [GD] page 5: 24 items
[DEBUG] [GD] total raw items before normalize: 120; unique kept: 99
[DEBUG] [GD] normalized rows: 99
[DEBUG] [GD] blocked by specialty/diesel filter: 84; passing: 15
[DEBUG] [Proxibid] parsed 30 rows across 1 page(s)
[DEBUG] [Renebates] found 58 events on index
[DEBUG] [Renebates] event: Celina Independent School District - Celina, Texas secs=29161
[DEBUG] [Renebates] Celina Independent School District - Celina, Texas -> 33 lots via https://renebates.com/a_list_2.php?id=268&cat=all
[DEBUG] [Renebates] event: MHMR Tarrant - Fort Worth, Texas secs=39959
[DEBUG] [Renebates] MHMR Tarrant - Fort Worth, Texas -> 60 lots via https://renebates.com/a_list_2.php?id=138&cat=all
[DEBUG] [DEBUG] collected 39 listings from all sites (after filter)
[DEBUG] [GD] HTTP 200 | CT=application/json; charset=utf-8 | page=1
[DEBUG] [GD] page 1: 24 items
[DEBUG] [GD] HTTP 200 | CT=application/json; charset=utf-8 | page=2
[DEBUG] [GD] page 2: 24 items
[DEBUG] [GD] HTTP 200 | CT=application/json; charset=utf-8 | page=3
[DEBUG] [GD] page 3: 24 items
[DEBUG] [GD] HTTP 200 | CT=application/json; charset=utf-8 | page=4
[DEBUG] [GD] page 4: 24 items
[DEBUG] [GD] HTTP 200 | CT=application/json; charset=utf-8 | page=5
[DEBUG] [GD] page 5: 24 items
[DEBUG] [GD] total raw items before normalize: 120; unique kept: 99
[DEBUG] [GD] normalized rows: 99
[DEBUG] [GD] blocked by specialty/diesel filter: 84; passing: 15
[DEBUG] [Proxibid] parsed 30 rows across 1 page(s)
[DEBUG] [Renebates] found 58 events on index
[DEBUG] [Renebates] event: Celina Independent School District - Celina, Texas secs=28513
[DEBUG] [Renebates] Celina Independent School District - Celina, Texas -> 33 lots via https://renebates.com/a_list_2.php?id=268&cat=all
[DEBUG] [Renebates] event: MHMR Tarrant - Fort Worth, Texas secs=39309
[DEBUG] [Renebates] MHMR Tarrant - Fort Worth, Texas -> 60 lots via https://renebates.com/a_list_2.php?id=138&cat=all
[DEBUG] [DEBUG] collected 39 listings from all sites (after filter)
[DEBUG] [GD] HTTP 200 | CT=application/json; charset=utf-8 | page=1
[DEBUG] [GD] page 1: 24 items
[DEBUG] [GD] HTTP 200 | CT=application/json; charset=utf-8 | page=2
[DEBUG] [GD] page 2: 24 items
[DEBUG] [GD] HTTP 200 | CT=application/json; charset=utf-8 | page=3
[DEBUG] [GD] page 3: 24 items
[DEBUG] [GD] HTTP 200 | CT=application/json; charset=utf-8 | page=4
[DEBUG] [GD] page 4: 24 items
[DEBUG] [GD] HTTP 200 | CT=application/json; charset=utf-8 | page=5
[DEBUG] [GD] page 5: 24 items
[DEBUG] [GD] total raw items before normalize: 120; unique kept: 99
[DEBUG] [GD] normalized rows: 99
[DEBUG] [GD] blocked by specialty/diesel filter: 84; passing: 15
[DEBUG] [Proxibid] parsed 30 rows across 1 page(s)
[DEBUG] [Renebates] found 58 events on index
[DEBUG] [Renebates] event: Celina Independent School District - Celina, Texas secs=27866
[DEBUG] [Renebates] Celina Independent School District - Celina, Texas -> 33 lots via https://renebates.com/a_list_2.php?id=268&cat=all
[DEBUG] [Renebates] event: MHMR Tarrant - Fort Worth, Texas secs=38663
[DEBUG] [Renebates] MHMR Tarrant - Fort Worth, Texas -> 60 lots via https://renebates.com/a_list_2.php?id=138&cat=all
[DEBUG] [DEBUG] collected 39 listings from all sites (after filter)
[DEBUG] [GD] HTTP 200 | CT=application/json; charset=utf-8 | page=1
[DEBUG] [GD] page 1: 24 items
[DEBUG] [GD] HTTP 200 | CT=application/json; charset=utf-8 | page=2
[DEBUG] [GD] page 2: 24 items
[DEBUG] [GD] HTTP 200 | CT=application/json; charset=utf-8 | page=3
[DEBUG] [GD] page 3: 24 items
[DEBUG] [GD] HTTP 200 | CT=application/json; charset=utf-8 | page=4
[DEBUG] [GD] page 4: 24 items
[DEBUG] [GD] HTTP 200 | CT=application/json; charset=utf-8 | page=5
[DEBUG] [GD] page 5: 24 items
[DEBUG] [GD] total raw items before normalize: 120; unique kept: 99
[DEBUG] [GD] normalized rows: 99
[DEBUG] [GD] blocked by specialty/diesel filter: 84; passing: 15
[DEBUG] [Proxibid] parsed 30 rows across 1 page(s)
[DEBUG] [Renebates] found 58 events on index
[DEBUG] [Renebates] event: Celina Independent School District - Celina, Texas secs=27221
[DEBUG] [Renebates] Celina Independent School District - Celina, Texas -> 33 lots via https://renebates.com/a_list_2.php?id=268&cat=all
[DEBUG] [Renebates] event: MHMR Tarrant - Fort Worth, Texas secs=38018
[DEBUG] [Renebates] MHMR Tarrant - Fort Worth, Texas -> 60 lots via https://renebates.com/a_list_2.php?id=138&cat=all
[DEBUG] [DEBUG] collected 39 listings from all sites (after filter)
[DEBUG] [GD] HTTP 200 | CT=application/json; charset=utf-8 | page=1
[DEBUG] [GD] page 1: 24 items
[DEBUG] [GD] HTTP 200 | CT=application/json; charset=utf-8 | page=2
[DEBUG] [GD] page 2: 24 items
[DEBUG] [GD] HTTP 200 | CT=application/json; charset=utf-8 | page=3
[DEBUG] [GD] page 3: 24 items
[DEBUG] [GD] HTTP 200 | CT=application/json; charset=utf-8 | page=4
[DEBUG] [GD] page 4: 24 items
[DEBUG] [GD] HTTP 200 | CT=application/json; charset=utf-8 | page=5
[DEBUG] [GD] page 5: 24 items
[DEBUG] [GD] total raw items before normalize: 120; unique kept: 99
[DEBUG] [GD] normalized rows: 99
[DEBUG] [GD] blocked by specialty/diesel filter: 84; passing: 15
[DEBUG] [Proxibid] parsed 30 rows across 1 page(s)
[DEBUG] [Renebates] found 58 events on index
[DEBUG] [Renebates] event: Celina Independent School District - Celina, Texas secs=26575
[DEBUG] [Renebates] Celina Independent School District - Celina, Texas -> 33 lots via https://renebates.com/a_list_2.php?id=268&cat=all
[DEBUG] [Renebates] event: MHMR Tarrant - Fort Worth, Texas secs=37373
[DEBUG] [Renebates] MHMR Tarrant - Fort Worth, Texas -> 60 lots via https://renebates.com/a_list_2.php?id=138&cat=all
[DEBUG] [DEBUG] collected 39 listings from all sites (after filter)
[DEBUG] [GD] HTTP 200 | CT=application/json; charset=utf-8 | page=1
[DEBUG] [GD] page 1: 24 items
[DEBUG] [GD] HTTP 200 | CT=application/json; charset=utf-8 | page=2
[DEBUG] [GD] page 2: 24 items
[DEBUG] [GD] HTTP 200 | CT=application/json; charset=utf-8 | page=3
[DEBUG] [GD] page 3: 24 items
[DEBUG] [GD] HTTP 200 | CT=application/json; charset=utf-8 | page=4
[DEBUG] [GD] page 4: 24 items
[DEBUG] [GD] HTTP 200 | CT=application/json; charset=utf-8 | page=5
[DEBUG] [GD] page 5: 24 items
[DEBUG] [GD] total raw items before normalize: 120; unique kept: 99
[DEBUG] [GD] normalized rows: 99
[DEBUG] [GD] blocked by specialty/diesel filter: 84; passing: 15
[DEBUG] [Proxibid] parsed 30 rows across 1 page(s)
[DEBUG] [Renebates] found 58 events on index
[DEBUG] [Renebates] event: Celina Independent School District - Celina, Texas secs=25926
[DEBUG] [Renebates] Celina Independent School District - Celina, Texas -> 33 lots via https://renebates.com/a_list_2.php?id=268&cat=all
[DEBUG] [Renebates] event: MHMR Tarrant - Fort Worth, Texas secs=36722
[DEBUG] [Renebates] MHMR Tarrant - Fort Worth, Texas -> 60 lots via https://renebates.com/a_list_2.php?id=138&cat=all
[DEBUG] [DEBUG] collected 39 listings from all sites (after filter)
[DEBUG] [GD] HTTP 200 | CT=application/json; charset=utf-8 | page=1
[DEBUG] [GD] page 1: 24 items
[DEBUG] [GD] HTTP 200 | CT=application/json; charset=utf-8 | page=2
[DEBUG] [GD] page 2: 24 items
[DEBUG] [GD] HTTP 200 | CT=application/json; charset=utf-8 | page=3
[DEBUG] [GD] page 3: 24 items
[DEBUG] [GD] HTTP 200 | CT=application/json; charset=utf-8 | page=4
[DEBUG] [GD] page 4: 24 items
[DEBUG] [GD] HTTP 200 | CT=application/json; charset=utf-8 | page=5
[DEBUG] [GD] page 5: 24 items
[DEBUG] [GD] total raw items before normalize: 120; unique kept: 99
[DEBUG] [GD] normalized rows: 99
[DEBUG] [GD] blocked by specialty/diesel filter: 84; passing: 15
[DEBUG] [Proxibid] parsed 30 rows across 1 page(s)
[DEBUG] [Renebates] found 58 events on index
[DEBUG] [Renebates] event: Celina Independent School District - Celina, Texas secs=25280
[DEBUG] [Renebates] Celina Independent School District - Celina, Texas -> 33 lots via https://renebates.com/a_list_2.php?id=268&cat=all
[DEBUG] [Renebates] event: MHMR Tarrant - Fort Worth, Texas secs=36077
[DEBUG] [Renebates] MHMR Tarrant - Fort Worth, Texas -> 60 lots via https://renebates.com/a_list_2.php?id=138&cat=all
[DEBUG] [DEBUG] collected 39 listings from all sites (after filter)
[DEBUG] [GD] HTTP 200 | CT=application/json; charset=utf-8 | page=1
[DEBUG] [GD] page 1: 24 items
[DEBUG] [GD] HTTP 200 | CT=application/json; charset=utf-8 | page=2
[DEBUG] [GD] page 2: 24 items
[DEBUG] [GD] HTTP 200 | CT=application/json; charset=utf-8 | page=3
[DEBUG] [GD] page 3: 24 items
[DEBUG] [GD] HTTP 200 | CT=application/json; charset=utf-8 | page=4
[DEBUG] [GD] page 4: 24 items
[DEBUG] [GD] HTTP 200 | CT=application/json; charset=utf-8 | page=5
[DEBUG] [GD] page 5: 24 items
[DEBUG] [GD] total raw items before normalize: 120; unique kept: 99
[DEBUG] [GD] normalized rows: 99
[DEBUG] [GD] blocked by specialty/diesel filter: 84; passing: 15
[DEBUG] [Proxibid] parsed 30 rows across 1 page(s)
[DEBUG] [Renebates] found 58 events on index
[DEBUG] [Renebates] event: Celina Independent School District - Celina, Texas secs=24633
[DEBUG] [Renebates] Celina Independent School District - Celina, Texas -> 33 lots via https://renebates.com/a_list_2.php?id=268&cat=all
[DEBUG] [Renebates] event: MHMR Tarrant - Fort Worth, Texas secs=35430
[DEBUG] [Renebates] MHMR Tarrant - Fort Worth, Texas -> 60 lots via https://renebates.com/a_list_2.php?id=138&cat=all
[DEBUG] [DEBUG] collected 39 listings from all sites (after filter)
[DEBUG] [GD] HTTP 200 | CT=application/json; charset=utf-8 | page=1
[DEBUG] [GD] page 1: 24 items
[DEBUG] [GD] HTTP 200 | CT=application/json; charset=utf-8 | page=2
[DEBUG] [GD] page 2: 24 items
[DEBUG] [GD] HTTP 200 | CT=application/json; charset=utf-8 | page=3
[DEBUG] [GD] page 3: 24 items
[DEBUG] [GD] HTTP 200 | CT=application/json; charset=utf-8 | page=4
[DEBUG] [GD] page 4: 24 items
[DEBUG] [GD] HTTP 200 | CT=application/json; charset=utf-8 | page=5
[DEBUG] [GD] page 5: 24 items
[DEBUG] [GD] total raw items before normalize: 120; unique kept: 99
[DEBUG] [GD] normalized rows: 99
[DEBUG] [GD] blocked by specialty/diesel filter: 84; passing: 15
[DEBUG] [Proxibid] parsed 30 rows across 1 page(s)
[DEBUG] [Renebates] found 58 events on index
[DEBUG] [Renebates] event: Celina Independent School District - Celina, Texas secs=23987
[DEBUG] [Renebates] Celina Independent School District - Celina, Texas -> 33 lots via https://renebates.com/a_list_2.php?id=268&cat=all
[DEBUG] [Renebates] event: MHMR Tarrant - Fort Worth, Texas secs=34785
[DEBUG] [Renebates] MHMR Tarrant - Fort Worth, Texas -> 60 lots via https://renebates.com/a_list_2.php?id=138&cat=all
[DEBUG] [DEBUG] collected 39 listings from all sites (after filter)
[DEBUG] [GD] HTTP 200 | CT=application/json; charset=utf-8 | page=1
[DEBUG] [GD] page 1: 24 items
[DEBUG] [GD] HTTP 200 | CT=application/json; charset=utf-8 | page=2
[DEBUG] [GD] page 2: 24 items
[DEBUG] [GD] HTTP 200 | CT=application/json; charset=utf-8 | page=3
[DEBUG] [GD] page 3: 24 items
[DEBUG] [GD] HTTP 200 | CT=application/json; charset=utf-8 | page=4
[DEBUG] [GD] page 4: 24 items
[DEBUG] [GD] HTTP 200 | CT=application/json; charset=utf-8 | page=5
[DEBUG] [GD] page 5: 24 items
[DEBUG] [GD] total raw items before normalize: 120; unique kept: 99
[DEBUG] [GD] normalized rows: 99
[DEBUG] [GD] blocked by specialty/diesel filter: 84; passing: 15
[DEBUG] [Proxibid] parsed 30 rows across 1 page(s)
[DEBUG] [Renebates] found 58 events on index
[DEBUG] [Renebates] event: Celina Independent School District - Celina, Texas secs=23332
[DEBUG] [Renebates] Celina Independent School District - Celina, Texas -> 33 lots via https://renebates.com/a_list_2.php?id=268&cat=all
[DEBUG] [Renebates] event: MHMR Tarrant - Fort Worth, Texas secs=34129
[DEBUG] [Renebates] MHMR Tarrant - Fort Worth, Texas -> 60 lots via https://renebates.com/a_list_2.php?id=138&cat=all
[DEBUG] [DEBUG] collected 39 listings from all sites (after filter)
[DEBUG] [GD] HTTP 200 | CT=application/json; charset=utf-8 | page=1
[DEBUG] [GD] page 1: 24 items
[DEBUG] [GD] HTTP 200 | CT=application/json; charset=utf-8 | page=2
[DEBUG] [GD] page 2: 24 items
[DEBUG] [GD] HTTP 200 | CT=application/json; charset=utf-8 | page=3
[DEBUG] [GD] page 3: 24 items
[DEBUG] [GD] HTTP 200 | CT=application/json; charset=utf-8 | page=4
[DEBUG] [GD] page 4: 24 items
[DEBUG] [GD] HTTP 200 | CT=application/json; charset=utf-8 | page=5
[DEBUG] [GD] page 5: 24 items
[DEBUG] [GD] total raw items before normalize: 120; unique kept: 99
[DEBUG] [GD] normalized rows: 99
[DEBUG] [GD] blocked by specialty/diesel filter: 84; passing: 15
[DEBUG] [Proxibid] parsed 30 rows across 1 page(s)
[DEBUG] [Renebates] found 58 events on index
[DEBUG] [Renebates] event: Celina Independent School District - Celina, Texas secs=22679
[DEBUG] [Renebates] Celina Independent School District - Celina, Texas -> 33 lots via https://renebates.com/a_list_2.php?id=268&cat=all
[DEBUG] [Renebates] event: MHMR Tarrant - Fort Worth, Texas secs=33474
[DEBUG] [Renebates] MHMR Tarrant - Fort Worth, Texas -> 60 lots via https://renebates.com/a_list_2.php?id=138&cat=all
[DEBUG] [DEBUG] collected 39 listings from all sites (after filter)
[DEBUG] [GD] HTTP 200 | CT=application/json; charset=utf-8 | page=1
[DEBUG] [GD] page 1: 24 items
[DEBUG] [GD] HTTP 200 | CT=application/json; charset=utf-8 | page=2
[DEBUG] [GD] page 2: 24 items
[DEBUG] [GD] HTTP 200 | CT=application/json; charset=utf-8 | page=3
[DEBUG] [GD] page 3: 24 items
[DEBUG] [GD] HTTP 200 | CT=application/json; charset=utf-8 | page=4
[DEBUG] [GD] page 4: 24 items
[DEBUG] [GD] HTTP 200 | CT=application/json; charset=utf-8 | page=5
[DEBUG] [GD] page 5: 24 items
[DEBUG] [GD] total raw items before normalize: 120; unique kept: 99
[DEBUG] [GD] normalized rows: 99
[DEBUG] [GD] blocked by specialty/diesel filter: 84; passing: 15
[DEBUG] [Proxibid] parsed 30 rows across 1 page(s)
[DEBUG] [Renebates] found 58 events on index
[DEBUG] [Renebates] event: Celina Independent School District - Celina, Texas secs=22028
[DEBUG] [Renebates] Celina Independent School District - Celina, Texas -> 33 lots via https://renebates.com/a_list_2.php?id=268&cat=all
[DEBUG] [Renebates] event: MHMR Tarrant - Fort Worth, Texas secs=32824
[DEBUG] [Renebates] MHMR Tarrant - Fort Worth, Texas -> 60 lots via https://renebates.com/a_list_2.php?id=138&cat=all
[DEBUG] [DEBUG] collected 39 listings from all sites (after filter)
[DEBUG] [GD] HTTP 200 | CT=application/json; charset=utf-8 | page=1
[DEBUG] [GD] page 1: 24 items
[DEBUG] [GD] HTTP 200 | CT=application/json; charset=utf-8 | page=2
[DEBUG] [GD] page 2: 24 items
[DEBUG] [GD] HTTP 200 | CT=application/json; charset=utf-8 | page=3
[DEBUG] [GD] page 3: 24 items
[DEBUG] [GD] HTTP 200 | CT=application/json; charset=utf-8 | page=4
[DEBUG] [GD] page 4: 24 items
[DEBUG] [GD] HTTP 200 | CT=application/json; charset=utf-8 | page=5
[DEBUG] [GD] page 5: 24 items
[DEBUG] [GD] total raw items before normalize: 120; unique kept: 99
[DEBUG] [GD] normalized rows: 99
[DEBUG] [GD] blocked by specialty/diesel filter: 84; passing: 15
[DEBUG] [Proxibid] parsed 30 rows across 1 page(s)
[DEBUG] [Renebates] found 58 events on index
[DEBUG] [Renebates] event: Celina Independent School District - Celina, Texas secs=21374
[DEBUG] [Renebates] Celina Independent School District - Celina, Texas -> 33 lots via https://renebates.com/a_list_2.php?id=268&cat=all
[DEBUG] [Renebates] event: MHMR Tarrant - Fort Worth, Texas secs=32172
[DEBUG] [Renebates] MHMR Tarrant - Fort Worth, Texas -> 60 lots via https://renebates.com/a_list_2.php?id=138&cat=all
[DEBUG] [DEBUG] collected 39 listings from all sites (after filter)
[DEBUG] [GD] HTTP 200 | CT=application/json; charset=utf-8 | page=1
[DEBUG] [GD] page 1: 24 items
[DEBUG] [GD] HTTP 200 | CT=application/json; charset=utf-8 | page=2
[DEBUG] [GD] page 2: 24 items
[DEBUG] [GD] HTTP 200 | CT=application/json; charset=utf-8 | page=3
[DEBUG] [GD] page 3: 24 items
[DEBUG] [GD] HTTP 200 | CT=application/json; charset=utf-8 | page=4
[DEBUG] [GD] page 4: 24 items
[DEBUG] [GD] HTTP 200 | CT=application/json; charset=utf-8 | page=5
[DEBUG] [GD] page 5: 24 items
[DEBUG] [GD] total raw items before normalize: 120; unique kept: 99
[DEBUG] [GD] normalized rows: 99
[DEBUG] [GD] blocked by specialty/diesel filter: 84; passing: 15
[DEBUG] [Proxibid] parsed 30 rows across 1 page(s)
[DEBUG] [Renebates] found 58 events on index
[DEBUG] [Renebates] event: Celina Independent School District - Celina, Texas secs=20727
[DEBUG] [Renebates] Celina Independent School District - Celina, Texas -> 33 lots via https://renebates.com/a_list_2.php?id=268&cat=all
[DEBUG] [Renebates] event: MHMR Tarrant - Fort Worth, Texas secs=31524
[DEBUG] [Renebates] MHMR Tarrant - Fort Worth, Texas -> 60 lots via https://renebates.com/a_list_2.php?id=138&cat=all
[DEBUG] [DEBUG] collected 39 listings from all sites (after filter)
[DEBUG] [GD] HTTP 200 | CT=application/json; charset=utf-8 | page=1
[DEBUG] [GD] page 1: 24 items
[DEBUG] [GD] HTTP 200 | CT=application/json; charset=utf-8 | page=2
[DEBUG] [GD] page 2: 24 items
[DEBUG] [GD] HTTP 200 | CT=application/json; charset=utf-8 | page=3
[DEBUG] [GD] page 3: 24 items
[DEBUG] [GD] HTTP 200 | CT=application/json; charset=utf-8 | page=4
[DEBUG] [GD] page 4: 24 items
[DEBUG] [GD] HTTP 200 | CT=application/json; charset=utf-8 | page=5
[DEBUG] [GD] page 5: 24 items
[DEBUG] [GD] total raw items before normalize: 120; unique kept: 99
[DEBUG] [GD] normalized rows: 99
[DEBUG] [GD] blocked by specialty/diesel filter: 84; passing: 15
[DEBUG] [Proxibid] parsed 30 rows across 1 page(s)
[DEBUG] [Renebates] found 58 events on index
[DEBUG] [Renebates] event: Celina Independent School District - Celina, Texas secs=20082
[DEBUG] [Renebates] Celina Independent School District - Celina, Texas -> 33 lots via https://renebates.com/a_list_2.php?id=268&cat=all
[DEBUG] [Renebates] event: MHMR Tarrant - Fort Worth, Texas secs=30879
[DEBUG] [Renebates] MHMR Tarrant - Fort Worth, Texas -> 60 lots via https://renebates.com/a_list_2.php?id=138&cat=all
[DEBUG] [DEBUG] collected 39 listings from all sites (after filter)
[DEBUG] [GD] HTTP 200 | CT=application/json; charset=utf-8 | page=1
[DEBUG] [GD] page 1: 24 items
[DEBUG] [GD] HTTP 200 | CT=application/json; charset=utf-8 | page=2
[DEBUG] [GD] page 2: 24 items
[DEBUG] [GD] HTTP 200 | CT=application/json; charset=utf-8 | page=3
[DEBUG] [GD] page 3: 24 items
[DEBUG] [GD] HTTP 200 | CT=application/json; charset=utf-8 | page=4
[DEBUG] [GD] page 4: 24 items
[DEBUG] [GD] HTTP 200 | CT=application/json; charset=utf-8 | page=5
[DEBUG] [GD] page 5: 24 items
[DEBUG] [GD] total raw items before normalize: 120; unique kept: 99
[DEBUG] [GD] normalized rows: 99
[DEBUG] [GD] blocked by specialty/diesel filter: 84; passing: 15
[DEBUG] [Proxibid] parsed 30 rows across 1 page(s)
[DEBUG] [Renebates] found 58 events on index
[DEBUG] [Renebates] event: Celina Independent School District - Celina, Texas secs=19434
[DEBUG] [Renebates] Celina Independent School District - Celina, Texas -> 33 lots via https://renebates.com/a_list_2.php?id=268&cat=all
[DEBUG] [Renebates] event: MHMR Tarrant - Fort Worth, Texas secs=30231
[DEBUG] [Renebates] MHMR Tarrant - Fort Worth, Texas -> 60 lots via https://renebates.com/a_list_2.php?id=138&cat=all
[DEBUG] [DEBUG] collected 39 listings from all sites (after filter)
[DEBUG] [GD] HTTP 200 | CT=application/json; charset=utf-8 | page=1
[DEBUG] [GD] page 1: 24 items
[DEBUG] [GD] HTTP 200 | CT=application/json; charset=utf-8 | page=2
[DEBUG] [GD] page 2: 24 items
[DEBUG] [GD] HTTP 200 | CT=application/json; charset=utf-8 | page=3
[DEBUG] [GD] page 3: 24 items
[DEBUG] [GD] HTTP 200 | CT=application/json; charset=utf-8 | page=4
[DEBUG] [GD] page 4: 24 items
[DEBUG] [GD] HTTP 200 | CT=application/json; charset=utf-8 | page=5
[DEBUG] [GD] page 5: 24 items
[DEBUG] [GD] total raw items before normalize: 120; unique kept: 99
[DEBUG] [GD] normalized rows: 99
[DEBUG] [GD] blocked by specialty/diesel filter: 84; passing: 15
[DEBUG] [Proxibid] parsed 30 rows across 1 page(s)
[DEBUG] [Renebates] found 58 events on index
[DEBUG] [Renebates] event: Celina Independent School District - Celina, Texas secs=18789
[DEBUG] [Renebates] Celina Independent School District - Celina, Texas -> 33 lots via https://renebates.com/a_list_2.php?id=268&cat=all
[DEBUG] [Renebates] event: MHMR Tarrant - Fort Worth, Texas secs=29587
[DEBUG] [Renebates] MHMR Tarrant - Fort Worth, Texas -> 60 lots via https://renebates.com/a_list_2.php?id=138&cat=all
[DEBUG] [DEBUG] collected 39 listings from all sites (after filter)
[DEBUG] [GD] HTTP 200 | CT=application/json; charset=utf-8 | page=1
[DEBUG] [GD] page 1: 24 items
[DEBUG] [GD] HTTP 200 | CT=application/json; charset=utf-8 | page=2
[DEBUG] [GD] page 2: 24 items
[DEBUG] [GD] HTTP 200 | CT=application/json; charset=utf-8 | page=3
[DEBUG] [GD] page 3: 24 items
[DEBUG] [GD] HTTP 200 | CT=application/json; charset=utf-8 | page=4
[DEBUG] [GD] page 4: 24 items
[DEBUG] [GD] HTTP 200 | CT=application/json; charset=utf-8 | page=5
[DEBUG] [GD] page 5: 24 items
[DEBUG] [GD] total raw items before normalize: 120; unique kept: 99
[DEBUG] [GD] normalized rows: 99
[DEBUG] [GD] blocked by specialty/diesel filter: 84; passing: 15
[DEBUG] [Proxibid] parsed 30 rows across 1 page(s)
[DEBUG] [Renebates] found 58 events on index
[DEBUG] [Renebates] event: Celina Independent School District - Celina, Texas secs=18143
[DEBUG] [Renebates] Celina Independent School District - Celina, Texas -> 33 lots via https://renebates.com/a_list_2.php?id=268&cat=all
[DEBUG] [Renebates] event: MHMR Tarrant - Fort Worth, Texas secs=28939
[DEBUG] [Renebates] MHMR Tarrant - Fort Worth, Texas -> 60 lots via https://renebates.com/a_list_2.php?id=138&cat=all
[DEBUG] [DEBUG] collected 39 listings from all sites (after filter)
[DEBUG] [GD] HTTP 200 | CT=application/json; charset=utf-8 | page=1
[DEBUG] [GD] page 1: 24 items
[DEBUG] [GD] HTTP 200 | CT=application/json; charset=utf-8 | page=2
[DEBUG] [GD] page 2: 24 items
[DEBUG] [GD] HTTP 200 | CT=application/json; charset=utf-8 | page=3
[DEBUG] [GD] page 3: 24 items
[DEBUG] [GD] HTTP 200 | CT=application/json; charset=utf-8 | page=4
[DEBUG] [GD] page 4: 24 items
[DEBUG] [GD] HTTP 200 | CT=application/json; charset=utf-8 | page=5
[DEBUG] [GD] page 5: 24 items
[DEBUG] [GD] total raw items before normalize: 120; unique kept: 99
[DEBUG] [GD] normalized rows: 99
[DEBUG] [GD] blocked by specialty/diesel filter: 84; passing: 15
[DEBUG] [Proxibid] parsed 30 rows across 1 page(s)
[DEBUG] [Renebates] found 58 events on index
[DEBUG] [Renebates] event: Celina Independent School District - Celina, Texas secs=17499
[DEBUG] [Renebates] Celina Independent School District - Celina, Texas -> 33 lots via https://renebates.com/a_list_2.php?id=268&cat=all
[DEBUG] [Renebates] event: MHMR Tarrant - Fort Worth, Texas secs=28296
[DEBUG] [Renebates] MHMR Tarrant - Fort Worth, Texas -> 60 lots via https://renebates.com/a_list_2.php?id=138&cat=all
[DEBUG] [DEBUG] collected 39 listings from all sites (after filter)
[DEBUG] [GD] HTTP 200 | CT=application/json; charset=utf-8 | page=1
[DEBUG] [GD] page 1: 24 items
[DEBUG] [GD] HTTP 200 | CT=application/json; charset=utf-8 | page=2
[DEBUG] [GD] page 2: 24 items
[DEBUG] [GD] HTTP 200 | CT=application/json; charset=utf-8 | page=3
[DEBUG] [GD] page 3: 24 items
[DEBUG] [GD] HTTP 200 | CT=application/json; charset=utf-8 | page=4
[DEBUG] [GD] page 4: 24 items
[DEBUG] [GD] HTTP 200 | CT=application/json; charset=utf-8 | page=5
[DEBUG] [GD] page 5: 24 items
[DEBUG] [GD] total raw items before normalize: 120; unique kept: 99
[DEBUG] [GD] normalized rows: 99
[DEBUG] [GD] blocked by specialty/diesel filter: 84; passing: 15
[DEBUG] [Proxibid] parsed 30 rows across 1 page(s)
[DEBUG] [Renebates] found 58 events on index
[DEBUG] [Renebates] event: Celina Independent School District - Celina, Texas secs=16841
[DEBUG] [Renebates] Celina Independent School District - Celina, Texas -> 33 lots via https://renebates.com/a_list_2.php?id=268&cat=all
[DEBUG] [Renebates] event: MHMR Tarrant - Fort Worth, Texas secs=27637
[DEBUG] [Renebates] MHMR Tarrant - Fort Worth, Texas -> 60 lots via https://renebates.com/a_list_2.php?id=138&cat=all
[DEBUG] [DEBUG] collected 39 listings from all sites (after filter)
[DEBUG] [GD] HTTP 200 | CT=application/json; charset=utf-8 | page=1
[DEBUG] [GD] page 1: 24 items
[DEBUG] [GD] HTTP 200 | CT=application/json; charset=utf-8 | page=2
[DEBUG] [GD] page 2: 24 items
[DEBUG] [GD] HTTP 200 | CT=application/json; charset=utf-8 | page=3
[DEBUG] [GD] page 3: 24 items
[DEBUG] [GD] HTTP 200 | CT=application/json; charset=utf-8 | page=4
[DEBUG] [GD] page 4: 24 items
[DEBUG] [GD] HTTP 200 | CT=application/json; charset=utf-8 | page=5
[DEBUG] [GD] page 5: 24 items
[DEBUG] [GD] total raw items before normalize: 120; unique kept: 99
[DEBUG] [GD] normalized rows: 99
[DEBUG] [GD] blocked by specialty/diesel filter: 84; passing: 15
[DEBUG] [Proxibid] parsed 30 rows across 1 page(s)
[DEBUG] [Renebates] found 58 events on index
[DEBUG] [Renebates] event: Celina Independent School District - Celina, Texas secs=16194
[DEBUG] [Renebates] Celina Independent School District - Celina, Texas -> 33 lots via https://renebates.com/a_list_2.php?id=268&cat=all
[DEBUG] [Renebates] event: MHMR Tarrant - Fort Worth, Texas secs=26992
[DEBUG] [Renebates] MHMR Tarrant - Fort Worth, Texas -> 60 lots via https://renebates.com/a_list_2.php?id=138&cat=all
[DEBUG] [DEBUG] collected 39 listings from all sites (after filter)
[DEBUG] [GD] HTTP 200 | CT=application/json; charset=utf-8 | page=1
[DEBUG] [GD] page 1: 24 items
[DEBUG] [GD] HTTP 200 | CT=application/json; charset=utf-8 | page=2
[DEBUG] [GD] page 2: 24 items
[DEBUG] [GD] HTTP 200 | CT=application/json; charset=utf-8 | page=3
[DEBUG] [GD] page 3: 24 items
[DEBUG] [GD] HTTP 200 | CT=application/json; charset=utf-8 | page=4
[DEBUG] [GD] page 4: 24 items
[DEBUG] [GD] HTTP 200 | CT=application/json; charset=utf-8 | page=5
[DEBUG] [GD] page 5: 24 items
[DEBUG] [GD] total raw items before normalize: 120; unique kept: 99
[DEBUG] [GD] normalized rows: 99
[DEBUG] [GD] blocked by specialty/diesel filter: 84; passing: 15
[DEBUG] [Proxibid] parsed 30 rows across 1 page(s)
[DEBUG] [Renebates] found 58 events on index
[DEBUG] [Renebates] event: Celina Independent School District - Celina, Texas secs=15555
[DEBUG] [Renebates] Celina Independent School District - Celina, Texas -> 33 lots via https://renebates.com/a_list_2.php?id=268&cat=all
[DEBUG] [Renebates] event: MHMR Tarrant - Fort Worth, Texas secs=26351
[DEBUG] [Renebates] MHMR Tarrant - Fort Worth, Texas -> 60 lots via https://renebates.com/a_list_2.php?id=138&cat=all
[DEBUG] [DEBUG] collected 39 listings from all sites (after filter)
[DEBUG] [GD] HTTP 200 | CT=application/json; charset=utf-8 | page=1
[DEBUG] [GD] page 1: 24 items
[DEBUG] [GD] HTTP 200 | CT=application/json; charset=utf-8 | page=2
[DEBUG] [GD] page 2: 24 items
[DEBUG] [GD] HTTP 200 | CT=application/json; charset=utf-8 | page=3
[DEBUG] [GD] page 3: 24 items
[DEBUG] [GD] HTTP 200 | CT=application/json; charset=utf-8 | page=4
[DEBUG] [GD] page 4: 24 items
[DEBUG] [GD] HTTP 200 | CT=application/json; charset=utf-8 | page=5
[DEBUG] [GD] page 5: 24 items
[DEBUG] [GD] total raw items before normalize: 120; unique kept: 99
[DEBUG] [GD] normalized rows: 99
[DEBUG] [GD] blocked by specialty/diesel filter: 84; passing: 15
[DEBUG] [Proxibid] parsed 30 rows across 1 page(s)
[DEBUG] [Renebates] found 58 events on index
[DEBUG] [Renebates] event: Celina Independent School District - Celina, Texas secs=14904
[DEBUG] [Renebates] Celina Independent School District - Celina, Texas -> 33 lots via https://renebates.com/a_list_2.php?id=268&cat=all
[DEBUG] [Renebates] event: MHMR Tarrant - Fort Worth, Texas secs=25701
[DEBUG] [Renebates] MHMR Tarrant - Fort Worth, Texas -> 60 lots via https://renebates.com/a_list_2.php?id=138&cat=all
[DEBUG] [DEBUG] collected 39 listings from all sites (after filter)
[DEBUG] [GD] HTTP 200 | CT=application/json; charset=utf-8 | page=1
[DEBUG] [GD] page 1: 24 items
[DEBUG] [GD] HTTP 200 | CT=application/json; charset=utf-8 | page=2
[DEBUG] [GD] page 2: 24 items
[DEBUG] [GD] HTTP 200 | CT=application/json; charset=utf-8 | page=3
[DEBUG] [GD] page 3: 24 items
[DEBUG] [GD] HTTP 200 | CT=application/json; charset=utf-8 | page=4
[DEBUG] [GD] page 4: 24 items
[DEBUG] [GD] HTTP 200 | CT=application/json; charset=utf-8 | page=5
[DEBUG] [GD] page 5: 24 items
[DEBUG] [GD] total raw items before normalize: 120; unique kept: 99
[DEBUG] [GD] normalized rows: 99
[DEBUG] [GD] blocked by specialty/diesel filter: 85; passing: 14
[DEBUG] [Proxibid] parsed 30 rows across 1 page(s)
[DEBUG] [Renebates] found 58 events on index
[DEBUG] [Renebates] event: Celina Independent School District - Celina, Texas secs=14253
[DEBUG] [Renebates] Celina Independent School District - Celina, Texas -> 33 lots via https://renebates.com/a_list_2.php?id=268&cat=all
[DEBUG] [Renebates] event: MHMR Tarrant - Fort Worth, Texas secs=25050
[DEBUG] [Renebates] MHMR Tarrant - Fort Worth, Texas -> 60 lots via https://renebates.com/a_list_2.php?id=138&cat=all
[DEBUG] [DEBUG] collected 38 listings from all sites (after filter)
[DEBUG] [GD] HTTP 200 | CT=application/json; charset=utf-8 | page=1
[DEBUG] [GD] page 1: 24 items
[DEBUG] [GD] HTTP 200 | CT=application/json; charset=utf-8 | page=2
[DEBUG] [GD] page 2: 24 items
[DEBUG] [GD] HTTP 200 | CT=application/json; charset=utf-8 | page=3
[DEBUG] [GD] page 3: 24 items
[DEBUG] [GD] HTTP 200 | CT=application/json; charset=utf-8 | page=4
[DEBUG] [GD] page 4: 24 items
[DEBUG] [GD] HTTP 200 | CT=application/json; charset=utf-8 | page=5
[DEBUG] [GD] page 5: 24 items
[DEBUG] [GD] total raw items before normalize: 120; unique kept: 99
[DEBUG] [GD] normalized rows: 99
[DEBUG] [GD] blocked by specialty/diesel filter: 85; passing: 14
[DEBUG] [Proxibid] parsed 30 rows across 1 page(s)
[DEBUG] [Renebates] found 58 events on index
[DEBUG] [Renebates] event: Celina Independent School District - Celina, Texas secs=13613
[DEBUG] [Renebates] Celina Independent School District - Celina, Texas -> 33 lots via https://renebates.com/a_list_2.php?id=268&cat=all
[DEBUG] [Renebates] event: MHMR Tarrant - Fort Worth, Texas secs=24409
[DEBUG] [Renebates] MHMR Tarrant - Fort Worth, Texas -> 60 lots via https://renebates.com/a_list_2.php?id=138&cat=all
[DEBUG] [DEBUG] collected 38 listings from all sites (after filter)
[DEBUG] [GD] HTTP 200 | CT=application/json; charset=utf-8 | page=1
[DEBUG] [GD] page 1: 24 items
[DEBUG] [GD] HTTP 200 | CT=application/json; charset=utf-8 | page=2
[DEBUG] [GD] page 2: 24 items
[DEBUG] [GD] HTTP 200 | CT=application/json; charset=utf-8 | page=3
[DEBUG] [GD] page 3: 24 items
[DEBUG] [GD] HTTP 200 | CT=application/json; charset=utf-8 | page=4
[DEBUG] [GD] page 4: 24 items
[DEBUG] [GD] HTTP 200 | CT=application/json; charset=utf-8 | page=5
[DEBUG] [GD] page 5: 24 items
[DEBUG] [GD] total raw items before normalize: 120; unique kept: 99
[DEBUG] [GD] normalized rows: 99
[DEBUG] [GD] blocked by specialty/diesel filter: 85; passing: 14
[DEBUG] [Proxibid] parsed 30 rows across 1 page(s)
[DEBUG] [Renebates] found 58 events on index
[DEBUG] [Renebates] event: Celina Independent School District - Celina, Texas secs=12965
[DEBUG] [Renebates] Celina Independent School District - Celina, Texas -> 33 lots via https://renebates.com/a_list_2.php?id=268&cat=all
[DEBUG] [Renebates] event: MHMR Tarrant - Fort Worth, Texas secs=23762
[DEBUG] [Renebates] MHMR Tarrant - Fort Worth, Texas -> 60 lots via https://renebates.com/a_list_2.php?id=138&cat=all
[DEBUG] [DEBUG] collected 38 listings from all sites (after filter)
[DEBUG] [GD] HTTP 200 | CT=application/json; charset=utf-8 | page=1
[DEBUG] [GD] page 1: 24 items
[DEBUG] [GD] HTTP 200 | CT=application/json; charset=utf-8 | page=2
[DEBUG] [GD] page 2: 24 items
[DEBUG] [GD] HTTP 200 | CT=application/json; charset=utf-8 | page=3
[DEBUG] [GD] page 3: 24 items
[DEBUG] [GD] HTTP 200 | CT=application/json; charset=utf-8 | page=4
[DEBUG] [GD] page 4: 24 items
[DEBUG] [GD] HTTP 200 | CT=application/json; charset=utf-8 | page=5
[DEBUG] [GD] page 5: 24 items
[DEBUG] [GD] total raw items before normalize: 120; unique kept: 99
[DEBUG] [GD] normalized rows: 99
[DEBUG] [GD] blocked by specialty/diesel filter: 85; passing: 14
[DEBUG] [Proxibid] parsed 30 rows across 1 page(s)
[DEBUG] [Renebates] found 58 events on index
[DEBUG] [Renebates] event: Celina Independent School District - Celina, Texas secs=12324
[DEBUG] [Renebates] Celina Independent School District - Celina, Texas -> 33 lots via https://renebates.com/a_list_2.php?id=268&cat=all
[DEBUG] [Renebates] event: MHMR Tarrant - Fort Worth, Texas secs=23120
[DEBUG] [Renebates] MHMR Tarrant - Fort Worth, Texas -> 60 lots via https://renebates.com/a_list_2.php?id=138&cat=all
[DEBUG] [DEBUG] collected 38 listings from all sites (after filter)
[DEBUG] [GD] HTTP 200 | CT=application/json; charset=utf-8 | page=1
[DEBUG] [GD] page 1: 24 items
[DEBUG] [GD] HTTP 200 | CT=application/json; charset=utf-8 | page=2
[DEBUG] [GD] page 2: 24 items
[DEBUG] [GD] HTTP 200 | CT=application/json; charset=utf-8 | page=3
[DEBUG] [GD] page 3: 24 items
[DEBUG] [GD] HTTP 200 | CT=application/json; charset=utf-8 | page=4
[DEBUG] [GD] page 4: 24 items
[DEBUG] [GD] HTTP 200 | CT=application/json; charset=utf-8 | page=5
[DEBUG] [GD] page 5: 24 items
[DEBUG] [GD] total raw items before normalize: 120; unique kept: 99
[DEBUG] [GD] normalized rows: 99
[DEBUG] [GD] blocked by specialty/diesel filter: 85; passing: 14
[DEBUG] [Proxibid] parsed 30 rows across 1 page(s)
[DEBUG] [Renebates] found 58 events on index
[DEBUG] [Renebates] event: Celina Independent School District - Celina, Texas secs=11674
[DEBUG] [Renebates] Celina Independent School District - Celina, Texas -> 33 lots via https://renebates.com/a_list_2.php?id=268&cat=all
[DEBUG] [Renebates] event: MHMR Tarrant - Fort Worth, Texas secs=22471
[DEBUG] [Renebates] MHMR Tarrant - Fort Worth, Texas -> 60 lots via https://renebates.com/a_list_2.php?id=138&cat=all
[DEBUG] [DEBUG] collected 38 listings from all sites (after filter)
[DEBUG] [GD] HTTP 200 | CT=application/json; charset=utf-8 | page=1
[DEBUG] [GD] page 1: 24 items
[DEBUG] [GD] HTTP 200 | CT=application/json; charset=utf-8 | page=2
[DEBUG] [GD] page 2: 24 items
[DEBUG] [GD] HTTP 200 | CT=application/json; charset=utf-8 | page=3
[DEBUG] [GD] page 3: 24 items
[DEBUG] [GD] HTTP 200 | CT=application/json; charset=utf-8 | page=4
[DEBUG] [GD] page 4: 24 items
[DEBUG] [GD] HTTP 200 | CT=application/json; charset=utf-8 | page=5
[DEBUG] [GD] page 5: 24 items
[DEBUG] [GD] total raw items before normalize: 120; unique kept: 101
[DEBUG] [GD] normalized rows: 101
[DEBUG] [GD] blocked by specialty/diesel filter: 86; passing: 15
[DEBUG] [Proxibid] parsed 30 rows across 1 page(s)
[DEBUG] [Renebates] found 58 events on index
[DEBUG] [Renebates] event: Celina Independent School District - Celina, Texas secs=11026
[DEBUG] [Renebates] Celina Independent School District - Celina, Texas -> 33 lots via https://renebates.com/a_list_2.php?id=268&cat=all
[DEBUG] [Renebates] event: MHMR Tarrant - Fort Worth, Texas secs=21823
[DEBUG] [Renebates] MHMR Tarrant - Fort Worth, Texas -> 60 lots via https://renebates.com/a_list_2.php?id=138&cat=all
[DEBUG] [DEBUG] collected 38 listings from all sites (after filter)
[DEBUG] [GD] HTTP 200 | CT=application/json; charset=utf-8 | page=1
[DEBUG] [GD] page 1: 24 items
[DEBUG] [GD] HTTP 200 | CT=application/json; charset=utf-8 | page=2
[DEBUG] [GD] page 2: 24 items
[DEBUG] [GD] HTTP 200 | CT=application/json; charset=utf-8 | page=3
[DEBUG] [GD] page 3: 24 items
[DEBUG] [GD] HTTP 200 | CT=application/json; charset=utf-8 | page=4
[DEBUG] [GD] page 4: 24 items
[DEBUG] [GD] HTTP 200 | CT=application/json; charset=utf-8 | page=5
[DEBUG] [GD] page 5: 24 items
[DEBUG] [GD] total raw items before normalize: 120; unique kept: 101
[DEBUG] [GD] normalized rows: 101
[DEBUG] [GD] blocked by specialty/diesel filter: 86; passing: 15
[DEBUG] [Proxibid] parsed 30 rows across 1 page(s)
[DEBUG] [Renebates] found 58 events on index
[DEBUG] [Renebates] event: Celina Independent School District - Celina, Texas secs=10370
[DEBUG] [Renebates] Celina Independent School District - Celina, Texas -> 33 lots via https://renebates.com/a_list_2.php?id=268&cat=all
[DEBUG] [Renebates] event: MHMR Tarrant - Fort Worth, Texas secs=21168
[DEBUG] [Renebates] MHMR Tarrant - Fort Worth, Texas -> 60 lots via https://renebates.com/a_list_2.php?id=138&cat=all
[DEBUG] [DEBUG] collected 38 listings from all sites (after filter)
[DEBUG] [GD] HTTP 200 | CT=application/json; charset=utf-8 | page=1
[DEBUG] [GD] page 1: 24 items
[DEBUG] [GD] HTTP 200 | CT=application/json; charset=utf-8 | page=2
[DEBUG] [GD] page 2: 24 items
[DEBUG] [GD] HTTP 200 | CT=application/json; charset=utf-8 | page=3
[DEBUG] [GD] page 3: 24 items
[DEBUG] [GD] HTTP 200 | CT=application/json; charset=utf-8 | page=4
[DEBUG] [GD] page 4: 24 items
[DEBUG] [GD] HTTP 200 | CT=application/json; charset=utf-8 | page=5
[DEBUG] [GD] page 5: 24 items
[DEBUG] [GD] total raw items before normalize: 120; unique kept: 101
[DEBUG] [GD] normalized rows: 101
[DEBUG] [GD] blocked by specialty/diesel filter: 86; passing: 15
[DEBUG] [Proxibid] parsed 30 rows across 1 page(s)
[DEBUG] [Renebates] found 58 events on index
[DEBUG] [Renebates] event: Celina Independent School District - Celina, Texas secs=9729
[DEBUG] [Renebates] Celina Independent School District - Celina, Texas -> 33 lots via https://renebates.com/a_list_2.php?id=268&cat=all
[DEBUG] [Renebates] event: MHMR Tarrant - Fort Worth, Texas secs=20526
[DEBUG] [Renebates] MHMR Tarrant - Fort Worth, Texas -> 60 lots via https://renebates.com/a_list_2.php?id=138&cat=all
[DEBUG] [DEBUG] collected 38 listings from all sites (after filter)
[DEBUG] [GD] HTTP 200 | CT=application/json; charset=utf-8 | page=1
[DEBUG] [GD] page 1: 24 items
[DEBUG] [GD] HTTP 200 | CT=application/json; charset=utf-8 | page=2
[DEBUG] [GD] page 2: 24 items
[DEBUG] [GD] HTTP 200 | CT=application/json; charset=utf-8 | page=3
[DEBUG] [GD] page 3: 24 items
[DEBUG] [GD] HTTP 200 | CT=application/json; charset=utf-8 | page=4
[DEBUG] [GD] page 4: 24 items
[DEBUG] [GD] HTTP 200 | CT=application/json; charset=utf-8 | page=5
[DEBUG] [GD] page 5: 24 items
[DEBUG] [GD] total raw items before normalize: 120; unique kept: 101
[DEBUG] [GD] normalized rows: 101
[DEBUG] [GD] blocked by specialty/diesel filter: 86; passing: 15
[DEBUG] [Proxibid] parsed 30 rows across 1 page(s)
[DEBUG] [Renebates] found 58 events on index
[DEBUG] [Renebates] event: Celina Independent School District - Celina, Texas secs=9077
[DEBUG] [Renebates] Celina Independent School District - Celina, Texas -> 33 lots via https://renebates.com/a_list_2.php?id=268&cat=all
[DEBUG] [Renebates] event: MHMR Tarrant - Fort Worth, Texas secs=19874
[DEBUG] [Renebates] MHMR Tarrant - Fort Worth, Texas -> 60 lots via https://renebates.com/a_list_2.php?id=138&cat=all
[DEBUG] [DEBUG] collected 38 listings from all sites (after filter)
[DEBUG] [GD] HTTP 200 | CT=application/json; charset=utf-8 | page=1
[DEBUG] [GD] page 1: 24 items
[DEBUG] [GD] HTTP 200 | CT=application/json; charset=utf-8 | page=2
[DEBUG] [GD] page 2: 24 items
[DEBUG] [GD] HTTP 200 | CT=application/json; charset=utf-8 | page=3
[DEBUG] [GD] page 3: 24 items
[DEBUG] [GD] HTTP 200 | CT=application/json; charset=utf-8 | page=4
[DEBUG] [GD] page 4: 24 items
[DEBUG] [GD] HTTP 200 | CT=application/json; charset=utf-8 | page=5
[DEBUG] [GD] page 5: 24 items
[DEBUG] [GD] total raw items before normalize: 120; unique kept: 101
[DEBUG] [GD] normalized rows: 101
[DEBUG] [GD] blocked by specialty/diesel filter: 86; passing: 15
[DEBUG] [Proxibid] parsed 30 rows across 1 page(s)
[DEBUG] [Renebates] found 58 events on index
[DEBUG] [Renebates] event: Celina Independent School District - Celina, Texas secs=8424
[DEBUG] [Renebates] Celina Independent School District - Celina, Texas -> 33 lots via https://renebates.com/a_list_2.php?id=268&cat=all
[DEBUG] [Renebates] event: MHMR Tarrant - Fort Worth, Texas secs=19222
[DEBUG] [Renebates] MHMR Tarrant - Fort Worth, Texas -> 60 lots via https://renebates.com/a_list_2.php?id=138&cat=all
[DEBUG] [DEBUG] collected 38 listings from all sites (after filter)
[DEBUG] [GD] HTTP 200 | CT=application/json; charset=utf-8 | page=1
[DEBUG] [GD] page 1: 24 items
[DEBUG] [GD] HTTP 200 | CT=application/json; charset=utf-8 | page=2
[DEBUG] [GD] page 2: 24 items
[DEBUG] [GD] HTTP 200 | CT=application/json; charset=utf-8 | page=3
[DEBUG] [GD] page 3: 24 items
[DEBUG] [GD] HTTP 200 | CT=application/json; charset=utf-8 | page=4
[DEBUG] [GD] page 4: 24 items
[DEBUG] [GD] HTTP 200 | CT=application/json; charset=utf-8 | page=5
[DEBUG] [GD] page 5: 24 items
[DEBUG] [GD] total raw items before normalize: 120; unique kept: 101
[DEBUG] [GD] normalized rows: 101
[DEBUG] [GD] blocked by specialty/diesel filter: 86; passing: 15
[DEBUG] [Proxibid] parsed 30 rows across 1 page(s)
[DEBUG] [Renebates] found 58 events on index
[DEBUG] [Renebates] event: Celina Independent School District - Celina, Texas secs=7773
[DEBUG] [Renebates] Celina Independent School District - Celina, Texas -> 33 lots via https://renebates.com/a_list_2.php?id=268&cat=all
[DEBUG] [Renebates] event: MHMR Tarrant - Fort Worth, Texas secs=18569
[DEBUG] [Renebates] MHMR Tarrant - Fort Worth, Texas -> 60 lots via https://renebates.com/a_list_2.php?id=138&cat=all
[DEBUG] [DEBUG] collected 38 listings from all sites (after filter)
[DEBUG] [GD] HTTP 200 | CT=application/json; charset=utf-8 | page=1
[DEBUG] [GD] page 1: 24 items
[DEBUG] [GD] HTTP 200 | CT=application/json; charset=utf-8 | page=2
[DEBUG] [GD] page 2: 24 items
[DEBUG] [GD] HTTP 200 | CT=application/json; charset=utf-8 | page=3
[DEBUG] [GD] page 3: 24 items
[DEBUG] [GD] HTTP 200 | CT=application/json; charset=utf-8 | page=4
[DEBUG] [GD] page 4: 24 items
[DEBUG] [GD] HTTP 200 | CT=application/json; charset=utf-8 | page=5
[DEBUG] [GD] page 5: 24 items
[DEBUG] [GD] total raw items before normalize: 120; unique kept: 101
[DEBUG] [GD] normalized rows: 101
[DEBUG] [GD] blocked by specialty/diesel filter: 86; passing: 15
[DEBUG] [Proxibid] parsed 30 rows across 1 page(s)
[DEBUG] [Renebates] found 58 events on index
[DEBUG] [Renebates] event: Celina Independent School District - Celina, Texas secs=7118
[DEBUG] [Renebates] Celina Independent School District - Celina, Texas -> 33 lots via https://renebates.com/a_list_2.php?id=268&cat=all
[DEBUG] [Renebates] event: MHMR Tarrant - Fort Worth, Texas secs=17914
[DEBUG] [Renebates] MHMR Tarrant - Fort Worth, Texas -> 60 lots via https://renebates.com/a_list_2.php?id=138&cat=all
[DEBUG] [DEBUG] collected 38 listings from all sites (after filter)
❌ Digest SMS failed: HTTP 401 error: Unable to create record: Authenticate
📬 Daily digest SMS sent.
[DEBUG] [GD] HTTP 200 | CT=application/json; charset=utf-8 | page=1
[DEBUG] [GD] page 1: 24 items
[DEBUG] [GD] HTTP 200 | CT=application/json; charset=utf-8 | page=2
[DEBUG] [GD] page 2: 24 items
[DEBUG] [GD] HTTP 200 | CT=application/json; charset=utf-8 | page=3
[DEBUG] [GD] page 3: 24 items
[DEBUG] [GD] HTTP 200 | CT=application/json; charset=utf-8 | page=4
[DEBUG] [GD] page 4: 24 items
[DEBUG] [GD] HTTP 200 | CT=application/json; charset=utf-8 | page=5
[DEBUG] [GD] page 5: 24 items
[DEBUG] [GD] total raw items before normalize: 120; unique kept: 100
[DEBUG] [GD] normalized rows: 100
[DEBUG] [GD] blocked by specialty/diesel filter: 85; passing: 15
[DEBUG] [Proxibid] parsed 30 rows across 1 page(s)
[DEBUG] [Renebates] found 58 events on index
[DEBUG] [Renebates] event: Celina Independent School District - Celina, Texas secs=6470
[DEBUG] [Renebates] Celina Independent School District - Celina, Texas -> 33 lots via https://renebates.com/a_list_2.php?id=268&cat=all
[DEBUG] [Renebates] event: MHMR Tarrant - Fort Worth, Texas secs=17266
[DEBUG] [Renebates] MHMR Tarrant - Fort Worth, Texas -> 60 lots via https://renebates.com/a_list_2.php?id=138&cat=all
[DEBUG] [DEBUG] collected 38 listings from all sites (after filter)
[DEBUG] [GD] HTTP 200 | CT=application/json; charset=utf-8 | page=1
[DEBUG] [GD] page 1: 24 items
[DEBUG] [GD] HTTP 200 | CT=application/json; charset=utf-8 | page=2
[DEBUG] [GD] page 2: 24 items
[DEBUG] [GD] HTTP 200 | CT=application/json; charset=utf-8 | page=3
[DEBUG] [GD] page 3: 24 items
[DEBUG] [GD] HTTP 200 | CT=application/json; charset=utf-8 | page=4
[DEBUG] [GD] page 4: 24 items
[DEBUG] [GD] HTTP 200 | CT=application/json; charset=utf-8 | page=5
[DEBUG] [GD] page 5: 24 items
[DEBUG] [GD] total raw items before normalize: 120; unique kept: 100
[DEBUG] [GD] normalized rows: 100
[DEBUG] [GD] blocked by specialty/diesel filter: 85; passing: 15
[DEBUG] [Proxibid] parsed 30 rows across 1 page(s)
[DEBUG] [Renebates] found 58 events on index
[DEBUG] [Renebates] event: Celina Independent School District - Celina, Texas secs=5825
[DEBUG] [Renebates] Celina Independent School District - Celina, Texas -> 33 lots via https://renebates.com/a_list_2.php?id=268&cat=all
[DEBUG] [Renebates] event: MHMR Tarrant - Fort Worth, Texas secs=16622
[DEBUG] [Renebates] MHMR Tarrant - Fort Worth, Texas -> 60 lots via https://renebates.com/a_list_2.php?id=138&cat=all
[DEBUG] [DEBUG] collected 38 listings from all sites (after filter)
[DEBUG] [GD] HTTP 200 | CT=application/json; charset=utf-8 | page=1
[DEBUG] [GD] page 1: 24 items
[DEBUG] [GD] HTTP 200 | CT=application/json; charset=utf-8 | page=2
[DEBUG] [GD] page 2: 24 items
[DEBUG] [GD] HTTP 200 | CT=application/json; charset=utf-8 | page=3
[DEBUG] [GD] page 3: 24 items
[DEBUG] [GD] HTTP 200 | CT=application/json; charset=utf-8 | page=4
[DEBUG] [GD] page 4: 24 items
[DEBUG] [GD] HTTP 200 | CT=application/json; charset=utf-8 | page=5
[DEBUG] [GD] page 5: 24 items
[DEBUG] [GD] total raw items before normalize: 120; unique kept: 100
[DEBUG] [GD] normalized rows: 100
[DEBUG] [GD] blocked by specialty/diesel filter: 85; passing: 15
[DEBUG] [Proxibid] parsed 30 rows across 1 page(s)
[DEBUG] [Renebates] found 58 events on index
[DEBUG] [Renebates] event: Celina Independent School District - Celina, Texas secs=5183
[DEBUG] [Renebates] Celina Independent School District - Celina, Texas -> 33 lots via https://renebates.com/a_list_2.php?id=268&cat=all
[DEBUG] [Renebates] event: MHMR Tarrant - Fort Worth, Texas secs=15980
[DEBUG] [Renebates] MHMR Tarrant - Fort Worth, Texas -> 60 lots via https://renebates.com/a_list_2.php?id=138&cat=all
[DEBUG] [DEBUG] collected 38 listings from all sites (after filter)
[DEBUG] [GD] HTTP 200 | CT=application/json; charset=utf-8 | page=1
[DEBUG] [GD] page 1: 24 items
[DEBUG] [GD] HTTP 200 | CT=application/json; charset=utf-8 | page=2
[DEBUG] [GD] page 2: 24 items
[DEBUG] [GD] HTTP 200 | CT=application/json; charset=utf-8 | page=3
[DEBUG] [GD] page 3: 24 items
[DEBUG] [GD] HTTP 200 | CT=application/json; charset=utf-8 | page=4
[DEBUG] [GD] page 4: 24 items
[DEBUG] [GD] HTTP 200 | CT=application/json; charset=utf-8 | page=5
[DEBUG] [GD] page 5: 24 items
[DEBUG] [GD] total raw items before normalize: 120; unique kept: 100
[DEBUG] [GD] normalized rows: 100
[DEBUG] [GD] blocked by specialty/diesel filter: 85; passing: 15
[DEBUG] [Proxibid] parsed 30 rows across 1 page(s)
[DEBUG] [Renebates] found 59 events on index
[DEBUG] [Renebates] event: Celina Independent School District - Celina, Texas secs=4527
[DEBUG] [Renebates] Celina Independent School District - Celina, Texas -> 33 lots via https://renebates.com/a_list_2.php?id=268&cat=all
[DEBUG] [Renebates] event: MHMR Tarrant - Fort Worth, Texas secs=15324
[DEBUG] [Renebates] MHMR Tarrant - Fort Worth, Texas -> 60 lots via https://renebates.com/a_list_2.php?id=138&cat=all
[DEBUG] [DEBUG] collected 38 listings from all sites (after filter)
[DEBUG] [GD] HTTP 200 | CT=application/json; charset=utf-8 | page=1
[DEBUG] [GD] page 1: 24 items
[DEBUG] [GD] HTTP 200 | CT=application/json; charset=utf-8 | page=2
[DEBUG] [GD] page 2: 24 items
[DEBUG] [GD] HTTP 200 | CT=application/json; charset=utf-8 | page=3
[DEBUG] [GD] page 3: 24 items
[DEBUG] [GD] HTTP 200 | CT=application/json; charset=utf-8 | page=4
[DEBUG] [GD] page 4: 24 items
[DEBUG] [GD] HTTP 200 | CT=application/json; charset=utf-8 | page=5
[DEBUG] [GD] page 5: 24 items
[DEBUG] [GD] total raw items before normalize: 120; unique kept: 102
[DEBUG] [GD] normalized rows: 102
[DEBUG] [GD] blocked by specialty/diesel filter: 86; passing: 16
[DEBUG] [Proxibid] parsed 30 rows across 1 page(s)
[DEBUG] [Renebates] found 59 events on index
[DEBUG] [Renebates] event: Celina Independent School District - Celina, Texas secs=3869
[DEBUG] [Renebates] Celina Independent School District - Celina, Texas -> 33 lots via https://renebates.com/a_list_2.php?id=268&cat=all
[DEBUG] [Renebates] event: MHMR Tarrant - Fort Worth, Texas secs=14664
[DEBUG] [Renebates] MHMR Tarrant - Fort Worth, Texas -> 60 lots via https://renebates.com/a_list_2.php?id=138&cat=all
[DEBUG] [DEBUG] collected 39 listings from all sites (after filter)
[DEBUG] [GD] HTTP 200 | CT=application/json; charset=utf-8 | page=1
[DEBUG] [GD] page 1: 24 items
[DEBUG] [GD] HTTP 200 | CT=application/json; charset=utf-8 | page=2
[DEBUG] [GD] page 2: 24 items
[DEBUG] [GD] HTTP 200 | CT=application/json; charset=utf-8 | page=3
[DEBUG] [GD] page 3: 24 items
[DEBUG] [GD] HTTP 200 | CT=application/json; charset=utf-8 | page=4
[DEBUG] [GD] page 4: 24 items
[DEBUG] [GD] HTTP 200 | CT=application/json; charset=utf-8 | page=5
[DEBUG] [GD] page 5: 24 items
[DEBUG] [GD] total raw items before normalize: 120; unique kept: 103
[DEBUG] [GD] normalized rows: 103
[DEBUG] [GD] blocked by specialty/diesel filter: 87; passing: 16
[DEBUG] [Proxibid] parsed 30 rows across 1 page(s)
[DEBUG] [Renebates] found 59 events on index
[DEBUG] [Renebates] event: Celina Independent School District - Celina, Texas secs=3227
[DEBUG] [Renebates] Celina Independent School District - Celina, Texas -> 33 lots via https://renebates.com/a_list_2.php?id=268&cat=all
[DEBUG] [Renebates] event: MHMR Tarrant - Fort Worth, Texas secs=14023
[DEBUG] [Renebates] MHMR Tarrant - Fort Worth, Texas -> 60 lots via https://renebates.com/a_list_2.php?id=138&cat=all
[DEBUG] [DEBUG] collected 39 listings from all sites (after filter)
[DEBUG] [GD] HTTP 200 | CT=application/json; charset=utf-8 | page=1
[DEBUG] [GD] page 1: 24 items
[DEBUG] [GD] HTTP 200 | CT=application/json; charset=utf-8 | page=2
[DEBUG] [GD] page 2: 24 items
[DEBUG] [GD] HTTP 200 | CT=application/json; charset=utf-8 | page=3
[DEBUG] [GD] page 3: 24 items
[DEBUG] [GD] HTTP 200 | CT=application/json; charset=utf-8 | page=4
[DEBUG] [GD] page 4: 24 items
[DEBUG] [GD] HTTP 200 | CT=application/json; charset=utf-8 | page=5
[DEBUG] [GD] page 5: 24 items
[DEBUG] [GD] total raw items before normalize: 120; unique kept: 103
[DEBUG] [GD] normalized rows: 103
[DEBUG] [GD] blocked by specialty/diesel filter: 86; passing: 17
[DEBUG] [Proxibid] parsed 30 rows across 1 page(s)
[DEBUG] [Renebates] found 59 events on index
[DEBUG] [Renebates] event: Celina Independent School District - Celina, Texas secs=2576
[DEBUG] [Renebates] Celina Independent School District - Celina, Texas -> 33 lots via https://renebates.com/a_list_2.php?id=268&cat=all
[DEBUG] [Renebates] event: MHMR Tarrant - Fort Worth, Texas secs=13371
[DEBUG] [Renebates] MHMR Tarrant - Fort Worth, Texas -> 60 lots via https://renebates.com/a_list_2.php?id=138&cat=all
[DEBUG] [DEBUG] collected 40 listings from all sites (after filter)
[DEBUG] [GD] HTTP 200 | CT=application/json; charset=utf-8 | page=1
[DEBUG] [GD] page 1: 24 items
[DEBUG] [GD] HTTP 200 | CT=application/json; charset=utf-8 | page=2
[DEBUG] [GD] page 2: 24 items
[DEBUG] [GD] HTTP 200 | CT=application/json; charset=utf-8 | page=3
[DEBUG] [GD] page 3: 24 items
[DEBUG] [GD] HTTP 200 | CT=application/json; charset=utf-8 | page=4
[DEBUG] [GD] page 4: 24 items
[DEBUG] [GD] HTTP 200 | CT=application/json; charset=utf-8 | page=5
[DEBUG] [GD] page 5: 24 items
[DEBUG] [GD] total raw items before normalize: 120; unique kept: 103
[DEBUG] [GD] normalized rows: 103
[DEBUG] [GD] blocked by specialty/diesel filter: 86; passing: 17
[DEBUG] [Proxibid] parsed 30 rows across 1 page(s)
[DEBUG] [Renebates] found 59 events on index
[DEBUG] [Renebates] event: Celina Independent School District - Celina, Texas secs=1930
[DEBUG] [Renebates] Celina Independent School District - Celina, Texas -> 33 lots via https://renebates.com/a_list_2.php?id=268&cat=all
[DEBUG] [Renebates] event: MHMR Tarrant - Fort Worth, Texas secs=12726
[DEBUG] [Renebates] MHMR Tarrant - Fort Worth, Texas -> 60 lots via https://renebates.com/a_list_2.php?id=138&cat=all
[DEBUG] [DEBUG] collected 40 listings from all sites (after filter)
[DEBUG] [GD] HTTP 200 | CT=application/json; charset=utf-8 | page=1
[DEBUG] [GD] page 1: 24 items
[DEBUG] [GD] HTTP 200 | CT=application/json; charset=utf-8 | page=2
[DEBUG] [GD] page 2: 24 items
[DEBUG] [GD] HTTP 200 | CT=application/json; charset=utf-8 | page=3
[DEBUG] [GD] page 3: 24 items
[DEBUG] [GD] HTTP 200 | CT=application/json; charset=utf-8 | page=4
[DEBUG] [GD] page 4: 24 items
[DEBUG] [GD] HTTP 200 | CT=application/json; charset=utf-8 | page=5
[DEBUG] [GD] page 5: 24 items
[DEBUG] [GD] total raw items before normalize: 120; unique kept: 103
[DEBUG] [GD] normalized rows: 103
[DEBUG] [GD] blocked by specialty/diesel filter: 86; passing: 17
[DEBUG] [Proxibid] parsed 30 rows across 1 page(s)
[DEBUG] [Renebates] found 59 events on index
[DEBUG] [Renebates] event: Celina Independent School District - Celina, Texas secs=1282
[DEBUG] [Renebates] Celina Independent School District - Celina, Texas -> 33 lots via https://renebates.com/a_list_2.php?id=268&cat=all
[DEBUG] [Renebates] event: MHMR Tarrant - Fort Worth, Texas secs=12079
[DEBUG] [Renebates] MHMR Tarrant - Fort Worth, Texas -> 60 lots via https://renebates.com/a_list_2.php?id=138&cat=all
[DEBUG] [DEBUG] collected 40 listings from all sites (after filter)
[DEBUG] [GD] HTTP 200 | CT=application/json; charset=utf-8 | page=1
[DEBUG] [GD] page 1: 24 items
[DEBUG] [GD] HTTP 200 | CT=application/json; charset=utf-8 | page=2
[DEBUG] [GD] page 2: 24 items
[DEBUG] [GD] HTTP 200 | CT=application/json; charset=utf-8 | page=3
[DEBUG] [GD] page 3: 24 items
[DEBUG] [GD] HTTP 200 | CT=application/json; charset=utf-8 | page=4
[DEBUG] [GD] page 4: 24 items
[DEBUG] [GD] HTTP 200 | CT=application/json; charset=utf-8 | page=5
[DEBUG] [GD] page 5: 24 items
[DEBUG] [GD] total raw items before normalize: 120; unique kept: 102
[DEBUG] [GD] normalized rows: 102
[DEBUG] [GD] blocked by specialty/diesel filter: 85; passing: 17
[DEBUG] [Proxibid] parsed 30 rows across 1 page(s)
[DEBUG] [Renebates] found 59 events on index
[DEBUG] [Renebates] event: Celina Independent School District - Celina, Texas secs=627
[DEBUG] [Renebates] Celina Independent School District - Celina, Texas -> 33 lots via https://renebates.com/a_list_2.php?id=268&cat=all
[DEBUG] [Renebates] event: MHMR Tarrant - Fort Worth, Texas secs=11423
[DEBUG] [Renebates] MHMR Tarrant - Fort Worth, Texas -> 60 lots via https://renebates.com/a_list_2.php?id=138&cat=all
[DEBUG] [DEBUG] collected 40 listings from all sites (after filter)
[DEBUG] [GD] HTTP 200 | CT=application/json; charset=utf-8 | page=1
[DEBUG] [GD] page 1: 24 items
[DEBUG] [GD] HTTP 200 | CT=application/json; charset=utf-8 | page=2
[DEBUG] [GD] page 2: 24 items
[DEBUG] [GD] HTTP 200 | CT=application/json; charset=utf-8 | page=3
[DEBUG] [GD] page 3: 24 items
[DEBUG] [GD] HTTP 200 | CT=application/json; charset=utf-8 | page=4
[DEBUG] [GD] page 4: 24 items
[DEBUG] [GD] HTTP 200 | CT=application/json; charset=utf-8 | page=5
[DEBUG] [GD] page 5: 24 items
[DEBUG] [GD] total raw items before normalize: 120; unique kept: 103
[DEBUG] [GD] normalized rows: 103
[DEBUG] [GD] blocked by specialty/diesel filter: 86; passing: 17
[DEBUG] [Proxibid] parsed 30 rows across 1 page(s)
[DEBUG] [Renebates] found 59 events on index
[DEBUG] [Renebates] event: Celina Independent School District - Celina, Texas secs=0
[DEBUG] [Renebates] Celina Independent School District - Celina, Texas -> 33 lots via https://renebates.com/a_list_2.php?id=268&cat=all
[DEBUG] [Renebates] event: MHMR Tarrant - Fort Worth, Texas secs=10767
[DEBUG] [Renebates] MHMR Tarrant - Fort Worth, Texas -> 60 lots via https://renebates.com/a_list_2.php?id=138&cat=all
[DEBUG] [DEBUG] collected 40 listings from all sites (after filter)
[DEBUG] [GD] HTTP 200 | CT=application/json; charset=utf-8 | page=1
[DEBUG] [GD] page 1: 24 items
[DEBUG] [GD] HTTP 200 | CT=application/json; charset=utf-8 | page=2
[DEBUG] [GD] page 2: 24 items
[DEBUG] [GD] HTTP 200 | CT=application/json; charset=utf-8 | page=3
[DEBUG] [GD] page 3: 24 items
[DEBUG] [GD] HTTP 200 | CT=application/json; charset=utf-8 | page=4
[DEBUG] [GD] page 4: 24 items
[DEBUG] [GD] HTTP 200 | CT=application/json; charset=utf-8 | page=5
[DEBUG] [GD] page 5: 24 items
[DEBUG] [GD] total raw items before normalize: 120; unique kept: 102
[DEBUG] [GD] normalized rows: 102
[DEBUG] [GD] blocked by specialty/diesel filter: 85; passing: 17
[DEBUG] [Proxibid] parsed 30 rows across 1 page(s)
[DEBUG] [Renebates] found 59 events on index
[DEBUG] [Renebates] event: Celina Independent School District - Celina, Texas secs=0
[DEBUG] [Renebates] Celina Independent School District - Celina, Texas -> 25 lots via https://renebates.com/a_list_2.php?id=268&cat=all
[DEBUG] [Renebates] event: MHMR Tarrant - Fort Worth, Texas secs=10121
[DEBUG] [Renebates] MHMR Tarrant - Fort Worth, Texas -> 60 lots via https://renebates.com/a_list_2.php?id=138&cat=all
[DEBUG] [DEBUG] collected 39 listings from all sites (after filter)
[DEBUG] [GD] HTTP 200 | CT=application/json; charset=utf-8 | page=1
[DEBUG] [GD] page 1: 24 items
[DEBUG] [GD] HTTP 200 | CT=application/json; charset=utf-8 | page=2
[DEBUG] [GD] page 2: 24 items
[DEBUG] [GD] HTTP 200 | CT=application/json; charset=utf-8 | page=3
[DEBUG] [GD] page 3: 24 items
[DEBUG] [GD] HTTP 200 | CT=application/json; charset=utf-8 | page=4
[DEBUG] [GD] page 4: 24 items
[DEBUG] [GD] HTTP 200 | CT=application/json; charset=utf-8 | page=5
[DEBUG] [GD] page 5: 24 items
[DEBUG] [GD] total raw items before normalize: 120; unique kept: 105
[DEBUG] [GD] normalized rows: 105
[DEBUG] [GD] blocked by specialty/diesel filter: 89; passing: 16
[DEBUG] [Proxibid] parsed 30 rows across 1 page(s)
[DEBUG] [Renebates] found 59 events on index
[DEBUG] [Renebates] event: Celina Independent School District - Celina, Texas secs=0
[DEBUG] [Renebates] Celina Independent School District - Celina, Texas -> 24 lots via https://renebates.com/a_list_2.php?id=268&cat=all
[DEBUG] [Renebates] event: MHMR Tarrant - Fort Worth, Texas secs=9467
[DEBUG] [Renebates] MHMR Tarrant - Fort Worth, Texas -> 60 lots via https://renebates.com/a_list_2.php?id=138&cat=all
[DEBUG] [DEBUG] collected 38 listings from all sites (after filter)
[DEBUG] [GD] HTTP 200 | CT=application/json; charset=utf-8 | page=1
[DEBUG] [GD] page 1: 24 items
[DEBUG] [GD] HTTP 200 | CT=application/json; charset=utf-8 | page=2
[DEBUG] [GD] page 2: 24 items
[DEBUG] [GD] HTTP 200 | CT=application/json; charset=utf-8 | page=3
[DEBUG] [GD] page 3: 24 items
[DEBUG] [GD] HTTP 200 | CT=application/json; charset=utf-8 | page=4
[DEBUG] [GD] page 4: 24 items
[DEBUG] [GD] HTTP 200 | CT=application/json; charset=utf-8 | page=5
[DEBUG] [GD] page 5: 24 items
[DEBUG] [GD] total raw items before normalize: 120; unique kept: 105
[DEBUG] [GD] normalized rows: 105
[DEBUG] [GD] blocked by specialty/diesel filter: 89; passing: 16
[DEBUG] [Proxibid] parsed 30 rows across 1 page(s)
[DEBUG] [Renebates] found 59 events on index
[DEBUG] [Renebates] event: MHMR Tarrant - Fort Worth, Texas secs=8818
[DEBUG] [Renebates] MHMR Tarrant - Fort Worth, Texas -> 60 lots via https://renebates.com/a_list_2.php?id=138&cat=all
[DEBUG] [Renebates] event: City Of Plano, Texas secs=340014
[DEBUG] [Renebates] City Of Plano, Texas -> 3 lots via https://renebates.com/a_list_2.php?id=265&cat=all
[DEBUG] [DEBUG] collected 39 listings from all sites (after filter)
[DEBUG] [GD] HTTP 200 | CT=application/json; charset=utf-8 | page=1
[DEBUG] [GD] page 1: 24 items
[DEBUG] [GD] HTTP 200 | CT=application/json; charset=utf-8 | page=2
[DEBUG] [GD] page 2: 24 items
[DEBUG] [GD] HTTP 200 | CT=application/json; charset=utf-8 | page=3
[DEBUG] [GD] page 3: 24 items
[DEBUG] [GD] HTTP 200 | CT=application/json; charset=utf-8 | page=4
[DEBUG] [GD] page 4: 24 items
[DEBUG] [GD] HTTP 200 | CT=application/json; charset=utf-8 | page=5
[DEBUG] [GD] page 5: 24 items
[DEBUG] [GD] total raw items before normalize: 120; unique kept: 105
[DEBUG] [GD] normalized rows: 105
[DEBUG] [GD] blocked by specialty/diesel filter: 89; passing: 16
[DEBUG] [Proxibid] parsed 30 rows across 1 page(s)
[DEBUG] [Renebates] found 59 events on index
[DEBUG] [Renebates] event: MHMR Tarrant - Fort Worth, Texas secs=8165
[DEBUG] [Renebates] MHMR Tarrant - Fort Worth, Texas -> 60 lots via https://renebates.com/a_list_2.php?id=138&cat=all
[DEBUG] [Renebates] event: City Of Plano, Texas secs=339361
[DEBUG] [Renebates] City Of Plano, Texas -> 3 lots via https://renebates.com/a_list_2.php?id=265&cat=all
[DEBUG] [DEBUG] collected 39 listings from all sites (after filter)
[DEBUG] [GD] HTTP 200 | CT=application/json; charset=utf-8 | page=1
[DEBUG] [GD] page 1: 24 items
[DEBUG] [GD] HTTP 200 | CT=application/json; charset=utf-8 | page=2
[DEBUG] [GD] page 2: 24 items
[DEBUG] [GD] HTTP 200 | CT=application/json; charset=utf-8 | page=3
[DEBUG] [GD] page 3: 24 items
[DEBUG] [GD] HTTP 200 | CT=application/json; charset=utf-8 | page=4
[DEBUG] [GD] page 4: 24 items
[DEBUG] [GD] HTTP 200 | CT=application/json; charset=utf-8 | page=5
[DEBUG] [GD] page 5: 24 items
[DEBUG] [GD] total raw items before normalize: 120; unique kept: 105
[DEBUG] [GD] normalized rows: 105
[DEBUG] [GD] blocked by specialty/diesel filter: 89; passing: 16
[DEBUG] [Proxibid] parsed 30 rows across 1 page(s)
[DEBUG] [Renebates] found 59 events on index
[DEBUG] [Renebates] event: MHMR Tarrant - Fort Worth, Texas secs=7520
[DEBUG] [Renebates] MHMR Tarrant - Fort Worth, Texas -> 60 lots via https://renebates.com/a_list_2.php?id=138&cat=all
[DEBUG] [Renebates] event: City Of Plano, Texas secs=338716
[DEBUG] [Renebates] City Of Plano, Texas -> 3 lots via https://renebates.com/a_list_2.php?id=265&cat=all
[DEBUG] [DEBUG] collected 39 listings from all sites (after filter)
[DEBUG] [GD] HTTP 200 | CT=application/json; charset=utf-8 | page=1
[DEBUG] [GD] page 1: 24 items
[DEBUG] [GD] HTTP 200 | CT=application/json; charset=utf-8 | page=2
[DEBUG] [GD] page 2: 24 items
[DEBUG] [GD] HTTP 200 | CT=application/json; charset=utf-8 | page=3
[DEBUG] [GD] page 3: 24 items
[DEBUG] [GD] HTTP 200 | CT=application/json; charset=utf-8 | page=4
[DEBUG] [GD] page 4: 24 items
[DEBUG] [GD] HTTP 200 | CT=application/json; charset=utf-8 | page=5
[DEBUG] [GD] page 5: 24 items
[DEBUG] [GD] total raw items before normalize: 120; unique kept: 103
[DEBUG] [GD] normalized rows: 103
[DEBUG] [GD] blocked by specialty/diesel filter: 87; passing: 16
[DEBUG] [Proxibid] parsed 30 rows across 1 page(s)
[DEBUG] [Renebates] found 59 events on index
[DEBUG] [Renebates] event: MHMR Tarrant - Fort Worth, Texas secs=6876
[DEBUG] [Renebates] MHMR Tarrant - Fort Worth, Texas -> 60 lots via https://renebates.com/a_list_2.php?id=138&cat=all
[DEBUG] [Renebates] event: City Of Plano, Texas secs=338072
[DEBUG] [Renebates] City Of Plano, Texas -> 3 lots via https://renebates.com/a_list_2.php?id=265&cat=all
[DEBUG] [DEBUG] collected 39 listings from all sites (after filter)
[DEBUG] [GD] HTTP 200 | CT=application/json; charset=utf-8 | page=1
[DEBUG] [GD] page 1: 24 items
[DEBUG] [GD] HTTP 200 | CT=application/json; charset=utf-8 | page=2
[DEBUG] [GD] page 2: 24 items
[DEBUG] [GD] HTTP 200 | CT=application/json; charset=utf-8 | page=3
[DEBUG] [GD] page 3: 24 items
[DEBUG] [GD] HTTP 200 | CT=application/json; charset=utf-8 | page=4
[DEBUG] [GD] page 4: 24 items
[DEBUG] [GD] HTTP 200 | CT=application/json; charset=utf-8 | page=5
[DEBUG] [GD] page 5: 24 items
[DEBUG] [GD] total raw items before normalize: 120; unique kept: 104
[DEBUG] [GD] normalized rows: 104
[DEBUG] [GD] blocked by specialty/diesel filter: 88; passing: 16
[DEBUG] [Proxibid] parsed 30 rows across 1 page(s)
[DEBUG] [Renebates] found 59 events on index
[DEBUG] [Renebates] event: MHMR Tarrant - Fort Worth, Texas secs=6223
[DEBUG] [Renebates] MHMR Tarrant - Fort Worth, Texas -> 60 lots via https://renebates.com/a_list_2.php?id=138&cat=all
[DEBUG] [Renebates] event: City Of Plano, Texas secs=337419
[DEBUG] [Renebates] City Of Plano, Texas -> 3 lots via https://renebates.com/a_list_2.php?id=265&cat=all
[DEBUG] [DEBUG] collected 38 listings from all sites (after filter)
[DEBUG] [GD] HTTP 200 | CT=application/json; charset=utf-8 | page=1
[DEBUG] [GD] page 1: 24 items
[DEBUG] [GD] HTTP 200 | CT=application/json; charset=utf-8 | page=2
[DEBUG] [GD] page 2: 24 items
[DEBUG] [GD] HTTP 200 | CT=application/json; charset=utf-8 | page=3
[DEBUG] [GD] page 3: 24 items
[DEBUG] [GD] HTTP 200 | CT=application/json; charset=utf-8 | page=4
[DEBUG] [GD] page 4: 24 items
[DEBUG] [GD] HTTP 200 | CT=application/json; charset=utf-8 | page=5
[DEBUG] [GD] page 5: 24 items
[DEBUG] [GD] total raw items before normalize: 120; unique kept: 104
[DEBUG] [GD] normalized rows: 104
[DEBUG] [GD] blocked by specialty/diesel filter: 89; passing: 15
[DEBUG] [Proxibid] parsed 30 rows across 1 page(s)
[DEBUG] [Renebates] found 59 events on index
[DEBUG] [Renebates] event: MHMR Tarrant - Fort Worth, Texas secs=5579
[DEBUG] [Renebates] MHMR Tarrant - Fort Worth, Texas -> 60 lots via https://renebates.com/a_list_2.php?id=138&cat=all
[DEBUG] [Renebates] event: City Of Plano, Texas secs=336776
[DEBUG] [Renebates] City Of Plano, Texas -> 3 lots via https://renebates.com/a_list_2.php?id=265&cat=all
[DEBUG] [DEBUG] collected 37 listings from all sites (after filter)
[DEBUG] [GD] HTTP 200 | CT=application/json; charset=utf-8 | page=1
[DEBUG] [GD] page 1: 24 items
[DEBUG] [GD] HTTP 200 | CT=application/json; charset=utf-8 | page=2
[DEBUG] [GD] page 2: 24 items
[DEBUG] [GD] HTTP 200 | CT=application/json; charset=utf-8 | page=3
[DEBUG] [GD] page 3: 24 items
[DEBUG] [GD] HTTP 200 | CT=application/json; charset=utf-8 | page=4
[DEBUG] [GD] page 4: 24 items
[DEBUG] [GD] HTTP 200 | CT=application/json; charset=utf-8 | page=5
[DEBUG] [GD] page 5: 24 items
[DEBUG] [GD] total raw items before normalize: 120; unique kept: 105
[DEBUG] [GD] normalized rows: 105
[DEBUG] [GD] blocked by specialty/diesel filter: 91; passing: 14
[DEBUG] [Proxibid] parsed 30 rows across 1 page(s)
[DEBUG] [Renebates] found 59 events on index
[DEBUG] [Renebates] event: MHMR Tarrant - Fort Worth, Texas secs=4931
[DEBUG] [Renebates] MHMR Tarrant - Fort Worth, Texas -> 60 lots via https://renebates.com/a_list_2.php?id=138&cat=all
[DEBUG] [Renebates] event: City Of Plano, Texas secs=336127
[DEBUG] [Renebates] City Of Plano, Texas -> 3 lots via https://renebates.com/a_list_2.php?id=265&cat=all
[DEBUG] [DEBUG] collected 36 listings from all sites (after filter)
[DEBUG] [GD] HTTP 200 | CT=application/json; charset=utf-8 | page=1
[DEBUG] [GD] page 1: 24 items
[DEBUG] [GD] HTTP 200 | CT=application/json; charset=utf-8 | page=2
[DEBUG] [GD] page 2: 24 items
[DEBUG] [GD] HTTP 200 | CT=application/json; charset=utf-8 | page=3
[DEBUG] [GD] page 3: 24 items
[DEBUG] [GD] HTTP 200 | CT=application/json; charset=utf-8 | page=4
[DEBUG] [GD] page 4: 24 items
[DEBUG] [GD] HTTP 200 | CT=application/json; charset=utf-8 | page=5
[DEBUG] [GD] page 5: 24 items
[DEBUG] [GD] total raw items before normalize: 120; unique kept: 105
[DEBUG] [GD] normalized rows: 105
[DEBUG] [GD] blocked by specialty/diesel filter: 93; passing: 12
[DEBUG] [Proxibid] parsed 30 rows across 1 page(s)
[DEBUG] [Renebates] found 59 events on index
[DEBUG] [Renebates] event: MHMR Tarrant - Fort Worth, Texas secs=4272
[DEBUG] [Renebates] MHMR Tarrant - Fort Worth, Texas -> 60 lots via https://renebates.com/a_list_2.php?id=138&cat=all
[DEBUG] [Renebates] event: City Of Plano, Texas secs=335470
[DEBUG] [Renebates] City Of Plano, Texas -> 3 lots via https://renebates.com/a_list_2.php?id=265&cat=all
[DEBUG] [DEBUG] collected 34 listings from all sites (after filter)
[DEBUG] [GD] HTTP 200 | CT=application/json; charset=utf-8 | page=1
[DEBUG] [GD] page 1: 24 items
[DEBUG] [GD] HTTP 200 | CT=application/json; charset=utf-8 | page=2
[DEBUG] [GD] page 2: 24 items
[DEBUG] [GD] HTTP 200 | CT=application/json; charset=utf-8 | page=3
[DEBUG] [GD] page 3: 24 items
[DEBUG] [GD] HTTP 200 | CT=application/json; charset=utf-8 | page=4
[DEBUG] [GD] page 4: 24 items
[DEBUG] [GD] HTTP 200 | CT=application/json; charset=utf-8 | page=5
[DEBUG] [GD] page 5: 24 items
[DEBUG] [GD] total raw items before normalize: 120; unique kept: 105
[DEBUG] [GD] normalized rows: 105
[DEBUG] [GD] blocked by specialty/diesel filter: 93; passing: 12
[DEBUG] [Proxibid] parsed 30 rows across 1 page(s)
[DEBUG] [Renebates] found 59 events on index
[DEBUG] [Renebates] event: MHMR Tarrant - Fort Worth, Texas secs=3619
[DEBUG] [Renebates] MHMR Tarrant - Fort Worth, Texas -> 60 lots via https://renebates.com/a_list_2.php?id=138&cat=all
[DEBUG] [Renebates] event: City Of Plano, Texas secs=334817
[DEBUG] [Renebates] City Of Plano, Texas -> 3 lots via https://renebates.com/a_list_2.php?id=265&cat=all
[DEBUG] [DEBUG] collected 34 listings from all sites (after filter)
[DEBUG] [GD] HTTP 200 | CT=application/json; charset=utf-8 | page=1
[DEBUG] [GD] page 1: 24 items
[DEBUG] [GD] HTTP 200 | CT=application/json; charset=utf-8 | page=2
[DEBUG] [GD] page 2: 24 items
[DEBUG] [GD] HTTP 200 | CT=application/json; charset=utf-8 | page=3
[DEBUG] [GD] page 3: 24 items
[DEBUG] [GD] HTTP 200 | CT=application/json; charset=utf-8 | page=4
[DEBUG] [GD] page 4: 24 items
[DEBUG] [GD] HTTP 200 | CT=application/json; charset=utf-8 | page=5
[DEBUG] [GD] page 5: 24 items
[DEBUG] [GD] total raw items before normalize: 120; unique kept: 104
[DEBUG] [GD] normalized rows: 104
[DEBUG] [GD] blocked by specialty/diesel filter: 91; passing: 13
[DEBUG] [Proxibid] parsed 30 rows across 1 page(s)
[DEBUG] [Renebates] found 59 events on index
[DEBUG] [Renebates] event: MHMR Tarrant - Fort Worth, Texas secs=2965
[DEBUG] [Renebates] MHMR Tarrant - Fort Worth, Texas -> 60 lots via https://renebates.com/a_list_2.php?id=138&cat=all
[DEBUG] [Renebates] event: City Of Plano, Texas secs=334162
[DEBUG] [Renebates] City Of Plano, Texas -> 3 lots via https://renebates.com/a_list_2.php?id=265&cat=all
[DEBUG] [DEBUG] collected 35 listings from all sites (after filter)
[DEBUG] [GD] HTTP 200 | CT=application/json; charset=utf-8 | page=1
[DEBUG] [GD] page 1: 24 items
[DEBUG] [GD] HTTP 200 | CT=application/json; charset=utf-8 | page=2
[DEBUG] [GD] page 2: 24 items
[DEBUG] [GD] HTTP 200 | CT=application/json; charset=utf-8 | page=3
[DEBUG] [GD] page 3: 24 items
[DEBUG] [GD] HTTP 200 | CT=application/json; charset=utf-8 | page=4
[DEBUG] [GD] page 4: 24 items
[DEBUG] [GD] HTTP 200 | CT=application/json; charset=utf-8 | page=5
[DEBUG] [GD] page 5: 24 items
[DEBUG] [GD] total raw items before normalize: 120; unique kept: 107
[DEBUG] [GD] normalized rows: 107
[DEBUG] [GD] blocked by specialty/diesel filter: 94; passing: 13
[DEBUG] [Proxibid] parsed 30 rows across 1 page(s)
[DEBUG] [Renebates] found 55 events on index
[DEBUG] [Renebates] event: MHMR Tarrant - Fort Worth, Texas secs=2307
[DEBUG] [Renebates] MHMR Tarrant - Fort Worth, Texas -> 60 lots via https://renebates.com/a_list_2.php?id=138&cat=all
[DEBUG] [Renebates] event: City Of Plano, Texas secs=333505
[DEBUG] [Renebates] City Of Plano, Texas -> 3 lots via https://renebates.com/a_list_2.php?id=265&cat=all
[DEBUG] [DEBUG] collected 35 listings from all sites (after filter)
[DEBUG] [GD] HTTP 200 | CT=application/json; charset=utf-8 | page=1
[DEBUG] [GD] page 1: 24 items
[DEBUG] [GD] HTTP 200 | CT=application/json; charset=utf-8 | page=2
[DEBUG] [GD] page 2: 24 items
[DEBUG] [GD] HTTP 200 | CT=application/json; charset=utf-8 | page=3
[DEBUG] [GD] page 3: 24 items
[DEBUG] [GD] HTTP 200 | CT=application/json; charset=utf-8 | page=4
[DEBUG] [GD] page 4: 24 items
[DEBUG] [GD] HTTP 200 | CT=application/json; charset=utf-8 | page=5
[DEBUG] [GD] page 5: 24 items
[DEBUG] [GD] total raw items before normalize: 120; unique kept: 107
[DEBUG] [GD] normalized rows: 107
[DEBUG] [GD] blocked by specialty/diesel filter: 94; passing: 13
[DEBUG] [Proxibid] parsed 30 rows across 1 page(s)
[DEBUG] [Renebates] found 55 events on index
[DEBUG] [Renebates] event: MHMR Tarrant - Fort Worth, Texas secs=1656
[DEBUG] [Renebates] MHMR Tarrant - Fort Worth, Texas -> 60 lots via https://renebates.com/a_list_2.php?id=138&cat=all
[DEBUG] [Renebates] event: City Of Plano, Texas secs=332854
[DEBUG] [Renebates] City Of Plano, Texas -> 3 lots via https://renebates.com/a_list_2.php?id=265&cat=all
[DEBUG] [DEBUG] collected 35 listings from all sites (after filter)
[DEBUG] [GD] HTTP 200 | CT=application/json; charset=utf-8 | page=1
[DEBUG] [GD] page 1: 24 items
[DEBUG] [GD] HTTP 200 | CT=application/json; charset=utf-8 | page=2
[DEBUG] [GD] page 2: 24 items
[DEBUG] [GD] HTTP 200 | CT=application/json; charset=utf-8 | page=3
[DEBUG] [GD] page 3: 24 items
[DEBUG] [GD] HTTP 200 | CT=application/json; charset=utf-8 | page=4
[DEBUG] [GD] page 4: 24 items
[DEBUG] [GD] HTTP 200 | CT=application/json; charset=utf-8 | page=5
[DEBUG] [GD] page 5: 24 items
[DEBUG] [GD] total raw items before normalize: 120; unique kept: 108
[DEBUG] [GD] normalized rows: 108
[DEBUG] [GD] blocked by specialty/diesel filter: 95; passing: 13
[DEBUG] [Proxibid] parsed 30 rows across 1 page(s)
[DEBUG] [Renebates] found 55 events on index
[DEBUG] [Renebates] event: MHMR Tarrant - Fort Worth, Texas secs=999
[DEBUG] [Renebates] MHMR Tarrant - Fort Worth, Texas -> 60 lots via https://renebates.com/a_list_2.php?id=138&cat=all
[DEBUG] [Renebates] event: City Of Plano, Texas secs=332194
[DEBUG] [Renebates] City Of Plano, Texas -> 3 lots via https://renebates.com/a_list_2.php?id=265&cat=all
[DEBUG] [DEBUG] collected 35 listings from all sites (after filter)
[DEBUG] [GD] HTTP 200 | CT=application/json; charset=utf-8 | page=1
[DEBUG] [GD] page 1: 24 items
[DEBUG] [GD] HTTP 200 | CT=application/json; charset=utf-8 | page=2
[DEBUG] [GD] page 2: 24 items
[DEBUG] [GD] HTTP 200 | CT=application/json; charset=utf-8 | page=3
[DEBUG] [GD] page 3: 24 items
[DEBUG] [GD] HTTP 200 | CT=application/json; charset=utf-8 | page=4
[DEBUG] [GD] page 4: 24 items
[DEBUG] [GD] HTTP 200 | CT=application/json; charset=utf-8 | page=5
[DEBUG] [GD] page 5: 24 items
[DEBUG] [GD] total raw items before normalize: 120; unique kept: 108
[DEBUG] [GD] normalized rows: 108
[DEBUG] [GD] blocked by specialty/diesel filter: 95; passing: 13
[DEBUG] [Proxibid] parsed 30 rows across 1 page(s)
[DEBUG] [Renebates] found 56 events on index
[DEBUG] [Renebates] event: MHMR Tarrant - Fort Worth, Texas secs=344
[DEBUG] [Renebates] MHMR Tarrant - Fort Worth, Texas -> 60 lots via https://renebates.com/a_list_2.php?id=138&cat=all
[DEBUG] [Renebates] event: City Of Plano, Texas secs=331540
[DEBUG] [Renebates] City Of Plano, Texas -> 3 lots via https://renebates.com/a_list_2.php?id=265&cat=all
[DEBUG] [DEBUG] collected 35 listings from all sites (after filter)
[DEBUG] [GD] HTTP 200 | CT=application/json; charset=utf-8 | page=1
[DEBUG] [GD] page 1: 24 items
[DEBUG] [GD] HTTP 200 | CT=application/json; charset=utf-8 | page=2
[DEBUG] [GD] page 2: 24 items
[DEBUG] [GD] HTTP 200 | CT=application/json; charset=utf-8 | page=3
[DEBUG] [GD] page 3: 24 items
[DEBUG] [GD] HTTP 200 | CT=application/json; charset=utf-8 | page=4
[DEBUG] [GD] page 4: 24 items
[DEBUG] [GD] HTTP 200 | CT=application/json; charset=utf-8 | page=5
[DEBUG] [GD] page 5: 24 items
[DEBUG] [GD] total raw items before normalize: 120; unique kept: 109
[DEBUG] [GD] normalized rows: 109
[DEBUG] [GD] blocked by specialty/diesel filter: 97; passing: 12
[DEBUG] [Proxibid] parsed 30 rows across 1 page(s)
[DEBUG] [Renebates] found 57 events on index
[DEBUG] [Renebates] event: MHMR Tarrant - Fort Worth, Texas secs=0
[DEBUG] [Renebates] MHMR Tarrant - Fort Worth, Texas -> 58 lots via https://renebates.com/a_list_2.php?id=138&cat=all
[DEBUG] [Renebates] event: City Of Plano, Texas secs=330884
[DEBUG] [Renebates] City Of Plano, Texas -> 3 lots via https://renebates.com/a_list_2.php?id=265&cat=all
[DEBUG] [DEBUG] collected 34 listings from all sites (after filter)
[DEBUG] [GD] HTTP 200 | CT=application/json; charset=utf-8 | page=1
[DEBUG] [GD] page 1: 24 items
[DEBUG] [GD] HTTP 200 | CT=application/json; charset=utf-8 | page=2
[DEBUG] [GD] page 2: 24 items
[DEBUG] [GD] HTTP 200 | CT=application/json; charset=utf-8 | page=3
[DEBUG] [GD] page 3: 24 items
[DEBUG] [GD] HTTP 200 | CT=application/json; charset=utf-8 | page=4
[DEBUG] [GD] page 4: 24 items
[DEBUG] [GD] HTTP 200 | CT=application/json; charset=utf-8 | page=5
[DEBUG] [GD] page 5: 24 items
[DEBUG] [GD] total raw items before normalize: 120; unique kept: 111
[DEBUG] [GD] normalized rows: 111
[DEBUG] [GD] blocked by specialty/diesel filter: 98; passing: 13
[DEBUG] [Proxibid] parsed 30 rows across 1 page(s)
[DEBUG] [Renebates] found 57 events on index
[DEBUG] [Renebates] event: MHMR Tarrant - Fort Worth, Texas secs=0
[DEBUG] [Renebates] MHMR Tarrant - Fort Worth, Texas -> 55 lots via https://renebates.com/a_list_2.php?id=138&cat=all
[DEBUG] [Renebates] event: City Of Plano, Texas secs=330237
[DEBUG] [Renebates] City Of Plano, Texas -> 3 lots via https://renebates.com/a_list_2.php?id=265&cat=all
[DEBUG] [DEBUG] collected 34 listings from all sites (after filter)
[DEBUG] [GD] HTTP 200 | CT=application/json; charset=utf-8 | page=1
[DEBUG] [GD] page 1: 24 items
[DEBUG] [GD] HTTP 200 | CT=application/json; charset=utf-8 | page=2
[DEBUG] [GD] page 2: 24 items
[DEBUG] [GD] HTTP 200 | CT=application/json; charset=utf-8 | page=3
[DEBUG] [GD] page 3: 24 items
[DEBUG] [GD] HTTP 200 | CT=application/json; charset=utf-8 | page=4
[DEBUG] [GD] page 4: 24 items
[DEBUG] [GD] HTTP 200 | CT=application/json; charset=utf-8 | page=5
[DEBUG] [GD] page 5: 24 items
[DEBUG] [GD] total raw items before normalize: 120; unique kept: 110
[DEBUG] [GD] normalized rows: 110
[DEBUG] [GD] blocked by specialty/diesel filter: 97; passing: 13
[DEBUG] [Proxibid] parsed 30 rows across 1 page(s)
[DEBUG] [Renebates] found 57 events on index
[DEBUG] [Renebates] event: MHMR Tarrant - Fort Worth, Texas secs=0
[DEBUG] [Renebates] MHMR Tarrant - Fort Worth, Texas -> 46 lots via https://renebates.com/a_list_2.php?id=138&cat=all
[DEBUG] [Renebates] event: City Of Plano, Texas secs=329589
[DEBUG] [Renebates] City Of Plano, Texas -> 3 lots via https://renebates.com/a_list_2.php?id=265&cat=all
[DEBUG] [DEBUG] collected 35 listings from all sites (after filter)
[DEBUG] [GD] HTTP 200 | CT=application/json; charset=utf-8 | page=1
[DEBUG] [GD] page 1: 24 items
[DEBUG] [GD] HTTP 200 | CT=application/json; charset=utf-8 | page=2
[DEBUG] [GD] page 2: 24 items
[DEBUG] [GD] HTTP 200 | CT=application/json; charset=utf-8 | page=3
[DEBUG] [GD] page 3: 24 items
[DEBUG] [GD] HTTP 200 | CT=application/json; charset=utf-8 | page=4
[DEBUG] [GD] page 4: 24 items
[DEBUG] [GD] HTTP 200 | CT=application/json; charset=utf-8 | page=5
[DEBUG] [GD] page 5: 24 items
[DEBUG] [GD] total raw items before normalize: 120; unique kept: 111
[DEBUG] [GD] normalized rows: 111
[DEBUG] [GD] blocked by specialty/diesel filter: 98; passing: 13
[DEBUG] [Proxibid] parsed 30 rows across 1 page(s)
[DEBUG] [Renebates] found 57 events on index
[DEBUG] [Renebates] event: MHMR Tarrant - Fort Worth, Texas secs=0
[DEBUG] [Renebates] MHMR Tarrant - Fort Worth, Texas -> 44 lots via https://renebates.com/a_list_2.php?id=138&cat=all
[DEBUG] [Renebates] event: City Of Plano, Texas secs=328950
[DEBUG] [Renebates] City Of Plano, Texas -> 3 lots via https://renebates.com/a_list_2.php?id=265&cat=all
[DEBUG] [DEBUG] collected 35 listings from all sites (after filter)
[DEBUG] [GD] HTTP 200 | CT=application/json; charset=utf-8 | page=1
[DEBUG] [GD] page 1: 24 items
[DEBUG] [GD] HTTP 200 | CT=application/json; charset=utf-8 | page=2
[DEBUG] [GD] page 2: 24 items
[DEBUG] [GD] HTTP 200 | CT=application/json; charset=utf-8 | page=3
[DEBUG] [GD] page 3: 24 items
[DEBUG] [GD] HTTP 200 | CT=application/json; charset=utf-8 | page=4
[DEBUG] [GD] page 4: 24 items
[DEBUG] [GD] HTTP 200 | CT=application/json; charset=utf-8 | page=5
[DEBUG] [GD] page 5: 24 items
[DEBUG] [GD] total raw items before normalize: 120; unique kept: 111
[DEBUG] [GD] normalized rows: 111
[DEBUG] [GD] blocked by specialty/diesel filter: 99; passing: 12
[DEBUG] [Proxibid] parsed 30 rows across 1 page(s)
[DEBUG] [Renebates] found 57 events on index
[DEBUG] [Renebates] event: MHMR Tarrant - Fort Worth, Texas secs=0
[DEBUG] [Renebates] MHMR Tarrant - Fort Worth, Texas -> 41 lots via https://renebates.com/a_list_2.php?id=138&cat=all
[DEBUG] [Renebates] event: City Of Plano, Texas secs=328295
[DEBUG] [Renebates] City Of Plano, Texas -> 3 lots via https://renebates.com/a_list_2.php?id=265&cat=all
[DEBUG] [DEBUG] collected 34 listings from all sites (after filter)
[DEBUG] [GD] HTTP 200 | CT=application/json; charset=utf-8 | page=1
[DEBUG] [GD] page 1: 24 items
[DEBUG] [GD] HTTP 200 | CT=application/json; charset=utf-8 | page=2
[DEBUG] [GD] page 2: 24 items
[DEBUG] [GD] HTTP 200 | CT=application/json; charset=utf-8 | page=3
[DEBUG] [GD] page 3: 24 items
[DEBUG] [GD] HTTP 200 | CT=application/json; charset=utf-8 | page=4
[DEBUG] [GD] page 4: 24 items
[DEBUG] [GD] HTTP 200 | CT=application/json; charset=utf-8 | page=5
[DEBUG] [GD] page 5: 24 items
[DEBUG] [GD] total raw items before normalize: 120; unique kept: 112
[DEBUG] [GD] normalized rows: 112
[DEBUG] [GD] blocked by specialty/diesel filter: 100; passing: 12
[DEBUG] [Proxibid] parsed 30 rows across 1 page(s)
[DEBUG] [Renebates] found 57 events on index
[DEBUG] [Renebates] event: City Of Plano, Texas secs=327653
[DEBUG] [Renebates] City Of Plano, Texas -> 3 lots via https://renebates.com/a_list_2.php?id=265&cat=all
[DEBUG] [Renebates] event: Tatum Independent School District - Tatum, Texas secs=331251
[DEBUG] [Renebates] Tatum Independent School District - Tatum, Texas -> 6 lots via https://renebates.com/a_list_2.php?id=117&cat=all
[DEBUG] [DEBUG] collected 34 listings from all sites (after filter)
[DEBUG] [GD] HTTP 200 | CT=application/json; charset=utf-8 | page=1
[DEBUG] [GD] page 1: 24 items
[DEBUG] [GD] HTTP 200 | CT=application/json; charset=utf-8 | page=2
[DEBUG] [GD] page 2: 24 items
[DEBUG] [GD] HTTP 200 | CT=application/json; charset=utf-8 | page=3
[DEBUG] [GD] page 3: 24 items
[DEBUG] [GD] HTTP 200 | CT=application/json; charset=utf-8 | page=4
[DEBUG] [GD] page 4: 24 items
[DEBUG] [GD] HTTP 200 | CT=application/json; charset=utf-8 | page=5
[DEBUG] [GD] page 5: 24 items
[DEBUG] [GD] total raw items before normalize: 120; unique kept: 112
[DEBUG] [GD] normalized rows: 112
[DEBUG] [GD] blocked by specialty/diesel filter: 101; passing: 11
[DEBUG] [Proxibid] parsed 30 rows across 1 page(s)
[DEBUG] [Renebates] found 57 events on index
[DEBUG] [Renebates] event: City Of Plano, Texas secs=327015
[DEBUG] [Renebates] City Of Plano, Texas -> 3 lots via https://renebates.com/a_list_2.php?id=265&cat=all
[DEBUG] [Renebates] event: Tatum Independent School District - Tatum, Texas secs=330612
[DEBUG] [Renebates] Tatum Independent School District - Tatum, Texas -> 6 lots via https://renebates.com/a_list_2.php?id=117&cat=all
[DEBUG] [DEBUG] collected 33 listings from all sites (after filter)
[DEBUG] [GD] HTTP 200 | CT=application/json; charset=utf-8 | page=1
[DEBUG] [GD] page 1: 24 items
[DEBUG] [GD] HTTP 200 | CT=application/json; charset=utf-8 | page=2
[DEBUG] [GD] page 2: 24 items
[DEBUG] [GD] HTTP 200 | CT=application/json; charset=utf-8 | page=3
[DEBUG] [GD] page 3: 24 items
[DEBUG] [GD] HTTP 200 | CT=application/json; charset=utf-8 | page=4
[DEBUG] [GD] page 4: 24 items
[DEBUG] [GD] HTTP 200 | CT=application/json; charset=utf-8 | page=5
[DEBUG] [GD] page 5: 24 items
[DEBUG] [GD] total raw items before normalize: 120; unique kept: 114
[DEBUG] [GD] normalized rows: 114
[DEBUG] [GD] blocked by specialty/diesel filter: 105; passing: 9
[DEBUG] [Proxibid] parsed 30 rows across 1 page(s)
[DEBUG] [Renebates] found 57 events on index
[DEBUG] [Renebates] event: City Of Plano, Texas secs=326364
[DEBUG] [Renebates] City Of Plano, Texas -> 3 lots via https://renebates.com/a_list_2.php?id=265&cat=all
[DEBUG] [Renebates] event: Tatum Independent School District - Tatum, Texas secs=329961
[DEBUG] [Renebates] Tatum Independent School District - Tatum, Texas -> 6 lots via https://renebates.com/a_list_2.php?id=117&cat=all
[DEBUG] [DEBUG] collected 31 listings from all sites (after filter)
[DEBUG] [GD] HTTP 200 | CT=application/json; charset=utf-8 | page=1
[DEBUG] [GD] page 1: 24 items
[DEBUG] [GD] HTTP 200 | CT=application/json; charset=utf-8 | page=2
[DEBUG] [GD] page 2: 24 items
[DEBUG] [GD] HTTP 200 | CT=application/json; charset=utf-8 | page=3
[DEBUG] [GD] page 3: 24 items
[DEBUG] [GD] HTTP 200 | CT=application/json; charset=utf-8 | page=4
[DEBUG] [GD] page 4: 24 items
[DEBUG] [GD] HTTP 200 | CT=application/json; charset=utf-8 | page=5
[DEBUG] [GD] page 5: 24 items
[DEBUG] [GD] total raw items before normalize: 120; unique kept: 114
[DEBUG] [GD] normalized rows: 114
[DEBUG] [GD] blocked by specialty/diesel filter: 105; passing: 9
[DEBUG] [Proxibid] parsed 30 rows across 1 page(s)
[DEBUG] [Renebates] found 57 events on index
[DEBUG] [Renebates] event: City Of Plano, Texas secs=325714
[DEBUG] [Renebates] City Of Plano, Texas -> 3 lots via https://renebates.com/a_list_2.php?id=265&cat=all
[DEBUG] [Renebates] event: Tatum Independent School District - Tatum, Texas secs=329311
[DEBUG] [Renebates] Tatum Independent School District - Tatum, Texas -> 6 lots via https://renebates.com/a_list_2.php?id=117&cat=all
[DEBUG] [DEBUG] collected 31 listings from all sites (after filter)
[DEBUG] [GD] HTTP 200 | CT=application/json; charset=utf-8 | page=1
[DEBUG] [GD] page 1: 24 items
[DEBUG] [GD] HTTP 200 | CT=application/json; charset=utf-8 | page=2
[DEBUG] [GD] page 2: 24 items
[DEBUG] [GD] HTTP 200 | CT=application/json; charset=utf-8 | page=3
[DEBUG] [GD] page 3: 24 items
[DEBUG] [GD] HTTP 200 | CT=application/json; charset=utf-8 | page=4
[DEBUG] [GD] page 4: 24 items
[DEBUG] [GD] HTTP 200 | CT=application/json; charset=utf-8 | page=5
[DEBUG] [GD] page 5: 24 items
[DEBUG] [GD] total raw items before normalize: 120; unique kept: 114
[DEBUG] [GD] normalized rows: 114
[DEBUG] [GD] blocked by specialty/diesel filter: 105; passing: 9
[DEBUG] [Proxibid] parsed 30 rows across 1 page(s)
[DEBUG] [Renebates] found 57 events on index
[DEBUG] [Renebates] event: City Of Plano, Texas secs=325055
[DEBUG] [Renebates] City Of Plano, Texas -> 3 lots via https://renebates.com/a_list_2.php?id=265&cat=all
[DEBUG] [Renebates] event: Tatum Independent School District - Tatum, Texas secs=328652
[DEBUG] [Renebates] Tatum Independent School District - Tatum, Texas -> 6 lots via https://renebates.com/a_list_2.php?id=117&cat=all
[DEBUG] [DEBUG] collected 31 listings from all sites (after filter)
[DEBUG] [GD] HTTP 200 | CT=application/json; charset=utf-8 | page=1
[DEBUG] [GD] page 1: 24 items
[DEBUG] [GD] HTTP 200 | CT=application/json; charset=utf-8 | page=2
[DEBUG] [GD] page 2: 24 items
[DEBUG] [GD] HTTP 200 | CT=application/json; charset=utf-8 | page=3
[DEBUG] [GD] page 3: 24 items
[DEBUG] [GD] HTTP 200 | CT=application/json; charset=utf-8 | page=4
[DEBUG] [GD] page 4: 24 items
[DEBUG] [GD] HTTP 200 | CT=application/json; charset=utf-8 | page=5
[DEBUG] [GD] page 5: 24 items
[DEBUG] [GD] total raw items before normalize: 120; unique kept: 114
[DEBUG] [GD] normalized rows: 114
[DEBUG] [GD] blocked by specialty/diesel filter: 106; passing: 8
[DEBUG] [Proxibid] parsed 30 rows across 1 page(s)
[DEBUG] [Renebates] found 57 events on index
[DEBUG] [Renebates] event: City Of Plano, Texas secs=324411
[DEBUG] [Renebates] City Of Plano, Texas -> 3 lots via https://renebates.com/a_list_2.php?id=265&cat=all
[DEBUG] [Renebates] event: Tatum Independent School District - Tatum, Texas secs=328008
[DEBUG] [Renebates] Tatum Independent School District - Tatum, Texas -> 6 lots via https://renebates.com/a_list_2.php?id=117&cat=all
[DEBUG] [DEBUG] collected 30 listings from all sites (after filter)
[DEBUG] [GD] HTTP 200 | CT=application/json; charset=utf-8 | page=1
[DEBUG] [GD] page 1: 24 items
[DEBUG] [GD] HTTP 200 | CT=application/json; charset=utf-8 | page=2
[DEBUG] [GD] page 2: 24 items
[DEBUG] [GD] HTTP 200 | CT=application/json; charset=utf-8 | page=3
[DEBUG] [GD] page 3: 24 items
[DEBUG] [GD] HTTP 200 | CT=application/json; charset=utf-8 | page=4
[DEBUG] [GD] page 4: 24 items
[DEBUG] [GD] HTTP 200 | CT=application/json; charset=utf-8 | page=5
[DEBUG] [GD] page 5: 24 items
[DEBUG] [GD] total raw items before normalize: 120; unique kept: 117
[DEBUG] [GD] normalized rows: 117
[DEBUG] [GD] blocked by specialty/diesel filter: 107; passing: 10
[DEBUG] [Proxibid] parsed 30 rows across 1 page(s)
[DEBUG] [Renebates] found 54 events on index
[DEBUG] [Renebates] event: City Of Plano, Texas secs=323764
[DEBUG] [Renebates] City Of Plano, Texas -> 3 lots via https://renebates.com/a_list_2.php?id=265&cat=all
[DEBUG] [Renebates] event: Tatum Independent School District - Tatum, Texas secs=327361
[DEBUG] [Renebates] Tatum Independent School District - Tatum, Texas -> 6 lots via https://renebates.com/a_list_2.php?id=117&cat=all
[DEBUG] [DEBUG] collected 22 listings from all sites (after filter)
[DEBUG] [GD] HTTP 200 | CT=application/json; charset=utf-8 | page=1
[DEBUG] [GD] page 1: 24 items
[DEBUG] [GD] HTTP 200 | CT=application/json; charset=utf-8 | page=2
[DEBUG] [GD] page 2: 24 items
[DEBUG] [GD] HTTP 200 | CT=application/json; charset=utf-8 | page=3
[DEBUG] [GD] page 3: 24 items
[DEBUG] [GD] HTTP 200 | CT=application/json; charset=utf-8 | page=4
[DEBUG] [GD] page 4: 24 items
[DEBUG] [GD] HTTP 200 | CT=application/json; charset=utf-8 | page=5
[DEBUG] [GD] page 5: 24 items
[DEBUG] [GD] total raw items before normalize: 120; unique kept: 117
[DEBUG] [GD] normalized rows: 117
[DEBUG] [GD] blocked by specialty/diesel filter: 107; passing: 10
[DEBUG] [Proxibid] parsed 30 rows across 1 page(s)
[DEBUG] [Renebates] found 54 events on index
[DEBUG] [Renebates] event: City Of Plano, Texas secs=323104
[DEBUG] [Renebates] City Of Plano, Texas -> 3 lots via https://renebates.com/a_list_2.php?id=265&cat=all
[DEBUG] [Renebates] event: Tatum Independent School District - Tatum, Texas secs=326701
[DEBUG] [Renebates] Tatum Independent School District - Tatum, Texas -> 6 lots via https://renebates.com/a_list_2.php?id=117&cat=all
[DEBUG] [DEBUG] collected 22 listings from all sites (after filter)
[DEBUG] [GD] HTTP 200 | CT=application/json; charset=utf-8 | page=1
[DEBUG] [GD] page 1: 24 items
[DEBUG] [GD] HTTP 200 | CT=application/json; charset=utf-8 | page=2
[DEBUG] [GD] page 2: 24 items
[DEBUG] [GD] HTTP 200 | CT=application/json; charset=utf-8 | page=3
[DEBUG] [GD] page 3: 24 items
[DEBUG] [GD] HTTP 200 | CT=application/json; charset=utf-8 | page=4
[DEBUG] [GD] page 4: 24 items
[DEBUG] [GD] HTTP 200 | CT=application/json; charset=utf-8 | page=5
[DEBUG] [GD] page 5: 24 items
[DEBUG] [GD] total raw items before normalize: 120; unique kept: 117
[DEBUG] [GD] normalized rows: 117
[DEBUG] [GD] blocked by specialty/diesel filter: 107; passing: 10
[DEBUG] [Proxibid] parsed 30 rows across 1 page(s)
[DEBUG] [Renebates] found 54 events on index
[DEBUG] [Renebates] event: City Of Plano, Texas secs=322453
[DEBUG] [Renebates] City Of Plano, Texas -> 3 lots via https://renebates.com/a_list_2.php?id=265&cat=all
[DEBUG] [Renebates] event: Tatum Independent School District - Tatum, Texas secs=326049
[DEBUG] [Renebates] Tatum Independent School District - Tatum, Texas -> 6 lots via https://renebates.com/a_list_2.php?id=117&cat=all
[DEBUG] [DEBUG] collected 22 listings from all sites (after filter)
[DEBUG] [GD] HTTP 200 | CT=application/json; charset=utf-8 | page=1
[DEBUG] [GD] page 1: 24 items
[DEBUG] [GD] HTTP 200 | CT=application/json; charset=utf-8 | page=2
[DEBUG] [GD] page 2: 24 items
[DEBUG] [GD] HTTP 200 | CT=application/json; charset=utf-8 | page=3
[DEBUG] [GD] page 3: 24 items
[DEBUG] [GD] HTTP 200 | CT=application/json; charset=utf-8 | page=4
[DEBUG] [GD] page 4: 24 items
[DEBUG] [GD] HTTP 200 | CT=application/json; charset=utf-8 | page=5
[DEBUG] [GD] page 5: 24 items
[DEBUG] [GD] total raw items before normalize: 120; unique kept: 117
[DEBUG] [GD] normalized rows: 117
[DEBUG] [GD] blocked by specialty/diesel filter: 108; passing: 9
[DEBUG] [Proxibid] parsed 30 rows across 1 page(s)
[DEBUG] [Renebates] found 54 events on index
[DEBUG] [Renebates] event: City Of Plano, Texas secs=321802
[DEBUG] [Renebates] City Of Plano, Texas -> 3 lots via https://renebates.com/a_list_2.php?id=265&cat=all
[DEBUG] [Renebates] event: Tatum Independent School District - Tatum, Texas secs=325399
[DEBUG] [Renebates] Tatum Independent School District - Tatum, Texas -> 6 lots via https://renebates.com/a_list_2.php?id=117&cat=all
[DEBUG] [DEBUG] collected 21 listings from all sites (after filter)
[DEBUG] [GD] HTTP 200 | CT=application/json; charset=utf-8 | page=1
[DEBUG] [GD] page 1: 24 items
[DEBUG] [GD] HTTP 200 | CT=application/json; charset=utf-8 | page=2
[DEBUG] [GD] page 2: 24 items
[DEBUG] [GD] HTTP 200 | CT=application/json; charset=utf-8 | page=3
[DEBUG] [GD] page 3: 24 items
[DEBUG] [GD] HTTP 200 | CT=application/json; charset=utf-8 | page=4
[DEBUG] [GD] page 4: 24 items
[DEBUG] [GD] HTTP 200 | CT=application/json; charset=utf-8 | page=5
[DEBUG] [GD] page 5: 24 items
[DEBUG] [GD] total raw items before normalize: 120; unique kept: 117
[DEBUG] [GD] normalized rows: 117
[DEBUG] [GD] blocked by specialty/diesel filter: 108; passing: 9
[DEBUG] [Proxibid] parsed 30 rows across 1 page(s)
[DEBUG] [Renebates] found 54 events on index
[DEBUG] [Renebates] event: City Of Plano, Texas secs=321149
[DEBUG] [Renebates] City Of Plano, Texas -> 3 lots via https://renebates.com/a_list_2.php?id=265&cat=all
[DEBUG] [Renebates] event: Tatum Independent School District - Tatum, Texas secs=324745
[DEBUG] [Renebates] Tatum Independent School District - Tatum, Texas -> 6 lots via https://renebates.com/a_list_2.php?id=117&cat=all
[DEBUG] [DEBUG] collected 21 listings from all sites (after filter)
[DEBUG] [GD] HTTP 200 | CT=application/json; charset=utf-8 | page=1
[DEBUG] [GD] page 1: 24 items
[DEBUG] [GD] HTTP 200 | CT=application/json; charset=utf-8 | page=2
[DEBUG] [GD] page 2: 24 items
[DEBUG] [GD] HTTP 200 | CT=application/json; charset=utf-8 | page=3
[DEBUG] [GD] page 3: 24 items
[DEBUG] [GD] HTTP 200 | CT=application/json; charset=utf-8 | page=4
[DEBUG] [GD] page 4: 24 items
[DEBUG] [GD] HTTP 200 | CT=application/json; charset=utf-8 | page=5
[DEBUG] [GD] page 5: 24 items
[DEBUG] [GD] total raw items before normalize: 120; unique kept: 117
[DEBUG] [GD] normalized rows: 117
[DEBUG] [GD] blocked by specialty/diesel filter: 108; passing: 9
[DEBUG] [Proxibid] parsed 30 rows across 1 page(s)
[DEBUG] [Renebates] found 54 events on index
[DEBUG] [Renebates] event: City Of Plano, Texas secs=320496
[DEBUG] [Renebates] City Of Plano, Texas -> 3 lots via https://renebates.com/a_list_2.php?id=265&cat=all
[DEBUG] [Renebates] event: Tatum Independent School District - Tatum, Texas secs=324093
[DEBUG] [Renebates] Tatum Independent School District - Tatum, Texas -> 6 lots via https://renebates.com/a_list_2.php?id=117&cat=all
[DEBUG] [DEBUG] collected 21 listings from all sites (after filter)
[DEBUG] [GD] HTTP 200 | CT=application/json; charset=utf-8 | page=1
[DEBUG] [GD] page 1: 24 items
[DEBUG] [GD] HTTP 200 | CT=application/json; charset=utf-8 | page=2
[DEBUG] [GD] page 2: 24 items
[DEBUG] [GD] HTTP 200 | CT=application/json; charset=utf-8 | page=3
[DEBUG] [GD] page 3: 24 items
[DEBUG] [GD] HTTP 200 | CT=application/json; charset=utf-8 | page=4
[DEBUG] [GD] page 4: 24 items
[DEBUG] [GD] HTTP 200 | CT=application/json; charset=utf-8 | page=5
[DEBUG] [GD] page 5: 24 items
[DEBUG] [GD] total raw items before normalize: 120; unique kept: 116
[DEBUG] [GD] normalized rows: 116
[DEBUG] [GD] blocked by specialty/diesel filter: 108; passing: 8
[DEBUG] [Proxibid] parsed 30 rows across 1 page(s)
[DEBUG] [Renebates] found 54 events on index
[DEBUG] [Renebates] event: City Of Plano, Texas secs=319847
[DEBUG] [Renebates] City Of Plano, Texas -> 3 lots via https://renebates.com/a_list_2.php?id=265&cat=all
[DEBUG] [Renebates] event: Tatum Independent School District - Tatum, Texas secs=323444
[DEBUG] [Renebates] Tatum Independent School District - Tatum, Texas -> 6 lots via https://renebates.com/a_list_2.php?id=117&cat=all
[DEBUG] [DEBUG] collected 20 listings from all sites (after filter)
[DEBUG] [GD] HTTP 200 | CT=application/json; charset=utf-8 | page=1
[DEBUG] [GD] page 1: 24 items
[DEBUG] [GD] HTTP 200 | CT=application/json; charset=utf-8 | page=2
[DEBUG] [GD] page 2: 24 items
[DEBUG] [GD] HTTP 200 | CT=application/json; charset=utf-8 | page=3
[DEBUG] [GD] page 3: 24 items
[DEBUG] [GD] HTTP 200 | CT=application/json; charset=utf-8 | page=4
[DEBUG] [GD] page 4: 24 items
[DEBUG] [GD] HTTP 200 | CT=application/json; charset=utf-8 | page=5
[DEBUG] [GD] page 5: 24 items
[DEBUG] [GD] total raw items before normalize: 120; unique kept: 116
[DEBUG] [GD] normalized rows: 116
[DEBUG] [GD] blocked by specialty/diesel filter: 107; passing: 9
[DEBUG] [Proxibid] parsed 30 rows across 1 page(s)
[DEBUG] [Renebates] found 54 events on index
[DEBUG] [Renebates] event: City Of Plano, Texas secs=319192
[DEBUG] [Renebates] City Of Plano, Texas -> 3 lots via https://renebates.com/a_list_2.php?id=265&cat=all
[DEBUG] [Renebates] event: Tatum Independent School District - Tatum, Texas secs=322790
[DEBUG] [Renebates] Tatum Independent School District - Tatum, Texas -> 6 lots via https://renebates.com/a_list_2.php?id=117&cat=all
[DEBUG] [DEBUG] collected 32 listings from all sites (after filter)
[DEBUG] [GD] HTTP 200 | CT=application/json; charset=utf-8 | page=1
[DEBUG] [GD] page 1: 24 items
[DEBUG] [GD] HTTP 200 | CT=application/json; charset=utf-8 | page=2
[DEBUG] [GD] page 2: 24 items
[DEBUG] [GD] HTTP 200 | CT=application/json; charset=utf-8 | page=3
[DEBUG] [GD] page 3: 24 items
[DEBUG] [GD] HTTP 200 | CT=application/json; charset=utf-8 | page=4
[DEBUG] [GD] page 4: 24 items
[DEBUG] [GD] HTTP 200 | CT=application/json; charset=utf-8 | page=5
[DEBUG] [GD] page 5: 24 items
[DEBUG] [GD] total raw items before normalize: 120; unique kept: 116
[DEBUG] [GD] normalized rows: 116
[DEBUG] [GD] blocked by specialty/diesel filter: 107; passing: 9
[DEBUG] [Proxibid] parsed 30 rows across 1 page(s)
[DEBUG] [Renebates] found 54 events on index
[DEBUG] [Renebates] event: City Of Plano, Texas secs=318542
[DEBUG] [Renebates] City Of Plano, Texas -> 3 lots via https://renebates.com/a_list_2.php?id=265&cat=all
[DEBUG] [Renebates] event: Tatum Independent School District - Tatum, Texas secs=322139
[DEBUG] [Renebates] Tatum Independent School District - Tatum, Texas -> 6 lots via https://renebates.com/a_list_2.php?id=117&cat=all
[DEBUG] [DEBUG] collected 32 listings from all sites (after filter)
[DEBUG] [GD] HTTP 200 | CT=application/json; charset=utf-8 | page=1
[DEBUG] [GD] page 1: 24 items
[DEBUG] [GD] HTTP 200 | CT=application/json; charset=utf-8 | page=2
[DEBUG] [GD] page 2: 24 items
[DEBUG] [GD] HTTP 200 | CT=application/json; charset=utf-8 | page=3
[DEBUG] [GD] page 3: 24 items
[DEBUG] [GD] HTTP 200 | CT=application/json; charset=utf-8 | page=4
[DEBUG] [GD] page 4: 24 items
[DEBUG] [GD] HTTP 200 | CT=application/json; charset=utf-8 | page=5
[DEBUG] [GD] page 5: 24 items
[DEBUG] [GD] total raw items before normalize: 120; unique kept: 117
[DEBUG] [GD] normalized rows: 117
[DEBUG] [GD] blocked by specialty/diesel filter: 108; passing: 9
[DEBUG] [Proxibid] parsed 30 rows across 1 page(s)
[DEBUG] [Renebates] found 54 events on index
[DEBUG] [Renebates] event: City Of Plano, Texas secs=317887
[DEBUG] [Renebates] City Of Plano, Texas -> 3 lots via https://renebates.com/a_list_2.php?id=265&cat=all
[DEBUG] [Renebates] event: Tatum Independent School District - Tatum, Texas secs=321484
[DEBUG] [Renebates] Tatum Independent School District - Tatum, Texas -> 6 lots via https://renebates.com/a_list_2.php?id=117&cat=all
[DEBUG] [DEBUG] collected 32 listings from all sites (after filter)
[DEBUG] [GD] HTTP 200 | CT=application/json; charset=utf-8 | page=1
[DEBUG] [GD] page 1: 24 items
[DEBUG] [GD] HTTP 200 | CT=application/json; charset=utf-8 | page=2
[DEBUG] [GD] page 2: 24 items
[DEBUG] [GD] HTTP 200 | CT=application/json; charset=utf-8 | page=3
[DEBUG] [GD] page 3: 24 items
[DEBUG] [GD] HTTP 200 | CT=application/json; charset=utf-8 | page=4
[DEBUG] [GD] page 4: 24 items
[DEBUG] [GD] HTTP 200 | CT=application/json; charset=utf-8 | page=5
[DEBUG] [GD] page 5: 24 items
[DEBUG] [GD] total raw items before normalize: 120; unique kept: 117
[DEBUG] [GD] normalized rows: 117
[DEBUG] [GD] blocked by specialty/diesel filter: 108; passing: 9
[DEBUG] [Proxibid] parsed 30 rows across 1 page(s)
[DEBUG] [Renebates] found 54 events on index
[DEBUG] [Renebates] event: City Of Plano, Texas secs=317242
[DEBUG] [Renebates] City Of Plano, Texas -> 3 lots via https://renebates.com/a_list_2.php?id=265&cat=all
[DEBUG] [Renebates] event: Tatum Independent School District - Tatum, Texas secs=320839
[DEBUG] [Renebates] Tatum Independent School District - Tatum, Texas -> 6 lots via https://renebates.com/a_list_2.php?id=117&cat=all
[DEBUG] [DEBUG] collected 32 listings from all sites (after filter)
[DEBUG] [GD] HTTP 200 | CT=application/json; charset=utf-8 | page=1
[DEBUG] [GD] page 1: 24 items
[DEBUG] [GD] HTTP 200 | CT=application/json; charset=utf-8 | page=2
[DEBUG] [GD] page 2: 24 items
[DEBUG] [GD] HTTP 200 | CT=application/json; charset=utf-8 | page=3
[DEBUG] [GD] page 3: 24 items
[DEBUG] [GD] HTTP 200 | CT=application/json; charset=utf-8 | page=4
[DEBUG] [GD] page 4: 24 items
[DEBUG] [GD] HTTP 200 | CT=application/json; charset=utf-8 | page=5
[DEBUG] [GD] page 5: 24 items
[DEBUG] [GD] total raw items before normalize: 120; unique kept: 117
[DEBUG] [GD] normalized rows: 117
[DEBUG] [GD] blocked by specialty/diesel filter: 108; passing: 9
[DEBUG] [Proxibid] parsed 30 rows across 1 page(s)
[DEBUG] [Renebates] found 54 events on index
[DEBUG] [Renebates] event: City Of Plano, Texas secs=316587
[DEBUG] [Renebates] City Of Plano, Texas -> 3 lots via https://renebates.com/a_list_2.php?id=265&cat=all
[DEBUG] [Renebates] event: Tatum Independent School District - Tatum, Texas secs=320183
[DEBUG] [Renebates] Tatum Independent School District - Tatum, Texas -> 6 lots via https://renebates.com/a_list_2.php?id=117&cat=all
[DEBUG] [DEBUG] collected 32 listings from all sites (after filter)
[DEBUG] [GD] HTTP 200 | CT=application/json; charset=utf-8 | page=1
[DEBUG] [GD] page 1: 24 items
[DEBUG] [GD] HTTP 200 | CT=application/json; charset=utf-8 | page=2
[DEBUG] [GD] page 2: 24 items
[DEBUG] [GD] HTTP 200 | CT=application/json; charset=utf-8 | page=3
[DEBUG] [GD] page 3: 24 items
[DEBUG] [GD] HTTP 200 | CT=application/json; charset=utf-8 | page=4
[DEBUG] [GD] page 4: 24 items
[DEBUG] [GD] HTTP 200 | CT=application/json; charset=utf-8 | page=5
[DEBUG] [GD] page 5: 24 items
[DEBUG] [GD] total raw items before normalize: 120; unique kept: 117
[DEBUG] [GD] normalized rows: 117
[DEBUG] [GD] blocked by specialty/diesel filter: 108; passing: 9
[DEBUG] [Proxibid] parsed 30 rows across 1 page(s)
[DEBUG] [Renebates] found 54 events on index
[DEBUG] [Renebates] event: City Of Plano, Texas secs=315935
[DEBUG] [Renebates] City Of Plano, Texas -> 3 lots via https://renebates.com/a_list_2.php?id=265&cat=all
[DEBUG] [Renebates] event: Tatum Independent School District - Tatum, Texas secs=319532
[DEBUG] [Renebates] Tatum Independent School District - Tatum, Texas -> 6 lots via https://renebates.com/a_list_2.php?id=117&cat=all
[DEBUG] [DEBUG] collected 32 listings from all sites (after filter)
[DEBUG] [GD] HTTP 200 | CT=application/json; charset=utf-8 | page=1
[DEBUG] [GD] page 1: 24 items
[DEBUG] [GD] HTTP 200 | CT=application/json; charset=utf-8 | page=2
[DEBUG] [GD] page 2: 24 items
[DEBUG] [GD] HTTP 200 | CT=application/json; charset=utf-8 | page=3
[DEBUG] [GD] page 3: 24 items
[DEBUG] [GD] HTTP 200 | CT=application/json; charset=utf-8 | page=4
[DEBUG] [GD] page 4: 24 items
[DEBUG] [GD] HTTP 200 | CT=application/json; charset=utf-8 | page=5
[DEBUG] [GD] page 5: 24 items
[DEBUG] [GD] total raw items before normalize: 120; unique kept: 117
[DEBUG] [GD] normalized rows: 117
[DEBUG] [GD] blocked by specialty/diesel filter: 108; passing: 9
[DEBUG] [Proxibid] parsed 30 rows across 1 page(s)
[DEBUG] [Renebates] found 54 events on index
[DEBUG] [Renebates] event: City Of Plano, Texas secs=315291
[DEBUG] [Renebates] City Of Plano, Texas -> 3 lots via https://renebates.com/a_list_2.php?id=265&cat=all
[DEBUG] [Renebates] event: Tatum Independent School District - Tatum, Texas secs=318886
[DEBUG] [Renebates] Tatum Independent School District - Tatum, Texas -> 6 lots via https://renebates.com/a_list_2.php?id=117&cat=all
[DEBUG] [DEBUG] collected 32 listings from all sites (after filter)
[DEBUG] [GD] HTTP 200 | CT=application/json; charset=utf-8 | page=1
[DEBUG] [GD] page 1: 24 items
[DEBUG] [GD] HTTP 200 | CT=application/json; charset=utf-8 | page=2
[DEBUG] [GD] page 2: 24 items
[DEBUG] [GD] HTTP 200 | CT=application/json; charset=utf-8 | page=3
[DEBUG] [GD] page 3: 24 items
[DEBUG] [GD] HTTP 200 | CT=application/json; charset=utf-8 | page=4
[DEBUG] [GD] page 4: 24 items
[DEBUG] [GD] HTTP 200 | CT=application/json; charset=utf-8 | page=5
[DEBUG] [GD] page 5: 24 items
[DEBUG] [GD] total raw items before normalize: 120; unique kept: 117
[DEBUG] [GD] normalized rows: 117
[DEBUG] [GD] blocked by specialty/diesel filter: 108; passing: 9
[DEBUG] [Proxibid] parsed 30 rows across 1 page(s)
[DEBUG] [Renebates] found 54 events on index
[DEBUG] [Renebates] event: City Of Plano, Texas secs=314641
[DEBUG] [Renebates] City Of Plano, Texas -> 3 lots via https://renebates.com/a_list_2.php?id=265&cat=all
[DEBUG] [Renebates] event: Tatum Independent School District - Tatum, Texas secs=318238
[DEBUG] [Renebates] Tatum Independent School District - Tatum, Texas -> 6 lots via https://renebates.com/a_list_2.php?id=117&cat=all
[DEBUG] [DEBUG] collected 32 listings from all sites (after filter)
[DEBUG] [GD] HTTP 200 | CT=application/json; charset=utf-8 | page=1
[DEBUG] [GD] page 1: 24 items
[DEBUG] [GD] HTTP 200 | CT=application/json; charset=utf-8 | page=2
[DEBUG] [GD] page 2: 24 items
[DEBUG] [GD] HTTP 200 | CT=application/json; charset=utf-8 | page=3
[DEBUG] [GD] page 3: 24 items
[DEBUG] [GD] HTTP 200 | CT=application/json; charset=utf-8 | page=4
[DEBUG] [GD] page 4: 24 items
[DEBUG] [GD] HTTP 200 | CT=application/json; charset=utf-8 | page=5
[DEBUG] [GD] page 5: 24 items
[DEBUG] [GD] total raw items before normalize: 120; unique kept: 117
[DEBUG] [GD] normalized rows: 117
[DEBUG] [GD] blocked by specialty/diesel filter: 108; passing: 9
[DEBUG] [Proxibid] parsed 30 rows across 1 page(s)
[DEBUG] [Renebates] found 54 events on index
[DEBUG] [Renebates] event: City Of Plano, Texas secs=313982
[DEBUG] [Renebates] City Of Plano, Texas -> 3 lots via https://renebates.com/a_list_2.php?id=265&cat=all
[DEBUG] [Renebates] event: Tatum Independent School District - Tatum, Texas secs=317579
[DEBUG] [Renebates] Tatum Independent School District - Tatum, Texas -> 6 lots via https://renebates.com/a_list_2.php?id=117&cat=all
[DEBUG] [DEBUG] collected 32 listings from all sites (after filter)
[DEBUG] [GD] HTTP 200 | CT=application/json; charset=utf-8 | page=1
[DEBUG] [GD] page 1: 24 items
[DEBUG] [GD] HTTP 200 | CT=application/json; charset=utf-8 | page=2
[DEBUG] [GD] page 2: 24 items
[DEBUG] [GD] HTTP 200 | CT=application/json; charset=utf-8 | page=3
[DEBUG] [GD] page 3: 24 items
[DEBUG] [GD] HTTP 200 | CT=application/json; charset=utf-8 | page=4
[DEBUG] [GD] page 4: 24 items
[DEBUG] [GD] HTTP 200 | CT=application/json; charset=utf-8 | page=5
[DEBUG] [GD] page 5: 24 items
[DEBUG] [GD] total raw items before normalize: 120; unique kept: 117
[DEBUG] [GD] normalized rows: 117
[DEBUG] [GD] blocked by specialty/diesel filter: 108; passing: 9
[DEBUG] [Proxibid] parsed 30 rows across 1 page(s)
[DEBUG] [Renebates] found 54 events on index
[DEBUG] [Renebates] event: City Of Plano, Texas secs=313331
[DEBUG] [Renebates] City Of Plano, Texas -> 3 lots via https://renebates.com/a_list_2.php?id=265&cat=all
[DEBUG] [Renebates] event: Tatum Independent School District - Tatum, Texas secs=316928
[DEBUG] [Renebates] Tatum Independent School District - Tatum, Texas -> 6 lots via https://renebates.com/a_list_2.php?id=117&cat=all
[DEBUG] [DEBUG] collected 32 listings from all sites (after filter)
[DEBUG] [GD] HTTP 200 | CT=application/json; charset=utf-8 | page=1
[DEBUG] [GD] page 1: 24 items
[DEBUG] [GD] HTTP 200 | CT=application/json; charset=utf-8 | page=2
[DEBUG] [GD] page 2: 24 items
[DEBUG] [GD] HTTP 200 | CT=application/json; charset=utf-8 | page=3
[DEBUG] [GD] page 3: 24 items
[DEBUG] [GD] HTTP 200 | CT=application/json; charset=utf-8 | page=4
[DEBUG] [GD] page 4: 24 items
[DEBUG] [GD] HTTP 200 | CT=application/json; charset=utf-8 | page=5
[DEBUG] [GD] page 5: 24 items
[DEBUG] [GD] total raw items before normalize: 120; unique kept: 115
[DEBUG] [GD] normalized rows: 115
[DEBUG] [GD] blocked by specialty/diesel filter: 106; passing: 9
[DEBUG] [Proxibid] parsed 30 rows across 1 page(s)
[DEBUG] [Renebates] found 54 events on index
[DEBUG] [Renebates] event: City Of Plano, Texas secs=312683
[DEBUG] [Renebates] City Of Plano, Texas -> 3 lots via https://renebates.com/a_list_2.php?id=265&cat=all
[DEBUG] [Renebates] event: Tatum Independent School District - Tatum, Texas secs=316280
[DEBUG] [Renebates] Tatum Independent School District - Tatum, Texas -> 6 lots via https://renebates.com/a_list_2.php?id=117&cat=all
[DEBUG] [DEBUG] collected 32 listings from all sites (after filter)
[DEBUG] [GD] HTTP 200 | CT=application/json; charset=utf-8 | page=1
[DEBUG] [GD] page 1: 24 items
[DEBUG] [GD] HTTP 200 | CT=application/json; charset=utf-8 | page=2
[DEBUG] [GD] page 2: 24 items
[DEBUG] [GD] HTTP 200 | CT=application/json; charset=utf-8 | page=3
[DEBUG] [GD] page 3: 24 items
[DEBUG] [GD] HTTP 200 | CT=application/json; charset=utf-8 | page=4
[DEBUG] [GD] page 4: 24 items
[DEBUG] [GD] HTTP 200 | CT=application/json; charset=utf-8 | page=5
[DEBUG] [GD] page 5: 24 items
[DEBUG] [GD] total raw items before normalize: 120; unique kept: 116
[DEBUG] [GD] normalized rows: 116
[DEBUG] [GD] blocked by specialty/diesel filter: 107; passing: 9
[DEBUG] [Proxibid] parsed 30 rows across 1 page(s)
[DEBUG] [Renebates] found 54 events on index
[DEBUG] [Renebates] event: City Of Plano, Texas secs=312033
[DEBUG] [Renebates] City Of Plano, Texas -> 3 lots via https://renebates.com/a_list_2.php?id=265&cat=all
[DEBUG] [Renebates] event: Tatum Independent School District - Tatum, Texas secs=315629
[DEBUG] [Renebates] Tatum Independent School District - Tatum, Texas -> 6 lots via https://renebates.com/a_list_2.php?id=117&cat=all
[DEBUG] [DEBUG] collected 32 listings from all sites (after filter)
[DEBUG] [GD] HTTP 200 | CT=application/json; charset=utf-8 | page=1
[DEBUG] [GD] page 1: 24 items
[DEBUG] [GD] HTTP 200 | CT=application/json; charset=utf-8 | page=2
[DEBUG] [GD] page 2: 24 items
[DEBUG] [GD] HTTP 200 | CT=application/json; charset=utf-8 | page=3
[DEBUG] [GD] page 3: 24 items
[DEBUG] [GD] HTTP 200 | CT=application/json; charset=utf-8 | page=4
[DEBUG] [GD] page 4: 24 items
[DEBUG] [GD] HTTP 200 | CT=application/json; charset=utf-8 | page=5
[DEBUG] [GD] page 5: 24 items
[DEBUG] [GD] total raw items before normalize: 120; unique kept: 116
[DEBUG] [GD] normalized rows: 116
[DEBUG] [GD] blocked by specialty/diesel filter: 107; passing: 9
[DEBUG] [Proxibid] parsed 30 rows across 1 page(s)
[DEBUG] [Renebates] found 54 events on index
[DEBUG] [Renebates] event: City Of Plano, Texas secs=311383
[DEBUG] [Renebates] City Of Plano, Texas -> 3 lots via https://renebates.com/a_list_2.php?id=265&cat=all
[DEBUG] [Renebates] event: Tatum Independent School District - Tatum, Texas secs=314979
[DEBUG] [Renebates] Tatum Independent School District - Tatum, Texas -> 6 lots via https://renebates.com/a_list_2.php?id=117&cat=all
[DEBUG] [DEBUG] collected 32 listings from all sites (after filter)
[DEBUG] [GD] HTTP 200 | CT=application/json; charset=utf-8 | page=1
[DEBUG] [GD] page 1: 24 items
[DEBUG] [GD] HTTP 200 | CT=application/json; charset=utf-8 | page=2
[DEBUG] [GD] page 2: 24 items
[DEBUG] [GD] HTTP 200 | CT=application/json; charset=utf-8 | page=3
[DEBUG] [GD] page 3: 24 items
[DEBUG] [GD] HTTP 200 | CT=application/json; charset=utf-8 | page=4
[DEBUG] [GD] page 4: 24 items
[DEBUG] [GD] HTTP 200 | CT=application/json; charset=utf-8 | page=5
[DEBUG] [GD] page 5: 24 items
[DEBUG] [GD] total raw items before normalize: 120; unique kept: 116
[DEBUG] [GD] normalized rows: 116
[DEBUG] [GD] blocked by specialty/diesel filter: 107; passing: 9
[DEBUG] [Proxibid] parsed 30 rows across 1 page(s)
[DEBUG] [Renebates] found 54 events on index
[DEBUG] [Renebates] event: City Of Plano, Texas secs=310742
[DEBUG] [Renebates] City Of Plano, Texas -> 3 lots via https://renebates.com/a_list_2.php?id=265&cat=all
[DEBUG] [Renebates] event: Tatum Independent School District - Tatum, Texas secs=314340
[DEBUG] [Renebates] Tatum Independent School District - Tatum, Texas -> 6 lots via https://renebates.com/a_list_2.php?id=117&cat=all
[DEBUG] [DEBUG] collected 32 listings from all sites (after filter)
[DEBUG] [GD] HTTP 200 | CT=application/json; charset=utf-8 | page=1
[DEBUG] [GD] page 1: 24 items
[DEBUG] [GD] HTTP 200 | CT=application/json; charset=utf-8 | page=2
[DEBUG] [GD] page 2: 24 items
[DEBUG] [GD] HTTP 200 | CT=application/json; charset=utf-8 | page=3
[DEBUG] [GD] page 3: 24 items
[DEBUG] [GD] HTTP 200 | CT=application/json; charset=utf-8 | page=4
[DEBUG] [GD] page 4: 24 items
[DEBUG] [GD] HTTP 200 | CT=application/json; charset=utf-8 | page=5
[DEBUG] [GD] page 5: 24 items
[DEBUG] [GD] total raw items before normalize: 120; unique kept: 115
[DEBUG] [GD] normalized rows: 115
[DEBUG] [GD] blocked by specialty/diesel filter: 106; passing: 9
[DEBUG] [Proxibid] parsed 30 rows across 1 page(s)
[DEBUG] [Renebates] found 54 events on index
[DEBUG] [Renebates] event: City Of Plano, Texas secs=310086
[DEBUG] [Renebates] City Of Plano, Texas -> 3 lots via https://renebates.com/a_list_2.php?id=265&cat=all
[DEBUG] [Renebates] event: Tatum Independent School District - Tatum, Texas secs=313682
[DEBUG] [Renebates] Tatum Independent School District - Tatum, Texas -> 6 lots via https://renebates.com/a_list_2.php?id=117&cat=all
[DEBUG] [DEBUG] collected 32 listings from all sites (after filter)
[DEBUG] [GD] HTTP 200 | CT=application/json; charset=utf-8 | page=1
[DEBUG] [GD] page 1: 24 items
[DEBUG] [GD] HTTP 200 | CT=application/json; charset=utf-8 | page=2
[DEBUG] [GD] page 2: 24 items
[DEBUG] [GD] HTTP 200 | CT=application/json; charset=utf-8 | page=3
[DEBUG] [GD] page 3: 24 items
[DEBUG] [GD] HTTP 200 | CT=application/json; charset=utf-8 | page=4
[DEBUG] [GD] page 4: 24 items
[DEBUG] [GD] HTTP 200 | CT=application/json; charset=utf-8 | page=5
[DEBUG] [GD] page 5: 24 items
[DEBUG] [GD] total raw items before normalize: 120; unique kept: 115
[DEBUG] [GD] normalized rows: 115
[DEBUG] [GD] blocked by specialty/diesel filter: 106; passing: 9
[DEBUG] [Proxibid] parsed 30 rows across 1 page(s)
[DEBUG] [Renebates] found 54 events on index
[DEBUG] [Renebates] event: City Of Plano, Texas secs=309426
[DEBUG] [Renebates] City Of Plano, Texas -> 3 lots via https://renebates.com/a_list_2.php?id=265&cat=all
[DEBUG] [Renebates] event: Tatum Independent School District - Tatum, Texas secs=313023
[DEBUG] [Renebates] Tatum Independent School District - Tatum, Texas -> 6 lots via https://renebates.com/a_list_2.php?id=117&cat=all
[DEBUG] [DEBUG] collected 32 listings from all sites (after filter)
[DEBUG] [GD] HTTP 200 | CT=application/json; charset=utf-8 | page=1
[DEBUG] [GD] page 1: 24 items
[DEBUG] [GD] HTTP 200 | CT=application/json; charset=utf-8 | page=2
[DEBUG] [GD] page 2: 24 items
[DEBUG] [GD] HTTP 200 | CT=application/json; charset=utf-8 | page=3
[DEBUG] [GD] page 3: 24 items
[DEBUG] [GD] HTTP 200 | CT=application/json; charset=utf-8 | page=4
[DEBUG] [GD] page 4: 24 items
[DEBUG] [GD] HTTP 200 | CT=application/json; charset=utf-8 | page=5
[DEBUG] [GD] page 5: 24 items
[DEBUG] [GD] total raw items before normalize: 120; unique kept: 115
[DEBUG] [GD] normalized rows: 115
[DEBUG] [GD] blocked by specialty/diesel filter: 106; passing: 9
[DEBUG] [Proxibid] parsed 30 rows across 1 page(s)
[DEBUG] [Renebates] found 54 events on index
[DEBUG] [Renebates] event: City Of Plano, Texas secs=308773
[DEBUG] [Renebates] City Of Plano, Texas -> 3 lots via https://renebates.com/a_list_2.php?id=265&cat=all
[DEBUG] [Renebates] event: Tatum Independent School District - Tatum, Texas secs=312370
[DEBUG] [Renebates] Tatum Independent School District - Tatum, Texas -> 6 lots via https://renebates.com/a_list_2.php?id=117&cat=all
[DEBUG] [DEBUG] collected 32 listings from all sites (after filter)
[DEBUG] [GD] HTTP 200 | CT=application/json; charset=utf-8 | page=1
[DEBUG] [GD] page 1: 24 items
[DEBUG] [GD] HTTP 200 | CT=application/json; charset=utf-8 | page=2
[DEBUG] [GD] page 2: 24 items
[DEBUG] [GD] HTTP 200 | CT=application/json; charset=utf-8 | page=3
[DEBUG] [GD] page 3: 24 items
[DEBUG] [GD] HTTP 200 | CT=application/json; charset=utf-8 | page=4
[DEBUG] [GD] page 4: 24 items
[DEBUG] [GD] HTTP 200 | CT=application/json; charset=utf-8 | page=5
[DEBUG] [GD] page 5: 24 items
[DEBUG] [GD] total raw items before normalize: 120; unique kept: 115
[DEBUG] [GD] normalized rows: 115
[DEBUG] [GD] blocked by specialty/diesel filter: 106; passing: 9
[DEBUG] [Proxibid] parsed 30 rows across 1 page(s)
[DEBUG] [Renebates] found 54 events on index
[DEBUG] [Renebates] event: City Of Plano, Texas secs=308127
[DEBUG] [Renebates] City Of Plano, Texas -> 3 lots via https://renebates.com/a_list_2.php?id=265&cat=all
[DEBUG] [Renebates] event: Tatum Independent School District - Tatum, Texas secs=311723
[DEBUG] [Renebates] Tatum Independent School District - Tatum, Texas -> 6 lots via https://renebates.com/a_list_2.php?id=117&cat=all
[DEBUG] [DEBUG] collected 32 listings from all sites (after filter)
[DEBUG] [GD] HTTP 200 | CT=application/json; charset=utf-8 | page=1
[DEBUG] [GD] page 1: 24 items
[DEBUG] [GD] HTTP 200 | CT=application/json; charset=utf-8 | page=2
[DEBUG] [GD] page 2: 24 items
[DEBUG] [GD] HTTP 200 | CT=application/json; charset=utf-8 | page=3
[DEBUG] [GD] page 3: 24 items
[DEBUG] [GD] HTTP 200 | CT=application/json; charset=utf-8 | page=4
[DEBUG] [GD] page 4: 24 items
[DEBUG] [GD] HTTP 200 | CT=application/json; charset=utf-8 | page=5
[DEBUG] [GD] page 5: 24 items
[DEBUG] [GD] total raw items before normalize: 120; unique kept: 115
[DEBUG] [GD] normalized rows: 115
[DEBUG] [GD] blocked by specialty/diesel filter: 105; passing: 10
[DEBUG] [Proxibid] parsed 30 rows across 1 page(s)
[DEBUG] [Renebates] found 54 events on index
[DEBUG] [Renebates] event: City Of Plano, Texas secs=307484
[DEBUG] [Renebates] City Of Plano, Texas -> 3 lots via https://renebates.com/a_list_2.php?id=265&cat=all
[DEBUG] [Renebates] event: Tatum Independent School District - Tatum, Texas secs=311081
[DEBUG] [Renebates] Tatum Independent School District - Tatum, Texas -> 6 lots via https://renebates.com/a_list_2.php?id=117&cat=all
[DEBUG] [DEBUG] collected 33 listings from all sites (after filter)
[DEBUG] [GD] HTTP 200 | CT=application/json; charset=utf-8 | page=1
[DEBUG] [GD] page 1: 24 items
[DEBUG] [GD] HTTP 200 | CT=application/json; charset=utf-8 | page=2
[DEBUG] [GD] page 2: 24 items
[DEBUG] [GD] HTTP 200 | CT=application/json; charset=utf-8 | page=3
[DEBUG] [GD] page 3: 24 items
[DEBUG] [GD] HTTP 200 | CT=application/json; charset=utf-8 | page=4
[DEBUG] [GD] page 4: 24 items
[DEBUG] [GD] HTTP 200 | CT=application/json; charset=utf-8 | page=5
[DEBUG] [GD] page 5: 24 items
[DEBUG] [GD] total raw items before normalize: 120; unique kept: 114
[DEBUG] [GD] normalized rows: 114
[DEBUG] [GD] blocked by specialty/diesel filter: 104; passing: 10
[DEBUG] [Proxibid] parsed 30 rows across 1 page(s)
[DEBUG] [Renebates] found 54 events on index
[DEBUG] [Renebates] event: City Of Plano, Texas secs=306819
[DEBUG] [Renebates] City Of Plano, Texas -> 3 lots via https://renebates.com/a_list_2.php?id=265&cat=all
[DEBUG] [Renebates] event: Tatum Independent School District - Tatum, Texas secs=310416
[DEBUG] [Renebates] Tatum Independent School District - Tatum, Texas -> 6 lots via https://renebates.com/a_list_2.php?id=117&cat=all
[DEBUG] [DEBUG] collected 33 listings from all sites (after filter)
[DEBUG] [GD] HTTP 200 | CT=application/json; charset=utf-8 | page=1
[DEBUG] [GD] page 1: 24 items
[DEBUG] [GD] HTTP 200 | CT=application/json; charset=utf-8 | page=2
[DEBUG] [GD] page 2: 24 items
[DEBUG] [GD] HTTP 200 | CT=application/json; charset=utf-8 | page=3
[DEBUG] [GD] page 3: 24 items
[DEBUG] [GD] HTTP 200 | CT=application/json; charset=utf-8 | page=4
[DEBUG] [GD] page 4: 24 items
[DEBUG] [GD] HTTP 200 | CT=application/json; charset=utf-8 | page=5
[DEBUG] [GD] page 5: 24 items
[DEBUG] [GD] total raw items before normalize: 120; unique kept: 114
[DEBUG] [GD] normalized rows: 114
[DEBUG] [GD] blocked by specialty/diesel filter: 103; passing: 11
[DEBUG] [Proxibid] parsed 30 rows across 1 page(s)
[DEBUG] [Renebates] found 54 events on index
[DEBUG] [Renebates] event: City Of Plano, Texas secs=306177
[DEBUG] [Renebates] City Of Plano, Texas -> 3 lots via https://renebates.com/a_list_2.php?id=265&cat=all
[DEBUG] [Renebates] event: Tatum Independent School District - Tatum, Texas secs=309773
[DEBUG] [Renebates] Tatum Independent School District - Tatum, Texas -> 6 lots via https://renebates.com/a_list_2.php?id=117&cat=all
[DEBUG] [DEBUG] collected 34 listings from all sites (after filter)
[DEBUG] [GD] HTTP 200 | CT=application/json; charset=utf-8 | page=1
[DEBUG] [GD] page 1: 24 items
[DEBUG] [GD] HTTP 200 | CT=application/json; charset=utf-8 | page=2
[DEBUG] [GD] page 2: 24 items
[DEBUG] [GD] HTTP 200 | CT=application/json; charset=utf-8 | page=3
[DEBUG] [GD] page 3: 24 items
[DEBUG] [GD] HTTP 200 | CT=application/json; charset=utf-8 | page=4
[DEBUG] [GD] page 4: 24 items
[DEBUG] [GD] HTTP 200 | CT=application/json; charset=utf-8 | page=5
[DEBUG] [GD] page 5: 24 items
[DEBUG] [GD] total raw items before normalize: 120; unique kept: 115
[DEBUG] [GD] normalized rows: 115
[DEBUG] [GD] blocked by specialty/diesel filter: 104; passing: 11
[DEBUG] [Proxibid] parsed 30 rows across 1 page(s)
[DEBUG] [Renebates] found 54 events on index
[DEBUG] [Renebates] event: City Of Plano, Texas secs=305530
[DEBUG] [Renebates] City Of Plano, Texas -> 3 lots via https://renebates.com/a_list_2.php?id=265&cat=all
[DEBUG] [Renebates] event: Tatum Independent School District - Tatum, Texas secs=309127
[DEBUG] [Renebates] Tatum Independent School District - Tatum, Texas -> 6 lots via https://renebates.com/a_list_2.php?id=117&cat=all
[DEBUG] [DEBUG] collected 34 listings from all sites (after filter)
[DEBUG] [GD] HTTP 200 | CT=application/json; charset=utf-8 | page=1
[DEBUG] [GD] page 1: 24 items
[DEBUG] [GD] HTTP 200 | CT=application/json; charset=utf-8 | page=2
[DEBUG] [GD] page 2: 24 items
[DEBUG] [GD] HTTP 200 | CT=application/json; charset=utf-8 | page=3
[DEBUG] [GD] page 3: 24 items
[DEBUG] [GD] HTTP 200 | CT=application/json; charset=utf-8 | page=4
[DEBUG] [GD] page 4: 24 items
[DEBUG] [GD] HTTP 200 | CT=application/json; charset=utf-8 | page=5
[DEBUG] [GD] page 5: 24 items
[DEBUG] [GD] total raw items before normalize: 120; unique kept: 115
[DEBUG] [GD] normalized rows: 115
[DEBUG] [GD] blocked by specialty/diesel filter: 104; passing: 11
[DEBUG] [Proxibid] parsed 30 rows across 1 page(s)
[DEBUG] [Renebates] found 54 events on index
[DEBUG] [Renebates] event: City Of Plano, Texas secs=304875
[DEBUG] [Renebates] City Of Plano, Texas -> 3 lots via https://renebates.com/a_list_2.php?id=265&cat=all
[DEBUG] [Renebates] event: Tatum Independent School District - Tatum, Texas secs=308472
[DEBUG] [Renebates] Tatum Independent School District - Tatum, Texas -> 6 lots via https://renebates.com/a_list_2.php?id=117&cat=all
[DEBUG] [DEBUG] collected 34 listings from all sites (after filter)
[DEBUG] [GD] HTTP 200 | CT=application/json; charset=utf-8 | page=1
[DEBUG] [GD] page 1: 24 items
[DEBUG] [GD] HTTP 200 | CT=application/json; charset=utf-8 | page=2
[DEBUG] [GD] page 2: 24 items
[DEBUG] [GD] HTTP 200 | CT=application/json; charset=utf-8 | page=3
[DEBUG] [GD] page 3: 24 items
[DEBUG] [GD] HTTP 200 | CT=application/json; charset=utf-8 | page=4
[DEBUG] [GD] page 4: 24 items
[DEBUG] [GD] HTTP 200 | CT=application/json; charset=utf-8 | page=5
[DEBUG] [GD] page 5: 24 items
[DEBUG] [GD] total raw items before normalize: 120; unique kept: 115
[DEBUG] [GD] normalized rows: 115
[DEBUG] [GD] blocked by specialty/diesel filter: 104; passing: 11
[DEBUG] [Proxibid] parsed 30 rows across 1 page(s)
[DEBUG] [Renebates] found 54 events on index
[DEBUG] [Renebates] event: City Of Plano, Texas secs=304230
[DEBUG] [Renebates] City Of Plano, Texas -> 3 lots via https://renebates.com/a_list_2.php?id=265&cat=all
[DEBUG] [Renebates] event: Tatum Independent School District - Tatum, Texas secs=307828
[DEBUG] [Renebates] Tatum Independent School District - Tatum, Texas -> 6 lots via https://renebates.com/a_list_2.php?id=117&cat=all
[DEBUG] [DEBUG] collected 34 listings from all sites (after filter)
[DEBUG] [GD] HTTP 200 | CT=application/json; charset=utf-8 | page=1
[DEBUG] [GD] page 1: 24 items
[DEBUG] [GD] HTTP 200 | CT=application/json; charset=utf-8 | page=2
[DEBUG] [GD] page 2: 24 items
[DEBUG] [GD] HTTP 200 | CT=application/json; charset=utf-8 | page=3
[DEBUG] [GD] page 3: 24 items
[DEBUG] [GD] HTTP 200 | CT=application/json; charset=utf-8 | page=4
[DEBUG] [GD] page 4: 24 items
[DEBUG] [GD] HTTP 200 | CT=application/json; charset=utf-8 | page=5
[DEBUG] [GD] page 5: 24 items
[DEBUG] [GD] total raw items before normalize: 120; unique kept: 115
[DEBUG] [GD] normalized rows: 115
[DEBUG] [GD] blocked by specialty/diesel filter: 105; passing: 10
[DEBUG] [Proxibid] parsed 30 rows across 1 page(s)
[DEBUG] [Renebates] found 54 events on index
[DEBUG] [Renebates] event: City Of Plano, Texas secs=303581
[DEBUG] [Renebates] City Of Plano, Texas -> 3 lots via https://renebates.com/a_list_2.php?id=265&cat=all
[DEBUG] [Renebates] event: Tatum Independent School District - Tatum, Texas secs=307178
[DEBUG] [Renebates] Tatum Independent School District - Tatum, Texas -> 6 lots via https://renebates.com/a_list_2.php?id=117&cat=all
[DEBUG] [DEBUG] collected 33 listings from all sites (after filter)
[DEBUG] [GD] HTTP 200 | CT=application/json; charset=utf-8 | page=1
[DEBUG] [GD] page 1: 24 items
[DEBUG] [GD] HTTP 200 | CT=application/json; charset=utf-8 | page=2
[DEBUG] [GD] page 2: 24 items
[DEBUG] [GD] HTTP 200 | CT=application/json; charset=utf-8 | page=3
[DEBUG] [GD] page 3: 24 items
[DEBUG] [GD] HTTP 200 | CT=application/json; charset=utf-8 | page=4
[DEBUG] [GD] page 4: 24 items
[DEBUG] [GD] HTTP 200 | CT=application/json; charset=utf-8 | page=5
[DEBUG] [GD] page 5: 24 items
[DEBUG] [GD] total raw items before normalize: 120; unique kept: 115
[DEBUG] [GD] normalized rows: 115
[DEBUG] [GD] blocked by specialty/diesel filter: 105; passing: 10
[DEBUG] [Proxibid] parsed 30 rows across 1 page(s)
[DEBUG] [Renebates] found 54 events on index
[DEBUG] [Renebates] event: City Of Plano, Texas secs=302927
[DEBUG] [Renebates] City Of Plano, Texas -> 3 lots via https://renebates.com/a_list_2.php?id=265&cat=all
[DEBUG] [Renebates] event: Tatum Independent School District - Tatum, Texas secs=306522
[DEBUG] [Renebates] Tatum Independent School District - Tatum, Texas -> 6 lots via https://renebates.com/a_list_2.php?id=117&cat=all
[DEBUG] [DEBUG] collected 33 listings from all sites (after filter)
[DEBUG] [GD] HTTP 200 | CT=application/json; charset=utf-8 | page=1
[DEBUG] [GD] page 1: 24 items
[DEBUG] [GD] HTTP 200 | CT=application/json; charset=utf-8 | page=2
[DEBUG] [GD] page 2: 24 items
[DEBUG] [GD] HTTP 200 | CT=application/json; charset=utf-8 | page=3
[DEBUG] [GD] page 3: 24 items
[DEBUG] [GD] HTTP 200 | CT=application/json; charset=utf-8 | page=4
[DEBUG] [GD] page 4: 24 items
[DEBUG] [GD] HTTP 200 | CT=application/json; charset=utf-8 | page=5
[DEBUG] [GD] page 5: 24 items
[DEBUG] [GD] total raw items before normalize: 120; unique kept: 116
[DEBUG] [GD] normalized rows: 116
[DEBUG] [GD] blocked by specialty/diesel filter: 105; passing: 11
[DEBUG] [Proxibid] parsed 30 rows across 1 page(s)
[DEBUG] [Renebates] found 54 events on index
[DEBUG] [Renebates] event: City Of Plano, Texas secs=302283
[DEBUG] [Renebates] City Of Plano, Texas -> 3 lots via https://renebates.com/a_list_2.php?id=265&cat=all
[DEBUG] [Renebates] event: Tatum Independent School District - Tatum, Texas secs=305880
[DEBUG] [Renebates] Tatum Independent School District - Tatum, Texas -> 6 lots via https://renebates.com/a_list_2.php?id=117&cat=all
[DEBUG] [DEBUG] collected 34 listings from all sites (after filter)
[DEBUG] [GD] HTTP 200 | CT=application/json; charset=utf-8 | page=1
[DEBUG] [GD] page 1: 24 items
[DEBUG] [GD] HTTP 200 | CT=application/json; charset=utf-8 | page=2
[DEBUG] [GD] page 2: 24 items
[DEBUG] [GD] HTTP 200 | CT=application/json; charset=utf-8 | page=3
[DEBUG] [GD] page 3: 24 items
[DEBUG] [GD] HTTP 200 | CT=application/json; charset=utf-8 | page=4
[DEBUG] [GD] page 4: 24 items
[DEBUG] [GD] HTTP 200 | CT=application/json; charset=utf-8 | page=5
[DEBUG] [GD] page 5: 24 items
[DEBUG] [GD] total raw items before normalize: 120; unique kept: 116
[DEBUG] [GD] normalized rows: 116
[DEBUG] [GD] blocked by specialty/diesel filter: 105; passing: 11
[DEBUG] [Proxibid] parsed 30 rows across 1 page(s)
[DEBUG] [Renebates] found 54 events on index
[DEBUG] [Renebates] event: City Of Plano, Texas secs=301640
[DEBUG] [Renebates] City Of Plano, Texas -> 3 lots via https://renebates.com/a_list_2.php?id=265&cat=all
[DEBUG] [Renebates] event: Tatum Independent School District - Tatum, Texas secs=305237
[DEBUG] [Renebates] Tatum Independent School District - Tatum, Texas -> 6 lots via https://renebates.com/a_list_2.php?id=117&cat=all
[DEBUG] [DEBUG] collected 34 listings from all sites (after filter)
[DEBUG] [GD] HTTP 200 | CT=application/json; charset=utf-8 | page=1
[DEBUG] [GD] page 1: 24 items
[DEBUG] [GD] HTTP 200 | CT=application/json; charset=utf-8 | page=2
[DEBUG] [GD] page 2: 24 items
[DEBUG] [GD] HTTP 200 | CT=application/json; charset=utf-8 | page=3
[DEBUG] [GD] page 3: 24 items
[DEBUG] [GD] HTTP 200 | CT=application/json; charset=utf-8 | page=4
[DEBUG] [GD] page 4: 24 items
[DEBUG] [GD] HTTP 200 | CT=application/json; charset=utf-8 | page=5
[DEBUG] [GD] page 5: 24 items
[DEBUG] [GD] total raw items before normalize: 120; unique kept: 116
[DEBUG] [GD] normalized rows: 116
[DEBUG] [GD] blocked by specialty/diesel filter: 105; passing: 11
[DEBUG] [Proxibid] parsed 30 rows across 1 page(s)
[DEBUG] [Renebates] found 54 events on index
[DEBUG] [Renebates] event: City Of Plano, Texas secs=300994
[DEBUG] [Renebates] City Of Plano, Texas -> 3 lots via https://renebates.com/a_list_2.php?id=265&cat=all
[DEBUG] [Renebates] event: Tatum Independent School District - Tatum, Texas secs=304591
[DEBUG] [Renebates] Tatum Independent School District - Tatum, Texas -> 6 lots via https://renebates.com/a_list_2.php?id=117&cat=all
[DEBUG] [DEBUG] collected 34 listings from all sites (after filter)
[DEBUG] [GD] HTTP 200 | CT=application/json; charset=utf-8 | page=1
[DEBUG] [GD] page 1: 24 items
[DEBUG] [GD] HTTP 200 | CT=application/json; charset=utf-8 | page=2
[DEBUG] [GD] page 2: 24 items
[DEBUG] [GD] HTTP 200 | CT=application/json; charset=utf-8 | page=3
[DEBUG] [GD] page 3: 24 items
[DEBUG] [GD] HTTP 200 | CT=application/json; charset=utf-8 | page=4
[DEBUG] [GD] page 4: 24 items
[DEBUG] [GD] HTTP 200 | CT=application/json; charset=utf-8 | page=5
[DEBUG] [GD] page 5: 24 items
[DEBUG] [GD] total raw items before normalize: 120; unique kept: 116
[DEBUG] [GD] normalized rows: 116
[DEBUG] [GD] blocked by specialty/diesel filter: 105; passing: 11
[DEBUG] [Proxibid] parsed 30 rows across 1 page(s)
[DEBUG] [Renebates] found 54 events on index
[DEBUG] [Renebates] event: City Of Plano, Texas secs=300355
[DEBUG] [Renebates] City Of Plano, Texas -> 3 lots via https://renebates.com/a_list_2.php?id=265&cat=all
[DEBUG] [Renebates] event: Tatum Independent School District - Tatum, Texas secs=303951
[DEBUG] [Renebates] Tatum Independent School District - Tatum, Texas -> 6 lots via https://renebates.com/a_list_2.php?id=117&cat=all
[DEBUG] [DEBUG] collected 34 listings from all sites (after filter)
[DEBUG] [GD] HTTP 200 | CT=application/json; charset=utf-8 | page=1
[DEBUG] [GD] page 1: 24 items
[DEBUG] [GD] HTTP 200 | CT=application/json; charset=utf-8 | page=2
[DEBUG] [GD] page 2: 24 items
[DEBUG] [GD] HTTP 200 | CT=application/json; charset=utf-8 | page=3
[DEBUG] [GD] page 3: 24 items
[DEBUG] [GD] HTTP 200 | CT=application/json; charset=utf-8 | page=4
[DEBUG] [GD] page 4: 24 items
[DEBUG] [GD] HTTP 200 | CT=application/json; charset=utf-8 | page=5
[DEBUG] [GD] page 5: 24 items
[DEBUG] [GD] total raw items before normalize: 120; unique kept: 116
[DEBUG] [GD] normalized rows: 116
[DEBUG] [GD] blocked by specialty/diesel filter: 105; passing: 11
[DEBUG] [Proxibid] parsed 30 rows across 1 page(s)
[DEBUG] [Renebates] found 54 events on index
[DEBUG] [Renebates] event: City Of Plano, Texas secs=299704
[DEBUG] [Renebates] City Of Plano, Texas -> 3 lots via https://renebates.com/a_list_2.php?id=265&cat=all
[DEBUG] [Renebates] event: Tatum Independent School District - Tatum, Texas secs=303300
[DEBUG] [Renebates] Tatum Independent School District - Tatum, Texas -> 6 lots via https://renebates.com/a_list_2.php?id=117&cat=all
[DEBUG] [DEBUG] collected 34 listings from all sites (after filter)
[DEBUG] [GD] HTTP 200 | CT=application/json; charset=utf-8 | page=1
[DEBUG] [GD] page 1: 24 items
[DEBUG] [GD] HTTP 200 | CT=application/json; charset=utf-8 | page=2
[DEBUG] [GD] page 2: 24 items
[DEBUG] [GD] HTTP 200 | CT=application/json; charset=utf-8 | page=3
[DEBUG] [GD] page 3: 24 items
[DEBUG] [GD] HTTP 200 | CT=application/json; charset=utf-8 | page=4
[DEBUG] [GD] page 4: 24 items
[DEBUG] [GD] HTTP 200 | CT=application/json; charset=utf-8 | page=5
[DEBUG] [GD] page 5: 24 items
[DEBUG] [GD] total raw items before normalize: 120; unique kept: 116
[DEBUG] [GD] normalized rows: 116
[DEBUG] [GD] blocked by specialty/diesel filter: 105; passing: 11
[DEBUG] [Proxibid] parsed 30 rows across 1 page(s)
[DEBUG] [Renebates] found 54 events on index
[DEBUG] [Renebates] event: City Of Plano, Texas secs=299054
[DEBUG] [Renebates] City Of Plano, Texas -> 3 lots via https://renebates.com/a_list_2.php?id=265&cat=all
[DEBUG] [Renebates] event: Tatum Independent School District - Tatum, Texas secs=302651
[DEBUG] [Renebates] Tatum Independent School District - Tatum, Texas -> 6 lots via https://renebates.com/a_list_2.php?id=117&cat=all
[DEBUG] [DEBUG] collected 34 listings from all sites (after filter)
[DEBUG] [GD] HTTP 200 | CT=application/json; charset=utf-8 | page=1
[DEBUG] [GD] page 1: 24 items
[DEBUG] [GD] HTTP 200 | CT=application/json; charset=utf-8 | page=2
[DEBUG] [GD] page 2: 24 items
[DEBUG] [GD] HTTP 200 | CT=application/json; charset=utf-8 | page=3
[DEBUG] [GD] page 3: 24 items
[DEBUG] [GD] HTTP 200 | CT=application/json; charset=utf-8 | page=4
[DEBUG] [GD] page 4: 24 items
[DEBUG] [GD] HTTP 200 | CT=application/json; charset=utf-8 | page=5
[DEBUG] [GD] page 5: 24 items
[DEBUG] [GD] total raw items before normalize: 120; unique kept: 116
[DEBUG] [GD] normalized rows: 116
[DEBUG] [GD] blocked by specialty/diesel filter: 105; passing: 11
[DEBUG] [Proxibid] parsed 30 rows across 1 page(s)
[DEBUG] [Renebates] found 54 events on index
[DEBUG] [Renebates] event: City Of Plano, Texas secs=298410
[DEBUG] [Renebates] City Of Plano, Texas -> 3 lots via https://renebates.com/a_list_2.php?id=265&cat=all
[DEBUG] [Renebates] event: Tatum Independent School District - Tatum, Texas secs=302006
[DEBUG] [Renebates] Tatum Independent School District - Tatum, Texas -> 6 lots via https://renebates.com/a_list_2.php?id=117&cat=all
[DEBUG] [DEBUG] collected 34 listings from all sites (after filter)
[DEBUG] [GD] HTTP 200 | CT=application/json; charset=utf-8 | page=1
[DEBUG] [GD] page 1: 24 items
[DEBUG] [GD] HTTP 200 | CT=application/json; charset=utf-8 | page=2
[DEBUG] [GD] page 2: 24 items
[DEBUG] [GD] HTTP 200 | CT=application/json; charset=utf-8 | page=3
[DEBUG] [GD] page 3: 24 items
[DEBUG] [GD] HTTP 200 | CT=application/json; charset=utf-8 | page=4
[DEBUG] [GD] page 4: 24 items
[DEBUG] [GD] HTTP 200 | CT=application/json; charset=utf-8 | page=5
[DEBUG] [GD] page 5: 24 items
[DEBUG] [GD] total raw items before normalize: 120; unique kept: 116
[DEBUG] [GD] normalized rows: 116
[DEBUG] [GD] blocked by specialty/diesel filter: 105; passing: 11
[DEBUG] [Proxibid] parsed 30 rows across 1 page(s)
[DEBUG] [Renebates] found 54 events on index
[DEBUG] [Renebates] event: City Of Plano, Texas secs=297762
[DEBUG] [Renebates] City Of Plano, Texas -> 3 lots via https://renebates.com/a_list_2.php?id=265&cat=all
[DEBUG] [Renebates] event: Tatum Independent School District - Tatum, Texas secs=301359
[DEBUG] [Renebates] Tatum Independent School District - Tatum, Texas -> 6 lots via https://renebates.com/a_list_2.php?id=117&cat=all
[DEBUG] [DEBUG] collected 34 listings from all sites (after filter)
[DEBUG] [GD] HTTP 200 | CT=application/json; charset=utf-8 | page=1
[DEBUG] [GD] page 1: 24 items
[DEBUG] [GD] HTTP 200 | CT=application/json; charset=utf-8 | page=2
[DEBUG] [GD] page 2: 24 items
[DEBUG] [GD] HTTP 200 | CT=application/json; charset=utf-8 | page=3
[DEBUG] [GD] page 3: 24 items
[DEBUG] [GD] HTTP 200 | CT=application/json; charset=utf-8 | page=4
[DEBUG] [GD] page 4: 24 items
[DEBUG] [GD] HTTP 200 | CT=application/json; charset=utf-8 | page=5
[DEBUG] [GD] page 5: 24 items
[DEBUG] [GD] total raw items before normalize: 120; unique kept: 116
[DEBUG] [GD] normalized rows: 116
[DEBUG] [GD] blocked by specialty/diesel filter: 105; passing: 11
[DEBUG] [Proxibid] parsed 30 rows across 1 page(s)
[DEBUG] [Renebates] found 54 events on index
[DEBUG] [Renebates] event: City Of Plano, Texas secs=297116
[DEBUG] [Renebates] City Of Plano, Texas -> 3 lots via https://renebates.com/a_list_2.php?id=265&cat=all
[DEBUG] [Renebates] event: Tatum Independent School District - Tatum, Texas secs=300712
[DEBUG] [Renebates] Tatum Independent School District - Tatum, Texas -> 6 lots via https://renebates.com/a_list_2.php?id=117&cat=all
[DEBUG] [DEBUG] collected 34 listings from all sites (after filter)
[DEBUG] [GD] HTTP 200 | CT=application/json; charset=utf-8 | page=1
[DEBUG] [GD] page 1: 24 items
[DEBUG] [GD] HTTP 200 | CT=application/json; charset=utf-8 | page=2
[DEBUG] [GD] page 2: 24 items
[DEBUG] [GD] HTTP 200 | CT=application/json; charset=utf-8 | page=3
[DEBUG] [GD] page 3: 24 items
[DEBUG] [GD] HTTP 200 | CT=application/json; charset=utf-8 | page=4
[DEBUG] [GD] page 4: 24 items
[DEBUG] [GD] HTTP 200 | CT=application/json; charset=utf-8 | page=5
[DEBUG] [GD] page 5: 24 items
[DEBUG] [GD] total raw items before normalize: 120; unique kept: 116
[DEBUG] [GD] normalized rows: 116
[DEBUG] [GD] blocked by specialty/diesel filter: 105; passing: 11
[DEBUG] [Proxibid] parsed 30 rows across 1 page(s)
[DEBUG] [Renebates] found 54 events on index
[DEBUG] [Renebates] event: City Of Plano, Texas secs=296467
[DEBUG] [Renebates] City Of Plano, Texas -> 3 lots via https://renebates.com/a_list_2.php?id=265&cat=all
[DEBUG] [Renebates] event: Tatum Independent School District - Tatum, Texas secs=300063
[DEBUG] [Renebates] Tatum Independent School District - Tatum, Texas -> 6 lots via https://renebates.com/a_list_2.php?id=117&cat=all
[DEBUG] [DEBUG] collected 34 listings from all sites (after filter)
[DEBUG] [GD] HTTP 200 | CT=application/json; charset=utf-8 | page=1
[DEBUG] [GD] page 1: 24 items
[DEBUG] [GD] HTTP 200 | CT=application/json; charset=utf-8 | page=2
[DEBUG] [GD] page 2: 24 items
[DEBUG] [GD] HTTP 200 | CT=application/json; charset=utf-8 | page=3
[DEBUG] [GD] page 3: 24 items
[DEBUG] [GD] HTTP 200 | CT=application/json; charset=utf-8 | page=4
[DEBUG] [GD] page 4: 24 items
[DEBUG] [GD] HTTP 200 | CT=application/json; charset=utf-8 | page=5
[DEBUG] [GD] page 5: 24 items
[DEBUG] [GD] total raw items before normalize: 120; unique kept: 116
[DEBUG] [GD] normalized rows: 116
[DEBUG] [GD] blocked by specialty/diesel filter: 105; passing: 11
[DEBUG] [Proxibid] parsed 30 rows across 1 page(s)
[DEBUG] [Renebates] found 54 events on index
[DEBUG] [Renebates] event: City Of Plano, Texas secs=295820
[DEBUG] [Renebates] City Of Plano, Texas -> 3 lots via https://renebates.com/a_list_2.php?id=265&cat=all
[DEBUG] [Renebates] event: Tatum Independent School District - Tatum, Texas secs=299416
[DEBUG] [Renebates] Tatum Independent School District - Tatum, Texas -> 6 lots via https://renebates.com/a_list_2.php?id=117&cat=all
[DEBUG] [DEBUG] collected 34 listings from all sites (after filter)
[DEBUG] [GD] HTTP 200 | CT=application/json; charset=utf-8 | page=1
[DEBUG] [GD] page 1: 24 items
[DEBUG] [GD] HTTP 200 | CT=application/json; charset=utf-8 | page=2
[DEBUG] [GD] page 2: 24 items
[DEBUG] [GD] HTTP 200 | CT=application/json; charset=utf-8 | page=3
[DEBUG] [GD] page 3: 24 items
[DEBUG] [GD] HTTP 200 | CT=application/json; charset=utf-8 | page=4
[DEBUG] [GD] page 4: 24 items
[DEBUG] [GD] HTTP 200 | CT=application/json; charset=utf-8 | page=5
[DEBUG] [GD] page 5: 24 items
[DEBUG] [GD] total raw items before normalize: 120; unique kept: 116
[DEBUG] [GD] normalized rows: 116
[DEBUG] [GD] blocked by specialty/diesel filter: 105; passing: 11
[DEBUG] [Proxibid] parsed 30 rows across 1 page(s)
[DEBUG] [Renebates] found 54 events on index
[DEBUG] [Renebates] event: City Of Plano, Texas secs=295168
[DEBUG] [Renebates] City Of Plano, Texas -> 3 lots via https://renebates.com/a_list_2.php?id=265&cat=all
[DEBUG] [Renebates] event: Tatum Independent School District - Tatum, Texas secs=298763
[DEBUG] [Renebates] Tatum Independent School District - Tatum, Texas -> 6 lots via https://renebates.com/a_list_2.php?id=117&cat=all
[DEBUG] [DEBUG] collected 34 listings from all sites (after filter)
[DEBUG] [GD] HTTP 200 | CT=application/json; charset=utf-8 | page=1
[DEBUG] [GD] page 1: 24 items
[DEBUG] [GD] HTTP 200 | CT=application/json; charset=utf-8 | page=2
[DEBUG] [GD] page 2: 24 items
[DEBUG] [GD] HTTP 200 | CT=application/json; charset=utf-8 | page=3
[DEBUG] [GD] page 3: 24 items
[DEBUG] [GD] HTTP 200 | CT=application/json; charset=utf-8 | page=4
[DEBUG] [GD] page 4: 24 items
[DEBUG] [GD] HTTP 200 | CT=application/json; charset=utf-8 | page=5
[DEBUG] [GD] page 5: 24 items
[DEBUG] [GD] total raw items before normalize: 120; unique kept: 116
[DEBUG] [GD] normalized rows: 116
[DEBUG] [GD] blocked by specialty/diesel filter: 105; passing: 11
[DEBUG] [Proxibid] parsed 30 rows across 1 page(s)
[DEBUG] [Renebates] found 54 events on index
[DEBUG] [Renebates] event: City Of Plano, Texas secs=294518
[DEBUG] [Renebates] City Of Plano, Texas -> 3 lots via https://renebates.com/a_list_2.php?id=265&cat=all
[DEBUG] [Renebates] event: Tatum Independent School District - Tatum, Texas secs=298115
[DEBUG] [Renebates] Tatum Independent School District - Tatum, Texas -> 6 lots via https://renebates.com/a_list_2.php?id=117&cat=all
[DEBUG] [DEBUG] collected 34 listings from all sites (after filter)
[DEBUG] [GD] HTTP 200 | CT=application/json; charset=utf-8 | page=1
[DEBUG] [GD] page 1: 24 items
[DEBUG] [GD] HTTP 200 | CT=application/json; charset=utf-8 | page=2
[DEBUG] [GD] page 2: 24 items
[DEBUG] [GD] HTTP 200 | CT=application/json; charset=utf-8 | page=3
[DEBUG] [GD] page 3: 24 items
[DEBUG] [GD] HTTP 200 | CT=application/json; charset=utf-8 | page=4
[DEBUG] [GD] page 4: 24 items
[DEBUG] [GD] HTTP 200 | CT=application/json; charset=utf-8 | page=5
[DEBUG] [GD] page 5: 24 items
[DEBUG] [GD] total raw items before normalize: 120; unique kept: 116
[DEBUG] [GD] normalized rows: 116
[DEBUG] [GD] blocked by specialty/diesel filter: 105; passing: 11
[DEBUG] [Proxibid] parsed 30 rows across 1 page(s)
[DEBUG] [Renebates] found 54 events on index
[DEBUG] [Renebates] event: City Of Plano, Texas secs=293866
[DEBUG] [Renebates] City Of Plano, Texas -> 3 lots via https://renebates.com/a_list_2.php?id=265&cat=all
[DEBUG] [Renebates] event: Tatum Independent School District - Tatum, Texas secs=297463
[DEBUG] [Renebates] Tatum Independent School District - Tatum, Texas -> 6 lots via https://renebates.com/a_list_2.php?id=117&cat=all
[DEBUG] [DEBUG] collected 34 listings from all sites (after filter)
[DEBUG] [GD] HTTP 200 | CT=application/json; charset=utf-8 | page=1
[DEBUG] [GD] page 1: 24 items
[DEBUG] [GD] HTTP 200 | CT=application/json; charset=utf-8 | page=2
[DEBUG] [GD] page 2: 24 items
[DEBUG] [GD] HTTP 200 | CT=application/json; charset=utf-8 | page=3
[DEBUG] [GD] page 3: 24 items
[DEBUG] [GD] HTTP 200 | CT=application/json; charset=utf-8 | page=4
[DEBUG] [GD] page 4: 24 items
[DEBUG] [GD] HTTP 200 | CT=application/json; charset=utf-8 | page=5
[DEBUG] [GD] page 5: 24 items
[DEBUG] [GD] total raw items before normalize: 120; unique kept: 116
[DEBUG] [GD] normalized rows: 116
[DEBUG] [GD] blocked by specialty/diesel filter: 105; passing: 11
[DEBUG] [Proxibid] parsed 30 rows across 1 page(s)
[DEBUG] [Renebates] found 54 events on index
[DEBUG] [Renebates] event: City Of Plano, Texas secs=293213
[DEBUG] [Renebates] City Of Plano, Texas -> 3 lots via https://renebates.com/a_list_2.php?id=265&cat=all
[DEBUG] [Renebates] event: Tatum Independent School District - Tatum, Texas secs=296809
[DEBUG] [Renebates] Tatum Independent School District - Tatum, Texas -> 6 lots via https://renebates.com/a_list_2.php?id=117&cat=all
[DEBUG] [DEBUG] collected 34 listings from all sites (after filter)
[DEBUG] [GD] HTTP 200 | CT=application/json; charset=utf-8 | page=1
[DEBUG] [GD] page 1: 24 items
[DEBUG] [GD] HTTP 200 | CT=application/json; charset=utf-8 | page=2
[DEBUG] [GD] page 2: 24 items
[DEBUG] [GD] HTTP 200 | CT=application/json; charset=utf-8 | page=3
[DEBUG] [GD] page 3: 24 items
[DEBUG] [GD] HTTP 200 | CT=application/json; charset=utf-8 | page=4
[DEBUG] [GD] page 4: 24 items
[DEBUG] [GD] HTTP 200 | CT=application/json; charset=utf-8 | page=5
[DEBUG] [GD] page 5: 24 items
[DEBUG] [GD] total raw items before normalize: 120; unique kept: 116
[DEBUG] [GD] normalized rows: 116
[DEBUG] [GD] blocked by specialty/diesel filter: 105; passing: 11
[DEBUG] [Proxibid] parsed 30 rows across 1 page(s)
[DEBUG] [Renebates] found 54 events on index
[DEBUG] [Renebates] event: City Of Plano, Texas secs=292564
[DEBUG] [Renebates] City Of Plano, Texas -> 3 lots via https://renebates.com/a_list_2.php?id=265&cat=all
[DEBUG] [Renebates] event: Tatum Independent School District - Tatum, Texas secs=296161
[DEBUG] [Renebates] Tatum Independent School District - Tatum, Texas -> 6 lots via https://renebates.com/a_list_2.php?id=117&cat=all
[DEBUG] [DEBUG] collected 34 listings from all sites (after filter)
❌ SMS failed: HTTP 401 error: Unable to create record: Authenticate
💓 Healthcheck SMS sent.
[DEBUG] [GD] HTTP 200 | CT=application/json; charset=utf-8 | page=1
[DEBUG] [GD] page 1: 24 items
[DEBUG] [GD] HTTP 200 | CT=application/json; charset=utf-8 | page=2
[DEBUG] [GD] page 2: 24 items
[DEBUG] [GD] HTTP 200 | CT=application/json; charset=utf-8 | page=3
[DEBUG] [GD] page 3: 24 items
[DEBUG] [GD] HTTP 200 | CT=application/json; charset=utf-8 | page=4
[DEBUG] [GD] page 4: 24 items
[DEBUG] [GD] HTTP 200 | CT=application/json; charset=utf-8 | page=5
[DEBUG] [GD] page 5: 24 items
[DEBUG] [GD] total raw items before normalize: 120; unique kept: 116
[DEBUG] [GD] normalized rows: 116
[DEBUG] [GD] blocked by specialty/diesel filter: 105; passing: 11
[DEBUG] [Proxibid] parsed 30 rows across 1 page(s)
[DEBUG] [Renebates] found 54 events on index
[DEBUG] [Renebates] event: City Of Plano, Texas secs=291917
[DEBUG] [Renebates] City Of Plano, Texas -> 3 lots via https://renebates.com/a_list_2.php?id=265&cat=all
[DEBUG] [Renebates] event: Tatum Independent School District - Tatum, Texas secs=295514
[DEBUG] [Renebates] Tatum Independent School District - Tatum, Texas -> 6 lots via https://renebates.com/a_list_2.php?id=117&cat=all
[DEBUG] [DEBUG] collected 34 listings from all sites (after filter)
[DEBUG] [GD] HTTP 200 | CT=application/json; charset=utf-8 | page=1
[DEBUG] [GD] page 1: 24 items
[DEBUG] [GD] HTTP 200 | CT=application/json; charset=utf-8 | page=2
[DEBUG] [GD] page 2: 24 items
[DEBUG] [GD] HTTP 200 | CT=application/json; charset=utf-8 | page=3
[DEBUG] [GD] page 3: 24 items
[DEBUG] [GD] HTTP 200 | CT=application/json; charset=utf-8 | page=4
[DEBUG] [GD] page 4: 24 items
[DEBUG] [GD] HTTP 200 | CT=application/json; charset=utf-8 | page=5
[DEBUG] [GD] page 5: 24 items
[DEBUG] [GD] total raw items before normalize: 120; unique kept: 116
[DEBUG] [GD] normalized rows: 116
[DEBUG] [GD] blocked by specialty/diesel filter: 105; passing: 11
[DEBUG] [Proxibid] parsed 30 rows across 1 page(s)
[DEBUG] [Renebates] found 54 events on index
[DEBUG] [Renebates] event: City Of Plano, Texas secs=291261
[DEBUG] [Renebates] City Of Plano, Texas -> 3 lots via https://renebates.com/a_list_2.php?id=265&cat=all
[DEBUG] [Renebates] event: Tatum Independent School District - Tatum, Texas secs=294858
[DEBUG] [Renebates] Tatum Independent School District - Tatum, Texas -> 6 lots via https://renebates.com/a_list_2.php?id=117&cat=all
[DEBUG] [DEBUG] collected 34 listings from all sites (after filter)
[DEBUG] [GD] HTTP 200 | CT=application/json; charset=utf-8 | page=1
[DEBUG] [GD] page 1: 24 items
[DEBUG] [GD] HTTP 200 | CT=application/json; charset=utf-8 | page=2
[DEBUG] [GD] page 2: 24 items
[DEBUG] [GD] HTTP 200 | CT=application/json; charset=utf-8 | page=3
[DEBUG] [GD] page 3: 24 items
[DEBUG] [GD] HTTP 200 | CT=application/json; charset=utf-8 | page=4
[DEBUG] [GD] page 4: 24 items
[DEBUG] [GD] HTTP 200 | CT=application/json; charset=utf-8 | page=5
[DEBUG] [GD] page 5: 24 items
[DEBUG] [GD] total raw items before normalize: 120; unique kept: 116
[DEBUG] [GD] normalized rows: 116
[DEBUG] [GD] blocked by specialty/diesel filter: 105; passing: 11
[DEBUG] [Proxibid] parsed 30 rows across 1 page(s)
[DEBUG] [Renebates] found 54 events on index
[DEBUG] [Renebates] event: City Of Plano, Texas secs=290606
[DEBUG] [Renebates] City Of Plano, Texas -> 3 lots via https://renebates.com/a_list_2.php?id=265&cat=all
[DEBUG] [Renebates] event: Tatum Independent School District - Tatum, Texas secs=294202
[DEBUG] [Renebates] Tatum Independent School District - Tatum, Texas -> 6 lots via https://renebates.com/a_list_2.php?id=117&cat=all
[DEBUG] [DEBUG] collected 34 listings from all sites (after filter)
[DEBUG] [GD] HTTP 200 | CT=application/json; charset=utf-8 | page=1
[DEBUG] [GD] page 1: 24 items
[DEBUG] [GD] HTTP 200 | CT=application/json; charset=utf-8 | page=2
[DEBUG] [GD] page 2: 24 items
[DEBUG] [GD] HTTP 200 | CT=application/json; charset=utf-8 | page=3
[DEBUG] [GD] page 3: 24 items
[DEBUG] [GD] HTTP 200 | CT=application/json; charset=utf-8 | page=4
[DEBUG] [GD] page 4: 24 items
[DEBUG] [GD] HTTP 200 | CT=application/json; charset=utf-8 | page=5
[DEBUG] [GD] page 5: 24 items
[DEBUG] [GD] total raw items before normalize: 120; unique kept: 116
[DEBUG] [GD] normalized rows: 116
[DEBUG] [GD] blocked by specialty/diesel filter: 105; passing: 11
[DEBUG] [Proxibid] parsed 30 rows across 1 page(s)
[DEBUG] [Renebates] found 54 events on index
[DEBUG] [Renebates] event: City Of Plano, Texas secs=289961
[DEBUG] [Renebates] City Of Plano, Texas -> 3 lots via https://renebates.com/a_list_2.php?id=265&cat=all
[DEBUG] [Renebates] event: Tatum Independent School District - Tatum, Texas secs=293557
[DEBUG] [Renebates] Tatum Independent School District - Tatum, Texas -> 6 lots via https://renebates.com/a_list_2.php?id=117&cat=all
[DEBUG] [DEBUG] collected 34 listings from all sites (after filter)
[DEBUG] [GD] HTTP 200 | CT=application/json; charset=utf-8 | page=1
[DEBUG] [GD] page 1: 24 items
[DEBUG] [GD] HTTP 200 | CT=application/json; charset=utf-8 | page=2
[DEBUG] [GD] page 2: 24 items
[DEBUG] [GD] HTTP 200 | CT=application/json; charset=utf-8 | page=3
[DEBUG] [GD] page 3: 24 items
[DEBUG] [GD] HTTP 200 | CT=application/json; charset=utf-8 | page=4
[DEBUG] [GD] page 4: 24 items
[DEBUG] [GD] HTTP 200 | CT=application/json; charset=utf-8 | page=5
[DEBUG] [GD] page 5: 24 items
[DEBUG] [GD] total raw items before normalize: 120; unique kept: 116
[DEBUG] [GD] normalized rows: 116
[DEBUG] [GD] blocked by specialty/diesel filter: 105; passing: 11
[DEBUG] [Proxibid] parsed 30 rows across 1 page(s)
[DEBUG] [Renebates] found 54 events on index
[DEBUG] [Renebates] event: City Of Plano, Texas secs=289317
[DEBUG] [Renebates] City Of Plano, Texas -> 3 lots via https://renebates.com/a_list_2.php?id=265&cat=all
[DEBUG] [Renebates] event: Tatum Independent School District - Tatum, Texas secs=292913
[DEBUG] [Renebates] Tatum Independent School District - Tatum, Texas -> 6 lots via https://renebates.com/a_list_2.php?id=117&cat=all
[DEBUG] [DEBUG] collected 34 listings from all sites (after filter)
[DEBUG] [GD] HTTP 200 | CT=application/json; charset=utf-8 | page=1
[DEBUG] [GD] page 1: 24 items
[DEBUG] [GD] HTTP 200 | CT=application/json; charset=utf-8 | page=2
[DEBUG] [GD] page 2: 24 items
[DEBUG] [GD] HTTP 200 | CT=application/json; charset=utf-8 | page=3
[DEBUG] [GD] page 3: 24 items
[DEBUG] [GD] HTTP 200 | CT=application/json; charset=utf-8 | page=4
[DEBUG] [GD] page 4: 24 items
[DEBUG] [GD] HTTP 200 | CT=application/json; charset=utf-8 | page=5
[DEBUG] [GD] page 5: 24 items
[DEBUG] [GD] total raw items before normalize: 120; unique kept: 116
[DEBUG] [GD] normalized rows: 116
[DEBUG] [GD] blocked by specialty/diesel filter: 105; passing: 11
[DEBUG] [Proxibid] parsed 30 rows across 1 page(s)
[DEBUG] [Renebates] found 54 events on index
[DEBUG] [Renebates] event: City Of Plano, Texas secs=288668
[DEBUG] [Renebates] City Of Plano, Texas -> 3 lots via https://renebates.com/a_list_2.php?id=265&cat=all
[DEBUG] [Renebates] event: Tatum Independent School District - Tatum, Texas secs=292265
[DEBUG] [Renebates] Tatum Independent School District - Tatum, Texas -> 6 lots via https://renebates.com/a_list_2.php?id=117&cat=all
[DEBUG] [DEBUG] collected 34 listings from all sites (after filter)
[DEBUG] [GD] HTTP 200 | CT=application/json; charset=utf-8 | page=1
[DEBUG] [GD] page 1: 24 items
[DEBUG] [GD] HTTP 200 | CT=application/json; charset=utf-8 | page=2
[DEBUG] [GD] page 2: 24 items
[DEBUG] [GD] HTTP 200 | CT=application/json; charset=utf-8 | page=3
[DEBUG] [GD] page 3: 24 items
[DEBUG] [GD] HTTP 200 | CT=application/json; charset=utf-8 | page=4
[DEBUG] [GD] page 4: 24 items
[DEBUG] [GD] HTTP 200 | CT=application/json; charset=utf-8 | page=5
[DEBUG] [GD] page 5: 24 items
[DEBUG] [GD] total raw items before normalize: 120; unique kept: 116
[DEBUG] [GD] normalized rows: 116
[DEBUG] [GD] blocked by specialty/diesel filter: 105; passing: 11
[DEBUG] [Proxibid] parsed 30 rows across 1 page(s)
[DEBUG] [Renebates] found 54 events on index
[DEBUG] [Renebates] event: City Of Plano, Texas secs=288012
[DEBUG] [Renebates] City Of Plano, Texas -> 3 lots via https://renebates.com/a_list_2.php?id=265&cat=all
[DEBUG] [Renebates] event: Tatum Independent School District - Tatum, Texas secs=291608
[DEBUG] [Renebates] Tatum Independent School District - Tatum, Texas -> 6 lots via https://renebates.com/a_list_2.php?id=117&cat=all
[DEBUG] [DEBUG] collected 34 listings from all sites (after filter)
[DEBUG] [GD] HTTP 200 | CT=application/json; charset=utf-8 | page=1
[DEBUG] [GD] page 1: 24 items
[DEBUG] [GD] HTTP 200 | CT=application/json; charset=utf-8 | page=2
[DEBUG] [GD] page 2: 24 items
[DEBUG] [GD] HTTP 200 | CT=application/json; charset=utf-8 | page=3
[DEBUG] [GD] page 3: 24 items
[DEBUG] [GD] HTTP 200 | CT=application/json; charset=utf-8 | page=4
[DEBUG] [GD] page 4: 24 items
[DEBUG] [GD] HTTP 200 | CT=application/json; charset=utf-8 | page=5
[DEBUG] [GD] page 5: 24 items
[DEBUG] [GD] total raw items before normalize: 120; unique kept: 116
[DEBUG] [GD] normalized rows: 116
[DEBUG] [GD] blocked by specialty/diesel filter: 105; passing: 11
[DEBUG] [Proxibid] parsed 30 rows across 1 page(s)
[DEBUG] [Renebates] found 54 events on index
[DEBUG] [Renebates] event: City Of Plano, Texas secs=287357
[DEBUG] [Renebates] City Of Plano, Texas -> 3 lots via https://renebates.com/a_list_2.php?id=265&cat=all
[DEBUG] [Renebates] event: Tatum Independent School District - Tatum, Texas secs=290955
[DEBUG] [Renebates] Tatum Independent School District - Tatum, Texas -> 6 lots via https://renebates.com/a_list_2.php?id=117&cat=all
[DEBUG] [DEBUG] collected 34 listings from all sites (after filter)
[DEBUG] [GD] HTTP 200 | CT=application/json; charset=utf-8 | page=1
[DEBUG] [GD] page 1: 24 items
[DEBUG] [GD] HTTP 200 | CT=application/json; charset=utf-8 | page=2
[DEBUG] [GD] page 2: 24 items
[DEBUG] [GD] HTTP 200 | CT=application/json; charset=utf-8 | page=3
[DEBUG] [GD] page 3: 24 items
[DEBUG] [GD] HTTP 200 | CT=application/json; charset=utf-8 | page=4
[DEBUG] [GD] page 4: 24 items
[DEBUG] [GD] HTTP 200 | CT=application/json; charset=utf-8 | page=5
[DEBUG] [GD] page 5: 24 items
[DEBUG] [GD] total raw items before normalize: 120; unique kept: 116
[DEBUG] [GD] normalized rows: 116
[DEBUG] [GD] blocked by specialty/diesel filter: 105; passing: 11
[DEBUG] [Proxibid] parsed 30 rows across 1 page(s)
[DEBUG] [Renebates] found 54 events on index
[DEBUG] [Renebates] event: City Of Plano, Texas secs=286717
[DEBUG] [Renebates] City Of Plano, Texas -> 3 lots via https://renebates.com/a_list_2.php?id=265&cat=all
[DEBUG] [Renebates] event: Tatum Independent School District - Tatum, Texas secs=290314
[DEBUG] [Renebates] Tatum Independent School District - Tatum, Texas -> 6 lots via https://renebates.com/a_list_2.php?id=117&cat=all
[DEBUG] [DEBUG] collected 34 listings from all sites (after filter)
[DEBUG] [GD] HTTP 200 | CT=application/json; charset=utf-8 | page=1
[DEBUG] [GD] page 1: 24 items
[DEBUG] [GD] HTTP 200 | CT=application/json; charset=utf-8 | page=2
[DEBUG] [GD] page 2: 24 items
[DEBUG] [GD] HTTP 200 | CT=application/json; charset=utf-8 | page=3
[DEBUG] [GD] page 3: 24 items
[DEBUG] [GD] HTTP 200 | CT=application/json; charset=utf-8 | page=4
[DEBUG] [GD] page 4: 24 items
[DEBUG] [GD] HTTP 200 | CT=application/json; charset=utf-8 | page=5
[DEBUG] [GD] page 5: 24 items
[DEBUG] [GD] total raw items before normalize: 120; unique kept: 116
[DEBUG] [GD] normalized rows: 116
[DEBUG] [GD] blocked by specialty/diesel filter: 105; passing: 11
[DEBUG] [Proxibid] parsed 30 rows across 1 page(s)
[DEBUG] [Renebates] found 54 events on index
[DEBUG] [Renebates] event: City Of Plano, Texas secs=286067
[DEBUG] [Renebates] City Of Plano, Texas -> 3 lots via https://renebates.com/a_list_2.php?id=265&cat=all
[DEBUG] [Renebates] event: Tatum Independent School District - Tatum, Texas secs=289663
[DEBUG] [Renebates] Tatum Independent School District - Tatum, Texas -> 6 lots via https://renebates.com/a_list_2.php?id=117&cat=all
[DEBUG] [DEBUG] collected 34 listings from all sites (after filter)
[DEBUG] [GD] HTTP 200 | CT=application/json; charset=utf-8 | page=1
[DEBUG] [GD] page 1: 24 items
[DEBUG] [GD] HTTP 200 | CT=application/json; charset=utf-8 | page=2
[DEBUG] [GD] page 2: 24 items
[DEBUG] [GD] HTTP 200 | CT=application/json; charset=utf-8 | page=3
[DEBUG] [GD] page 3: 24 items
[DEBUG] [GD] HTTP 200 | CT=application/json; charset=utf-8 | page=4
[DEBUG] [GD] page 4: 24 items
[DEBUG] [GD] HTTP 200 | CT=application/json; charset=utf-8 | page=5
[DEBUG] [GD] page 5: 24 items
[DEBUG] [GD] total raw items before normalize: 120; unique kept: 116
[DEBUG] [GD] normalized rows: 116
[DEBUG] [GD] blocked by specialty/diesel filter: 105; passing: 11
[DEBUG] [Proxibid] parsed 30 rows across 1 page(s)
[DEBUG] [Renebates] found 54 events on index
[DEBUG] [Renebates] event: City Of Plano, Texas secs=285410
[DEBUG] [Renebates] City Of Plano, Texas -> 3 lots via https://renebates.com/a_list_2.php?id=265&cat=all
[DEBUG] [Renebates] event: Tatum Independent School District - Tatum, Texas secs=289005
[DEBUG] [Renebates] Tatum Independent School District - Tatum, Texas -> 6 lots via https://renebates.com/a_list_2.php?id=117&cat=all
[DEBUG] [DEBUG] collected 34 listings from all sites (after filter)
[DEBUG] [GD] HTTP 200 | CT=application/json; charset=utf-8 | page=1
[DEBUG] [GD] page 1: 24 items
[DEBUG] [GD] HTTP 200 | CT=application/json; charset=utf-8 | page=2
[DEBUG] [GD] page 2: 24 items
[DEBUG] [GD] HTTP 200 | CT=application/json; charset=utf-8 | page=3
[DEBUG] [GD] page 3: 24 items
[DEBUG] [GD] HTTP 200 | CT=application/json; charset=utf-8 | page=4
[DEBUG] [GD] page 4: 24 items
[DEBUG] [GD] HTTP 200 | CT=application/json; charset=utf-8 | page=5
[DEBUG] [GD] page 5: 24 items
[DEBUG] [GD] total raw items before normalize: 120; unique kept: 116
[DEBUG] [GD] normalized rows: 116
[DEBUG] [GD] blocked by specialty/diesel filter: 105; passing: 11
[DEBUG] [Proxibid] parsed 30 rows across 1 page(s)
[DEBUG] [Renebates] found 54 events on index
[DEBUG] [Renebates] event: City Of Plano, Texas secs=284766
[DEBUG] [Renebates] City Of Plano, Texas -> 3 lots via https://renebates.com/a_list_2.php?id=265&cat=all
[DEBUG] [Renebates] event: Tatum Independent School District - Tatum, Texas secs=288363
[DEBUG] [Renebates] Tatum Independent School District - Tatum, Texas -> 6 lots via https://renebates.com/a_list_2.php?id=117&cat=all
[DEBUG] [DEBUG] collected 34 listings from all sites (after filter)
[DEBUG] [GD] HTTP 200 | CT=application/json; charset=utf-8 | page=1
[DEBUG] [GD] page 1: 24 items
[DEBUG] [GD] HTTP 200 | CT=application/json; charset=utf-8 | page=2
[DEBUG] [GD] page 2: 24 items
[DEBUG] [GD] HTTP 200 | CT=application/json; charset=utf-8 | page=3
[DEBUG] [GD] page 3: 24 items
[DEBUG] [GD] HTTP 200 | CT=application/json; charset=utf-8 | page=4
[DEBUG] [GD] page 4: 24 items
[DEBUG] [GD] HTTP 200 | CT=application/json; charset=utf-8 | page=5
[DEBUG] [GD] page 5: 24 items
[DEBUG] [GD] total raw items before normalize: 120; unique kept: 116
[DEBUG] [GD] normalized rows: 116
[DEBUG] [GD] blocked by specialty/diesel filter: 105; passing: 11
[DEBUG] [Proxibid] parsed 30 rows across 1 page(s)
[DEBUG] [Renebates] found 54 events on index
[DEBUG] [Renebates] event: City Of Plano, Texas secs=284116
[DEBUG] [Renebates] City Of Plano, Texas -> 3 lots via https://renebates.com/a_list_2.php?id=265&cat=all
[DEBUG] [Renebates] event: Tatum Independent School District - Tatum, Texas secs=287712
[DEBUG] [Renebates] Tatum Independent School District - Tatum, Texas -> 6 lots via https://renebates.com/a_list_2.php?id=117&cat=all
[DEBUG] [DEBUG] collected 34 listings from all sites (after filter)
[DEBUG] [GD] HTTP 200 | CT=application/json; charset=utf-8 | page=1
[DEBUG] [GD] page 1: 24 items
[DEBUG] [GD] HTTP 200 | CT=application/json; charset=utf-8 | page=2
[DEBUG] [GD] page 2: 24 items
[DEBUG] [GD] HTTP 200 | CT=application/json; charset=utf-8 | page=3
[DEBUG] [GD] page 3: 24 items
[DEBUG] [GD] HTTP 200 | CT=application/json; charset=utf-8 | page=4
[DEBUG] [GD] page 4: 24 items
[DEBUG] [GD] HTTP 200 | CT=application/json; charset=utf-8 | page=5
[DEBUG] [GD] page 5: 24 items
[DEBUG] [GD] total raw items before normalize: 120; unique kept: 116
[DEBUG] [GD] normalized rows: 116
[DEBUG] [GD] blocked by specialty/diesel filter: 105; passing: 11
[DEBUG] [Proxibid] parsed 30 rows across 1 page(s)
[DEBUG] [Renebates] found 54 events on index
[DEBUG] [Renebates] event: City Of Plano, Texas secs=283463
[DEBUG] [Renebates] City Of Plano, Texas -> 3 lots via https://renebates.com/a_list_2.php?id=265&cat=all
[DEBUG] [Renebates] event: Tatum Independent School District - Tatum, Texas secs=287059
[DEBUG] [Renebates] Tatum Independent School District - Tatum, Texas -> 6 lots via https://renebates.com/a_list_2.php?id=117&cat=all
[DEBUG] [DEBUG] collected 34 listings from all sites (after filter)
[DEBUG] [GD] HTTP 200 | CT=application/json; charset=utf-8 | page=1
[DEBUG] [GD] page 1: 24 items
[DEBUG] [GD] HTTP 200 | CT=application/json; charset=utf-8 | page=2
[DEBUG] [GD] page 2: 24 items
[DEBUG] [GD] HTTP 200 | CT=application/json; charset=utf-8 | page=3
[DEBUG] [GD] page 3: 24 items
[DEBUG] [GD] HTTP 200 | CT=application/json; charset=utf-8 | page=4
[DEBUG] [GD] page 4: 24 items
[DEBUG] [GD] HTTP 200 | CT=application/json; charset=utf-8 | page=5
[DEBUG] [GD] page 5: 24 items
[DEBUG] [GD] total raw items before normalize: 120; unique kept: 116
[DEBUG] [GD] normalized rows: 116
[DEBUG] [GD] blocked by specialty/diesel filter: 105; passing: 11
[DEBUG] [Proxibid] parsed 30 rows across 1 page(s)
[DEBUG] [Renebates] found 54 events on index
[DEBUG] [Renebates] event: City Of Plano, Texas secs=282814
[DEBUG] [Renebates] City Of Plano, Texas -> 3 lots via https://renebates.com/a_list_2.php?id=265&cat=all
[DEBUG] [Renebates] event: Tatum Independent School District - Tatum, Texas secs=286412
[DEBUG] [Renebates] Tatum Independent School District - Tatum, Texas -> 6 lots via https://renebates.com/a_list_2.php?id=117&cat=all
[DEBUG] [DEBUG] collected 34 listings from all sites (after filter)
[DEBUG] [GD] HTTP 200 | CT=application/json; charset=utf-8 | page=1
[DEBUG] [GD] page 1: 24 items
[DEBUG] [GD] HTTP 200 | CT=application/json; charset=utf-8 | page=2
[DEBUG] [GD] page 2: 24 items
[DEBUG] [GD] HTTP 200 | CT=application/json; charset=utf-8 | page=3
[DEBUG] [GD] page 3: 24 items
[DEBUG] [GD] HTTP 200 | CT=application/json; charset=utf-8 | page=4
[DEBUG] [GD] page 4: 24 items
[DEBUG] [GD] HTTP 200 | CT=application/json; charset=utf-8 | page=5
[DEBUG] [GD] page 5: 24 items
[DEBUG] [GD] total raw items before normalize: 120; unique kept: 116
[DEBUG] [GD] normalized rows: 116
[DEBUG] [GD] blocked by specialty/diesel filter: 105; passing: 11
[DEBUG] [Proxibid] parsed 30 rows across 1 page(s)
[DEBUG] [Renebates] found 54 events on index
[DEBUG] [Renebates] event: City Of Plano, Texas secs=282171
[DEBUG] [Renebates] City Of Plano, Texas -> 3 lots via https://renebates.com/a_list_2.php?id=265&cat=all
[DEBUG] [Renebates] event: Tatum Independent School District - Tatum, Texas secs=285767
[DEBUG] [Renebates] Tatum Independent School District - Tatum, Texas -> 6 lots via https://renebates.com/a_list_2.php?id=117&cat=all
[DEBUG] [DEBUG] collected 34 listings from all sites (after filter)
[DEBUG] [GD] HTTP 200 | CT=application/json; charset=utf-8 | page=1
[DEBUG] [GD] page 1: 24 items
[DEBUG] [GD] HTTP 200 | CT=application/json; charset=utf-8 | page=2
[DEBUG] [GD] page 2: 24 items
[DEBUG] [GD] HTTP 200 | CT=application/json; charset=utf-8 | page=3
[DEBUG] [GD] page 3: 24 items
[DEBUG] [GD] HTTP 200 | CT=application/json; charset=utf-8 | page=4
[DEBUG] [GD] page 4: 24 items
[DEBUG] [GD] HTTP 200 | CT=application/json; charset=utf-8 | page=5
[DEBUG] [GD] page 5: 24 items
[DEBUG] [GD] total raw items before normalize: 120; unique kept: 116
[DEBUG] [GD] normalized rows: 116
[DEBUG] [GD] blocked by specialty/diesel filter: 105; passing: 11
[DEBUG] [Proxibid] parsed 30 rows across 1 page(s)
[DEBUG] [Renebates] found 54 events on index
[DEBUG] [Renebates] event: City Of Plano, Texas secs=281519
[DEBUG] [Renebates] City Of Plano, Texas -> 3 lots via https://renebates.com/a_list_2.php?id=265&cat=all
[DEBUG] [Renebates] event: Tatum Independent School District - Tatum, Texas secs=285116
[DEBUG] [Renebates] Tatum Independent School District - Tatum, Texas -> 6 lots via https://renebates.com/a_list_2.php?id=117&cat=all
[DEBUG] [DEBUG] collected 34 listings from all sites (after filter)
[DEBUG] [GD] HTTP 200 | CT=application/json; charset=utf-8 | page=1
[DEBUG] [GD] page 1: 24 items
[DEBUG] [GD] HTTP 200 | CT=application/json; charset=utf-8 | page=2
[DEBUG] [GD] page 2: 24 items
[DEBUG] [GD] HTTP 200 | CT=application/json; charset=utf-8 | page=3
[DEBUG] [GD] page 3: 24 items
[DEBUG] [GD] HTTP 200 | CT=application/json; charset=utf-8 | page=4
[DEBUG] [GD] page 4: 24 items
[DEBUG] [GD] HTTP 200 | CT=application/json; charset=utf-8 | page=5
[DEBUG] [GD] page 5: 24 items
[DEBUG] [GD] total raw items before normalize: 120; unique kept: 116
[DEBUG] [GD] normalized rows: 116
[DEBUG] [GD] blocked by specialty/diesel filter: 105; passing: 11
[DEBUG] [Proxibid] parsed 30 rows across 1 page(s)
[DEBUG] [Renebates] found 54 events on index
[DEBUG] [Renebates] event: City Of Plano, Texas secs=280867
[DEBUG] [Renebates] City Of Plano, Texas -> 3 lots via https://renebates.com/a_list_2.php?id=265&cat=all
[DEBUG] [Renebates] event: Tatum Independent School District - Tatum, Texas secs=284464
[DEBUG] [Renebates] Tatum Independent School District - Tatum, Texas -> 6 lots via https://renebates.com/a_list_2.php?id=117&cat=all
[DEBUG] [DEBUG] collected 34 listings from all sites (after filter)
[DEBUG] [GD] HTTP 200 | CT=application/json; charset=utf-8 | page=1
[DEBUG] [GD] page 1: 24 items
[DEBUG] [GD] HTTP 200 | CT=application/json; charset=utf-8 | page=2
[DEBUG] [GD] page 2: 24 items
[DEBUG] [GD] HTTP 200 | CT=application/json; charset=utf-8 | page=3
[DEBUG] [GD] page 3: 24 items
[DEBUG] [GD] HTTP 200 | CT=application/json; charset=utf-8 | page=4
[DEBUG] [GD] page 4: 24 items
[DEBUG] [GD] HTTP 200 | CT=application/json; charset=utf-8 | page=5
[DEBUG] [GD] page 5: 24 items
[DEBUG] [GD] total raw items before normalize: 120; unique kept: 116
[DEBUG] [GD] normalized rows: 116
[DEBUG] [GD] blocked by specialty/diesel filter: 105; passing: 11
[DEBUG] [Proxibid] parsed 30 rows across 1 page(s)
[DEBUG] [Renebates] found 54 events on index
[DEBUG] [Renebates] event: City Of Plano, Texas secs=280214
[DEBUG] [Renebates] City Of Plano, Texas -> 3 lots via https://renebates.com/a_list_2.php?id=265&cat=all
[DEBUG] [Renebates] event: Tatum Independent School District - Tatum, Texas secs=283811
[DEBUG] [Renebates] Tatum Independent School District - Tatum, Texas -> 6 lots via https://renebates.com/a_list_2.php?id=117&cat=all
[DEBUG] [DEBUG] collected 34 listings from all sites (after filter)
[DEBUG] [GD] HTTP 200 | CT=application/json; charset=utf-8 | page=1
[DEBUG] [GD] page 1: 24 items
[DEBUG] [GD] HTTP 200 | CT=application/json; charset=utf-8 | page=2
[DEBUG] [GD] page 2: 24 items
[DEBUG] [GD] HTTP 200 | CT=application/json; charset=utf-8 | page=3
[DEBUG] [GD] page 3: 24 items
[DEBUG] [GD] HTTP 200 | CT=application/json; charset=utf-8 | page=4
[DEBUG] [GD] page 4: 24 items
[DEBUG] [GD] HTTP 200 | CT=application/json; charset=utf-8 | page=5
[DEBUG] [GD] page 5: 24 items
[DEBUG] [GD] total raw items before normalize: 120; unique kept: 116
[DEBUG] [GD] normalized rows: 116
[DEBUG] [GD] blocked by specialty/diesel filter: 105; passing: 11
[DEBUG] [Proxibid] parsed 30 rows across 1 page(s)
[DEBUG] [Renebates] found 54 events on index
[DEBUG] [Renebates] event: City Of Plano, Texas secs=279556
[DEBUG] [Renebates] City Of Plano, Texas -> 3 lots via https://renebates.com/a_list_2.php?id=265&cat=all
[DEBUG] [Renebates] event: Tatum Independent School District - Tatum, Texas secs=283153
[DEBUG] [Renebates] Tatum Independent School District - Tatum, Texas -> 6 lots via https://renebates.com/a_list_2.php?id=117&cat=all
[DEBUG] [DEBUG] collected 34 listings from all sites (after filter)
[DEBUG] [GD] HTTP 200 | CT=application/json; charset=utf-8 | page=1
[DEBUG] [GD] page 1: 24 items
[DEBUG] [GD] HTTP 200 | CT=application/json; charset=utf-8 | page=2
[DEBUG] [GD] page 2: 24 items
[DEBUG] [GD] HTTP 200 | CT=application/json; charset=utf-8 | page=3
[DEBUG] [GD] page 3: 24 items
[DEBUG] [GD] HTTP 200 | CT=application/json; charset=utf-8 | page=4
[DEBUG] [GD] page 4: 24 items
[DEBUG] [GD] HTTP 200 | CT=application/json; charset=utf-8 | page=5
[DEBUG] [GD] page 5: 24 items
[DEBUG] [GD] total raw items before normalize: 120; unique kept: 116
[DEBUG] [GD] normalized rows: 116
[DEBUG] [GD] blocked by specialty/diesel filter: 105; passing: 11
[DEBUG] [Proxibid] parsed 30 rows across 1 page(s)
[DEBUG] [Renebates] found 54 events on index
[DEBUG] [Renebates] event: City Of Plano, Texas secs=278916
[DEBUG] [Renebates] City Of Plano, Texas -> 3 lots via https://renebates.com/a_list_2.php?id=265&cat=all
[DEBUG] [Renebates] event: Tatum Independent School District - Tatum, Texas secs=282513
[DEBUG] [Renebates] Tatum Independent School District - Tatum, Texas -> 6 lots via https://renebates.com/a_list_2.php?id=117&cat=all
[DEBUG] [DEBUG] collected 34 listings from all sites (after filter)
[DEBUG] [GD] HTTP 200 | CT=application/json; charset=utf-8 | page=1
[DEBUG] [GD] page 1: 24 items
[DEBUG] [GD] HTTP 200 | CT=application/json; charset=utf-8 | page=2
[DEBUG] [GD] page 2: 24 items
[DEBUG] [GD] HTTP 200 | CT=application/json; charset=utf-8 | page=3
[DEBUG] [GD] page 3: 24 items
[DEBUG] [GD] HTTP 200 | CT=application/json; charset=utf-8 | page=4
[DEBUG] [GD] page 4: 24 items
[DEBUG] [GD] HTTP 200 | CT=application/json; charset=utf-8 | page=5
[DEBUG] [GD] page 5: 24 items
[DEBUG] [GD] total raw items before normalize: 120; unique kept: 116
[DEBUG] [GD] normalized rows: 116
[DEBUG] [GD] blocked by specialty/diesel filter: 105; passing: 11
[DEBUG] [Proxibid] parsed 30 rows across 1 page(s)
[DEBUG] [Renebates] found 54 events on index
[DEBUG] [Renebates] event: City Of Plano, Texas secs=278263
[DEBUG] [Renebates] City Of Plano, Texas -> 3 lots via https://renebates.com/a_list_2.php?id=265&cat=all
[DEBUG] [Renebates] event: Tatum Independent School District - Tatum, Texas secs=281860
[DEBUG] [Renebates] Tatum Independent School District - Tatum, Texas -> 6 lots via https://renebates.com/a_list_2.php?id=117&cat=all
[DEBUG] [DEBUG] collected 34 listings from all sites (after filter)
[DEBUG] [GD] HTTP 200 | CT=application/json; charset=utf-8 | page=1
[DEBUG] [GD] page 1: 24 items
[DEBUG] [GD] HTTP 200 | CT=application/json; charset=utf-8 | page=2
[DEBUG] [GD] page 2: 24 items
[DEBUG] [GD] HTTP 200 | CT=application/json; charset=utf-8 | page=3
[DEBUG] [GD] page 3: 24 items
[DEBUG] [GD] HTTP 200 | CT=application/json; charset=utf-8 | page=4
[DEBUG] [GD] page 4: 24 items
[DEBUG] [GD] HTTP 200 | CT=application/json; charset=utf-8 | page=5
[DEBUG] [GD] page 5: 24 items
[DEBUG] [GD] total raw items before normalize: 120; unique kept: 116
[DEBUG] [GD] normalized rows: 116
[DEBUG] [GD] blocked by specialty/diesel filter: 105; passing: 11
[DEBUG] [Proxibid] parsed 30 rows across 1 page(s)
[DEBUG] [Renebates] found 54 events on index
[DEBUG] [Renebates] event: City Of Plano, Texas secs=277613
[DEBUG] [Renebates] City Of Plano, Texas -> 3 lots via https://renebates.com/a_list_2.php?id=265&cat=all
[DEBUG] [Renebates] event: Tatum Independent School District - Tatum, Texas secs=281210
[DEBUG] [Renebates] Tatum Independent School District - Tatum, Texas -> 6 lots via https://renebates.com/a_list_2.php?id=117&cat=all
[DEBUG] [DEBUG] collected 34 listings from all sites (after filter)
[DEBUG] [GD] HTTP 200 | CT=application/json; charset=utf-8 | page=1
[DEBUG] [GD] page 1: 24 items
[DEBUG] [GD] HTTP 200 | CT=application/json; charset=utf-8 | page=2
[DEBUG] [GD] page 2: 24 items
[DEBUG] [GD] HTTP 200 | CT=application/json; charset=utf-8 | page=3
[DEBUG] [GD] page 3: 24 items
[DEBUG] [GD] HTTP 200 | CT=application/json; charset=utf-8 | page=4
[DEBUG] [GD] page 4: 24 items
[DEBUG] [GD] HTTP 200 | CT=application/json; charset=utf-8 | page=5
[DEBUG] [GD] page 5: 24 items
[DEBUG] [GD] total raw items before normalize: 120; unique kept: 116
[DEBUG] [GD] normalized rows: 116
[DEBUG] [GD] blocked by specialty/diesel filter: 105; passing: 11
[DEBUG] [Proxibid] parsed 30 rows across 1 page(s)
[DEBUG] [Renebates] found 54 events on index
[DEBUG] [Renebates] event: City Of Plano, Texas secs=276963
[DEBUG] [Renebates] City Of Plano, Texas -> 3 lots via https://renebates.com/a_list_2.php?id=265&cat=all
[DEBUG] [Renebates] event: Tatum Independent School District - Tatum, Texas secs=280561
[DEBUG] [Renebates] Tatum Independent School District - Tatum, Texas -> 6 lots via https://renebates.com/a_list_2.php?id=117&cat=all
[DEBUG] [DEBUG] collected 34 listings from all sites (after filter)
[DEBUG] [GD] HTTP 200 | CT=application/json; charset=utf-8 | page=1
[DEBUG] [GD] page 1: 24 items
[DEBUG] [GD] HTTP 200 | CT=application/json; charset=utf-8 | page=2
[DEBUG] [GD] page 2: 24 items
[DEBUG] [GD] HTTP 200 | CT=application/json; charset=utf-8 | page=3
[DEBUG] [GD] page 3: 24 items
[DEBUG] [GD] HTTP 200 | CT=application/json; charset=utf-8 | page=4
[DEBUG] [GD] page 4: 24 items
[DEBUG] [GD] HTTP 200 | CT=application/json; charset=utf-8 | page=5
[DEBUG] [GD] page 5: 24 items
[DEBUG] [GD] total raw items before normalize: 120; unique kept: 116
[DEBUG] [GD] normalized rows: 116
[DEBUG] [GD] blocked by specialty/diesel filter: 105; passing: 11
[DEBUG] [Proxibid] parsed 30 rows across 1 page(s)
[DEBUG] [Renebates] found 54 events on index
[DEBUG] [Renebates] event: City Of Plano, Texas secs=276308
[DEBUG] [Renebates] City Of Plano, Texas -> 3 lots via https://renebates.com/a_list_2.php?id=265&cat=all
[DEBUG] [Renebates] event: Tatum Independent School District - Tatum, Texas secs=279905
[DEBUG] [Renebates] Tatum Independent School District - Tatum, Texas -> 6 lots via https://renebates.com/a_list_2.php?id=117&cat=all
[DEBUG] [DEBUG] collected 34 listings from all sites (after filter)
[DEBUG] [GD] HTTP 200 | CT=application/json; charset=utf-8 | page=1
[DEBUG] [GD] page 1: 24 items
[DEBUG] [GD] HTTP 200 | CT=application/json; charset=utf-8 | page=2
[DEBUG] [GD] page 2: 24 items
[DEBUG] [GD] HTTP 200 | CT=application/json; charset=utf-8 | page=3
[DEBUG] [GD] page 3: 24 items
[DEBUG] [GD] HTTP 200 | CT=application/json; charset=utf-8 | page=4
[DEBUG] [GD] page 4: 24 items
[DEBUG] [GD] HTTP 200 | CT=application/json; charset=utf-8 | page=5
[DEBUG] [GD] page 5: 24 items
[DEBUG] [GD] total raw items before normalize: 120; unique kept: 116
[DEBUG] [GD] normalized rows: 116
[DEBUG] [GD] blocked by specialty/diesel filter: 105; passing: 11
[DEBUG] [Proxibid] parsed 30 rows across 1 page(s)
[DEBUG] [Renebates] found 54 events on index
[DEBUG] [Renebates] event: City Of Plano, Texas secs=275661
[DEBUG] [Renebates] City Of Plano, Texas -> 3 lots via https://renebates.com/a_list_2.php?id=265&cat=all
[DEBUG] [Renebates] event: Tatum Independent School District - Tatum, Texas secs=279257
[DEBUG] [Renebates] Tatum Independent School District - Tatum, Texas -> 6 lots via https://renebates.com/a_list_2.php?id=117&cat=all
[DEBUG] [DEBUG] collected 34 listings from all sites (after filter)
[DEBUG] [GD] HTTP 200 | CT=application/json; charset=utf-8 | page=1
[DEBUG] [GD] page 1: 24 items
[DEBUG] [GD] HTTP 200 | CT=application/json; charset=utf-8 | page=2
[DEBUG] [GD] page 2: 24 items
[DEBUG] [GD] HTTP 200 | CT=application/json; charset=utf-8 | page=3
[DEBUG] [GD] page 3: 24 items
[DEBUG] [GD] HTTP 200 | CT=application/json; charset=utf-8 | page=4
[DEBUG] [GD] page 4: 24 items
[DEBUG] [GD] HTTP 200 | CT=application/json; charset=utf-8 | page=5
[DEBUG] [GD] page 5: 24 items
[DEBUG] [GD] total raw items before normalize: 120; unique kept: 116
[DEBUG] [GD] normalized rows: 116
[DEBUG] [GD] blocked by specialty/diesel filter: 105; passing: 11
[DEBUG] [Proxibid] parsed 30 rows across 1 page(s)
[DEBUG] [Renebates] found 54 events on index
[DEBUG] [Renebates] event: City Of Plano, Texas secs=275006
[DEBUG] [Renebates] City Of Plano, Texas -> 3 lots via https://renebates.com/a_list_2.php?id=265&cat=all
[DEBUG] [Renebates] event: Tatum Independent School District - Tatum, Texas secs=278603
[DEBUG] [Renebates] Tatum Independent School District - Tatum, Texas -> 6 lots via https://renebates.com/a_list_2.php?id=117&cat=all
[DEBUG] [DEBUG] collected 34 listings from all sites (after filter)
[DEBUG] [GD] HTTP 200 | CT=application/json; charset=utf-8 | page=1
[DEBUG] [GD] page 1: 24 items
[DEBUG] [GD] HTTP 200 | CT=application/json; charset=utf-8 | page=2
[DEBUG] [GD] page 2: 24 items
[DEBUG] [GD] HTTP 200 | CT=application/json; charset=utf-8 | page=3
[DEBUG] [GD] page 3: 24 items
[DEBUG] [GD] HTTP 200 | CT=application/json; charset=utf-8 | page=4
[DEBUG] [GD] page 4: 24 items
[DEBUG] [GD] HTTP 200 | CT=application/json; charset=utf-8 | page=5
[DEBUG] [GD] page 5: 24 items
[DEBUG] [GD] total raw items before normalize: 120; unique kept: 116
[DEBUG] [GD] normalized rows: 116
[DEBUG] [GD] blocked by specialty/diesel filter: 105; passing: 11
[DEBUG] [Proxibid] parsed 30 rows across 1 page(s)
[DEBUG] [Renebates] found 54 events on index
[DEBUG] [Renebates] event: City Of Plano, Texas secs=274360
[DEBUG] [Renebates] City Of Plano, Texas -> 3 lots via https://renebates.com/a_list_2.php?id=265&cat=all
[DEBUG] [Renebates] event: Tatum Independent School District - Tatum, Texas secs=277957
[DEBUG] [Renebates] Tatum Independent School District - Tatum, Texas -> 6 lots via https://renebates.com/a_list_2.php?id=117&cat=all
[DEBUG] [DEBUG] collected 34 listings from all sites (after filter)
[DEBUG] [GD] HTTP 200 | CT=application/json; charset=utf-8 | page=1
[DEBUG] [GD] page 1: 24 items
[DEBUG] [GD] HTTP 200 | CT=application/json; charset=utf-8 | page=2
[DEBUG] [GD] page 2: 24 items
[DEBUG] [GD] HTTP 200 | CT=application/json; charset=utf-8 | page=3
[DEBUG] [GD] page 3: 24 items
[DEBUG] [GD] HTTP 200 | CT=application/json; charset=utf-8 | page=4
[DEBUG] [GD] page 4: 24 items
[DEBUG] [GD] HTTP 200 | CT=application/json; charset=utf-8 | page=5
[DEBUG] [GD] page 5: 24 items
[DEBUG] [GD] total raw items before normalize: 120; unique kept: 116
[DEBUG] [GD] normalized rows: 116
[DEBUG] [GD] blocked by specialty/diesel filter: 105; passing: 11
[DEBUG] [Proxibid] parsed 30 rows across 1 page(s)
[DEBUG] [Renebates] found 54 events on index
[DEBUG] [Renebates] event: City Of Plano, Texas secs=273705
[DEBUG] [Renebates] City Of Plano, Texas -> 3 lots via https://renebates.com/a_list_2.php?id=265&cat=all
[DEBUG] [Renebates] event: Tatum Independent School District - Tatum, Texas secs=277301
[DEBUG] [Renebates] Tatum Independent School District - Tatum, Texas -> 6 lots via https://renebates.com/a_list_2.php?id=117&cat=all
[DEBUG] [DEBUG] collected 34 listings from all sites (after filter)
[DEBUG] [GD] HTTP 200 | CT=application/json; charset=utf-8 | page=1
[DEBUG] [GD] page 1: 24 items
[DEBUG] [GD] HTTP 200 | CT=application/json; charset=utf-8 | page=2
[DEBUG] [GD] page 2: 24 items
[DEBUG] [GD] HTTP 200 | CT=application/json; charset=utf-8 | page=3
[DEBUG] [GD] page 3: 24 items
[DEBUG] [GD] HTTP 200 | CT=application/json; charset=utf-8 | page=4
[DEBUG] [GD] page 4: 24 items
[DEBUG] [GD] HTTP 200 | CT=application/json; charset=utf-8 | page=5
[DEBUG] [GD] page 5: 24 items
[DEBUG] [GD] total raw items before normalize: 120; unique kept: 116
[DEBUG] [GD] normalized rows: 116
[DEBUG] [GD] blocked by specialty/diesel filter: 105; passing: 11
[DEBUG] [Proxibid] parsed 30 rows across 1 page(s)
[DEBUG] [Renebates] found 54 events on index
[DEBUG] [Renebates] event: City Of Plano, Texas secs=273062
[DEBUG] [Renebates] City Of Plano, Texas -> 3 lots via https://renebates.com/a_list_2.php?id=265&cat=all
[DEBUG] [Renebates] event: Tatum Independent School District - Tatum, Texas secs=276658
[DEBUG] [Renebates] Tatum Independent School District - Tatum, Texas -> 6 lots via https://renebates.com/a_list_2.php?id=117&cat=all
[DEBUG] [DEBUG] collected 34 listings from all sites (after filter)
[DEBUG] [GD] HTTP 200 | CT=application/json; charset=utf-8 | page=1
[DEBUG] [GD] page 1: 24 items
[DEBUG] [GD] HTTP 200 | CT=application/json; charset=utf-8 | page=2
[DEBUG] [GD] page 2: 24 items
[DEBUG] [GD] HTTP 200 | CT=application/json; charset=utf-8 | page=3
[DEBUG] [GD] page 3: 24 items
[DEBUG] [GD] HTTP 200 | CT=application/json; charset=utf-8 | page=4
[DEBUG] [GD] page 4: 24 items
[DEBUG] [GD] HTTP 200 | CT=application/json; charset=utf-8 | page=5
[DEBUG] [GD] page 5: 24 items
[DEBUG] [GD] total raw items before normalize: 120; unique kept: 116
[DEBUG] [GD] normalized rows: 116
[DEBUG] [GD] blocked by specialty/diesel filter: 105; passing: 11
[DEBUG] [Proxibid] parsed 30 rows across 1 page(s)
[DEBUG] [Renebates] found 54 events on index
[DEBUG] [Renebates] event: City Of Plano, Texas secs=272413
[DEBUG] [Renebates] City Of Plano, Texas -> 3 lots via https://renebates.com/a_list_2.php?id=265&cat=all
[DEBUG] [Renebates] event: Tatum Independent School District - Tatum, Texas secs=276010
[DEBUG] [Renebates] Tatum Independent School District - Tatum, Texas -> 6 lots via https://renebates.com/a_list_2.php?id=117&cat=all
[DEBUG] [DEBUG] collected 34 listings from all sites (after filter)
[DEBUG] [GD] HTTP 200 | CT=application/json; charset=utf-8 | page=1
[DEBUG] [GD] page 1: 24 items
[DEBUG] [GD] HTTP 200 | CT=application/json; charset=utf-8 | page=2
[DEBUG] [GD] page 2: 24 items
[DEBUG] [GD] HTTP 200 | CT=application/json; charset=utf-8 | page=3
[DEBUG] [GD] page 3: 24 items
[DEBUG] [GD] HTTP 200 | CT=application/json; charset=utf-8 | page=4
[DEBUG] [GD] page 4: 24 items
[DEBUG] [GD] HTTP 200 | CT=application/json; charset=utf-8 | page=5
[DEBUG] [GD] page 5: 24 items
[DEBUG] [GD] total raw items before normalize: 120; unique kept: 116
[DEBUG] [GD] normalized rows: 116
[DEBUG] [GD] blocked by specialty/diesel filter: 105; passing: 11
[DEBUG] [Proxibid] parsed 30 rows across 1 page(s)
[DEBUG] [Renebates] found 54 events on index
[DEBUG] [Renebates] event: City Of Plano, Texas secs=271774
[DEBUG] [Renebates] City Of Plano, Texas -> 3 lots via https://renebates.com/a_list_2.php?id=265&cat=all
[DEBUG] [Renebates] event: Tatum Independent School District - Tatum, Texas secs=275371
[DEBUG] [Renebates] Tatum Independent School District - Tatum, Texas -> 6 lots via https://renebates.com/a_list_2.php?id=117&cat=all
[DEBUG] [DEBUG] collected 34 listings from all sites (after filter)
[DEBUG] [GD] HTTP 200 | CT=application/json; charset=utf-8 | page=1
[DEBUG] [GD] page 1: 24 items
[DEBUG] [GD] HTTP 200 | CT=application/json; charset=utf-8 | page=2
[DEBUG] [GD] page 2: 24 items
[DEBUG] [GD] HTTP 200 | CT=application/json; charset=utf-8 | page=3
[DEBUG] [GD] page 3: 24 items
[DEBUG] [GD] HTTP 200 | CT=application/json; charset=utf-8 | page=4
[DEBUG] [GD] page 4: 24 items
[DEBUG] [GD] HTTP 200 | CT=application/json; charset=utf-8 | page=5
[DEBUG] [GD] page 5: 24 items
[DEBUG] [GD] total raw items before normalize: 120; unique kept: 116
[DEBUG] [GD] normalized rows: 116
[DEBUG] [GD] blocked by specialty/diesel filter: 105; passing: 11
[DEBUG] [Proxibid] parsed 30 rows across 1 page(s)
[DEBUG] [Renebates] found 54 events on index
[DEBUG] [Renebates] event: City Of Plano, Texas secs=271130
[DEBUG] [Renebates] City Of Plano, Texas -> 3 lots via https://renebates.com/a_list_2.php?id=265&cat=all
[DEBUG] [Renebates] event: Tatum Independent School District - Tatum, Texas secs=274726
[DEBUG] [Renebates] Tatum Independent School District - Tatum, Texas -> 6 lots via https://renebates.com/a_list_2.php?id=117&cat=all
[DEBUG] [DEBUG] collected 34 listings from all sites (after filter)
[DEBUG] [GD] HTTP 200 | CT=application/json; charset=utf-8 | page=1
[DEBUG] [GD] page 1: 24 items
[DEBUG] [GD] HTTP 200 | CT=application/json; charset=utf-8 | page=2
[DEBUG] [GD] page 2: 24 items
[DEBUG] [GD] HTTP 200 | CT=application/json; charset=utf-8 | page=3
[DEBUG] [GD] page 3: 24 items
[DEBUG] [GD] HTTP 200 | CT=application/json; charset=utf-8 | page=4
[DEBUG] [GD] page 4: 24 items
[DEBUG] [GD] HTTP 200 | CT=application/json; charset=utf-8 | page=5
[DEBUG] [GD] page 5: 24 items
[DEBUG] [GD] total raw items before normalize: 120; unique kept: 116
[DEBUG] [GD] normalized rows: 116
[DEBUG] [GD] blocked by specialty/diesel filter: 105; passing: 11
[DEBUG] [Proxibid] parsed 30 rows across 1 page(s)
[DEBUG] [Renebates] found 54 events on index
[DEBUG] [Renebates] event: City Of Plano, Texas secs=270483
[DEBUG] [Renebates] City Of Plano, Texas -> 3 lots via https://renebates.com/a_list_2.php?id=265&cat=all
[DEBUG] [Renebates] event: Tatum Independent School District - Tatum, Texas secs=274080
[DEBUG] [Renebates] Tatum Independent School District - Tatum, Texas -> 6 lots via https://renebates.com/a_list_2.php?id=117&cat=all
[DEBUG] [DEBUG] collected 34 listings from all sites (after filter)
[DEBUG] [GD] HTTP 200 | CT=application/json; charset=utf-8 | page=1
[DEBUG] [GD] page 1: 24 items
[DEBUG] [GD] HTTP 200 | CT=application/json; charset=utf-8 | page=2
[DEBUG] [GD] page 2: 24 items
[DEBUG] [GD] HTTP 200 | CT=application/json; charset=utf-8 | page=3
[DEBUG] [GD] page 3: 24 items
[DEBUG] [GD] HTTP 200 | CT=application/json; charset=utf-8 | page=4
[DEBUG] [GD] page 4: 24 items
[DEBUG] [GD] HTTP 200 | CT=application/json; charset=utf-8 | page=5
[DEBUG] [GD] page 5: 24 items
[DEBUG] [GD] total raw items before normalize: 120; unique kept: 116
[DEBUG] [GD] normalized rows: 116
[DEBUG] [GD] blocked by specialty/diesel filter: 105; passing: 11
[DEBUG] [Proxibid] parsed 30 rows across 1 page(s)
[DEBUG] [Renebates] found 54 events on index
[DEBUG] [Renebates] event: City Of Plano, Texas secs=269840
[DEBUG] [Renebates] City Of Plano, Texas -> 3 lots via https://renebates.com/a_list_2.php?id=265&cat=all
[DEBUG] [Renebates] event: Tatum Independent School District - Tatum, Texas secs=273437
[DEBUG] [Renebates] Tatum Independent School District - Tatum, Texas -> 6 lots via https://renebates.com/a_list_2.php?id=117&cat=all
[DEBUG] [DEBUG] collected 34 listings from all sites (after filter)
[DEBUG] [GD] HTTP 200 | CT=application/json; charset=utf-8 | page=1
[DEBUG] [GD] page 1: 24 items
[DEBUG] [GD] HTTP 200 | CT=application/json; charset=utf-8 | page=2
[DEBUG] [GD] page 2: 24 items
[DEBUG] [GD] HTTP 200 | CT=application/json; charset=utf-8 | page=3
[DEBUG] [GD] page 3: 24 items
[DEBUG] [GD] HTTP 200 | CT=application/json; charset=utf-8 | page=4
[DEBUG] [GD] page 4: 24 items
[DEBUG] [GD] HTTP 200 | CT=application/json; charset=utf-8 | page=5
[DEBUG] [GD] page 5: 24 items
[DEBUG] [GD] total raw items before normalize: 120; unique kept: 116
[DEBUG] [GD] normalized rows: 116
[DEBUG] [GD] blocked by specialty/diesel filter: 105; passing: 11
[DEBUG] [Proxibid] parsed 30 rows across 1 page(s)
[DEBUG] [Renebates] found 54 events on index
[DEBUG] [Renebates] event: City Of Plano, Texas secs=269194
[DEBUG] [Renebates] City Of Plano, Texas -> 3 lots via https://renebates.com/a_list_2.php?id=265&cat=all
[DEBUG] [Renebates] event: Tatum Independent School District - Tatum, Texas secs=272790
[DEBUG] [Renebates] Tatum Independent School District - Tatum, Texas -> 6 lots via https://renebates.com/a_list_2.php?id=117&cat=all
[DEBUG] [DEBUG] collected 34 listings from all sites (after filter)
[DEBUG] [GD] HTTP 200 | CT=application/json; charset=utf-8 | page=1
[DEBUG] [GD] page 1: 24 items
[DEBUG] [GD] HTTP 200 | CT=application/json; charset=utf-8 | page=2
[DEBUG] [GD] page 2: 24 items
[DEBUG] [GD] HTTP 200 | CT=application/json; charset=utf-8 | page=3
[DEBUG] [GD] page 3: 24 items
[DEBUG] [GD] HTTP 200 | CT=application/json; charset=utf-8 | page=4
[DEBUG] [GD] page 4: 24 items
[DEBUG] [GD] HTTP 200 | CT=application/json; charset=utf-8 | page=5
[DEBUG] [GD] page 5: 24 items
[DEBUG] [GD] total raw items before normalize: 120; unique kept: 116
[DEBUG] [GD] normalized rows: 116
[DEBUG] [GD] blocked by specialty/diesel filter: 105; passing: 11
[DEBUG] [Proxibid] parsed 30 rows across 1 page(s)
[DEBUG] [Renebates] found 54 events on index
[DEBUG] [Renebates] event: City Of Plano, Texas secs=268550
[DEBUG] [Renebates] City Of Plano, Texas -> 3 lots via https://renebates.com/a_list_2.php?id=265&cat=all
[DEBUG] [Renebates] event: Tatum Independent School District - Tatum, Texas secs=272146
[DEBUG] [Renebates] Tatum Independent School District - Tatum, Texas -> 6 lots via https://renebates.com/a_list_2.php?id=117&cat=all
[DEBUG] [DEBUG] collected 34 listings from all sites (after filter)
[DEBUG] [GD] HTTP 200 | CT=application/json; charset=utf-8 | page=1
[DEBUG] [GD] page 1: 24 items
[DEBUG] [GD] HTTP 200 | CT=application/json; charset=utf-8 | page=2
[DEBUG] [GD] page 2: 24 items
[DEBUG] [GD] HTTP 200 | CT=application/json; charset=utf-8 | page=3
[DEBUG] [GD] page 3: 24 items
[DEBUG] [GD] HTTP 200 | CT=application/json; charset=utf-8 | page=4
[DEBUG] [GD] page 4: 24 items
[DEBUG] [GD] HTTP 200 | CT=application/json; charset=utf-8 | page=5
[DEBUG] [GD] page 5: 24 items
[DEBUG] [GD] total raw items before normalize: 120; unique kept: 116
[DEBUG] [GD] normalized rows: 116
[DEBUG] [GD] blocked by specialty/diesel filter: 105; passing: 11
[DEBUG] [Proxibid] parsed 30 rows across 1 page(s)
[DEBUG] [Renebates] found 54 events on index
[DEBUG] [Renebates] event: City Of Plano, Texas secs=267907
[DEBUG] [Renebates] City Of Plano, Texas -> 3 lots via https://renebates.com/a_list_2.php?id=265&cat=all
[DEBUG] [Renebates] event: Tatum Independent School District - Tatum, Texas secs=271504
[DEBUG] [Renebates] Tatum Independent School District - Tatum, Texas -> 6 lots via https://renebates.com/a_list_2.php?id=117&cat=all
[DEBUG] [DEBUG] collected 34 listings from all sites (after filter)
[DEBUG] [GD] HTTP 200 | CT=application/json; charset=utf-8 | page=1
[DEBUG] [GD] page 1: 24 items
[DEBUG] [GD] HTTP 200 | CT=application/json; charset=utf-8 | page=2
[DEBUG] [GD] page 2: 24 items
[DEBUG] [GD] HTTP 200 | CT=application/json; charset=utf-8 | page=3
[DEBUG] [GD] page 3: 24 items
[DEBUG] [GD] HTTP 200 | CT=application/json; charset=utf-8 | page=4
[DEBUG] [GD] page 4: 24 items
[DEBUG] [GD] HTTP 200 | CT=application/json; charset=utf-8 | page=5
[DEBUG] [GD] page 5: 24 items
[DEBUG] [GD] total raw items before normalize: 120; unique kept: 116
[DEBUG] [GD] normalized rows: 116
[DEBUG] [GD] blocked by specialty/diesel filter: 105; passing: 11
[DEBUG] [Proxibid] parsed 30 rows across 1 page(s)
[DEBUG] [Renebates] found 54 events on index
[DEBUG] [Renebates] event: City Of Plano, Texas secs=267253
[DEBUG] [Renebates] City Of Plano, Texas -> 3 lots via https://renebates.com/a_list_2.php?id=265&cat=all
[DEBUG] [Renebates] event: Tatum Independent School District - Tatum, Texas secs=270849
[DEBUG] [Renebates] Tatum Independent School District - Tatum, Texas -> 6 lots via https://renebates.com/a_list_2.php?id=117&cat=all
[DEBUG] [DEBUG] collected 21 listings from all sites (after filter)
[DEBUG] [GD] HTTP 200 | CT=application/json; charset=utf-8 | page=1
[DEBUG] [GD] page 1: 24 items
[DEBUG] [GD] HTTP 200 | CT=application/json; charset=utf-8 | page=2
[DEBUG] [GD] page 2: 24 items
[DEBUG] [GD] HTTP 200 | CT=application/json; charset=utf-8 | page=3
[DEBUG] [GD] page 3: 24 items
[DEBUG] [GD] HTTP 200 | CT=application/json; charset=utf-8 | page=4
[DEBUG] [GD] page 4: 24 items
[DEBUG] [GD] HTTP 200 | CT=application/json; charset=utf-8 | page=5
[DEBUG] [GD] page 5: 24 items
[DEBUG] [GD] total raw items before normalize: 120; unique kept: 116
[DEBUG] [GD] normalized rows: 116
[DEBUG] [GD] blocked by specialty/diesel filter: 105; passing: 11
[DEBUG] [Proxibid] parsed 30 rows across 1 page(s)
[DEBUG] [Renebates] found 54 events on index
[DEBUG] [Renebates] event: City Of Plano, Texas secs=266600
[DEBUG] [Renebates] City Of Plano, Texas -> 3 lots via https://renebates.com/a_list_2.php?id=265&cat=all
[DEBUG] [Renebates] event: Tatum Independent School District - Tatum, Texas secs=270197
[DEBUG] [Renebates] Tatum Independent School District - Tatum, Texas -> 6 lots via https://renebates.com/a_list_2.php?id=117&cat=all
[DEBUG] [DEBUG] collected 21 listings from all sites (after filter)
[DEBUG] [GD] HTTP 200 | CT=application/json; charset=utf-8 | page=1
[DEBUG] [GD] page 1: 24 items
[DEBUG] [GD] HTTP 200 | CT=application/json; charset=utf-8 | page=2
[DEBUG] [GD] page 2: 24 items
[DEBUG] [GD] HTTP 200 | CT=application/json; charset=utf-8 | page=3
[DEBUG] [GD] page 3: 24 items
[DEBUG] [GD] HTTP 200 | CT=application/json; charset=utf-8 | page=4
[DEBUG] [GD] page 4: 24 items
[DEBUG] [GD] HTTP 200 | CT=application/json; charset=utf-8 | page=5
[DEBUG] [GD] page 5: 24 items
[DEBUG] [GD] total raw items before normalize: 120; unique kept: 116
[DEBUG] [GD] normalized rows: 116
[DEBUG] [GD] blocked by specialty/diesel filter: 105; passing: 11
[DEBUG] [Proxibid] parsed 30 rows across 1 page(s)
[DEBUG] [Renebates] found 54 events on index
[DEBUG] [Renebates] event: City Of Plano, Texas secs=265949
[DEBUG] [Renebates] City Of Plano, Texas -> 3 lots via https://renebates.com/a_list_2.php?id=265&cat=all
[DEBUG] [Renebates] event: Tatum Independent School District - Tatum, Texas secs=269545
[DEBUG] [Renebates] Tatum Independent School District - Tatum, Texas -> 6 lots via https://renebates.com/a_list_2.php?id=117&cat=all
[DEBUG] [DEBUG] collected 21 listings from all sites (after filter)
[DEBUG] [GD] HTTP 200 | CT=application/json; charset=utf-8 | page=1
[DEBUG] [GD] page 1: 24 items
[DEBUG] [GD] HTTP 200 | CT=application/json; charset=utf-8 | page=2
[DEBUG] [GD] page 2: 24 items
[DEBUG] [GD] HTTP 200 | CT=application/json; charset=utf-8 | page=3
[DEBUG] [GD] page 3: 24 items
[DEBUG] [GD] HTTP 200 | CT=application/json; charset=utf-8 | page=4
[DEBUG] [GD] page 4: 24 items
[DEBUG] [GD] HTTP 200 | CT=application/json; charset=utf-8 | page=5
[DEBUG] [GD] page 5: 24 items
[DEBUG] [GD] total raw items before normalize: 120; unique kept: 116
[DEBUG] [GD] normalized rows: 116
[DEBUG] [GD] blocked by specialty/diesel filter: 105; passing: 11
[DEBUG] [Proxibid] parsed 30 rows across 1 page(s)
[DEBUG] [Renebates] found 54 events on index
[DEBUG] [Renebates] event: City Of Plano, Texas secs=265303
[DEBUG] [Renebates] City Of Plano, Texas -> 3 lots via https://renebates.com/a_list_2.php?id=265&cat=all
[DEBUG] [Renebates] event: Tatum Independent School District - Tatum, Texas secs=268901
[DEBUG] [Renebates] Tatum Independent School District - Tatum, Texas -> 6 lots via https://renebates.com/a_list_2.php?id=117&cat=all
[DEBUG] [DEBUG] collected 21 listings from all sites (after filter)
[DEBUG] [GD] HTTP 200 | CT=application/json; charset=utf-8 | page=1
[DEBUG] [GD] page 1: 24 items
[DEBUG] [GD] HTTP 200 | CT=application/json; charset=utf-8 | page=2
[DEBUG] [GD] page 2: 24 items
[DEBUG] [GD] HTTP 200 | CT=application/json; charset=utf-8 | page=3
[DEBUG] [GD] page 3: 24 items
[DEBUG] [GD] HTTP 200 | CT=application/json; charset=utf-8 | page=4
[DEBUG] [GD] page 4: 24 items
[DEBUG] [GD] HTTP 200 | CT=application/json; charset=utf-8 | page=5
[DEBUG] [GD] page 5: 24 items
[DEBUG] [GD] total raw items before normalize: 120; unique kept: 116
[DEBUG] [GD] normalized rows: 116
[DEBUG] [GD] blocked by specialty/diesel filter: 105; passing: 11
[DEBUG] [Proxibid] parsed 30 rows across 1 page(s)
[DEBUG] [Renebates] found 54 events on index
[DEBUG] [Renebates] event: City Of Plano, Texas secs=264654
[DEBUG] [Renebates] City Of Plano, Texas -> 3 lots via https://renebates.com/a_list_2.php?id=265&cat=all
[DEBUG] [Renebates] event: Tatum Independent School District - Tatum, Texas secs=268250
[DEBUG] [Renebates] Tatum Independent School District - Tatum, Texas -> 6 lots via https://renebates.com/a_list_2.php?id=117&cat=all
[DEBUG] [DEBUG] collected 21 listings from all sites (after filter)
[DEBUG] [GD] HTTP 200 | CT=application/json; charset=utf-8 | page=1
[DEBUG] [GD] page 1: 24 items
[DEBUG] [GD] HTTP 200 | CT=application/json; charset=utf-8 | page=2
[DEBUG] [GD] page 2: 24 items
[DEBUG] [GD] HTTP 200 | CT=application/json; charset=utf-8 | page=3
[DEBUG] [GD] page 3: 24 items
[DEBUG] [GD] HTTP 200 | CT=application/json; charset=utf-8 | page=4
[DEBUG] [GD] page 4: 24 items
[DEBUG] [GD] HTTP 200 | CT=application/json; charset=utf-8 | page=5
[DEBUG] [GD] page 5: 24 items
[DEBUG] [GD] total raw items before normalize: 120; unique kept: 116
[DEBUG] [GD] normalized rows: 116
[DEBUG] [GD] blocked by specialty/diesel filter: 105; passing: 11
[DEBUG] [Proxibid] parsed 30 rows across 1 page(s)
[DEBUG] [Renebates] found 54 events on index
[DEBUG] [Renebates] event: City Of Plano, Texas secs=264011
[DEBUG] [Renebates] City Of Plano, Texas -> 3 lots via https://renebates.com/a_list_2.php?id=265&cat=all
[DEBUG] [Renebates] event: Tatum Independent School District - Tatum, Texas secs=267608
[DEBUG] [Renebates] Tatum Independent School District - Tatum, Texas -> 6 lots via https://renebates.com/a_list_2.php?id=117&cat=all
[DEBUG] [DEBUG] collected 21 listings from all sites (after filter)
[DEBUG] [GD] HTTP 200 | CT=application/json; charset=utf-8 | page=1
[DEBUG] [GD] page 1: 24 items
[DEBUG] [GD] HTTP 200 | CT=application/json; charset=utf-8 | page=2
[DEBUG] [GD] page 2: 24 items
[DEBUG] [GD] HTTP 200 | CT=application/json; charset=utf-8 | page=3
[DEBUG] [GD] page 3: 24 items
[DEBUG] [GD] HTTP 200 | CT=application/json; charset=utf-8 | page=4
[DEBUG] [GD] page 4: 24 items
[DEBUG] [GD] HTTP 200 | CT=application/json; charset=utf-8 | page=5
[DEBUG] [GD] page 5: 24 items
[DEBUG] [GD] total raw items before normalize: 120; unique kept: 116
[DEBUG] [GD] normalized rows: 116
[DEBUG] [GD] blocked by specialty/diesel filter: 105; passing: 11
[DEBUG] [Proxibid] parsed 30 rows across 1 page(s)
[DEBUG] [Renebates] found 54 events on index
[DEBUG] [Renebates] event: City Of Plano, Texas secs=263366
[DEBUG] [Renebates] City Of Plano, Texas -> 3 lots via https://renebates.com/a_list_2.php?id=265&cat=all
[DEBUG] [Renebates] event: Tatum Independent School District - Tatum, Texas secs=266962
[DEBUG] [Renebates] Tatum Independent School District - Tatum, Texas -> 6 lots via https://renebates.com/a_list_2.php?id=117&cat=all
[DEBUG] [DEBUG] collected 21 listings from all sites (after filter)
[DEBUG] [GD] HTTP 200 | CT=application/json; charset=utf-8 | page=1
[DEBUG] [GD] page 1: 24 items
[DEBUG] [GD] HTTP 200 | CT=application/json; charset=utf-8 | page=2
[DEBUG] [GD] page 2: 24 items
[DEBUG] [GD] HTTP 200 | CT=application/json; charset=utf-8 | page=3
[DEBUG] [GD] page 3: 24 items
[DEBUG] [GD] HTTP 200 | CT=application/json; charset=utf-8 | page=4
[DEBUG] [GD] page 4: 24 items
[DEBUG] [GD] HTTP 200 | CT=application/json; charset=utf-8 | page=5
[DEBUG] [GD] page 5: 24 items
[DEBUG] [GD] total raw items before normalize: 120; unique kept: 116
[DEBUG] [GD] normalized rows: 116
[DEBUG] [GD] blocked by specialty/diesel filter: 105; passing: 11
[DEBUG] [Proxibid] parsed 30 rows across 1 page(s)
[DEBUG] [Renebates] found 54 events on index
[DEBUG] [Renebates] event: City Of Plano, Texas secs=262710
[DEBUG] [Renebates] City Of Plano, Texas -> 3 lots via https://renebates.com/a_list_2.php?id=265&cat=all
[DEBUG] [Renebates] event: Tatum Independent School District - Tatum, Texas secs=266306
[DEBUG] [Renebates] Tatum Independent School District - Tatum, Texas -> 6 lots via https://renebates.com/a_list_2.php?id=117&cat=all
[DEBUG] [DEBUG] collected 21 listings from all sites (after filter)
❌ Digest SMS failed: HTTP 401 error: Unable to create record: Authenticate
📬 Daily digest SMS sent.
[DEBUG] [GD] HTTP 200 | CT=application/json; charset=utf-8 | page=1
[DEBUG] [GD] page 1: 24 items
[DEBUG] [GD] HTTP 200 | CT=application/json; charset=utf-8 | page=2
[DEBUG] [GD] page 2: 24 items
[DEBUG] [GD] HTTP 200 | CT=application/json; charset=utf-8 | page=3
[DEBUG] [GD] page 3: 24 items
[DEBUG] [GD] HTTP 200 | CT=application/json; charset=utf-8 | page=4
[DEBUG] [GD] page 4: 24 items
[DEBUG] [GD] HTTP 200 | CT=application/json; charset=utf-8 | page=5
[DEBUG] [GD] page 5: 24 items
[DEBUG] [GD] total raw items before normalize: 120; unique kept: 116
[DEBUG] [GD] normalized rows: 116
[DEBUG] [GD] blocked by specialty/diesel filter: 105; passing: 11
[DEBUG] [Proxibid] parsed 30 rows across 1 page(s)
[DEBUG] [Renebates] found 54 events on index
[DEBUG] [Renebates] event: City Of Plano, Texas secs=262060
[DEBUG] [Renebates] City Of Plano, Texas -> 3 lots via https://renebates.com/a_list_2.php?id=265&cat=all
[DEBUG] [Renebates] event: Tatum Independent School District - Tatum, Texas secs=265656
[DEBUG] [Renebates] Tatum Independent School District - Tatum, Texas -> 6 lots via https://renebates.com/a_list_2.php?id=117&cat=all
[DEBUG] [DEBUG] collected 21 listings from all sites (after filter)
[DEBUG] [GD] HTTP 200 | CT=application/json; charset=utf-8 | page=1
[DEBUG] [GD] page 1: 24 items
[DEBUG] [GD] HTTP 200 | CT=application/json; charset=utf-8 | page=2
[DEBUG] [GD] page 2: 24 items
[DEBUG] [GD] HTTP 200 | CT=application/json; charset=utf-8 | page=3
[DEBUG] [GD] page 3: 24 items
[DEBUG] [GD] HTTP 200 | CT=application/json; charset=utf-8 | page=4
[DEBUG] [GD] page 4: 24 items
[DEBUG] [GD] HTTP 200 | CT=application/json; charset=utf-8 | page=5
[DEBUG] [GD] page 5: 24 items
[DEBUG] [GD] total raw items before normalize: 120; unique kept: 116
[DEBUG] [GD] normalized rows: 116
[DEBUG] [GD] blocked by specialty/diesel filter: 105; passing: 11
[DEBUG] [Proxibid] parsed 30 rows across 1 page(s)
[DEBUG] [Renebates] found 54 events on index
[DEBUG] [Renebates] event: City Of Plano, Texas secs=261416
[DEBUG] [Renebates] City Of Plano, Texas -> 3 lots via https://renebates.com/a_list_2.php?id=265&cat=all
[DEBUG] [Renebates] event: Tatum Independent School District - Tatum, Texas secs=265012
[DEBUG] [Renebates] Tatum Independent School District - Tatum, Texas -> 6 lots via https://renebates.com/a_list_2.php?id=117&cat=all
[DEBUG] [DEBUG] collected 21 listings from all sites (after filter)
[DEBUG] [GD] HTTP 200 | CT=application/json; charset=utf-8 | page=1
[DEBUG] [GD] page 1: 24 items
[DEBUG] [GD] HTTP 200 | CT=application/json; charset=utf-8 | page=2
[DEBUG] [GD] page 2: 24 items
[DEBUG] [GD] HTTP 200 | CT=application/json; charset=utf-8 | page=3
[DEBUG] [GD] page 3: 24 items
[DEBUG] [GD] HTTP 200 | CT=application/json; charset=utf-8 | page=4
[DEBUG] [GD] page 4: 24 items
[DEBUG] [GD] HTTP 200 | CT=application/json; charset=utf-8 | page=5
[DEBUG] [GD] page 5: 24 items
[DEBUG] [GD] total raw items before normalize: 120; unique kept: 116
[DEBUG] [GD] normalized rows: 116
[DEBUG] [GD] blocked by specialty/diesel filter: 105; passing: 11
[DEBUG] [Proxibid] parsed 30 rows across 1 page(s)
[DEBUG] [Renebates] found 54 events on index
[DEBUG] [Renebates] event: City Of Plano, Texas secs=260772
[DEBUG] [Renebates] City Of Plano, Texas -> 3 lots via https://renebates.com/a_list_2.php?id=265&cat=all
[DEBUG] [Renebates] event: Tatum Independent School District - Tatum, Texas secs=264368
[DEBUG] [Renebates] Tatum Independent School District - Tatum, Texas -> 6 lots via https://renebates.com/a_list_2.php?id=117&cat=all
[DEBUG] [DEBUG] collected 21 listings from all sites (after filter)
[DEBUG] [GD] HTTP 200 | CT=application/json; charset=utf-8 | page=1
[DEBUG] [GD] page 1: 24 items
[DEBUG] [GD] HTTP 200 | CT=application/json; charset=utf-8 | page=2
[DEBUG] [GD] page 2: 24 items
[DEBUG] [GD] HTTP 200 | CT=application/json; charset=utf-8 | page=3
[DEBUG] [GD] page 3: 24 items
[DEBUG] [GD] HTTP 200 | CT=application/json; charset=utf-8 | page=4
[DEBUG] [GD] page 4: 24 items
[DEBUG] [GD] HTTP 200 | CT=application/json; charset=utf-8 | page=5
[DEBUG] [GD] page 5: 24 items
[DEBUG] [GD] total raw items before normalize: 120; unique kept: 116
[DEBUG] [GD] normalized rows: 116
[DEBUG] [GD] blocked by specialty/diesel filter: 105; passing: 11
[DEBUG] [Proxibid] parsed 30 rows across 1 page(s)
[DEBUG] [Renebates] found 54 events on index
[DEBUG] [Renebates] event: City Of Plano, Texas secs=260129
[DEBUG] [Renebates] City Of Plano, Texas -> 3 lots via https://renebates.com/a_list_2.php?id=265&cat=all
[DEBUG] [Renebates] event: Tatum Independent School District - Tatum, Texas secs=263727
[DEBUG] [Renebates] Tatum Independent School District - Tatum, Texas -> 6 lots via https://renebates.com/a_list_2.php?id=117&cat=all
[DEBUG] [DEBUG] collected 21 listings from all sites (after filter)
[DEBUG] [GD] HTTP 200 | CT=application/json; charset=utf-8 | page=1
[DEBUG] [GD] page 1: 24 items
[DEBUG] [GD] HTTP 200 | CT=application/json; charset=utf-8 | page=2
[DEBUG] [GD] page 2: 24 items
[DEBUG] [GD] HTTP 200 | CT=application/json; charset=utf-8 | page=3
[DEBUG] [GD] page 3: 24 items
[DEBUG] [GD] HTTP 200 | CT=application/json; charset=utf-8 | page=4
[DEBUG] [GD] page 4: 24 items
[DEBUG] [GD] HTTP 200 | CT=application/json; charset=utf-8 | page=5
[DEBUG] [GD] page 5: 24 items
[DEBUG] [GD] total raw items before normalize: 120; unique kept: 116
[DEBUG] [GD] normalized rows: 116
[DEBUG] [GD] blocked by specialty/diesel filter: 105; passing: 11
[DEBUG] [Proxibid] parsed 30 rows across 1 page(s)
[DEBUG] [Renebates] found 54 events on index
[DEBUG] [Renebates] event: City Of Plano, Texas secs=259487
[DEBUG] [Renebates] City Of Plano, Texas -> 3 lots via https://renebates.com/a_list_2.php?id=265&cat=all
[DEBUG] [Renebates] event: Tatum Independent School District - Tatum, Texas secs=263083
[DEBUG] [Renebates] Tatum Independent School District - Tatum, Texas -> 6 lots via https://renebates.com/a_list_2.php?id=117&cat=all
[DEBUG] [DEBUG] collected 21 listings from all sites (after filter)
[DEBUG] [GD] HTTP 200 | CT=application/json; charset=utf-8 | page=1
[DEBUG] [GD] page 1: 24 items
[DEBUG] [GD] HTTP 200 | CT=application/json; charset=utf-8 | page=2
[DEBUG] [GD] page 2: 24 items
[DEBUG] [GD] HTTP 200 | CT=application/json; charset=utf-8 | page=3
[DEBUG] [GD] page 3: 24 items
[DEBUG] [GD] HTTP 200 | CT=application/json; charset=utf-8 | page=4
[DEBUG] [GD] page 4: 24 items
[DEBUG] [GD] HTTP 200 | CT=application/json; charset=utf-8 | page=5
[DEBUG] [GD] page 5: 24 items
[DEBUG] [GD] total raw items before normalize: 120; unique kept: 116
[DEBUG] [GD] normalized rows: 116
[DEBUG] [GD] blocked by specialty/diesel filter: 105; passing: 11
[DEBUG] [Proxibid] parsed 30 rows across 1 page(s)
[DEBUG] [Renebates] found 54 events on index
[DEBUG] [Renebates] event: City Of Plano, Texas secs=258838
[DEBUG] [Renebates] City Of Plano, Texas -> 3 lots via https://renebates.com/a_list_2.php?id=265&cat=all
[DEBUG] [Renebates] event: Tatum Independent School District - Tatum, Texas secs=262436
[DEBUG] [Renebates] Tatum Independent School District - Tatum, Texas -> 6 lots via https://renebates.com/a_list_2.php?id=117&cat=all
[DEBUG] [DEBUG] collected 21 listings from all sites (after filter)
[DEBUG] [GD] HTTP 200 | CT=application/json; charset=utf-8 | page=1
[DEBUG] [GD] page 1: 24 items
[DEBUG] [GD] HTTP 200 | CT=application/json; charset=utf-8 | page=2
[DEBUG] [GD] page 2: 24 items
[DEBUG] [GD] HTTP 200 | CT=application/json; charset=utf-8 | page=3
[DEBUG] [GD] page 3: 24 items
[DEBUG] [GD] HTTP 200 | CT=application/json; charset=utf-8 | page=4
[DEBUG] [GD] page 4: 24 items
[DEBUG] [GD] HTTP 200 | CT=application/json; charset=utf-8 | page=5
[DEBUG] [GD] page 5: 24 items
[DEBUG] [GD] total raw items before normalize: 120; unique kept: 116
[DEBUG] [GD] normalized rows: 116
[DEBUG] [GD] blocked by specialty/diesel filter: 105; passing: 11
[DEBUG] [Proxibid] parsed 30 rows across 1 page(s)
[DEBUG] [Renebates] found 54 events on index
[DEBUG] [Renebates] event: City Of Plano, Texas secs=258194
[DEBUG] [Renebates] City Of Plano, Texas -> 3 lots via https://renebates.com/a_list_2.php?id=265&cat=all
[DEBUG] [Renebates] event: Tatum Independent School District - Tatum, Texas secs=261792
[DEBUG] [Renebates] Tatum Independent School District - Tatum, Texas -> 6 lots via https://renebates.com/a_list_2.php?id=117&cat=all
[DEBUG] [DEBUG] collected 21 listings from all sites (after filter)
[DEBUG] [GD] HTTP 200 | CT=application/json; charset=utf-8 | page=1
[DEBUG] [GD] page 1: 24 items
[DEBUG] [GD] HTTP 200 | CT=application/json; charset=utf-8 | page=2
[DEBUG] [GD] page 2: 24 items
[DEBUG] [GD] HTTP 200 | CT=application/json; charset=utf-8 | page=3
[DEBUG] [GD] page 3: 24 items
[DEBUG] [GD] HTTP 200 | CT=application/json; charset=utf-8 | page=4
[DEBUG] [GD] page 4: 24 items
[DEBUG] [GD] HTTP 200 | CT=application/json; charset=utf-8 | page=5
[DEBUG] [GD] page 5: 24 items
[DEBUG] [GD] total raw items before normalize: 120; unique kept: 116
[DEBUG] [GD] normalized rows: 116
[DEBUG] [GD] blocked by specialty/diesel filter: 105; passing: 11
[DEBUG] [Proxibid] parsed 30 rows across 1 page(s)
[DEBUG] [Renebates] found 54 events on index
[DEBUG] [Renebates] event: City Of Plano, Texas secs=257550
[DEBUG] [Renebates] City Of Plano, Texas -> 3 lots via https://renebates.com/a_list_2.php?id=265&cat=all
[DEBUG] [Renebates] event: Tatum Independent School District - Tatum, Texas secs=261147
[DEBUG] [Renebates] Tatum Independent School District - Tatum, Texas -> 6 lots via https://renebates.com/a_list_2.php?id=117&cat=all
[DEBUG] [DEBUG] collected 21 listings from all sites (after filter)
[DEBUG] [GD] HTTP 200 | CT=application/json; charset=utf-8 | page=1
[DEBUG] [GD] page 1: 24 items
[DEBUG] [GD] HTTP 200 | CT=application/json; charset=utf-8 | page=2
[DEBUG] [GD] page 2: 24 items
[DEBUG] [GD] HTTP 200 | CT=application/json; charset=utf-8 | page=3
[DEBUG] [GD] page 3: 24 items
[DEBUG] [GD] HTTP 200 | CT=application/json; charset=utf-8 | page=4
[DEBUG] [GD] page 4: 24 items
[DEBUG] [GD] HTTP 200 | CT=application/json; charset=utf-8 | page=5
[DEBUG] [GD] page 5: 24 items
[DEBUG] [GD] total raw items before normalize: 120; unique kept: 118
[DEBUG] [GD] normalized rows: 118
[DEBUG] [GD] blocked by specialty/diesel filter: 106; passing: 12
[DEBUG] [Proxibid] parsed 30 rows across 1 page(s)
[DEBUG] [Renebates] found 54 events on index
[DEBUG] [Renebates] event: City Of Plano, Texas secs=256904
[DEBUG] [Renebates] City Of Plano, Texas -> 3 lots via https://renebates.com/a_list_2.php?id=265&cat=all
[DEBUG] [Renebates] event: Tatum Independent School District - Tatum, Texas secs=260502
[DEBUG] [Renebates] Tatum Independent School District - Tatum, Texas -> 6 lots via https://renebates.com/a_list_2.php?id=117&cat=all
[DEBUG] [DEBUG] collected 22 listings from all sites (after filter)
[DEBUG] [GD] HTTP 200 | CT=application/json; charset=utf-8 | page=1
[DEBUG] [GD] page 1: 24 items
[DEBUG] [GD] HTTP 200 | CT=application/json; charset=utf-8 | page=2
[DEBUG] [GD] page 2: 24 items
[DEBUG] [GD] HTTP 200 | CT=application/json; charset=utf-8 | page=3
[DEBUG] [GD] page 3: 24 items
[DEBUG] [GD] HTTP 200 | CT=application/json; charset=utf-8 | page=4
[DEBUG] [GD] page 4: 24 items
[DEBUG] [GD] HTTP 200 | CT=application/json; charset=utf-8 | page=5
[DEBUG] [GD] page 5: 24 items
[DEBUG] [GD] total raw items before normalize: 120; unique kept: 118
[DEBUG] [GD] normalized rows: 118
[DEBUG] [GD] blocked by specialty/diesel filter: 106; passing: 12
[DEBUG] [Proxibid] parsed 30 rows across 1 page(s)
[DEBUG] [Renebates] found 54 events on index
[DEBUG] [Renebates] event: City Of Plano, Texas secs=256255
[DEBUG] [Renebates] City Of Plano, Texas -> 3 lots via https://renebates.com/a_list_2.php?id=265&cat=all
[DEBUG] [Renebates] event: Tatum Independent School District - Tatum, Texas secs=259852
[DEBUG] [Renebates] Tatum Independent School District - Tatum, Texas -> 6 lots via https://renebates.com/a_list_2.php?id=117&cat=all
[DEBUG] [DEBUG] collected 22 listings from all sites (after filter)
[DEBUG] [GD] HTTP 200 | CT=application/json; charset=utf-8 | page=1
[DEBUG] [GD] page 1: 24 items
[DEBUG] [GD] HTTP 200 | CT=application/json; charset=utf-8 | page=2
[DEBUG] [GD] page 2: 24 items
[DEBUG] [GD] HTTP 200 | CT=application/json; charset=utf-8 | page=3
[DEBUG] [GD] page 3: 24 items
[DEBUG] [GD] HTTP 200 | CT=application/json; charset=utf-8 | page=4
[DEBUG] [GD] page 4: 24 items
[DEBUG] [GD] HTTP 200 | CT=application/json; charset=utf-8 | page=5
[DEBUG] [GD] page 5: 24 items
[DEBUG] [GD] total raw items before normalize: 120; unique kept: 118
[DEBUG] [GD] normalized rows: 118
[DEBUG] [GD] blocked by specialty/diesel filter: 106; passing: 12
[DEBUG] [Proxibid] parsed 30 rows across 1 page(s)
[DEBUG] [Renebates] found 54 events on index
[DEBUG] [Renebates] event: City Of Plano, Texas secs=255607
[DEBUG] [Renebates] City Of Plano, Texas -> 3 lots via https://renebates.com/a_list_2.php?id=265&cat=all
[DEBUG] [Renebates] event: Tatum Independent School District - Tatum, Texas secs=259204
[DEBUG] [Renebates] Tatum Independent School District - Tatum, Texas -> 6 lots via https://renebates.com/a_list_2.php?id=117&cat=all
[DEBUG] [DEBUG] collected 22 listings from all sites (after filter)
[DEBUG] [GD] HTTP 200 | CT=application/json; charset=utf-8 | page=1
[DEBUG] [GD] page 1: 24 items
[DEBUG] [GD] HTTP 200 | CT=application/json; charset=utf-8 | page=2
[DEBUG] [GD] page 2: 24 items
[DEBUG] [GD] HTTP 200 | CT=application/json; charset=utf-8 | page=3
[DEBUG] [GD] page 3: 24 items
[DEBUG] [GD] HTTP 200 | CT=application/json; charset=utf-8 | page=4
[DEBUG] [GD] page 4: 24 items
[DEBUG] [GD] HTTP 200 | CT=application/json; charset=utf-8 | page=5
[DEBUG] [GD] page 5: 24 items
[DEBUG] [GD] total raw items before normalize: 120; unique kept: 118
[DEBUG] [GD] normalized rows: 118
[DEBUG] [GD] blocked by specialty/diesel filter: 106; passing: 12
[DEBUG] [Proxibid] parsed 30 rows across 1 page(s)
[DEBUG] [Renebates] found 54 events on index
[DEBUG] [Renebates] event: City Of Plano, Texas secs=254963
[DEBUG] [Renebates] City Of Plano, Texas -> 3 lots via https://renebates.com/a_list_2.php?id=265&cat=all
[DEBUG] [Renebates] event: Tatum Independent School District - Tatum, Texas secs=258559
[DEBUG] [Renebates] Tatum Independent School District - Tatum, Texas -> 6 lots via https://renebates.com/a_list_2.php?id=117&cat=all
[DEBUG] [DEBUG] collected 22 listings from all sites (after filter)
[DEBUG] [GD] HTTP 200 | CT=application/json; charset=utf-8 | page=1
[DEBUG] [GD] page 1: 24 items
[DEBUG] [GD] HTTP 200 | CT=application/json; charset=utf-8 | page=2
[DEBUG] [GD] page 2: 24 items
[DEBUG] [GD] HTTP 200 | CT=application/json; charset=utf-8 | page=3
[DEBUG] [GD] page 3: 24 items
[DEBUG] [GD] HTTP 200 | CT=application/json; charset=utf-8 | page=4
[DEBUG] [GD] page 4: 24 items
[DEBUG] [GD] HTTP 200 | CT=application/json; charset=utf-8 | page=5
[DEBUG] [GD] page 5: 24 items
[DEBUG] [GD] total raw items before normalize: 120; unique kept: 118
[DEBUG] [GD] normalized rows: 118
[DEBUG] [GD] blocked by specialty/diesel filter: 106; passing: 12
[DEBUG] [Proxibid] parsed 30 rows across 1 page(s)
[DEBUG] [Renebates] found 54 events on index
[DEBUG] [Renebates] event: City Of Plano, Texas secs=254308
[DEBUG] [Renebates] City Of Plano, Texas -> 3 lots via https://renebates.com/a_list_2.php?id=265&cat=all
[DEBUG] [Renebates] event: Tatum Independent School District - Tatum, Texas secs=257904
[DEBUG] [Renebates] Tatum Independent School District - Tatum, Texas -> 6 lots via https://renebates.com/a_list_2.php?id=117&cat=all
[DEBUG] [DEBUG] collected 22 listings from all sites (after filter)
[DEBUG] [GD] HTTP 200 | CT=application/json; charset=utf-8 | page=1
[DEBUG] [GD] page 1: 24 items
[DEBUG] [GD] HTTP 200 | CT=application/json; charset=utf-8 | page=2
[DEBUG] [GD] page 2: 24 items
[DEBUG] [GD] HTTP 200 | CT=application/json; charset=utf-8 | page=3
[DEBUG] [GD] page 3: 24 items
[DEBUG] [GD] HTTP 200 | CT=application/json; charset=utf-8 | page=4
[DEBUG] [GD] page 4: 24 items
[DEBUG] [GD] HTTP 200 | CT=application/json; charset=utf-8 | page=5
[DEBUG] [GD] page 5: 24 items
[DEBUG] [GD] total raw items before normalize: 120; unique kept: 118
[DEBUG] [GD] normalized rows: 118
[DEBUG] [GD] blocked by specialty/diesel filter: 106; passing: 12
[DEBUG] [Proxibid] parsed 30 rows across 1 page(s)
[DEBUG] [Renebates] found 54 events on index
[DEBUG] [Renebates] event: City Of Plano, Texas secs=253658
[DEBUG] [Renebates] City Of Plano, Texas -> 3 lots via https://renebates.com/a_list_2.php?id=265&cat=all
[DEBUG] [Renebates] event: Tatum Independent School District - Tatum, Texas secs=257255
[DEBUG] [Renebates] Tatum Independent School District - Tatum, Texas -> 6 lots via https://renebates.com/a_list_2.php?id=117&cat=all
[DEBUG] [DEBUG] collected 22 listings from all sites (after filter)
[DEBUG] [GD] HTTP 200 | CT=application/json; charset=utf-8 | page=1
[DEBUG] [GD] page 1: 24 items
[DEBUG] [GD] HTTP 200 | CT=application/json; charset=utf-8 | page=2
[DEBUG] [GD] page 2: 24 items
[DEBUG] [GD] HTTP 200 | CT=application/json; charset=utf-8 | page=3
[DEBUG] [GD] page 3: 24 items
[DEBUG] [GD] HTTP 200 | CT=application/json; charset=utf-8 | page=4
[DEBUG] [GD] page 4: 24 items
[DEBUG] [GD] HTTP 200 | CT=application/json; charset=utf-8 | page=5
[DEBUG] [GD] page 5: 24 items
[DEBUG] [GD] total raw items before normalize: 120; unique kept: 118
[DEBUG] [GD] normalized rows: 118
[DEBUG] [GD] blocked by specialty/diesel filter: 106; passing: 12
[DEBUG] [Proxibid] parsed 30 rows across 1 page(s)
[DEBUG] [Renebates] found 54 events on index
[DEBUG] [Renebates] event: City Of Plano, Texas secs=253016
[DEBUG] [Renebates] City Of Plano, Texas -> 3 lots via https://renebates.com/a_list_2.php?id=265&cat=all
[DEBUG] [Renebates] event: Tatum Independent School District - Tatum, Texas secs=256613
[DEBUG] [Renebates] Tatum Independent School District - Tatum, Texas -> 6 lots via https://renebates.com/a_list_2.php?id=117&cat=all
[DEBUG] [DEBUG] collected 22 listings from all sites (after filter)
[DEBUG] [GD] HTTP 200 | CT=application/json; charset=utf-8 | page=1
[DEBUG] [GD] page 1: 24 items
[DEBUG] [GD] HTTP 200 | CT=application/json; charset=utf-8 | page=2
[DEBUG] [GD] page 2: 24 items
[DEBUG] [GD] HTTP 200 | CT=application/json; charset=utf-8 | page=3
[DEBUG] [GD] page 3: 24 items
[DEBUG] [GD] HTTP 200 | CT=application/json; charset=utf-8 | page=4
[DEBUG] [GD] page 4: 24 items
[DEBUG] [GD] HTTP 200 | CT=application/json; charset=utf-8 | page=5
[DEBUG] [GD] page 5: 24 items
[DEBUG] [GD] total raw items before normalize: 120; unique kept: 118
[DEBUG] [GD] normalized rows: 118
[DEBUG] [GD] blocked by specialty/diesel filter: 106; passing: 12
[DEBUG] [Proxibid] parsed 30 rows across 1 page(s)
[DEBUG] [Renebates] found 54 events on index
[DEBUG] [Renebates] event: City Of Plano, Texas secs=252365
[DEBUG] [Renebates] City Of Plano, Texas -> 3 lots via https://renebates.com/a_list_2.php?id=265&cat=all
[DEBUG] [Renebates] event: Tatum Independent School District - Tatum, Texas secs=255963
[DEBUG] [Renebates] Tatum Independent School District - Tatum, Texas -> 6 lots via https://renebates.com/a_list_2.php?id=117&cat=all
[DEBUG] [DEBUG] collected 22 listings from all sites (after filter)
[DEBUG] [GD] HTTP 200 | CT=application/json; charset=utf-8 | page=1
[DEBUG] [GD] page 1: 24 items
[DEBUG] [GD] HTTP 200 | CT=application/json; charset=utf-8 | page=2
[DEBUG] [GD] page 2: 24 items
[DEBUG] [GD] HTTP 200 | CT=application/json; charset=utf-8 | page=3
[DEBUG] [GD] page 3: 24 items
[DEBUG] [GD] HTTP 200 | CT=application/json; charset=utf-8 | page=4
[DEBUG] [GD] page 4: 24 items
[DEBUG] [GD] HTTP 200 | CT=application/json; charset=utf-8 | page=5
[DEBUG] [GD] page 5: 24 items
[DEBUG] [GD] total raw items before normalize: 120; unique kept: 118
[DEBUG] [GD] normalized rows: 118
[DEBUG] [GD] blocked by specialty/diesel filter: 106; passing: 12
[DEBUG] [Proxibid] parsed 30 rows across 1 page(s)
[DEBUG] [Renebates] found 54 events on index
[DEBUG] [Renebates] event: City Of Plano, Texas secs=251720
[DEBUG] [Renebates] City Of Plano, Texas -> 3 lots via https://renebates.com/a_list_2.php?id=265&cat=all
[DEBUG] [Renebates] event: Tatum Independent School District - Tatum, Texas secs=255317
[DEBUG] [Renebates] Tatum Independent School District - Tatum, Texas -> 6 lots via https://renebates.com/a_list_2.php?id=117&cat=all
[DEBUG] [DEBUG] collected 22 listings from all sites (after filter)
[DEBUG] [GD] HTTP 200 | CT=application/json; charset=utf-8 | page=1
[DEBUG] [GD] page 1: 24 items
[DEBUG] [GD] HTTP 200 | CT=application/json; charset=utf-8 | page=2
[DEBUG] [GD] page 2: 24 items
[DEBUG] [GD] HTTP 200 | CT=application/json; charset=utf-8 | page=3
[DEBUG] [GD] page 3: 24 items
[DEBUG] [GD] HTTP 200 | CT=application/json; charset=utf-8 | page=4
[DEBUG] [GD] page 4: 24 items
[DEBUG] [GD] HTTP 200 | CT=application/json; charset=utf-8 | page=5
[DEBUG] [GD] page 5: 24 items
[DEBUG] [GD] total raw items before normalize: 120; unique kept: 118
[DEBUG] [GD] normalized rows: 118
[DEBUG] [GD] blocked by specialty/diesel filter: 106; passing: 12
[DEBUG] [Proxibid] parsed 30 rows across 1 page(s)
[DEBUG] [Renebates] found 54 events on index
[DEBUG] [Renebates] event: City Of Plano, Texas secs=251065
[DEBUG] [Renebates] City Of Plano, Texas -> 3 lots via https://renebates.com/a_list_2.php?id=265&cat=all
[DEBUG] [Renebates] event: Tatum Independent School District - Tatum, Texas secs=254662
[DEBUG] [Renebates] Tatum Independent School District - Tatum, Texas -> 6 lots via https://renebates.com/a_list_2.php?id=117&cat=all
[DEBUG] [DEBUG] collected 22 listings from all sites (after filter)
[DEBUG] [GD] HTTP 200 | CT=application/json; charset=utf-8 | page=1
[DEBUG] [GD] page 1: 24 items
[DEBUG] [GD] HTTP 200 | CT=application/json; charset=utf-8 | page=2
[DEBUG] [GD] page 2: 24 items
[DEBUG] [GD] HTTP 200 | CT=application/json; charset=utf-8 | page=3
[DEBUG] [GD] page 3: 24 items
[DEBUG] [GD] HTTP 200 | CT=application/json; charset=utf-8 | page=4
[DEBUG] [GD] page 4: 24 items
[DEBUG] [GD] HTTP 200 | CT=application/json; charset=utf-8 | page=5
[DEBUG] [GD] page 5: 24 items
[DEBUG] [GD] total raw items before normalize: 120; unique kept: 118
[DEBUG] [GD] normalized rows: 118
[DEBUG] [GD] blocked by specialty/diesel filter: 106; passing: 12
[DEBUG] [Proxibid] parsed 30 rows across 1 page(s)
[DEBUG] [Renebates] found 54 events on index
[DEBUG] [Renebates] event: City Of Plano, Texas secs=250424
[DEBUG] [Renebates] City Of Plano, Texas -> 3 lots via https://renebates.com/a_list_2.php?id=265&cat=all
[DEBUG] [Renebates] event: Tatum Independent School District - Tatum, Texas secs=254019
[DEBUG] [Renebates] Tatum Independent School District - Tatum, Texas -> 6 lots via https://renebates.com/a_list_2.php?id=117&cat=all
[DEBUG] [DEBUG] collected 22 listings from all sites (after filter)
[DEBUG] [GD] HTTP 200 | CT=application/json; charset=utf-8 | page=1
[DEBUG] [GD] page 1: 24 items
[DEBUG] [GD] HTTP 200 | CT=application/json; charset=utf-8 | page=2
[DEBUG] [GD] page 2: 24 items
[DEBUG] [GD] HTTP 200 | CT=application/json; charset=utf-8 | page=3
[DEBUG] [GD] page 3: 24 items
[DEBUG] [GD] HTTP 200 | CT=application/json; charset=utf-8 | page=4
[DEBUG] [GD] page 4: 24 items
[DEBUG] [GD] HTTP 200 | CT=application/json; charset=utf-8 | page=5
[DEBUG] [GD] page 5: 24 items
[DEBUG] [GD] total raw items before normalize: 120; unique kept: 118
[DEBUG] [GD] normalized rows: 118
[DEBUG] [GD] blocked by specialty/diesel filter: 106; passing: 12
[DEBUG] [Proxibid] parsed 30 rows across 1 page(s)
[DEBUG] [Renebates] found 54 events on index
[DEBUG] [Renebates] event: City Of Plano, Texas secs=249775
[DEBUG] [Renebates] City Of Plano, Texas -> 3 lots via https://renebates.com/a_list_2.php?id=265&cat=all
[DEBUG] [Renebates] event: Tatum Independent School District - Tatum, Texas secs=253373
[DEBUG] [Renebates] Tatum Independent School District - Tatum, Texas -> 6 lots via https://renebates.com/a_list_2.php?id=117&cat=all
[DEBUG] [DEBUG] collected 22 listings from all sites (after filter)
[DEBUG] [GD] HTTP 200 | CT=application/json; charset=utf-8 | page=1
[DEBUG] [GD] page 1: 24 items
[DEBUG] [GD] HTTP 200 | CT=application/json; charset=utf-8 | page=2
[DEBUG] [GD] page 2: 24 items
[DEBUG] [GD] HTTP 200 | CT=application/json; charset=utf-8 | page=3
[DEBUG] [GD] page 3: 24 items
[DEBUG] [GD] HTTP 200 | CT=application/json; charset=utf-8 | page=4
[DEBUG] [GD] page 4: 24 items
[DEBUG] [GD] HTTP 200 | CT=application/json; charset=utf-8 | page=5
[DEBUG] [GD] page 5: 24 items
[DEBUG] [GD] total raw items before normalize: 120; unique kept: 118
[DEBUG] [GD] normalized rows: 118
[DEBUG] [GD] blocked by specialty/diesel filter: 106; passing: 12
[DEBUG] [Proxibid] parsed 30 rows across 1 page(s)
[DEBUG] [Renebates] found 54 events on index
[DEBUG] [Renebates] event: City Of Plano, Texas secs=249122
[DEBUG] [Renebates] City Of Plano, Texas -> 3 lots via https://renebates.com/a_list_2.php?id=265&cat=all
[DEBUG] [Renebates] event: Tatum Independent School District - Tatum, Texas secs=252719
[DEBUG] [Renebates] Tatum Independent School District - Tatum, Texas -> 6 lots via https://renebates.com/a_list_2.php?id=117&cat=all
[DEBUG] [DEBUG] collected 22 listings from all sites (after filter)
[DEBUG] [GD] HTTP 200 | CT=application/json; charset=utf-8 | page=1
[DEBUG] [GD] page 1: 24 items
[DEBUG] [GD] HTTP 200 | CT=application/json; charset=utf-8 | page=2
[DEBUG] [GD] page 2: 24 items
[DEBUG] [GD] HTTP 200 | CT=application/json; charset=utf-8 | page=3
[DEBUG] [GD] page 3: 24 items
[DEBUG] [GD] HTTP 200 | CT=application/json; charset=utf-8 | page=4
[DEBUG] [GD] page 4: 24 items
[DEBUG] [GD] HTTP 200 | CT=application/json; charset=utf-8 | page=5
[DEBUG] [GD] page 5: 24 items
[DEBUG] [GD] total raw items before normalize: 120; unique kept: 118
[DEBUG] [GD] normalized rows: 118
[DEBUG] [GD] blocked by specialty/diesel filter: 106; passing: 12
[DEBUG] [Proxibid] parsed 30 rows across 1 page(s)
[DEBUG] [Renebates] found 54 events on index
[DEBUG] [Renebates] event: City Of Plano, Texas secs=248480
[DEBUG] [Renebates] City Of Plano, Texas -> 3 lots via https://renebates.com/a_list_2.php?id=265&cat=all
[DEBUG] [Renebates] event: Tatum Independent School District - Tatum, Texas secs=252077
[DEBUG] [Renebates] Tatum Independent School District - Tatum, Texas -> 6 lots via https://renebates.com/a_list_2.php?id=117&cat=all
[DEBUG] [DEBUG] collected 22 listings from all sites (after filter)
[DEBUG] [GD] HTTP 200 | CT=application/json; charset=utf-8 | page=1
[DEBUG] [GD] page 1: 24 items
[DEBUG] [GD] HTTP 200 | CT=application/json; charset=utf-8 | page=2
[DEBUG] [GD] page 2: 24 items
[DEBUG] [GD] HTTP 200 | CT=application/json; charset=utf-8 | page=3
[DEBUG] [GD] page 3: 24 items
[DEBUG] [GD] HTTP 200 | CT=application/json; charset=utf-8 | page=4
[DEBUG] [GD] page 4: 24 items
[DEBUG] [GD] HTTP 200 | CT=application/json; charset=utf-8 | page=5
[DEBUG] [GD] page 5: 24 items
[DEBUG] [GD] total raw items before normalize: 120; unique kept: 118
[DEBUG] [GD] normalized rows: 118
[DEBUG] [GD] blocked by specialty/diesel filter: 106; passing: 12
[DEBUG] [Proxibid] parsed 30 rows across 1 page(s)
[DEBUG] [Renebates] found 54 events on index
[DEBUG] [Renebates] event: City Of Plano, Texas secs=247827
[DEBUG] [Renebates] City Of Plano, Texas -> 3 lots via https://renebates.com/a_list_2.php?id=265&cat=all
[DEBUG] [Renebates] event: Tatum Independent School District - Tatum, Texas secs=251424
[DEBUG] [Renebates] Tatum Independent School District - Tatum, Texas -> 6 lots via https://renebates.com/a_list_2.php?id=117&cat=all
[DEBUG] [DEBUG] collected 22 listings from all sites (after filter)
[DEBUG] [GD] HTTP 200 | CT=application/json; charset=utf-8 | page=1
[DEBUG] [GD] page 1: 24 items
[DEBUG] [GD] HTTP 200 | CT=application/json; charset=utf-8 | page=2
[DEBUG] [GD] page 2: 24 items
[DEBUG] [GD] HTTP 200 | CT=application/json; charset=utf-8 | page=3
[DEBUG] [GD] page 3: 24 items
[DEBUG] [GD] HTTP 200 | CT=application/json; charset=utf-8 | page=4
[DEBUG] [GD] page 4: 24 items
[DEBUG] [GD] HTTP 200 | CT=application/json; charset=utf-8 | page=5
[DEBUG] [GD] page 5: 24 items
[DEBUG] [GD] total raw items before normalize: 120; unique kept: 118
[DEBUG] [GD] normalized rows: 118
[DEBUG] [GD] blocked by specialty/diesel filter: 106; passing: 12
[DEBUG] [Proxibid] parsed 30 rows across 1 page(s)
[DEBUG] [Renebates] found 54 events on index
[DEBUG] [Renebates] event: City Of Plano, Texas secs=247168
[DEBUG] [Renebates] City Of Plano, Texas -> 3 lots via https://renebates.com/a_list_2.php?id=265&cat=all
[DEBUG] [Renebates] event: Tatum Independent School District - Tatum, Texas secs=250765
[DEBUG] [Renebates] Tatum Independent School District - Tatum, Texas -> 6 lots via https://renebates.com/a_list_2.php?id=117&cat=all
[DEBUG] [DEBUG] collected 22 listings from all sites (after filter)
[DEBUG] [GD] HTTP 200 | CT=application/json; charset=utf-8 | page=1
[DEBUG] [GD] page 1: 24 items
[DEBUG] [GD] HTTP 200 | CT=application/json; charset=utf-8 | page=2
[DEBUG] [GD] page 2: 24 items
[DEBUG] [GD] HTTP 200 | CT=application/json; charset=utf-8 | page=3
[DEBUG] [GD] page 3: 24 items
[DEBUG] [GD] HTTP 200 | CT=application/json; charset=utf-8 | page=4
[DEBUG] [GD] page 4: 24 items
[DEBUG] [GD] HTTP 200 | CT=application/json; charset=utf-8 | page=5
[DEBUG] [GD] page 5: 24 items
[DEBUG] [GD] total raw items before normalize: 120; unique kept: 118
[DEBUG] [GD] normalized rows: 118
[DEBUG] [GD] blocked by specialty/diesel filter: 107; passing: 11
[DEBUG] [Proxibid] parsed 30 rows across 1 page(s)
[DEBUG] [Renebates] found 54 events on index
[DEBUG] [Renebates] event: City Of Plano, Texas secs=246517
[DEBUG] [Renebates] City Of Plano, Texas -> 3 lots via https://renebates.com/a_list_2.php?id=265&cat=all
[DEBUG] [Renebates] event: Tatum Independent School District - Tatum, Texas secs=250114
[DEBUG] [Renebates] Tatum Independent School District - Tatum, Texas -> 6 lots via https://renebates.com/a_list_2.php?id=117&cat=all
[DEBUG] [DEBUG] collected 21 listings from all sites (after filter)
[DEBUG] [GD] HTTP 200 | CT=application/json; charset=utf-8 | page=1
[DEBUG] [GD] page 1: 24 items
[DEBUG] [GD] HTTP 200 | CT=application/json; charset=utf-8 | page=2
[DEBUG] [GD] page 2: 24 items
[DEBUG] [GD] HTTP 200 | CT=application/json; charset=utf-8 | page=3
[DEBUG] [GD] page 3: 24 items
[DEBUG] [GD] HTTP 200 | CT=application/json; charset=utf-8 | page=4
[DEBUG] [GD] page 4: 24 items
[DEBUG] [GD] HTTP 200 | CT=application/json; charset=utf-8 | page=5
[DEBUG] [GD] page 5: 24 items
[DEBUG] [GD] total raw items before normalize: 120; unique kept: 116
[DEBUG] [GD] normalized rows: 116
[DEBUG] [GD] blocked by specialty/diesel filter: 105; passing: 11
[DEBUG] [Proxibid] parsed 30 rows across 1 page(s)
[DEBUG] [Renebates] found 54 events on index
[DEBUG] [Renebates] event: City Of Plano, Texas secs=245861
[DEBUG] [Renebates] City Of Plano, Texas -> 3 lots via https://renebates.com/a_list_2.php?id=265&cat=all
[DEBUG] [Renebates] event: Tatum Independent School District - Tatum, Texas secs=249458
[DEBUG] [Renebates] Tatum Independent School District - Tatum, Texas -> 6 lots via https://renebates.com/a_list_2.php?id=117&cat=all
[DEBUG] [DEBUG] collected 21 listings from all sites (after filter)
[DEBUG] [GD] HTTP 200 | CT=application/json; charset=utf-8 | page=1
[DEBUG] [GD] page 1: 24 items
[DEBUG] [GD] HTTP 200 | CT=application/json; charset=utf-8 | page=2
[DEBUG] [GD] page 2: 24 items
[DEBUG] [GD] HTTP 200 | CT=application/json; charset=utf-8 | page=3
[DEBUG] [GD] page 3: 24 items
[DEBUG] [GD] HTTP 200 | CT=application/json; charset=utf-8 | page=4
[DEBUG] [GD] page 4: 24 items
[DEBUG] [GD] HTTP 200 | CT=application/json; charset=utf-8 | page=5
[DEBUG] [GD] page 5: 24 items
[DEBUG] [GD] total raw items before normalize: 120; unique kept: 116
[DEBUG] [GD] normalized rows: 116
[DEBUG] [GD] blocked by specialty/diesel filter: 105; passing: 11
[DEBUG] [Proxibid] parsed 30 rows across 1 page(s)
[DEBUG] [Renebates] found 54 events on index
[DEBUG] [Renebates] event: City Of Plano, Texas secs=245218
[DEBUG] [Renebates] City Of Plano, Texas -> 3 lots via https://renebates.com/a_list_2.php?id=265&cat=all
[DEBUG] [Renebates] event: Tatum Independent School District - Tatum, Texas secs=248815
[DEBUG] [Renebates] Tatum Independent School District - Tatum, Texas -> 6 lots via https://renebates.com/a_list_2.php?id=117&cat=all
[DEBUG] [DEBUG] collected 21 listings from all sites (after filter)
[DEBUG] [GD] HTTP 200 | CT=application/json; charset=utf-8 | page=1
[DEBUG] [GD] page 1: 24 items
[DEBUG] [GD] HTTP 200 | CT=application/json; charset=utf-8 | page=2
[DEBUG] [GD] page 2: 24 items
[DEBUG] [GD] HTTP 200 | CT=application/json; charset=utf-8 | page=3
[DEBUG] [GD] page 3: 24 items
[DEBUG] [GD] HTTP 200 | CT=application/json; charset=utf-8 | page=4
[DEBUG] [GD] page 4: 24 items
[DEBUG] [GD] HTTP 200 | CT=application/json; charset=utf-8 | page=5
[DEBUG] [GD] page 5: 24 items
[DEBUG] [GD] total raw items before normalize: 120; unique kept: 117
[DEBUG] [GD] normalized rows: 117
[DEBUG] [GD] blocked by specialty/diesel filter: 105; passing: 12
[DEBUG] [Proxibid] parsed 30 rows across 1 page(s)
[DEBUG] [Renebates] found 54 events on index
[DEBUG] [Renebates] event: City Of Plano, Texas secs=244568
[DEBUG] [Renebates] City Of Plano, Texas -> 3 lots via https://renebates.com/a_list_2.php?id=265&cat=all
[DEBUG] [Renebates] event: Tatum Independent School District - Tatum, Texas secs=248165
[DEBUG] [Renebates] Tatum Independent School District - Tatum, Texas -> 6 lots via https://renebates.com/a_list_2.php?id=117&cat=all
[DEBUG] [DEBUG] collected 22 listings from all sites (after filter)
[DEBUG] [GD] HTTP 200 | CT=application/json; charset=utf-8 | page=1
[DEBUG] [GD] page 1: 24 items
[DEBUG] [GD] HTTP 200 | CT=application/json; charset=utf-8 | page=2
[DEBUG] [GD] page 2: 24 items
[DEBUG] [GD] HTTP 200 | CT=application/json; charset=utf-8 | page=3
[DEBUG] [GD] page 3: 24 items
[DEBUG] [GD] HTTP 200 | CT=application/json; charset=utf-8 | page=4
[DEBUG] [GD] page 4: 24 items
[DEBUG] [GD] HTTP 200 | CT=application/json; charset=utf-8 | page=5
[DEBUG] [GD] page 5: 24 items
[DEBUG] [GD] total raw items before normalize: 120; unique kept: 116
[DEBUG] [GD] normalized rows: 116
[DEBUG] [GD] blocked by specialty/diesel filter: 104; passing: 12
[DEBUG] [Proxibid] parsed 30 rows across 1 page(s)
[DEBUG] [Renebates] found 54 events on index
[DEBUG] [Renebates] event: City Of Plano, Texas secs=243921
[DEBUG] [Renebates] City Of Plano, Texas -> 3 lots via https://renebates.com/a_list_2.php?id=265&cat=all
[DEBUG] [Renebates] event: Tatum Independent School District - Tatum, Texas secs=247516
[DEBUG] [Renebates] Tatum Independent School District - Tatum, Texas -> 6 lots via https://renebates.com/a_list_2.php?id=117&cat=all
[DEBUG] [DEBUG] collected 22 listings from all sites (after filter)
[DEBUG] [GD] HTTP 200 | CT=application/json; charset=utf-8 | page=1
[DEBUG] [GD] page 1: 24 items
[DEBUG] [GD] HTTP 200 | CT=application/json; charset=utf-8 | page=2
[DEBUG] [GD] page 2: 24 items
[DEBUG] [GD] HTTP 200 | CT=application/json; charset=utf-8 | page=3
[DEBUG] [GD] page 3: 24 items
[DEBUG] [GD] HTTP 200 | CT=application/json; charset=utf-8 | page=4
[DEBUG] [GD] page 4: 24 items
[DEBUG] [GD] HTTP 200 | CT=application/json; charset=utf-8 | page=5
[DEBUG] [GD] page 5: 24 items
[DEBUG] [GD] total raw items before normalize: 120; unique kept: 115
[DEBUG] [GD] normalized rows: 115
[DEBUG] [GD] blocked by specialty/diesel filter: 104; passing: 11
[DEBUG] [Proxibid] parsed 30 rows across 1 page(s)
[DEBUG] [Renebates] found 54 events on index
[DEBUG] [Renebates] event: City Of Plano, Texas secs=243275
[DEBUG] [Renebates] City Of Plano, Texas -> 3 lots via https://renebates.com/a_list_2.php?id=265&cat=all
[DEBUG] [Renebates] event: Tatum Independent School District - Tatum, Texas secs=246872
[DEBUG] [Renebates] Tatum Independent School District - Tatum, Texas -> 6 lots via https://renebates.com/a_list_2.php?id=117&cat=all
[DEBUG] [DEBUG] collected 21 listings from all sites (after filter)
[DEBUG] [GD] HTTP 200 | CT=application/json; charset=utf-8 | page=1
[DEBUG] [GD] page 1: 24 items
[DEBUG] [GD] HTTP 200 | CT=application/json; charset=utf-8 | page=2
[DEBUG] [GD] page 2: 24 items
[DEBUG] [GD] HTTP 200 | CT=application/json; charset=utf-8 | page=3
[DEBUG] [GD] page 3: 24 items
[DEBUG] [GD] HTTP 200 | CT=application/json; charset=utf-8 | page=4
[DEBUG] [GD] page 4: 24 items
[DEBUG] [GD] HTTP 200 | CT=application/json; charset=utf-8 | page=5
[DEBUG] [GD] page 5: 24 items
[DEBUG] [GD] total raw items before normalize: 120; unique kept: 115
[DEBUG] [GD] normalized rows: 115
[DEBUG] [GD] blocked by specialty/diesel filter: 104; passing: 11
[DEBUG] [Proxibid] parsed 30 rows across 1 page(s)
[DEBUG] [Renebates] found 54 events on index
[DEBUG] [Renebates] event: City Of Plano, Texas secs=242627
[DEBUG] [Renebates] City Of Plano, Texas -> 3 lots via https://renebates.com/a_list_2.php?id=265&cat=all
[DEBUG] [Renebates] event: Tatum Independent School District - Tatum, Texas secs=246223
[DEBUG] [Renebates] Tatum Independent School District - Tatum, Texas -> 6 lots via https://renebates.com/a_list_2.php?id=117&cat=all
[DEBUG] [DEBUG] collected 21 listings from all sites (after filter)
[DEBUG] [GD] HTTP 200 | CT=application/json; charset=utf-8 | page=1
[DEBUG] [GD] page 1: 24 items
[DEBUG] [GD] HTTP 200 | CT=application/json; charset=utf-8 | page=2
[DEBUG] [GD] page 2: 24 items
[DEBUG] [GD] HTTP 200 | CT=application/json; charset=utf-8 | page=3
[DEBUG] [GD] page 3: 24 items
[DEBUG] [GD] HTTP 200 | CT=application/json; charset=utf-8 | page=4
[DEBUG] [GD] page 4: 24 items
[DEBUG] [GD] HTTP 200 | CT=application/json; charset=utf-8 | page=5
[DEBUG] [GD] page 5: 24 items
[DEBUG] [GD] total raw items before normalize: 120; unique kept: 115
[DEBUG] [GD] normalized rows: 115
[DEBUG] [GD] blocked by specialty/diesel filter: 104; passing: 11
[DEBUG] [Proxibid] parsed 30 rows across 1 page(s)
[DEBUG] [Renebates] found 54 events on index
[DEBUG] [Renebates] event: City Of Plano, Texas secs=241971
[DEBUG] [Renebates] City Of Plano, Texas -> 3 lots via https://renebates.com/a_list_2.php?id=265&cat=all
[DEBUG] [Renebates] event: Tatum Independent School District - Tatum, Texas secs=245568
[DEBUG] [Renebates] Tatum Independent School District - Tatum, Texas -> 6 lots via https://renebates.com/a_list_2.php?id=117&cat=all
[DEBUG] [DEBUG] collected 21 listings from all sites (after filter)
[DEBUG] [GD] HTTP 200 | CT=application/json; charset=utf-8 | page=1
[DEBUG] [GD] page 1: 24 items
[DEBUG] [GD] HTTP 200 | CT=application/json; charset=utf-8 | page=2
[DEBUG] [GD] page 2: 24 items
[DEBUG] [GD] HTTP 200 | CT=application/json; charset=utf-8 | page=3
[DEBUG] [GD] page 3: 24 items
[DEBUG] [GD] HTTP 200 | CT=application/json; charset=utf-8 | page=4
[DEBUG] [GD] page 4: 24 items
[DEBUG] [GD] HTTP 200 | CT=application/json; charset=utf-8 | page=5
[DEBUG] [GD] page 5: 24 items
[DEBUG] [GD] total raw items before normalize: 120; unique kept: 115
[DEBUG] [GD] normalized rows: 115
[DEBUG] [GD] blocked by specialty/diesel filter: 105; passing: 10
[DEBUG] [Proxibid] parsed 30 rows across 1 page(s)
[DEBUG] [Renebates] found 54 events on index
[DEBUG] [Renebates] event: City Of Plano, Texas secs=241317
[DEBUG] [Renebates] City Of Plano, Texas -> 3 lots via https://renebates.com/a_list_2.php?id=265&cat=all
[DEBUG] [Renebates] event: Tatum Independent School District - Tatum, Texas secs=244914
[DEBUG] [Renebates] Tatum Independent School District - Tatum, Texas -> 6 lots via https://renebates.com/a_list_2.php?id=117&cat=all
[DEBUG] [DEBUG] collected 20 listings from all sites (after filter)
[DEBUG] [GD] HTTP 200 | CT=application/json; charset=utf-8 | page=1
[DEBUG] [GD] page 1: 24 items
[DEBUG] [GD] HTTP 200 | CT=application/json; charset=utf-8 | page=2
[DEBUG] [GD] page 2: 24 items
[DEBUG] [GD] HTTP 200 | CT=application/json; charset=utf-8 | page=3
[DEBUG] [GD] page 3: 24 items
[DEBUG] [GD] HTTP 200 | CT=application/json; charset=utf-8 | page=4
[DEBUG] [GD] page 4: 24 items
[DEBUG] [GD] HTTP 200 | CT=application/json; charset=utf-8 | page=5
[DEBUG] [GD] page 5: 24 items
[DEBUG] [GD] total raw items before normalize: 120; unique kept: 115
[DEBUG] [GD] normalized rows: 115
[DEBUG] [GD] blocked by specialty/diesel filter: 105; passing: 10
[DEBUG] [Proxibid] parsed 30 rows across 1 page(s)
[DEBUG] [Renebates] found 54 events on index
[DEBUG] [Renebates] event: City Of Plano, Texas secs=240666
[DEBUG] [Renebates] City Of Plano, Texas -> 3 lots via https://renebates.com/a_list_2.php?id=265&cat=all
[DEBUG] [Renebates] event: Tatum Independent School District - Tatum, Texas secs=244263
[DEBUG] [Renebates] Tatum Independent School District - Tatum, Texas -> 6 lots via https://renebates.com/a_list_2.php?id=117&cat=all
[DEBUG] [DEBUG] collected 20 listings from all sites (after filter)
[DEBUG] [GD] HTTP 200 | CT=application/json; charset=utf-8 | page=1
[DEBUG] [GD] page 1: 24 items
[DEBUG] [GD] HTTP 200 | CT=application/json; charset=utf-8 | page=2
[DEBUG] [GD] page 2: 24 items
[DEBUG] [GD] HTTP 200 | CT=application/json; charset=utf-8 | page=3
[DEBUG] [GD] page 3: 24 items
[DEBUG] [GD] HTTP 200 | CT=application/json; charset=utf-8 | page=4
[DEBUG] [GD] page 4: 24 items
[DEBUG] [GD] HTTP 200 | CT=application/json; charset=utf-8 | page=5
[DEBUG] [GD] page 5: 24 items
[DEBUG] [GD] total raw items before normalize: 120; unique kept: 115
[DEBUG] [GD] normalized rows: 115
[DEBUG] [GD] blocked by specialty/diesel filter: 106; passing: 9
[DEBUG] [Proxibid] parsed 30 rows across 1 page(s)
[DEBUG] [Renebates] found 54 events on index
[DEBUG] [Renebates] event: City Of Plano, Texas secs=240011
[DEBUG] [Renebates] City Of Plano, Texas -> 3 lots via https://renebates.com/a_list_2.php?id=265&cat=all
[DEBUG] [Renebates] event: Tatum Independent School District - Tatum, Texas secs=243607
[DEBUG] [Renebates] Tatum Independent School District - Tatum, Texas -> 6 lots via https://renebates.com/a_list_2.php?id=117&cat=all
[DEBUG] [DEBUG] collected 19 listings from all sites (after filter)
[DEBUG] [GD] HTTP 200 | CT=application/json; charset=utf-8 | page=1
[DEBUG] [GD] page 1: 24 items
[DEBUG] [GD] HTTP 200 | CT=application/json; charset=utf-8 | page=2
[DEBUG] [GD] page 2: 24 items
[DEBUG] [GD] HTTP 200 | CT=application/json; charset=utf-8 | page=3
[DEBUG] [GD] page 3: 24 items
[DEBUG] [GD] HTTP 200 | CT=application/json; charset=utf-8 | page=4
[DEBUG] [GD] page 4: 24 items
[DEBUG] [GD] HTTP 200 | CT=application/json; charset=utf-8 | page=5
[DEBUG] [GD] page 5: 24 items
[DEBUG] [GD] total raw items before normalize: 120; unique kept: 115
[DEBUG] [GD] normalized rows: 115
[DEBUG] [GD] blocked by specialty/diesel filter: 106; passing: 9
[DEBUG] [Proxibid] parsed 30 rows across 1 page(s)
[DEBUG] [Renebates] found 54 events on index
[DEBUG] [Renebates] event: City Of Plano, Texas secs=239360
[DEBUG] [Renebates] City Of Plano, Texas -> 3 lots via https://renebates.com/a_list_2.php?id=265&cat=all
[DEBUG] [Renebates] event: Tatum Independent School District - Tatum, Texas secs=242956
[DEBUG] [Renebates] Tatum Independent School District - Tatum, Texas -> 6 lots via https://renebates.com/a_list_2.php?id=117&cat=all
[DEBUG] [DEBUG] collected 19 listings from all sites (after filter)
[DEBUG] [GD] HTTP 200 | CT=application/json; charset=utf-8 | page=1
[DEBUG] [GD] page 1: 24 items
[DEBUG] [GD] HTTP 200 | CT=application/json; charset=utf-8 | page=2
[DEBUG] [GD] page 2: 24 items
[DEBUG] [GD] HTTP 200 | CT=application/json; charset=utf-8 | page=3
[DEBUG] [GD] page 3: 24 items
[DEBUG] [GD] HTTP 200 | CT=application/json; charset=utf-8 | page=4
[DEBUG] [GD] page 4: 24 items
[DEBUG] [GD] HTTP 200 | CT=application/json; charset=utf-8 | page=5
[DEBUG] [GD] page 5: 24 items
[DEBUG] [GD] total raw items before normalize: 120; unique kept: 115
[DEBUG] [GD] normalized rows: 115
[DEBUG] [GD] blocked by specialty/diesel filter: 106; passing: 9
[DEBUG] [Proxibid] parsed 30 rows across 1 page(s)
[DEBUG] [Renebates] found 54 events on index
[DEBUG] [Renebates] event: City Of Plano, Texas secs=238705
[DEBUG] [Renebates] City Of Plano, Texas -> 3 lots via https://renebates.com/a_list_2.php?id=265&cat=all
[DEBUG] [Renebates] event: Tatum Independent School District - Tatum, Texas secs=242302
[DEBUG] [Renebates] Tatum Independent School District - Tatum, Texas -> 6 lots via https://renebates.com/a_list_2.php?id=117&cat=all
[DEBUG] [DEBUG] collected 19 listings from all sites (after filter)
[DEBUG] [GD] HTTP 200 | CT=application/json; charset=utf-8 | page=1
[DEBUG] [GD] page 1: 24 items
[DEBUG] [GD] HTTP 200 | CT=application/json; charset=utf-8 | page=2
[DEBUG] [GD] page 2: 24 items
[DEBUG] [GD] HTTP 200 | CT=application/json; charset=utf-8 | page=3
[DEBUG] [GD] page 3: 24 items
[DEBUG] [GD] HTTP 200 | CT=application/json; charset=utf-8 | page=4
[DEBUG] [GD] page 4: 24 items
[DEBUG] [GD] HTTP 200 | CT=application/json; charset=utf-8 | page=5
[DEBUG] [GD] page 5: 24 items
[DEBUG] [GD] total raw items before normalize: 120; unique kept: 115
[DEBUG] [GD] normalized rows: 115
[DEBUG] [GD] blocked by specialty/diesel filter: 106; passing: 9
[DEBUG] [Proxibid] parsed 30 rows across 1 page(s)
[DEBUG] [Renebates] found 54 events on index
[DEBUG] [Renebates] event: City Of Plano, Texas secs=238064
[DEBUG] [Renebates] City Of Plano, Texas -> 3 lots via https://renebates.com/a_list_2.php?id=265&cat=all
[DEBUG] [Renebates] event: Tatum Independent School District - Tatum, Texas secs=241661
[DEBUG] [Renebates] Tatum Independent School District - Tatum, Texas -> 6 lots via https://renebates.com/a_list_2.php?id=117&cat=all
[DEBUG] [DEBUG] collected 19 listings from all sites (after filter)
[DEBUG] [GD] HTTP 200 | CT=application/json; charset=utf-8 | page=1
[DEBUG] [GD] page 1: 24 items
[DEBUG] [GD] HTTP 200 | CT=application/json; charset=utf-8 | page=2
[DEBUG] [GD] page 2: 24 items
[DEBUG] [GD] HTTP 200 | CT=application/json; charset=utf-8 | page=3
[DEBUG] [GD] page 3: 24 items
[DEBUG] [GD] HTTP 200 | CT=application/json; charset=utf-8 | page=4
[DEBUG] [GD] page 4: 24 items
[DEBUG] [GD] HTTP 200 | CT=application/json; charset=utf-8 | page=5
[DEBUG] [GD] page 5: 24 items
[DEBUG] [GD] total raw items before normalize: 120; unique kept: 115
[DEBUG] [GD] normalized rows: 115
[DEBUG] [GD] blocked by specialty/diesel filter: 106; passing: 9
[DEBUG] [Proxibid] parsed 30 rows across 1 page(s)
[DEBUG] [Renebates] found 54 events on index
[DEBUG] [Renebates] event: City Of Plano, Texas secs=237426
[DEBUG] [Renebates] City Of Plano, Texas -> 3 lots via https://renebates.com/a_list_2.php?id=265&cat=all
[DEBUG] [Renebates] event: Tatum Independent School District - Tatum, Texas secs=241021
[DEBUG] [Renebates] Tatum Independent School District - Tatum, Texas -> 6 lots via https://renebates.com/a_list_2.php?id=117&cat=all
[DEBUG] [DEBUG] collected 19 listings from all sites (after filter)
[DEBUG] [GD] HTTP 200 | CT=application/json; charset=utf-8 | page=1
[DEBUG] [GD] page 1: 24 items
[DEBUG] [GD] HTTP 200 | CT=application/json; charset=utf-8 | page=2
[DEBUG] [GD] page 2: 24 items
[DEBUG] [GD] HTTP 200 | CT=application/json; charset=utf-8 | page=3
[DEBUG] [GD] page 3: 24 items
[DEBUG] [GD] HTTP 200 | CT=application/json; charset=utf-8 | page=4
[DEBUG] [GD] page 4: 24 items
[DEBUG] [GD] HTTP 200 | CT=application/json; charset=utf-8 | page=5
[DEBUG] [GD] page 5: 24 items
[DEBUG] [GD] total raw items before normalize: 120; unique kept: 115
[DEBUG] [GD] normalized rows: 115
[DEBUG] [GD] blocked by specialty/diesel filter: 105; passing: 10
[DEBUG] [Proxibid] parsed 30 rows across 1 page(s)
[DEBUG] [Renebates] found 54 events on index
[DEBUG] [Renebates] event: City Of Plano, Texas secs=236779
[DEBUG] [Renebates] City Of Plano, Texas -> 3 lots via https://renebates.com/a_list_2.php?id=265&cat=all
[DEBUG] [Renebates] event: Tatum Independent School District - Tatum, Texas secs=240375
[DEBUG] [Renebates] Tatum Independent School District - Tatum, Texas -> 6 lots via https://renebates.com/a_list_2.php?id=117&cat=all
[DEBUG] [DEBUG] collected 20 listings from all sites (after filter)
[DEBUG] [GD] HTTP 200 | CT=application/json; charset=utf-8 | page=1
[DEBUG] [GD] page 1: 24 items
[DEBUG] [GD] HTTP 200 | CT=application/json; charset=utf-8 | page=2
[DEBUG] [GD] page 2: 24 items
[DEBUG] [GD] HTTP 200 | CT=application/json; charset=utf-8 | page=3
[DEBUG] [GD] page 3: 24 items
[DEBUG] [GD] HTTP 200 | CT=application/json; charset=utf-8 | page=4
[DEBUG] [GD] page 4: 24 items
[DEBUG] [GD] HTTP 200 | CT=application/json; charset=utf-8 | page=5
[DEBUG] [GD] page 5: 24 items
[DEBUG] [GD] total raw items before normalize: 120; unique kept: 115
[DEBUG] [GD] normalized rows: 115
[DEBUG] [GD] blocked by specialty/diesel filter: 105; passing: 10
[DEBUG] [Proxibid] parsed 30 rows across 1 page(s)
[DEBUG] [Renebates] found 54 events on index
[DEBUG] [Renebates] event: City Of Plano, Texas secs=236135
[DEBUG] [Renebates] City Of Plano, Texas -> 3 lots via https://renebates.com/a_list_2.php?id=265&cat=all
[DEBUG] [Renebates] event: Tatum Independent School District - Tatum, Texas secs=239732
[DEBUG] [Renebates] Tatum Independent School District - Tatum, Texas -> 6 lots via https://renebates.com/a_list_2.php?id=117&cat=all
[DEBUG] [DEBUG] collected 20 listings from all sites (after filter)
[DEBUG] [GD] HTTP 200 | CT=application/json; charset=utf-8 | page=1
[DEBUG] [GD] page 1: 24 items
[DEBUG] [GD] HTTP 200 | CT=application/json; charset=utf-8 | page=2
[DEBUG] [GD] page 2: 24 items
[DEBUG] [GD] HTTP 200 | CT=application/json; charset=utf-8 | page=3
[DEBUG] [GD] page 3: 24 items
[DEBUG] [GD] HTTP 200 | CT=application/json; charset=utf-8 | page=4
[DEBUG] [GD] page 4: 24 items
[DEBUG] [GD] HTTP 200 | CT=application/json; charset=utf-8 | page=5
[DEBUG] [GD] page 5: 24 items
[DEBUG] [GD] total raw items before normalize: 120; unique kept: 114
[DEBUG] [GD] normalized rows: 114
[DEBUG] [GD] blocked by specialty/diesel filter: 105; passing: 9
[DEBUG] [Proxibid] parsed 30 rows across 1 page(s)
[DEBUG] [Renebates] found 54 events on index
[DEBUG] [Renebates] event: City Of Plano, Texas secs=235494
[DEBUG] [Renebates] City Of Plano, Texas -> 3 lots via https://renebates.com/a_list_2.php?id=265&cat=all
[DEBUG] [Renebates] event: Tatum Independent School District - Tatum, Texas secs=239091
[DEBUG] [Renebates] Tatum Independent School District - Tatum, Texas -> 6 lots via https://renebates.com/a_list_2.php?id=117&cat=all
[DEBUG] [DEBUG] collected 19 listings from all sites (after filter)
[DEBUG] [GD] HTTP 200 | CT=application/json; charset=utf-8 | page=1
[DEBUG] [GD] page 1: 24 items
[DEBUG] [GD] HTTP 200 | CT=application/json; charset=utf-8 | page=2
[DEBUG] [GD] page 2: 24 items
[DEBUG] [GD] HTTP 200 | CT=application/json; charset=utf-8 | page=3
[DEBUG] [GD] page 3: 24 items
[DEBUG] [GD] HTTP 200 | CT=application/json; charset=utf-8 | page=4
[DEBUG] [GD] page 4: 24 items
[DEBUG] [GD] HTTP 200 | CT=application/json; charset=utf-8 | page=5
[DEBUG] [GD] page 5: 24 items
[DEBUG] [GD] total raw items before normalize: 120; unique kept: 113
[DEBUG] [GD] normalized rows: 113
[DEBUG] [GD] blocked by specialty/diesel filter: 103; passing: 10
[DEBUG] [Proxibid] parsed 30 rows across 1 page(s)
[DEBUG] [Renebates] found 54 events on index
[DEBUG] [Renebates] event: City Of Plano, Texas secs=234845
[DEBUG] [Renebates] City Of Plano, Texas -> 3 lots via https://renebates.com/a_list_2.php?id=265&cat=all
[DEBUG] [Renebates] event: Tatum Independent School District - Tatum, Texas secs=238443
[DEBUG] [Renebates] Tatum Independent School District - Tatum, Texas -> 6 lots via https://renebates.com/a_list_2.php?id=117&cat=all
[DEBUG] [DEBUG] collected 20 listings from all sites (after filter)
[DEBUG] [GD] HTTP 200 | CT=application/json; charset=utf-8 | page=1
[DEBUG] [GD] page 1: 24 items
[DEBUG] [GD] HTTP 200 | CT=application/json; charset=utf-8 | page=2
[DEBUG] [GD] page 2: 24 items
[DEBUG] [GD] HTTP 200 | CT=application/json; charset=utf-8 | page=3
[DEBUG] [GD] page 3: 24 items
[DEBUG] [GD] HTTP 200 | CT=application/json; charset=utf-8 | page=4
[DEBUG] [GD] page 4: 24 items
[DEBUG] [GD] HTTP 200 | CT=application/json; charset=utf-8 | page=5
[DEBUG] [GD] page 5: 24 items
[DEBUG] [GD] total raw items before normalize: 120; unique kept: 113
[DEBUG] [GD] normalized rows: 113
[DEBUG] [GD] blocked by specialty/diesel filter: 103; passing: 10
[DEBUG] [Proxibid] parsed 30 rows across 1 page(s)
[DEBUG] [Renebates] found 54 events on index
[DEBUG] [Renebates] event: City Of Plano, Texas secs=234183
[DEBUG] [Renebates] City Of Plano, Texas -> 3 lots via https://renebates.com/a_list_2.php?id=265&cat=all
[DEBUG] [Renebates] event: Tatum Independent School District - Tatum, Texas secs=237781
[DEBUG] [Renebates] Tatum Independent School District - Tatum, Texas -> 6 lots via https://renebates.com/a_list_2.php?id=117&cat=all
[DEBUG] [DEBUG] collected 20 listings from all sites (after filter)
[DEBUG] [GD] HTTP 200 | CT=application/json; charset=utf-8 | page=1
[DEBUG] [GD] page 1: 24 items
[DEBUG] [GD] HTTP 200 | CT=application/json; charset=utf-8 | page=2
[DEBUG] [GD] page 2: 24 items
[DEBUG] [GD] HTTP 200 | CT=application/json; charset=utf-8 | page=3
[DEBUG] [GD] page 3: 24 items
[DEBUG] [GD] HTTP 200 | CT=application/json; charset=utf-8 | page=4
[DEBUG] [GD] page 4: 24 items
[DEBUG] [GD] HTTP 200 | CT=application/json; charset=utf-8 | page=5
[DEBUG] [GD] page 5: 24 items
[DEBUG] [GD] total raw items before normalize: 120; unique kept: 113
[DEBUG] [GD] normalized rows: 113
[DEBUG] [GD] blocked by specialty/diesel filter: 102; passing: 11
[DEBUG] [Proxibid] parsed 30 rows across 1 page(s)
[DEBUG] [Renebates] found 54 events on index
[DEBUG] [Renebates] event: City Of Plano, Texas secs=233529
[DEBUG] [Renebates] City Of Plano, Texas -> 3 lots via https://renebates.com/a_list_2.php?id=265&cat=all
[DEBUG] [Renebates] event: Tatum Independent School District - Tatum, Texas secs=237126
[DEBUG] [Renebates] Tatum Independent School District - Tatum, Texas -> 6 lots via https://renebates.com/a_list_2.php?id=117&cat=all
[DEBUG] [DEBUG] collected 21 listings from all sites (after filter)
[DEBUG] [GD] HTTP 200 | CT=application/json; charset=utf-8 | page=1
[DEBUG] [GD] page 1: 24 items
[DEBUG] [GD] HTTP 200 | CT=application/json; charset=utf-8 | page=2
[DEBUG] [GD] page 2: 24 items
[DEBUG] [GD] HTTP 200 | CT=application/json; charset=utf-8 | page=3
[DEBUG] [GD] page 3: 24 items
[DEBUG] [GD] HTTP 200 | CT=application/json; charset=utf-8 | page=4
[DEBUG] [GD] page 4: 24 items
[DEBUG] [GD] HTTP 200 | CT=application/json; charset=utf-8 | page=5
[DEBUG] [GD] page 5: 24 items
[DEBUG] [GD] total raw items before normalize: 120; unique kept: 113
[DEBUG] [GD] normalized rows: 113
[DEBUG] [GD] blocked by specialty/diesel filter: 103; passing: 10
[DEBUG] [Proxibid] parsed 30 rows across 1 page(s)
[DEBUG] [Renebates] found 54 events on index
[DEBUG] [Renebates] event: City Of Plano, Texas secs=232878
[DEBUG] [Renebates] City Of Plano, Texas -> 3 lots via https://renebates.com/a_list_2.php?id=265&cat=all
[DEBUG] [Renebates] event: Tatum Independent School District - Tatum, Texas secs=236475
[DEBUG] [Renebates] Tatum Independent School District - Tatum, Texas -> 6 lots via https://renebates.com/a_list_2.php?id=117&cat=all
[DEBUG] [DEBUG] collected 20 listings from all sites (after filter)
[DEBUG] [GD] HTTP 200 | CT=application/json; charset=utf-8 | page=1
[DEBUG] [GD] page 1: 24 items
[DEBUG] [GD] HTTP 200 | CT=application/json; charset=utf-8 | page=2
[DEBUG] [GD] page 2: 24 items
[DEBUG] [GD] HTTP 200 | CT=application/json; charset=utf-8 | page=3
[DEBUG] [GD] page 3: 24 items
[DEBUG] [GD] HTTP 200 | CT=application/json; charset=utf-8 | page=4
[DEBUG] [GD] page 4: 24 items
[DEBUG] [GD] HTTP 200 | CT=application/json; charset=utf-8 | page=5
[DEBUG] [GD] page 5: 24 items
[DEBUG] [GD] total raw items before normalize: 120; unique kept: 113
[DEBUG] [GD] normalized rows: 113
[DEBUG] [GD] blocked by specialty/diesel filter: 103; passing: 10
[DEBUG] [Proxibid] parsed 30 rows across 1 page(s)
[DEBUG] [Renebates] found 54 events on index
[DEBUG] [Renebates] event: City Of Plano, Texas secs=232222
[DEBUG] [Renebates] City Of Plano, Texas -> 3 lots via https://renebates.com/a_list_2.php?id=265&cat=all
[DEBUG] [Renebates] event: Tatum Independent School District - Tatum, Texas secs=235819
[DEBUG] [Renebates] Tatum Independent School District - Tatum, Texas -> 6 lots via https://renebates.com/a_list_2.php?id=117&cat=all
[DEBUG] [DEBUG] collected 20 listings from all sites (after filter)
[DEBUG] [GD] HTTP 200 | CT=application/json; charset=utf-8 | page=1
[DEBUG] [GD] page 1: 24 items
[DEBUG] [GD] HTTP 200 | CT=application/json; charset=utf-8 | page=2
[DEBUG] [GD] page 2: 24 items
[DEBUG] [GD] HTTP 200 | CT=application/json; charset=utf-8 | page=3
[DEBUG] [GD] page 3: 24 items
[DEBUG] [GD] HTTP 200 | CT=application/json; charset=utf-8 | page=4
[DEBUG] [GD] page 4: 24 items
[DEBUG] [GD] HTTP 200 | CT=application/json; charset=utf-8 | page=5
[DEBUG] [GD] page 5: 24 items
[DEBUG] [GD] total raw items before normalize: 120; unique kept: 113
[DEBUG] [GD] normalized rows: 113
[DEBUG] [GD] blocked by specialty/diesel filter: 103; passing: 10
[DEBUG] [Proxibid] parsed 30 rows across 1 page(s)
[DEBUG] [Renebates] found 54 events on index
[DEBUG] [Renebates] event: City Of Plano, Texas secs=231581
[DEBUG] [Renebates] City Of Plano, Texas -> 3 lots via https://renebates.com/a_list_2.php?id=265&cat=all
[DEBUG] [Renebates] event: Tatum Independent School District - Tatum, Texas secs=235178
[DEBUG] [Renebates] Tatum Independent School District - Tatum, Texas -> 6 lots via https://renebates.com/a_list_2.php?id=117&cat=all
[DEBUG] [DEBUG] collected 20 listings from all sites (after filter)
[DEBUG] [GD] HTTP 200 | CT=application/json; charset=utf-8 | page=1
[DEBUG] [GD] page 1: 24 items
[DEBUG] [GD] HTTP 200 | CT=application/json; charset=utf-8 | page=2
[DEBUG] [GD] page 2: 24 items
[DEBUG] [GD] HTTP 200 | CT=application/json; charset=utf-8 | page=3
[DEBUG] [GD] page 3: 24 items
[DEBUG] [GD] HTTP 200 | CT=application/json; charset=utf-8 | page=4
[DEBUG] [GD] page 4: 24 items
[DEBUG] [GD] HTTP 200 | CT=application/json; charset=utf-8 | page=5
[DEBUG] [GD] page 5: 24 items
[DEBUG] [GD] total raw items before normalize: 120; unique kept: 113
[DEBUG] [GD] normalized rows: 113
[DEBUG] [GD] blocked by specialty/diesel filter: 103; passing: 10
[DEBUG] [Proxibid] parsed 30 rows across 1 page(s)
[DEBUG] [Renebates] found 54 events on index
[DEBUG] [Renebates] event: City Of Plano, Texas secs=230931
[DEBUG] [Renebates] City Of Plano, Texas -> 3 lots via https://renebates.com/a_list_2.php?id=265&cat=all
[DEBUG] [Renebates] event: Tatum Independent School District - Tatum, Texas secs=234528
[DEBUG] [Renebates] Tatum Independent School District - Tatum, Texas -> 6 lots via https://renebates.com/a_list_2.php?id=117&cat=all
[DEBUG] [DEBUG] collected 20 listings from all sites (after filter)
[DEBUG] [GD] HTTP 200 | CT=application/json; charset=utf-8 | page=1
[DEBUG] [GD] page 1: 24 items
[DEBUG] [GD] HTTP 200 | CT=application/json; charset=utf-8 | page=2
[DEBUG] [GD] page 2: 24 items
[DEBUG] [GD] HTTP 200 | CT=application/json; charset=utf-8 | page=3
[DEBUG] [GD] page 3: 24 items
[DEBUG] [GD] HTTP 200 | CT=application/json; charset=utf-8 | page=4
[DEBUG] [GD] page 4: 24 items
[DEBUG] [GD] HTTP 200 | CT=application/json; charset=utf-8 | page=5
[DEBUG] [GD] page 5: 24 items
[DEBUG] [GD] total raw items before normalize: 120; unique kept: 113
[DEBUG] [GD] normalized rows: 113
[DEBUG] [GD] blocked by specialty/diesel filter: 103; passing: 10
[DEBUG] [Proxibid] parsed 30 rows across 1 page(s)
[DEBUG] [Renebates] found 54 events on index
[DEBUG] [Renebates] event: City Of Plano, Texas secs=230279
[DEBUG] [Renebates] City Of Plano, Texas -> 3 lots via https://renebates.com/a_list_2.php?id=265&cat=all
[DEBUG] [Renebates] event: Tatum Independent School District - Tatum, Texas secs=233874
[DEBUG] [Renebates] Tatum Independent School District - Tatum, Texas -> 6 lots via https://renebates.com/a_list_2.php?id=117&cat=all
[DEBUG] [DEBUG] collected 22 listings from all sites (after filter)
[DEBUG] [GD] HTTP 200 | CT=application/json; charset=utf-8 | page=1
[DEBUG] [GD] page 1: 24 items
[DEBUG] [GD] HTTP 200 | CT=application/json; charset=utf-8 | page=2
[DEBUG] [GD] page 2: 24 items
[DEBUG] [GD] HTTP 200 | CT=application/json; charset=utf-8 | page=3
[DEBUG] [GD] page 3: 24 items
[DEBUG] [GD] HTTP 200 | CT=application/json; charset=utf-8 | page=4
[DEBUG] [GD] page 4: 24 items
[DEBUG] [GD] HTTP 200 | CT=application/json; charset=utf-8 | page=5
[DEBUG] [GD] page 5: 24 items
[DEBUG] [GD] total raw items before normalize: 120; unique kept: 113
[DEBUG] [GD] normalized rows: 113
[DEBUG] [GD] blocked by specialty/diesel filter: 103; passing: 10
[DEBUG] [Proxibid] parsed 30 rows across 1 page(s)
[DEBUG] [Renebates] found 54 events on index
[DEBUG] [Renebates] event: City Of Plano, Texas secs=229626
[DEBUG] [Renebates] City Of Plano, Texas -> 3 lots via https://renebates.com/a_list_2.php?id=265&cat=all
[DEBUG] [Renebates] event: Tatum Independent School District - Tatum, Texas secs=233223
[DEBUG] [Renebates] Tatum Independent School District - Tatum, Texas -> 6 lots via https://renebates.com/a_list_2.php?id=117&cat=all
[DEBUG] [DEBUG] collected 22 listings from all sites (after filter)
[DEBUG] [GD] HTTP 200 | CT=application/json; charset=utf-8 | page=1
[DEBUG] [GD] page 1: 24 items
[DEBUG] [GD] HTTP 200 | CT=application/json; charset=utf-8 | page=2
[DEBUG] [GD] page 2: 24 items
[DEBUG] [GD] HTTP 200 | CT=application/json; charset=utf-8 | page=3
[DEBUG] [GD] page 3: 24 items
[DEBUG] [GD] HTTP 200 | CT=application/json; charset=utf-8 | page=4
[DEBUG] [GD] page 4: 24 items
[DEBUG] [GD] HTTP 200 | CT=application/json; charset=utf-8 | page=5
[DEBUG] [GD] page 5: 24 items
[DEBUG] [GD] total raw items before normalize: 120; unique kept: 113
[DEBUG] [GD] normalized rows: 113
[DEBUG] [GD] blocked by specialty/diesel filter: 103; passing: 10
[DEBUG] [Proxibid] parsed 30 rows across 1 page(s)
[DEBUG] [Renebates] found 54 events on index
[DEBUG] [Renebates] event: City Of Plano, Texas secs=228971
[DEBUG] [Renebates] City Of Plano, Texas -> 3 lots via https://renebates.com/a_list_2.php?id=265&cat=all
[DEBUG] [Renebates] event: Tatum Independent School District - Tatum, Texas secs=232569
[DEBUG] [Renebates] Tatum Independent School District - Tatum, Texas -> 6 lots via https://renebates.com/a_list_2.php?id=117&cat=all
[DEBUG] [DEBUG] collected 22 listings from all sites (after filter)
[DEBUG] [GD] HTTP 200 | CT=application/json; charset=utf-8 | page=1
[DEBUG] [GD] page 1: 24 items
[DEBUG] [GD] HTTP 200 | CT=application/json; charset=utf-8 | page=2
[DEBUG] [GD] page 2: 24 items
[DEBUG] [GD] HTTP 200 | CT=application/json; charset=utf-8 | page=3
[DEBUG] [GD] page 3: 24 items
[DEBUG] [GD] HTTP 200 | CT=application/json; charset=utf-8 | page=4
[DEBUG] [GD] page 4: 24 items
[DEBUG] [GD] HTTP 200 | CT=application/json; charset=utf-8 | page=5
[DEBUG] [GD] page 5: 24 items
[DEBUG] [GD] total raw items before normalize: 120; unique kept: 113
[DEBUG] [GD] normalized rows: 113
[DEBUG] [GD] blocked by specialty/diesel filter: 103; passing: 10
[DEBUG] [Proxibid] parsed 30 rows across 1 page(s)
[DEBUG] [Renebates] found 54 events on index
[DEBUG] [Renebates] event: City Of Plano, Texas secs=228327
[DEBUG] [Renebates] City Of Plano, Texas -> 3 lots via https://renebates.com/a_list_2.php?id=265&cat=all
[DEBUG] [Renebates] event: Tatum Independent School District - Tatum, Texas secs=231922
[DEBUG] [Renebates] Tatum Independent School District - Tatum, Texas -> 6 lots via https://renebates.com/a_list_2.php?id=117&cat=all
[DEBUG] [DEBUG] collected 22 listings from all sites (after filter)
[DEBUG] [GD] HTTP 200 | CT=application/json; charset=utf-8 | page=1
[DEBUG] [GD] page 1: 24 items
[DEBUG] [GD] HTTP 200 | CT=application/json; charset=utf-8 | page=2
[DEBUG] [GD] page 2: 24 items
[DEBUG] [GD] HTTP 200 | CT=application/json; charset=utf-8 | page=3
[DEBUG] [GD] page 3: 24 items
[DEBUG] [GD] HTTP 200 | CT=application/json; charset=utf-8 | page=4
[DEBUG] [GD] page 4: 24 items
[DEBUG] [GD] HTTP 200 | CT=application/json; charset=utf-8 | page=5
[DEBUG] [GD] page 5: 24 items
[DEBUG] [GD] total raw items before normalize: 120; unique kept: 113
[DEBUG] [GD] normalized rows: 113
[DEBUG] [GD] blocked by specialty/diesel filter: 103; passing: 10
[DEBUG] [Proxibid] parsed 30 rows across 1 page(s)
[DEBUG] [Renebates] found 54 events on index
[DEBUG] [Renebates] event: City Of Plano, Texas secs=227679
[DEBUG] [Renebates] City Of Plano, Texas -> 3 lots via https://renebates.com/a_list_2.php?id=265&cat=all
[DEBUG] [Renebates] event: Tatum Independent School District - Tatum, Texas secs=231276
[DEBUG] [Renebates] Tatum Independent School District - Tatum, Texas -> 6 lots via https://renebates.com/a_list_2.php?id=117&cat=all
[DEBUG] [DEBUG] collected 22 listings from all sites (after filter)
[DEBUG] [GD] HTTP 200 | CT=application/json; charset=utf-8 | page=1
[DEBUG] [GD] page 1: 24 items
[DEBUG] [GD] HTTP 200 | CT=application/json; charset=utf-8 | page=2
[DEBUG] [GD] page 2: 24 items
[DEBUG] [GD] HTTP 200 | CT=application/json; charset=utf-8 | page=3
[DEBUG] [GD] page 3: 24 items
[DEBUG] [GD] HTTP 200 | CT=application/json; charset=utf-8 | page=4
[DEBUG] [GD] page 4: 24 items
[DEBUG] [GD] HTTP 200 | CT=application/json; charset=utf-8 | page=5
[DEBUG] [GD] page 5: 24 items
[DEBUG] [GD] total raw items before normalize: 120; unique kept: 113
[DEBUG] [GD] normalized rows: 113
[DEBUG] [GD] blocked by specialty/diesel filter: 103; passing: 10
[DEBUG] [Proxibid] parsed 30 rows across 1 page(s)
[DEBUG] [Renebates] found 54 events on index
[DEBUG] [Renebates] event: City Of Plano, Texas secs=227036
[DEBUG] [Renebates] City Of Plano, Texas -> 3 lots via https://renebates.com/a_list_2.php?id=265&cat=all
[DEBUG] [Renebates] event: Tatum Independent School District - Tatum, Texas secs=230632
[DEBUG] [Renebates] Tatum Independent School District - Tatum, Texas -> 6 lots via https://renebates.com/a_list_2.php?id=117&cat=all
[DEBUG] [DEBUG] collected 22 listings from all sites (after filter)
[DEBUG] [GD] HTTP 200 | CT=application/json; charset=utf-8 | page=1
[DEBUG] [GD] page 1: 24 items
[DEBUG] [GD] HTTP 200 | CT=application/json; charset=utf-8 | page=2
[DEBUG] [GD] page 2: 24 items
[DEBUG] [GD] HTTP 200 | CT=application/json; charset=utf-8 | page=3
[DEBUG] [GD] page 3: 24 items
[DEBUG] [GD] HTTP 200 | CT=application/json; charset=utf-8 | page=4
[DEBUG] [GD] page 4: 24 items
[DEBUG] [GD] HTTP 200 | CT=application/json; charset=utf-8 | page=5
[DEBUG] [GD] page 5: 24 items
[DEBUG] [GD] total raw items before normalize: 120; unique kept: 113
[DEBUG] [GD] normalized rows: 113
[DEBUG] [GD] blocked by specialty/diesel filter: 103; passing: 10
[DEBUG] [Proxibid] parsed 30 rows across 1 page(s)
[DEBUG] [Renebates] found 54 events on index
[DEBUG] [Renebates] event: City Of Plano, Texas secs=226395
[DEBUG] [Renebates] City Of Plano, Texas -> 3 lots via https://renebates.com/a_list_2.php?id=265&cat=all
[DEBUG] [Renebates] event: Tatum Independent School District - Tatum, Texas secs=229991
[DEBUG] [Renebates] Tatum Independent School District - Tatum, Texas -> 6 lots via https://renebates.com/a_list_2.php?id=117&cat=all
[DEBUG] [DEBUG] collected 22 listings from all sites (after filter)
[DEBUG] [GD] HTTP 200 | CT=application/json; charset=utf-8 | page=1
[DEBUG] [GD] page 1: 24 items
[DEBUG] [GD] HTTP 200 | CT=application/json; charset=utf-8 | page=2
[DEBUG] [GD] page 2: 24 items
[DEBUG] [GD] HTTP 200 | CT=application/json; charset=utf-8 | page=3
[DEBUG] [GD] page 3: 24 items
[DEBUG] [GD] HTTP 200 | CT=application/json; charset=utf-8 | page=4
[DEBUG] [GD] page 4: 24 items
[DEBUG] [GD] HTTP 200 | CT=application/json; charset=utf-8 | page=5
[DEBUG] [GD] page 5: 24 items
[DEBUG] [GD] total raw items before normalize: 120; unique kept: 113
[DEBUG] [GD] normalized rows: 113
[DEBUG] [GD] blocked by specialty/diesel filter: 103; passing: 10
[DEBUG] [Proxibid] parsed 30 rows across 1 page(s)
[DEBUG] [Renebates] found 54 events on index
[DEBUG] [Renebates] event: City Of Plano, Texas secs=225740
[DEBUG] [Renebates] City Of Plano, Texas -> 3 lots via https://renebates.com/a_list_2.php?id=265&cat=all
[DEBUG] [Renebates] event: Tatum Independent School District - Tatum, Texas secs=229337
[DEBUG] [Renebates] Tatum Independent School District - Tatum, Texas -> 6 lots via https://renebates.com/a_list_2.php?id=117&cat=all
[DEBUG] [DEBUG] collected 22 listings from all sites (after filter)
[DEBUG] [GD] HTTP 200 | CT=application/json; charset=utf-8 | page=1
[DEBUG] [GD] page 1: 24 items
[DEBUG] [GD] HTTP 200 | CT=application/json; charset=utf-8 | page=2
[DEBUG] [GD] page 2: 24 items
[DEBUG] [GD] HTTP 200 | CT=application/json; charset=utf-8 | page=3
[DEBUG] [GD] page 3: 24 items
[DEBUG] [GD] HTTP 200 | CT=application/json; charset=utf-8 | page=4
[DEBUG] [GD] page 4: 24 items
[DEBUG] [GD] HTTP 200 | CT=application/json; charset=utf-8 | page=5
[DEBUG] [GD] page 5: 24 items
[DEBUG] [GD] total raw items before normalize: 120; unique kept: 113
[DEBUG] [GD] normalized rows: 113
[DEBUG] [GD] blocked by specialty/diesel filter: 103; passing: 10
[DEBUG] [Proxibid] parsed 30 rows across 1 page(s)
[DEBUG] [Renebates] found 54 events on index
[DEBUG] [Renebates] event: City Of Plano, Texas secs=225088
[DEBUG] [Renebates] City Of Plano, Texas -> 3 lots via https://renebates.com/a_list_2.php?id=265&cat=all
[DEBUG] [Renebates] event: Tatum Independent School District - Tatum, Texas secs=228684
[DEBUG] [Renebates] Tatum Independent School District - Tatum, Texas -> 6 lots via https://renebates.com/a_list_2.php?id=117&cat=all
[DEBUG] [DEBUG] collected 22 listings from all sites (after filter)
[DEBUG] [GD] HTTP 200 | CT=application/json; charset=utf-8 | page=1
[DEBUG] [GD] page 1: 24 items
[DEBUG] [GD] HTTP 200 | CT=application/json; charset=utf-8 | page=2
[DEBUG] [GD] page 2: 24 items
[DEBUG] [GD] HTTP 200 | CT=application/json; charset=utf-8 | page=3
[DEBUG] [GD] page 3: 24 items
[DEBUG] [GD] HTTP 200 | CT=application/json; charset=utf-8 | page=4
[DEBUG] [GD] page 4: 24 items
[DEBUG] [GD] HTTP 200 | CT=application/json; charset=utf-8 | page=5
[DEBUG] [GD] page 5: 24 items
[DEBUG] [GD] total raw items before normalize: 120; unique kept: 113
[DEBUG] [GD] normalized rows: 113
[DEBUG] [GD] blocked by specialty/diesel filter: 103; passing: 10
[DEBUG] [Proxibid] parsed 30 rows across 1 page(s)
[DEBUG] [Renebates] found 54 events on index
[DEBUG] [Renebates] event: City Of Plano, Texas secs=224441
[DEBUG] [Renebates] City Of Plano, Texas -> 3 lots via https://renebates.com/a_list_2.php?id=265&cat=all
[DEBUG] [Renebates] event: Tatum Independent School District - Tatum, Texas secs=228038
[DEBUG] [Renebates] Tatum Independent School District - Tatum, Texas -> 6 lots via https://renebates.com/a_list_2.php?id=117&cat=all
[DEBUG] [DEBUG] collected 22 listings from all sites (after filter)
[DEBUG] [GD] HTTP 200 | CT=application/json; charset=utf-8 | page=1
[DEBUG] [GD] page 1: 24 items
[DEBUG] [GD] HTTP 200 | CT=application/json; charset=utf-8 | page=2
[DEBUG] [GD] page 2: 24 items
[DEBUG] [GD] HTTP 200 | CT=application/json; charset=utf-8 | page=3
[DEBUG] [GD] page 3: 24 items
[DEBUG] [GD] HTTP 200 | CT=application/json; charset=utf-8 | page=4
[DEBUG] [GD] page 4: 24 items
[DEBUG] [GD] HTTP 200 | CT=application/json; charset=utf-8 | page=5
[DEBUG] [GD] page 5: 24 items
[DEBUG] [GD] total raw items before normalize: 120; unique kept: 113
[DEBUG] [GD] normalized rows: 113
[DEBUG] [GD] blocked by specialty/diesel filter: 103; passing: 10
[DEBUG] [Proxibid] parsed 30 rows across 1 page(s)
[DEBUG] [Renebates] found 54 events on index
[DEBUG] [Renebates] event: City Of Plano, Texas secs=223788
[DEBUG] [Renebates] City Of Plano, Texas -> 3 lots via https://renebates.com/a_list_2.php?id=265&cat=all
[DEBUG] [Renebates] event: Tatum Independent School District - Tatum, Texas secs=227385
[DEBUG] [Renebates] Tatum Independent School District - Tatum, Texas -> 6 lots via https://renebates.com/a_list_2.php?id=117&cat=all
[DEBUG] [DEBUG] collected 22 listings from all sites (after filter)
[DEBUG] [GD] HTTP 200 | CT=application/json; charset=utf-8 | page=1
[DEBUG] [GD] page 1: 24 items
[DEBUG] [GD] HTTP 200 | CT=application/json; charset=utf-8 | page=2
[DEBUG] [GD] page 2: 24 items
[DEBUG] [GD] HTTP 200 | CT=application/json; charset=utf-8 | page=3
[DEBUG] [GD] page 3: 24 items
[DEBUG] [GD] HTTP 200 | CT=application/json; charset=utf-8 | page=4
[DEBUG] [GD] page 4: 24 items
[DEBUG] [GD] HTTP 200 | CT=application/json; charset=utf-8 | page=5
[DEBUG] [GD] page 5: 24 items
[DEBUG] [GD] total raw items before normalize: 120; unique kept: 113
[DEBUG] [GD] normalized rows: 113
[DEBUG] [GD] blocked by specialty/diesel filter: 103; passing: 10
[DEBUG] [Proxibid] parsed 30 rows across 1 page(s)
[DEBUG] [Renebates] found 54 events on index
[DEBUG] [Renebates] event: City Of Plano, Texas secs=223133
[DEBUG] [Renebates] City Of Plano, Texas -> 3 lots via https://renebates.com/a_list_2.php?id=265&cat=all
[DEBUG] [Renebates] event: Tatum Independent School District - Tatum, Texas secs=226730
[DEBUG] [Renebates] Tatum Independent School District - Tatum, Texas -> 6 lots via https://renebates.com/a_list_2.php?id=117&cat=all
[DEBUG] [DEBUG] collected 22 listings from all sites (after filter)
[DEBUG] [GD] HTTP 200 | CT=application/json; charset=utf-8 | page=1
[DEBUG] [GD] page 1: 24 items
[DEBUG] [GD] HTTP 200 | CT=application/json; charset=utf-8 | page=2
[DEBUG] [GD] page 2: 24 items
[DEBUG] [GD] HTTP 200 | CT=application/json; charset=utf-8 | page=3
[DEBUG] [GD] page 3: 24 items
[DEBUG] [GD] HTTP 200 | CT=application/json; charset=utf-8 | page=4
[DEBUG] [GD] page 4: 24 items
[DEBUG] [GD] HTTP 200 | CT=application/json; charset=utf-8 | page=5
[DEBUG] [GD] page 5: 24 items
[DEBUG] [GD] total raw items before normalize: 120; unique kept: 113
[DEBUG] [GD] normalized rows: 113
[DEBUG] [GD] blocked by specialty/diesel filter: 103; passing: 10
[DEBUG] [Proxibid] parsed 30 rows across 1 page(s)
[DEBUG] [Renebates] found 54 events on index
[DEBUG] [Renebates] event: City Of Plano, Texas secs=222486
[DEBUG] [Renebates] City Of Plano, Texas -> 3 lots via https://renebates.com/a_list_2.php?id=265&cat=all
[DEBUG] [Renebates] event: Tatum Independent School District - Tatum, Texas secs=226083
[DEBUG] [Renebates] Tatum Independent School District - Tatum, Texas -> 6 lots via https://renebates.com/a_list_2.php?id=117&cat=all
[DEBUG] [DEBUG] collected 22 listings from all sites (after filter)
[DEBUG] [GD] HTTP 200 | CT=application/json; charset=utf-8 | page=1
[DEBUG] [GD] page 1: 24 items
[DEBUG] [GD] HTTP 200 | CT=application/json; charset=utf-8 | page=2
[DEBUG] [GD] page 2: 24 items
[DEBUG] [GD] HTTP 200 | CT=application/json; charset=utf-8 | page=3
[DEBUG] [GD] page 3: 24 items
[DEBUG] [GD] HTTP 200 | CT=application/json; charset=utf-8 | page=4
[DEBUG] [GD] page 4: 24 items
[DEBUG] [GD] HTTP 200 | CT=application/json; charset=utf-8 | page=5
[DEBUG] [GD] page 5: 24 items
[DEBUG] [GD] total raw items before normalize: 120; unique kept: 113
[DEBUG] [GD] normalized rows: 113
[DEBUG] [GD] blocked by specialty/diesel filter: 103; passing: 10
[DEBUG] [Proxibid] parsed 30 rows across 1 page(s)
[DEBUG] [Renebates] found 54 events on index
[DEBUG] [Renebates] event: City Of Plano, Texas secs=221835
[DEBUG] [Renebates] City Of Plano, Texas -> 3 lots via https://renebates.com/a_list_2.php?id=265&cat=all
[DEBUG] [Renebates] event: Tatum Independent School District - Tatum, Texas secs=225432
[DEBUG] [Renebates] Tatum Independent School District - Tatum, Texas -> 6 lots via https://renebates.com/a_list_2.php?id=117&cat=all
[DEBUG] [DEBUG] collected 22 listings from all sites (after filter)
[DEBUG] [GD] HTTP 200 | CT=application/json; charset=utf-8 | page=1
[DEBUG] [GD] page 1: 24 items
[DEBUG] [GD] HTTP 200 | CT=application/json; charset=utf-8 | page=2
[DEBUG] [GD] page 2: 24 items
[DEBUG] [GD] HTTP 200 | CT=application/json; charset=utf-8 | page=3
[DEBUG] [GD] page 3: 24 items
[DEBUG] [GD] HTTP 200 | CT=application/json; charset=utf-8 | page=4
[DEBUG] [GD] page 4: 24 items
[DEBUG] [GD] HTTP 200 | CT=application/json; charset=utf-8 | page=5
[DEBUG] [GD] page 5: 24 items
[DEBUG] [GD] total raw items before normalize: 120; unique kept: 113
[DEBUG] [GD] normalized rows: 113
[DEBUG] [GD] blocked by specialty/diesel filter: 103; passing: 10
[DEBUG] [Proxibid] parsed 30 rows across 1 page(s)
[DEBUG] [Renebates] found 54 events on index
[DEBUG] [Renebates] event: City Of Plano, Texas secs=221186
[DEBUG] [Renebates] City Of Plano, Texas -> 3 lots via https://renebates.com/a_list_2.php?id=265&cat=all
[DEBUG] [Renebates] event: Tatum Independent School District - Tatum, Texas secs=224782
[DEBUG] [Renebates] Tatum Independent School District - Tatum, Texas -> 6 lots via https://renebates.com/a_list_2.php?id=117&cat=all
[DEBUG] [DEBUG] collected 22 listings from all sites (after filter)
[DEBUG] [GD] HTTP 200 | CT=application/json; charset=utf-8 | page=1
[DEBUG] [GD] page 1: 24 items
[DEBUG] [GD] HTTP 200 | CT=application/json; charset=utf-8 | page=2
[DEBUG] [GD] page 2: 24 items
[DEBUG] [GD] HTTP 200 | CT=application/json; charset=utf-8 | page=3
[DEBUG] [GD] page 3: 24 items
[DEBUG] [GD] HTTP 200 | CT=application/json; charset=utf-8 | page=4
[DEBUG] [GD] page 4: 24 items
[DEBUG] [GD] HTTP 200 | CT=application/json; charset=utf-8 | page=5
[DEBUG] [GD] page 5: 24 items
[DEBUG] [GD] total raw items before normalize: 120; unique kept: 113
[DEBUG] [GD] normalized rows: 113
[DEBUG] [GD] blocked by specialty/diesel filter: 103; passing: 10
[DEBUG] [Proxibid] parsed 30 rows across 1 page(s)
[DEBUG] [Renebates] found 54 events on index
[DEBUG] [Renebates] event: City Of Plano, Texas secs=220539
[DEBUG] [Renebates] City Of Plano, Texas -> 3 lots via https://renebates.com/a_list_2.php?id=265&cat=all
[DEBUG] [Renebates] event: Tatum Independent School District - Tatum, Texas secs=224135
[DEBUG] [Renebates] Tatum Independent School District - Tatum, Texas -> 6 lots via https://renebates.com/a_list_2.php?id=117&cat=all
[DEBUG] [DEBUG] collected 20 listings from all sites (after filter)
[DEBUG] [GD] HTTP 200 | CT=application/json; charset=utf-8 | page=1
[DEBUG] [GD] page 1: 24 items
[DEBUG] [GD] HTTP 200 | CT=application/json; charset=utf-8 | page=2
[DEBUG] [GD] page 2: 24 items
[DEBUG] [GD] HTTP 200 | CT=application/json; charset=utf-8 | page=3
[DEBUG] [GD] page 3: 24 items
[DEBUG] [GD] HTTP 200 | CT=application/json; charset=utf-8 | page=4
[DEBUG] [GD] page 4: 24 items
[DEBUG] [GD] HTTP 200 | CT=application/json; charset=utf-8 | page=5
[DEBUG] [GD] page 5: 24 items
[DEBUG] [GD] total raw items before normalize: 120; unique kept: 113
[DEBUG] [GD] normalized rows: 113
[DEBUG] [GD] blocked by specialty/diesel filter: 103; passing: 10
[DEBUG] [Proxibid] parsed 30 rows across 1 page(s)
[DEBUG] [Renebates] found 54 events on index
[DEBUG] [Renebates] event: City Of Plano, Texas secs=219887
[DEBUG] [Renebates] City Of Plano, Texas -> 3 lots via https://renebates.com/a_list_2.php?id=265&cat=all
[DEBUG] [Renebates] event: Tatum Independent School District - Tatum, Texas secs=223484
[DEBUG] [Renebates] Tatum Independent School District - Tatum, Texas -> 6 lots via https://renebates.com/a_list_2.php?id=117&cat=all
[DEBUG] [DEBUG] collected 20 listings from all sites (after filter)
[DEBUG] [GD] HTTP 200 | CT=application/json; charset=utf-8 | page=1
[DEBUG] [GD] page 1: 24 items
[DEBUG] [GD] HTTP 200 | CT=application/json; charset=utf-8 | page=2
[DEBUG] [GD] page 2: 24 items
[DEBUG] [GD] HTTP 200 | CT=application/json; charset=utf-8 | page=3
[DEBUG] [GD] page 3: 24 items
[DEBUG] [GD] HTTP 200 | CT=application/json; charset=utf-8 | page=4
[DEBUG] [GD] page 4: 24 items
[DEBUG] [GD] HTTP 200 | CT=application/json; charset=utf-8 | page=5
[DEBUG] [GD] page 5: 24 items
[DEBUG] [GD] total raw items before normalize: 120; unique kept: 113
[DEBUG] [GD] normalized rows: 113
[DEBUG] [GD] blocked by specialty/diesel filter: 103; passing: 10
[DEBUG] [Proxibid] parsed 30 rows across 1 page(s)
[DEBUG] [Renebates] found 54 events on index
[DEBUG] [Renebates] event: City Of Plano, Texas secs=219241
[DEBUG] [Renebates] City Of Plano, Texas -> 3 lots via https://renebates.com/a_list_2.php?id=265&cat=all
[DEBUG] [Renebates] event: Tatum Independent School District - Tatum, Texas secs=222838
[DEBUG] [Renebates] Tatum Independent School District - Tatum, Texas -> 6 lots via https://renebates.com/a_list_2.php?id=117&cat=all
[DEBUG] [DEBUG] collected 20 listings from all sites (after filter)
[DEBUG] [GD] HTTP 200 | CT=application/json; charset=utf-8 | page=1
[DEBUG] [GD] page 1: 24 items
[DEBUG] [GD] HTTP 200 | CT=application/json; charset=utf-8 | page=2
[DEBUG] [GD] page 2: 24 items
[DEBUG] [GD] HTTP 200 | CT=application/json; charset=utf-8 | page=3
[DEBUG] [GD] page 3: 24 items
[DEBUG] [GD] HTTP 200 | CT=application/json; charset=utf-8 | page=4
[DEBUG] [GD] page 4: 24 items
[DEBUG] [GD] HTTP 200 | CT=application/json; charset=utf-8 | page=5
[DEBUG] [GD] page 5: 24 items
[DEBUG] [GD] total raw items before normalize: 120; unique kept: 113
[DEBUG] [GD] normalized rows: 113
[DEBUG] [GD] blocked by specialty/diesel filter: 103; passing: 10
[DEBUG] [Proxibid] parsed 30 rows across 1 page(s)
[DEBUG] [Renebates] found 54 events on index
[DEBUG] [Renebates] event: City Of Plano, Texas secs=218598
[DEBUG] [Renebates] City Of Plano, Texas -> 3 lots via https://renebates.com/a_list_2.php?id=265&cat=all
[DEBUG] [Renebates] event: Tatum Independent School District - Tatum, Texas secs=222194
[DEBUG] [Renebates] Tatum Independent School District - Tatum, Texas -> 6 lots via https://renebates.com/a_list_2.php?id=117&cat=all
[DEBUG] [DEBUG] collected 20 listings from all sites (after filter)
[DEBUG] [GD] HTTP 200 | CT=application/json; charset=utf-8 | page=1
[DEBUG] [GD] page 1: 24 items
[DEBUG] [GD] HTTP 200 | CT=application/json; charset=utf-8 | page=2
[DEBUG] [GD] page 2: 24 items
[DEBUG] [GD] HTTP 200 | CT=application/json; charset=utf-8 | page=3
[DEBUG] [GD] page 3: 24 items
[DEBUG] [GD] HTTP 200 | CT=application/json; charset=utf-8 | page=4
[DEBUG] [GD] page 4: 24 items
[DEBUG] [GD] HTTP 200 | CT=application/json; charset=utf-8 | page=5
[DEBUG] [GD] page 5: 24 items
[DEBUG] [GD] total raw items before normalize: 120; unique kept: 113
[DEBUG] [GD] normalized rows: 113
[DEBUG] [GD] blocked by specialty/diesel filter: 103; passing: 10
[DEBUG] [Proxibid] parsed 30 rows across 1 page(s)
[DEBUG] [Renebates] found 54 events on index
[DEBUG] [Renebates] event: City Of Plano, Texas secs=217955
[DEBUG] [Renebates] City Of Plano, Texas -> 3 lots via https://renebates.com/a_list_2.php?id=265&cat=all
[DEBUG] [Renebates] event: Tatum Independent School District - Tatum, Texas secs=221551
[DEBUG] [Renebates] Tatum Independent School District - Tatum, Texas -> 6 lots via https://renebates.com/a_list_2.php?id=117&cat=all
[DEBUG] [DEBUG] collected 20 listings from all sites (after filter)
[DEBUG] [GD] HTTP 200 | CT=application/json; charset=utf-8 | page=1
[DEBUG] [GD] page 1: 24 items
[DEBUG] [GD] HTTP 200 | CT=application/json; charset=utf-8 | page=2
[DEBUG] [GD] page 2: 24 items
[DEBUG] [GD] HTTP 200 | CT=application/json; charset=utf-8 | page=3
[DEBUG] [GD] page 3: 24 items
[DEBUG] [GD] HTTP 200 | CT=application/json; charset=utf-8 | page=4
[DEBUG] [GD] page 4: 24 items
[DEBUG] [GD] HTTP 200 | CT=application/json; charset=utf-8 | page=5
[DEBUG] [GD] page 5: 24 items
[DEBUG] [GD] total raw items before normalize: 120; unique kept: 113
[DEBUG] [GD] normalized rows: 113
[DEBUG] [GD] blocked by specialty/diesel filter: 103; passing: 10
[DEBUG] [Proxibid] parsed 30 rows across 1 page(s)
[DEBUG] [Renebates] found 54 events on index
[DEBUG] [Renebates] event: City Of Plano, Texas secs=217312
[DEBUG] [Renebates] City Of Plano, Texas -> 3 lots via https://renebates.com/a_list_2.php?id=265&cat=all
[DEBUG] [Renebates] event: Tatum Independent School District - Tatum, Texas secs=220908
[DEBUG] [Renebates] Tatum Independent School District - Tatum, Texas -> 6 lots via https://renebates.com/a_list_2.php?id=117&cat=all
[DEBUG] [DEBUG] collected 20 listings from all sites (after filter)
[DEBUG] [GD] HTTP 200 | CT=application/json; charset=utf-8 | page=1
[DEBUG] [GD] page 1: 24 items
[DEBUG] [GD] HTTP 200 | CT=application/json; charset=utf-8 | page=2
[DEBUG] [GD] page 2: 24 items
[DEBUG] [GD] HTTP 200 | CT=application/json; charset=utf-8 | page=3
[DEBUG] [GD] page 3: 24 items
[DEBUG] [GD] HTTP 200 | CT=application/json; charset=utf-8 | page=4
[DEBUG] [GD] page 4: 24 items
[DEBUG] [GD] HTTP 200 | CT=application/json; charset=utf-8 | page=5
[DEBUG] [GD] page 5: 24 items
[DEBUG] [GD] total raw items before normalize: 120; unique kept: 113
[DEBUG] [GD] normalized rows: 113
[DEBUG] [GD] blocked by specialty/diesel filter: 103; passing: 10
[DEBUG] [Proxibid] parsed 30 rows across 1 page(s)
[DEBUG] [Renebates] found 54 events on index
[DEBUG] [Renebates] event: City Of Plano, Texas secs=216663
[DEBUG] [Renebates] City Of Plano, Texas -> 3 lots via https://renebates.com/a_list_2.php?id=265&cat=all
[DEBUG] [Renebates] event: Tatum Independent School District - Tatum, Texas secs=220260
[DEBUG] [Renebates] Tatum Independent School District - Tatum, Texas -> 6 lots via https://renebates.com/a_list_2.php?id=117&cat=all
[DEBUG] [DEBUG] collected 20 listings from all sites (after filter)
[DEBUG] [GD] HTTP 200 | CT=application/json; charset=utf-8 | page=1
[DEBUG] [GD] page 1: 24 items
[DEBUG] [GD] HTTP 200 | CT=application/json; charset=utf-8 | page=2
[DEBUG] [GD] page 2: 24 items
[DEBUG] [GD] HTTP 200 | CT=application/json; charset=utf-8 | page=3
[DEBUG] [GD] page 3: 24 items
[DEBUG] [GD] HTTP 200 | CT=application/json; charset=utf-8 | page=4
[DEBUG] [GD] page 4: 24 items
[DEBUG] [GD] HTTP 200 | CT=application/json; charset=utf-8 | page=5
[DEBUG] [GD] page 5: 24 items
[DEBUG] [GD] total raw items before normalize: 120; unique kept: 113
[DEBUG] [GD] normalized rows: 113
[DEBUG] [GD] blocked by specialty/diesel filter: 103; passing: 10
[DEBUG] [Proxibid] parsed 30 rows across 1 page(s)
[DEBUG] [Renebates] found 54 events on index
[DEBUG] [Renebates] event: City Of Plano, Texas secs=216019
[DEBUG] [Renebates] City Of Plano, Texas -> 3 lots via https://renebates.com/a_list_2.php?id=265&cat=all
[DEBUG] [Renebates] event: Tatum Independent School District - Tatum, Texas secs=219617
[DEBUG] [Renebates] Tatum Independent School District - Tatum, Texas -> 6 lots via https://renebates.com/a_list_2.php?id=117&cat=all
[DEBUG] [DEBUG] collected 20 listings from all sites (after filter)
[DEBUG] [GD] HTTP 200 | CT=application/json; charset=utf-8 | page=1
[DEBUG] [GD] page 1: 24 items
[DEBUG] [GD] HTTP 200 | CT=application/json; charset=utf-8 | page=2
[DEBUG] [GD] page 2: 24 items
[DEBUG] [GD] HTTP 200 | CT=application/json; charset=utf-8 | page=3
[DEBUG] [GD] page 3: 24 items
[DEBUG] [GD] HTTP 200 | CT=application/json; charset=utf-8 | page=4
[DEBUG] [GD] page 4: 24 items
[DEBUG] [GD] HTTP 200 | CT=application/json; charset=utf-8 | page=5
[DEBUG] [GD] page 5: 24 items
[DEBUG] [GD] total raw items before normalize: 120; unique kept: 113
[DEBUG] [GD] normalized rows: 113
[DEBUG] [GD] blocked by specialty/diesel filter: 103; passing: 10
[DEBUG] [Proxibid] parsed 30 rows across 1 page(s)
[DEBUG] [Renebates] found 54 events on index
[DEBUG] [Renebates] event: City Of Plano, Texas secs=215374
[DEBUG] [Renebates] City Of Plano, Texas -> 3 lots via https://renebates.com/a_list_2.php?id=265&cat=all
[DEBUG] [Renebates] event: Tatum Independent School District - Tatum, Texas secs=218971
[DEBUG] [Renebates] Tatum Independent School District - Tatum, Texas -> 6 lots via https://renebates.com/a_list_2.php?id=117&cat=all
[DEBUG] [DEBUG] collected 20 listings from all sites (after filter)
[DEBUG] [GD] HTTP 200 | CT=application/json; charset=utf-8 | page=1
[DEBUG] [GD] page 1: 24 items
[DEBUG] [GD] HTTP 200 | CT=application/json; charset=utf-8 | page=2
[DEBUG] [GD] page 2: 24 items
[DEBUG] [GD] HTTP 200 | CT=application/json; charset=utf-8 | page=3
[DEBUG] [GD] page 3: 24 items
[DEBUG] [GD] HTTP 200 | CT=application/json; charset=utf-8 | page=4
[DEBUG] [GD] page 4: 24 items
[DEBUG] [GD] HTTP 200 | CT=application/json; charset=utf-8 | page=5
[DEBUG] [GD] page 5: 24 items
[DEBUG] [GD] total raw items before normalize: 120; unique kept: 113
[DEBUG] [GD] normalized rows: 113
[DEBUG] [GD] blocked by specialty/diesel filter: 103; passing: 10
[DEBUG] [Proxibid] parsed 30 rows across 1 page(s)
[DEBUG] [Renebates] found 54 events on index
[DEBUG] [Renebates] event: City Of Plano, Texas secs=214730
[DEBUG] [Renebates] City Of Plano, Texas -> 3 lots via https://renebates.com/a_list_2.php?id=265&cat=all
[DEBUG] [Renebates] event: Tatum Independent School District - Tatum, Texas secs=218327
[DEBUG] [Renebates] Tatum Independent School District - Tatum, Texas -> 6 lots via https://renebates.com/a_list_2.php?id=117&cat=all
[DEBUG] [DEBUG] collected 20 listings from all sites (after filter)
[DEBUG] [GD] HTTP 200 | CT=application/json; charset=utf-8 | page=1
[DEBUG] [GD] page 1: 24 items
[DEBUG] [GD] HTTP 200 | CT=application/json; charset=utf-8 | page=2
[DEBUG] [GD] page 2: 24 items
[DEBUG] [GD] HTTP 200 | CT=application/json; charset=utf-8 | page=3
[DEBUG] [GD] page 3: 24 items
[DEBUG] [GD] HTTP 200 | CT=application/json; charset=utf-8 | page=4
[DEBUG] [GD] page 4: 24 items
[DEBUG] [GD] HTTP 200 | CT=application/json; charset=utf-8 | page=5
[DEBUG] [GD] page 5: 24 items
[DEBUG] [GD] total raw items before normalize: 120; unique kept: 113
[DEBUG] [GD] normalized rows: 113
[DEBUG] [GD] blocked by specialty/diesel filter: 103; passing: 10
[DEBUG] [Proxibid] parsed 30 rows across 1 page(s)
[DEBUG] [Renebates] found 54 events on index
[DEBUG] [Renebates] event: City Of Plano, Texas secs=214091
[DEBUG] [Renebates] City Of Plano, Texas -> 3 lots via https://renebates.com/a_list_2.php?id=265&cat=all
[DEBUG] [Renebates] event: Tatum Independent School District - Tatum, Texas secs=217686
[DEBUG] [Renebates] Tatum Independent School District - Tatum, Texas -> 6 lots via https://renebates.com/a_list_2.php?id=117&cat=all
[DEBUG] [DEBUG] collected 20 listings from all sites (after filter)
[DEBUG] [GD] HTTP 200 | CT=application/json; charset=utf-8 | page=1
[DEBUG] [GD] page 1: 24 items
[DEBUG] [GD] HTTP 200 | CT=application/json; charset=utf-8 | page=2
[DEBUG] [GD] page 2: 24 items
[DEBUG] [GD] HTTP 200 | CT=application/json; charset=utf-8 | page=3
[DEBUG] [GD] page 3: 24 items
[DEBUG] [GD] HTTP 200 | CT=application/json; charset=utf-8 | page=4
[DEBUG] [GD] page 4: 24 items
[DEBUG] [GD] HTTP 200 | CT=application/json; charset=utf-8 | page=5
[DEBUG] [GD] page 5: 24 items
[DEBUG] [GD] total raw items before normalize: 120; unique kept: 113
[DEBUG] [GD] normalized rows: 113
[DEBUG] [GD] blocked by specialty/diesel filter: 103; passing: 10
[DEBUG] [Proxibid] parsed 30 rows across 1 page(s)
[DEBUG] [Renebates] found 54 events on index
[DEBUG] [Renebates] event: City Of Plano, Texas secs=213444
[DEBUG] [Renebates] City Of Plano, Texas -> 3 lots via https://renebates.com/a_list_2.php?id=265&cat=all
[DEBUG] [Renebates] event: Tatum Independent School District - Tatum, Texas secs=217040
[DEBUG] [Renebates] Tatum Independent School District - Tatum, Texas -> 6 lots via https://renebates.com/a_list_2.php?id=117&cat=all
[DEBUG] [DEBUG] collected 20 listings from all sites (after filter)
[DEBUG] [GD] HTTP 200 | CT=application/json; charset=utf-8 | page=1
[DEBUG] [GD] page 1: 24 items
[DEBUG] [GD] HTTP 200 | CT=application/json; charset=utf-8 | page=2
[DEBUG] [GD] page 2: 24 items
[DEBUG] [GD] HTTP 200 | CT=application/json; charset=utf-8 | page=3
[DEBUG] [GD] page 3: 24 items
[DEBUG] [GD] HTTP 200 | CT=application/json; charset=utf-8 | page=4
[DEBUG] [GD] page 4: 24 items
[DEBUG] [GD] HTTP 200 | CT=application/json; charset=utf-8 | page=5
[DEBUG] [GD] page 5: 24 items
[DEBUG] [GD] total raw items before normalize: 120; unique kept: 113
[DEBUG] [GD] normalized rows: 113
[DEBUG] [GD] blocked by specialty/diesel filter: 103; passing: 10
[DEBUG] [Proxibid] parsed 30 rows across 1 page(s)
[DEBUG] [Renebates] found 54 events on index
[DEBUG] [Renebates] event: City Of Plano, Texas secs=212795
[DEBUG] [Renebates] City Of Plano, Texas -> 3 lots via https://renebates.com/a_list_2.php?id=265&cat=all
[DEBUG] [Renebates] event: Tatum Independent School District - Tatum, Texas secs=216392
[DEBUG] [Renebates] Tatum Independent School District - Tatum, Texas -> 6 lots via https://renebates.com/a_list_2.php?id=117&cat=all
[DEBUG] [DEBUG] collected 20 listings from all sites (after filter)
[DEBUG] [GD] HTTP 200 | CT=application/json; charset=utf-8 | page=1
[DEBUG] [GD] page 1: 24 items
[DEBUG] [GD] HTTP 200 | CT=application/json; charset=utf-8 | page=2
[DEBUG] [GD] page 2: 24 items
[DEBUG] [GD] HTTP 200 | CT=application/json; charset=utf-8 | page=3
[DEBUG] [GD] page 3: 24 items
[DEBUG] [GD] HTTP 200 | CT=application/json; charset=utf-8 | page=4
[DEBUG] [GD] page 4: 24 items
[DEBUG] [GD] HTTP 200 | CT=application/json; charset=utf-8 | page=5
[DEBUG] [GD] page 5: 24 items
[DEBUG] [GD] total raw items before normalize: 120; unique kept: 113
[DEBUG] [GD] normalized rows: 113
[DEBUG] [GD] blocked by specialty/diesel filter: 103; passing: 10
[DEBUG] [Proxibid] parsed 30 rows across 1 page(s)
[DEBUG] [Renebates] found 54 events on index
[DEBUG] [Renebates] event: City Of Plano, Texas secs=212141
[DEBUG] [Renebates] City Of Plano, Texas -> 3 lots via https://renebates.com/a_list_2.php?id=265&cat=all
[DEBUG] [Renebates] event: Tatum Independent School District - Tatum, Texas secs=215737
[DEBUG] [Renebates] Tatum Independent School District - Tatum, Texas -> 6 lots via https://renebates.com/a_list_2.php?id=117&cat=all
[DEBUG] [DEBUG] collected 20 listings from all sites (after filter)
[DEBUG] [GD] HTTP 200 | CT=application/json; charset=utf-8 | page=1
[DEBUG] [GD] page 1: 24 items
[DEBUG] [GD] HTTP 200 | CT=application/json; charset=utf-8 | page=2
[DEBUG] [GD] page 2: 24 items
[DEBUG] [GD] HTTP 200 | CT=application/json; charset=utf-8 | page=3
[DEBUG] [GD] page 3: 24 items
[DEBUG] [GD] HTTP 200 | CT=application/json; charset=utf-8 | page=4
[DEBUG] [GD] page 4: 24 items
[DEBUG] [GD] HTTP 200 | CT=application/json; charset=utf-8 | page=5
[DEBUG] [GD] page 5: 24 items
[DEBUG] [GD] total raw items before normalize: 120; unique kept: 113
[DEBUG] [GD] normalized rows: 113
[DEBUG] [GD] blocked by specialty/diesel filter: 103; passing: 10
[DEBUG] [Proxibid] parsed 30 rows across 1 page(s)
[DEBUG] [Renebates] found 54 events on index
[DEBUG] [Renebates] event: City Of Plano, Texas secs=211498
[DEBUG] [Renebates] City Of Plano, Texas -> 3 lots via https://renebates.com/a_list_2.php?id=265&cat=all
[DEBUG] [Renebates] event: Tatum Independent School District - Tatum, Texas secs=215095
[DEBUG] [Renebates] Tatum Independent School District - Tatum, Texas -> 6 lots via https://renebates.com/a_list_2.php?id=117&cat=all
[DEBUG] [DEBUG] collected 20 listings from all sites (after filter)
[DEBUG] [GD] HTTP 200 | CT=application/json; charset=utf-8 | page=1
[DEBUG] [GD] page 1: 24 items
[DEBUG] [GD] HTTP 200 | CT=application/json; charset=utf-8 | page=2
[DEBUG] [GD] page 2: 24 items
[DEBUG] [GD] HTTP 200 | CT=application/json; charset=utf-8 | page=3
[DEBUG] [GD] page 3: 24 items
[DEBUG] [GD] HTTP 200 | CT=application/json; charset=utf-8 | page=4
[DEBUG] [GD] page 4: 24 items
[DEBUG] [GD] HTTP 200 | CT=application/json; charset=utf-8 | page=5
[DEBUG] [GD] page 5: 24 items
[DEBUG] [GD] total raw items before normalize: 120; unique kept: 113
[DEBUG] [GD] normalized rows: 113
[DEBUG] [GD] blocked by specialty/diesel filter: 103; passing: 10
[DEBUG] [Proxibid] parsed 30 rows across 1 page(s)
[DEBUG] [Renebates] found 54 events on index
[DEBUG] [Renebates] event: City Of Plano, Texas secs=210854
[DEBUG] [Renebates] City Of Plano, Texas -> 3 lots via https://renebates.com/a_list_2.php?id=265&cat=all
[DEBUG] [Renebates] event: Tatum Independent School District - Tatum, Texas secs=214449
[DEBUG] [Renebates] Tatum Independent School District - Tatum, Texas -> 6 lots via https://renebates.com/a_list_2.php?id=117&cat=all
[DEBUG] [DEBUG] collected 20 listings from all sites (after filter)
[DEBUG] [GD] HTTP 200 | CT=application/json; charset=utf-8 | page=1
[DEBUG] [GD] page 1: 24 items
[DEBUG] [GD] HTTP 200 | CT=application/json; charset=utf-8 | page=2
[DEBUG] [GD] page 2: 24 items
[DEBUG] [GD] HTTP 200 | CT=application/json; charset=utf-8 | page=3
[DEBUG] [GD] page 3: 24 items
[DEBUG] [GD] HTTP 200 | CT=application/json; charset=utf-8 | page=4
[DEBUG] [GD] page 4: 24 items
[DEBUG] [GD] HTTP 200 | CT=application/json; charset=utf-8 | page=5
[DEBUG] [GD] page 5: 24 items
[DEBUG] [GD] total raw items before normalize: 120; unique kept: 113
[DEBUG] [GD] normalized rows: 113
[DEBUG] [GD] blocked by specialty/diesel filter: 103; passing: 10
[DEBUG] [Proxibid] parsed 30 rows across 1 page(s)
[DEBUG] [Renebates] found 54 events on index
[DEBUG] [Renebates] event: City Of Plano, Texas secs=210200
[DEBUG] [Renebates] City Of Plano, Texas -> 3 lots via https://renebates.com/a_list_2.php?id=265&cat=all
[DEBUG] [Renebates] event: Tatum Independent School District - Tatum, Texas secs=213796
[DEBUG] [Renebates] Tatum Independent School District - Tatum, Texas -> 6 lots via https://renebates.com/a_list_2.php?id=117&cat=all
[DEBUG] [DEBUG] collected 20 listings from all sites (after filter)
[DEBUG] [GD] HTTP 200 | CT=application/json; charset=utf-8 | page=1
[DEBUG] [GD] page 1: 24 items
[DEBUG] [GD] HTTP 200 | CT=application/json; charset=utf-8 | page=2
[DEBUG] [GD] page 2: 24 items
[DEBUG] [GD] HTTP 200 | CT=application/json; charset=utf-8 | page=3
[DEBUG] [GD] page 3: 24 items
[DEBUG] [GD] HTTP 200 | CT=application/json; charset=utf-8 | page=4
[DEBUG] [GD] page 4: 24 items
[DEBUG] [GD] HTTP 200 | CT=application/json; charset=utf-8 | page=5
[DEBUG] [GD] page 5: 24 items
[DEBUG] [GD] total raw items before normalize: 120; unique kept: 113
[DEBUG] [GD] normalized rows: 113
[DEBUG] [GD] blocked by specialty/diesel filter: 103; passing: 10
[DEBUG] [Proxibid] parsed 30 rows across 1 page(s)
[DEBUG] [Renebates] found 54 events on index
[DEBUG] [Renebates] event: City Of Plano, Texas secs=209560
[DEBUG] [Renebates] City Of Plano, Texas -> 3 lots via https://renebates.com/a_list_2.php?id=265&cat=all
[DEBUG] [Renebates] event: Tatum Independent School District - Tatum, Texas secs=213156
[DEBUG] [Renebates] Tatum Independent School District - Tatum, Texas -> 6 lots via https://renebates.com/a_list_2.php?id=117&cat=all
[DEBUG] [DEBUG] collected 20 listings from all sites (after filter)
[DEBUG] [GD] HTTP 200 | CT=application/json; charset=utf-8 | page=1
[DEBUG] [GD] page 1: 24 items
[DEBUG] [GD] HTTP 200 | CT=application/json; charset=utf-8 | page=2
[DEBUG] [GD] page 2: 24 items
[DEBUG] [GD] HTTP 200 | CT=application/json; charset=utf-8 | page=3
[DEBUG] [GD] page 3: 24 items
[DEBUG] [GD] HTTP 200 | CT=application/json; charset=utf-8 | page=4
[DEBUG] [GD] page 4: 24 items
[DEBUG] [GD] HTTP 200 | CT=application/json; charset=utf-8 | page=5
[DEBUG] [GD] page 5: 24 items
[DEBUG] [GD] total raw items before normalize: 120; unique kept: 113
[DEBUG] [GD] normalized rows: 113
[DEBUG] [GD] blocked by specialty/diesel filter: 103; passing: 10
[DEBUG] [Proxibid] parsed 30 rows across 1 page(s)
[DEBUG] [Renebates] found 54 events on index
[DEBUG] [Renebates] event: City Of Plano, Texas secs=208917
[DEBUG] [Renebates] City Of Plano, Texas -> 3 lots via https://renebates.com/a_list_2.php?id=265&cat=all
[DEBUG] [Renebates] event: Tatum Independent School District - Tatum, Texas secs=212512
[DEBUG] [Renebates] Tatum Independent School District - Tatum, Texas -> 6 lots via https://renebates.com/a_list_2.php?id=117&cat=all
[DEBUG] [DEBUG] collected 20 listings from all sites (after filter)
[DEBUG] [GD] HTTP 200 | CT=application/json; charset=utf-8 | page=1
[DEBUG] [GD] page 1: 24 items
[DEBUG] [GD] HTTP 200 | CT=application/json; charset=utf-8 | page=2
[DEBUG] [GD] page 2: 24 items
[DEBUG] [GD] HTTP 200 | CT=application/json; charset=utf-8 | page=3
[DEBUG] [GD] page 3: 24 items
[DEBUG] [GD] HTTP 200 | CT=application/json; charset=utf-8 | page=4
[DEBUG] [GD] page 4: 24 items
[DEBUG] [GD] HTTP 200 | CT=application/json; charset=utf-8 | page=5
[DEBUG] [GD] page 5: 24 items
[DEBUG] [GD] total raw items before normalize: 120; unique kept: 113
[DEBUG] [GD] normalized rows: 113
[DEBUG] [GD] blocked by specialty/diesel filter: 103; passing: 10
[DEBUG] [Proxibid] parsed 30 rows across 1 page(s)
[DEBUG] [Renebates] found 54 events on index
[DEBUG] [Renebates] event: City Of Plano, Texas secs=208260
[DEBUG] [Renebates] City Of Plano, Texas -> 3 lots via https://renebates.com/a_list_2.php?id=265&cat=all
[DEBUG] [Renebates] event: Tatum Independent School District - Tatum, Texas secs=211857
[DEBUG] [Renebates] Tatum Independent School District - Tatum, Texas -> 6 lots via https://renebates.com/a_list_2.php?id=117&cat=all
[DEBUG] [DEBUG] collected 20 listings from all sites (after filter)
[DEBUG] [GD] HTTP 200 | CT=application/json; charset=utf-8 | page=1
[DEBUG] [GD] page 1: 24 items
[DEBUG] [GD] HTTP 200 | CT=application/json; charset=utf-8 | page=2
[DEBUG] [GD] page 2: 24 items
[DEBUG] [GD] HTTP 200 | CT=application/json; charset=utf-8 | page=3
[DEBUG] [GD] page 3: 24 items
[DEBUG] [GD] HTTP 200 | CT=application/json; charset=utf-8 | page=4
[DEBUG] [GD] page 4: 24 items
[DEBUG] [GD] HTTP 200 | CT=application/json; charset=utf-8 | page=5
[DEBUG] [GD] page 5: 24 items
[DEBUG] [GD] total raw items before normalize: 120; unique kept: 113
[DEBUG] [GD] normalized rows: 113
[DEBUG] [GD] blocked by specialty/diesel filter: 103; passing: 10
[DEBUG] [Proxibid] parsed 30 rows across 1 page(s)
[DEBUG] [Renebates] found 54 events on index
[DEBUG] [Renebates] event: City Of Plano, Texas secs=207616
[DEBUG] [Renebates] City Of Plano, Texas -> 3 lots via https://renebates.com/a_list_2.php?id=265&cat=all
[DEBUG] [Renebates] event: Tatum Independent School District - Tatum, Texas secs=211213
[DEBUG] [Renebates] Tatum Independent School District - Tatum, Texas -> 6 lots via https://renebates.com/a_list_2.php?id=117&cat=all
[DEBUG] [DEBUG] collected 20 listings from all sites (after filter)
[DEBUG] [GD] HTTP 200 | CT=application/json; charset=utf-8 | page=1
[DEBUG] [GD] page 1: 24 items
[DEBUG] [GD] HTTP 200 | CT=application/json; charset=utf-8 | page=2
[DEBUG] [GD] page 2: 24 items
[DEBUG] [GD] HTTP 200 | CT=application/json; charset=utf-8 | page=3
[DEBUG] [GD] page 3: 24 items
[DEBUG] [GD] HTTP 200 | CT=application/json; charset=utf-8 | page=4
[DEBUG] [GD] page 4: 24 items
[DEBUG] [GD] HTTP 200 | CT=application/json; charset=utf-8 | page=5
[DEBUG] [GD] page 5: 24 items
[DEBUG] [GD] total raw items before normalize: 120; unique kept: 113
[DEBUG] [GD] normalized rows: 113
[DEBUG] [GD] blocked by specialty/diesel filter: 103; passing: 10
[DEBUG] [Proxibid] parsed 30 rows across 1 page(s)
[DEBUG] [Renebates] found 54 events on index
[DEBUG] [Renebates] event: City Of Plano, Texas secs=206961
[DEBUG] [Renebates] City Of Plano, Texas -> 3 lots via https://renebates.com/a_list_2.php?id=265&cat=all
[DEBUG] [Renebates] event: Tatum Independent School District - Tatum, Texas secs=210559
[DEBUG] [Renebates] Tatum Independent School District - Tatum, Texas -> 6 lots via https://renebates.com/a_list_2.php?id=117&cat=all
[DEBUG] [DEBUG] collected 20 listings from all sites (after filter)
[DEBUG] [GD] HTTP 200 | CT=application/json; charset=utf-8 | page=1
[DEBUG] [GD] page 1: 24 items
[DEBUG] [GD] HTTP 200 | CT=application/json; charset=utf-8 | page=2
[DEBUG] [GD] page 2: 24 items
[DEBUG] [GD] HTTP 200 | CT=application/json; charset=utf-8 | page=3
[DEBUG] [GD] page 3: 24 items
[DEBUG] [GD] HTTP 200 | CT=application/json; charset=utf-8 | page=4
[DEBUG] [GD] page 4: 24 items
[DEBUG] [GD] HTTP 200 | CT=application/json; charset=utf-8 | page=5
[DEBUG] [GD] page 5: 24 items
[DEBUG] [GD] total raw items before normalize: 120; unique kept: 113
[DEBUG] [GD] normalized rows: 113
[DEBUG] [GD] blocked by specialty/diesel filter: 103; passing: 10
[DEBUG] [Proxibid] parsed 30 rows across 1 page(s)
[DEBUG] [Renebates] found 54 events on index
[DEBUG] [Renebates] event: City Of Plano, Texas secs=206310
[DEBUG] [Renebates] City Of Plano, Texas -> 3 lots via https://renebates.com/a_list_2.php?id=265&cat=all
[DEBUG] [Renebates] event: Tatum Independent School District - Tatum, Texas secs=209906
[DEBUG] [Renebates] Tatum Independent School District - Tatum, Texas -> 6 lots via https://renebates.com/a_list_2.php?id=117&cat=all
[DEBUG] [DEBUG] collected 20 listings from all sites (after filter)
[DEBUG] [GD] HTTP 200 | CT=application/json; charset=utf-8 | page=1
[DEBUG] [GD] page 1: 24 items
[DEBUG] [GD] HTTP 200 | CT=application/json; charset=utf-8 | page=2
[DEBUG] [GD] page 2: 24 items
[DEBUG] [GD] HTTP 200 | CT=application/json; charset=utf-8 | page=3
[DEBUG] [GD] page 3: 24 items
[DEBUG] [GD] HTTP 200 | CT=application/json; charset=utf-8 | page=4
[DEBUG] [GD] page 4: 24 items
[DEBUG] [GD] HTTP 200 | CT=application/json; charset=utf-8 | page=5
[DEBUG] [GD] page 5: 24 items
[DEBUG] [GD] total raw items before normalize: 120; unique kept: 113
[DEBUG] [GD] normalized rows: 113
[DEBUG] [GD] blocked by specialty/diesel filter: 103; passing: 10
[DEBUG] [Proxibid] parsed 30 rows across 1 page(s)
[DEBUG] [Renebates] found 54 events on index
[DEBUG] [Renebates] event: City Of Plano, Texas secs=205665
[DEBUG] [Renebates] City Of Plano, Texas -> 3 lots via https://renebates.com/a_list_2.php?id=265&cat=all
[DEBUG] [Renebates] event: Tatum Independent School District - Tatum, Texas secs=209262
[DEBUG] [Renebates] Tatum Independent School District - Tatum, Texas -> 6 lots via https://renebates.com/a_list_2.php?id=117&cat=all
[DEBUG] [DEBUG] collected 20 listings from all sites (after filter)
❌ SMS failed: HTTP 401 error: Unable to create record: Authenticate
💓 Healthcheck SMS sent.
[DEBUG] [GD] HTTP 200 | CT=application/json; charset=utf-8 | page=1
[DEBUG] [GD] page 1: 24 items
[DEBUG] [GD] HTTP 200 | CT=application/json; charset=utf-8 | page=2
[DEBUG] [GD] page 2: 24 items
[DEBUG] [GD] HTTP 200 | CT=application/json; charset=utf-8 | page=3
[DEBUG] [GD] page 3: 24 items
[DEBUG] [GD] HTTP 200 | CT=application/json; charset=utf-8 | page=4
[DEBUG] [GD] page 4: 24 items
[DEBUG] [GD] HTTP 200 | CT=application/json; charset=utf-8 | page=5
[DEBUG] [GD] page 5: 24 items
[DEBUG] [GD] total raw items before normalize: 120; unique kept: 113
[DEBUG] [GD] normalized rows: 113
[DEBUG] [GD] blocked by specialty/diesel filter: 103; passing: 10
[DEBUG] [Proxibid] parsed 30 rows across 1 page(s)
[DEBUG] [Renebates] found 54 events on index
[DEBUG] [Renebates] event: City Of Plano, Texas secs=205015
[DEBUG] [Renebates] City Of Plano, Texas -> 3 lots via https://renebates.com/a_list_2.php?id=265&cat=all
[DEBUG] [Renebates] event: Tatum Independent School District - Tatum, Texas secs=208613
[DEBUG] [Renebates] Tatum Independent School District - Tatum, Texas -> 6 lots via https://renebates.com/a_list_2.php?id=117&cat=all
[DEBUG] [DEBUG] collected 20 listings from all sites (after filter)
[DEBUG] [GD] HTTP 200 | CT=application/json; charset=utf-8 | page=1
[DEBUG] [GD] page 1: 24 items
[DEBUG] [GD] HTTP 200 | CT=application/json; charset=utf-8 | page=2
[DEBUG] [GD] page 2: 24 items
[DEBUG] [GD] HTTP 200 | CT=application/json; charset=utf-8 | page=3
[DEBUG] [GD] page 3: 24 items
[DEBUG] [GD] HTTP 200 | CT=application/json; charset=utf-8 | page=4
[DEBUG] [GD] page 4: 24 items
[DEBUG] [GD] HTTP 200 | CT=application/json; charset=utf-8 | page=5
[DEBUG] [GD] page 5: 24 items
[DEBUG] [GD] total raw items before normalize: 120; unique kept: 113
[DEBUG] [GD] normalized rows: 113
[DEBUG] [GD] blocked by specialty/diesel filter: 103; passing: 10
[DEBUG] [Proxibid] parsed 30 rows across 1 page(s)
[DEBUG] [Renebates] found 54 events on index
[DEBUG] [Renebates] event: City Of Plano, Texas secs=204365
[DEBUG] [Renebates] City Of Plano, Texas -> 3 lots via https://renebates.com/a_list_2.php?id=265&cat=all
[DEBUG] [Renebates] event: Tatum Independent School District - Tatum, Texas secs=207961
[DEBUG] [Renebates] Tatum Independent School District - Tatum, Texas -> 6 lots via https://renebates.com/a_list_2.php?id=117&cat=all
[DEBUG] [DEBUG] collected 20 listings from all sites (after filter)
[DEBUG] [GD] HTTP 200 | CT=application/json; charset=utf-8 | page=1
[DEBUG] [GD] page 1: 24 items
[DEBUG] [GD] HTTP 200 | CT=application/json; charset=utf-8 | page=2
[DEBUG] [GD] page 2: 24 items
[DEBUG] [GD] HTTP 200 | CT=application/json; charset=utf-8 | page=3
[DEBUG] [GD] page 3: 24 items
[DEBUG] [GD] HTTP 200 | CT=application/json; charset=utf-8 | page=4
[DEBUG] [GD] page 4: 24 items
[DEBUG] [GD] HTTP 200 | CT=application/json; charset=utf-8 | page=5
[DEBUG] [GD] page 5: 24 items
[DEBUG] [GD] total raw items before normalize: 120; unique kept: 113
[DEBUG] [GD] normalized rows: 113
[DEBUG] [GD] blocked by specialty/diesel filter: 103; passing: 10
[DEBUG] [Proxibid] parsed 30 rows across 1 page(s)
[DEBUG] [Renebates] found 54 events on index
[DEBUG] [Renebates] event: City Of Plano, Texas secs=203717
[DEBUG] [Renebates] City Of Plano, Texas -> 3 lots via https://renebates.com/a_list_2.php?id=265&cat=all
[DEBUG] [Renebates] event: Tatum Independent School District - Tatum, Texas secs=207314
[DEBUG] [Renebates] Tatum Independent School District - Tatum, Texas -> 6 lots via https://renebates.com/a_list_2.php?id=117&cat=all
[DEBUG] [DEBUG] collected 20 listings from all sites (after filter)
[DEBUG] [GD] HTTP 200 | CT=application/json; charset=utf-8 | page=1
[DEBUG] [GD] page 1: 24 items
[DEBUG] [GD] HTTP 200 | CT=application/json; charset=utf-8 | page=2
[DEBUG] [GD] page 2: 24 items
[DEBUG] [GD] HTTP 200 | CT=application/json; charset=utf-8 | page=3
[DEBUG] [GD] page 3: 24 items
[DEBUG] [GD] HTTP 200 | CT=application/json; charset=utf-8 | page=4
[DEBUG] [GD] page 4: 24 items
[DEBUG] [GD] HTTP 200 | CT=application/json; charset=utf-8 | page=5
[DEBUG] [GD] page 5: 24 items
[DEBUG] [GD] total raw items before normalize: 120; unique kept: 113
[DEBUG] [GD] normalized rows: 113
[DEBUG] [GD] blocked by specialty/diesel filter: 103; passing: 10
[DEBUG] [Proxibid] parsed 30 rows across 1 page(s)
[DEBUG] [Renebates] found 54 events on index
[DEBUG] [Renebates] event: City Of Plano, Texas secs=203070
[DEBUG] [Renebates] City Of Plano, Texas -> 3 lots via https://renebates.com/a_list_2.php?id=265&cat=all
[DEBUG] [Renebates] event: Tatum Independent School District - Tatum, Texas secs=206667
[DEBUG] [Renebates] Tatum Independent School District - Tatum, Texas -> 6 lots via https://renebates.com/a_list_2.php?id=117&cat=all
[DEBUG] [DEBUG] collected 20 listings from all sites (after filter)
[DEBUG] [GD] HTTP 200 | CT=application/json; charset=utf-8 | page=1
[DEBUG] [GD] page 1: 24 items
[DEBUG] [GD] HTTP 200 | CT=application/json; charset=utf-8 | page=2
[DEBUG] [GD] page 2: 24 items
[DEBUG] [GD] HTTP 200 | CT=application/json; charset=utf-8 | page=3
[DEBUG] [GD] page 3: 24 items
[DEBUG] [GD] HTTP 200 | CT=application/json; charset=utf-8 | page=4
[DEBUG] [GD] page 4: 24 items
[DEBUG] [GD] HTTP 200 | CT=application/json; charset=utf-8 | page=5
[DEBUG] [GD] page 5: 24 items
[DEBUG] [GD] total raw items before normalize: 120; unique kept: 113
[DEBUG] [GD] normalized rows: 113
[DEBUG] [GD] blocked by specialty/diesel filter: 103; passing: 10
[DEBUG] [Proxibid] parsed 30 rows across 1 page(s)
[DEBUG] [Renebates] found 54 events on index
[DEBUG] [Renebates] event: City Of Plano, Texas secs=202425
[DEBUG] [Renebates] City Of Plano, Texas -> 3 lots via https://renebates.com/a_list_2.php?id=265&cat=all
[DEBUG] [Renebates] event: Tatum Independent School District - Tatum, Texas secs=206021
[DEBUG] [Renebates] Tatum Independent School District - Tatum, Texas -> 6 lots via https://renebates.com/a_list_2.php?id=117&cat=all
[DEBUG] [DEBUG] collected 20 listings from all sites (after filter)
[DEBUG] [GD] HTTP 200 | CT=application/json; charset=utf-8 | page=1
[DEBUG] [GD] page 1: 24 items
[DEBUG] [GD] HTTP 200 | CT=application/json; charset=utf-8 | page=2
[DEBUG] [GD] page 2: 24 items
[DEBUG] [GD] HTTP 200 | CT=application/json; charset=utf-8 | page=3
[DEBUG] [GD] page 3: 24 items
[DEBUG] [GD] HTTP 200 | CT=application/json; charset=utf-8 | page=4
[DEBUG] [GD] page 4: 24 items
[DEBUG] [GD] HTTP 200 | CT=application/json; charset=utf-8 | page=5
[DEBUG] [GD] page 5: 24 items
[DEBUG] [GD] total raw items before normalize: 120; unique kept: 113
[DEBUG] [GD] normalized rows: 113
[DEBUG] [GD] blocked by specialty/diesel filter: 103; passing: 10
[DEBUG] [Proxibid] parsed 30 rows across 1 page(s)
[DEBUG] [Renebates] found 54 events on index
[DEBUG] [Renebates] event: City Of Plano, Texas secs=201770
[DEBUG] [Renebates] City Of Plano, Texas -> 3 lots via https://renebates.com/a_list_2.php?id=265&cat=all
[DEBUG] [Renebates] event: Tatum Independent School District - Tatum, Texas secs=205367
[DEBUG] [Renebates] Tatum Independent School District - Tatum, Texas -> 6 lots via https://renebates.com/a_list_2.php?id=117&cat=all
[DEBUG] [DEBUG] collected 20 listings from all sites (after filter)
[DEBUG] [GD] HTTP 200 | CT=application/json; charset=utf-8 | page=1
[DEBUG] [GD] page 1: 24 items
[DEBUG] [GD] HTTP 200 | CT=application/json; charset=utf-8 | page=2
[DEBUG] [GD] page 2: 24 items
[DEBUG] [GD] HTTP 200 | CT=application/json; charset=utf-8 | page=3
[DEBUG] [GD] page 3: 24 items
[DEBUG] [GD] HTTP 200 | CT=application/json; charset=utf-8 | page=4
[DEBUG] [GD] page 4: 24 items
[DEBUG] [GD] HTTP 200 | CT=application/json; charset=utf-8 | page=5
[DEBUG] [GD] page 5: 24 items
[DEBUG] [GD] total raw items before normalize: 120; unique kept: 113
[DEBUG] [GD] normalized rows: 113
[DEBUG] [GD] blocked by specialty/diesel filter: 103; passing: 10
[DEBUG] [Proxibid] parsed 30 rows across 1 page(s)
[DEBUG] [Renebates] found 54 events on index
[DEBUG] [Renebates] event: City Of Plano, Texas secs=201119
[DEBUG] [Renebates] City Of Plano, Texas -> 3 lots via https://renebates.com/a_list_2.php?id=265&cat=all
[DEBUG] [Renebates] event: Tatum Independent School District - Tatum, Texas secs=204715
[DEBUG] [Renebates] Tatum Independent School District - Tatum, Texas -> 6 lots via https://renebates.com/a_list_2.php?id=117&cat=all
[DEBUG] [DEBUG] collected 20 listings from all sites (after filter)
[DEBUG] [GD] HTTP 200 | CT=application/json; charset=utf-8 | page=1
[DEBUG] [GD] page 1: 24 items
[DEBUG] [GD] HTTP 200 | CT=application/json; charset=utf-8 | page=2
[DEBUG] [GD] page 2: 24 items
[DEBUG] [GD] HTTP 200 | CT=application/json; charset=utf-8 | page=3
[DEBUG] [GD] page 3: 24 items
[DEBUG] [GD] HTTP 200 | CT=application/json; charset=utf-8 | page=4
[DEBUG] [GD] page 4: 24 items
[DEBUG] [GD] HTTP 200 | CT=application/json; charset=utf-8 | page=5
[DEBUG] [GD] page 5: 24 items
[DEBUG] [GD] total raw items before normalize: 120; unique kept: 113
[DEBUG] [GD] normalized rows: 113
[DEBUG] [GD] blocked by specialty/diesel filter: 103; passing: 10
[DEBUG] [Proxibid] parsed 30 rows across 1 page(s)
[DEBUG] [Renebates] found 54 events on index
[DEBUG] [Renebates] event: City Of Plano, Texas secs=200477
[DEBUG] [Renebates] City Of Plano, Texas -> 3 lots via https://renebates.com/a_list_2.php?id=265&cat=all
[DEBUG] [Renebates] event: Tatum Independent School District - Tatum, Texas secs=204075
[DEBUG] [Renebates] Tatum Independent School District - Tatum, Texas -> 6 lots via https://renebates.com/a_list_2.php?id=117&cat=all
[DEBUG] [DEBUG] collected 20 listings from all sites (after filter)
[DEBUG] [GD] HTTP 200 | CT=application/json; charset=utf-8 | page=1
[DEBUG] [GD] page 1: 24 items
[DEBUG] [GD] HTTP 200 | CT=application/json; charset=utf-8 | page=2
[DEBUG] [GD] page 2: 24 items
[DEBUG] [GD] HTTP 200 | CT=application/json; charset=utf-8 | page=3
[DEBUG] [GD] page 3: 24 items
[DEBUG] [GD] HTTP 200 | CT=application/json; charset=utf-8 | page=4
[DEBUG] [GD] page 4: 24 items
[DEBUG] [GD] HTTP 200 | CT=application/json; charset=utf-8 | page=5
[DEBUG] [GD] page 5: 24 items
[DEBUG] [GD] total raw items before normalize: 120; unique kept: 113
[DEBUG] [GD] normalized rows: 113
[DEBUG] [GD] blocked by specialty/diesel filter: 103; passing: 10
[DEBUG] [Proxibid] parsed 30 rows across 1 page(s)
[DEBUG] [Renebates] found 54 events on index
[DEBUG] [Renebates] event: City Of Plano, Texas secs=199828
[DEBUG] [Renebates] City Of Plano, Texas -> 3 lots via https://renebates.com/a_list_2.php?id=265&cat=all
[DEBUG] [Renebates] event: Tatum Independent School District - Tatum, Texas secs=203424
[DEBUG] [Renebates] Tatum Independent School District - Tatum, Texas -> 6 lots via https://renebates.com/a_list_2.php?id=117&cat=all
[DEBUG] [DEBUG] collected 20 listings from all sites (after filter)
[DEBUG] [GD] HTTP 200 | CT=application/json; charset=utf-8 | page=1
[DEBUG] [GD] page 1: 24 items
[DEBUG] [GD] HTTP 200 | CT=application/json; charset=utf-8 | page=2
[DEBUG] [GD] page 2: 24 items
[DEBUG] [GD] HTTP 200 | CT=application/json; charset=utf-8 | page=3
[DEBUG] [GD] page 3: 24 items
[DEBUG] [GD] HTTP 200 | CT=application/json; charset=utf-8 | page=4
[DEBUG] [GD] page 4: 24 items
[DEBUG] [GD] HTTP 200 | CT=application/json; charset=utf-8 | page=5
[DEBUG] [GD] page 5: 24 items
[DEBUG] [GD] total raw items before normalize: 120; unique kept: 113
[DEBUG] [GD] normalized rows: 113
[DEBUG] [GD] blocked by specialty/diesel filter: 103; passing: 10
[DEBUG] [Proxibid] parsed 30 rows across 1 page(s)
[DEBUG] [Renebates] found 54 events on index
[DEBUG] [Renebates] event: City Of Plano, Texas secs=199176
[DEBUG] [Renebates] City Of Plano, Texas -> 3 lots via https://renebates.com/a_list_2.php?id=265&cat=all
[DEBUG] [Renebates] event: Tatum Independent School District - Tatum, Texas secs=202773
[DEBUG] [Renebates] Tatum Independent School District - Tatum, Texas -> 6 lots via https://renebates.com/a_list_2.php?id=117&cat=all
[DEBUG] [DEBUG] collected 20 listings from all sites (after filter)
[DEBUG] [GD] HTTP 200 | CT=application/json; charset=utf-8 | page=1
[DEBUG] [GD] page 1: 24 items
[DEBUG] [GD] HTTP 200 | CT=application/json; charset=utf-8 | page=2
[DEBUG] [GD] page 2: 24 items
[DEBUG] [GD] HTTP 200 | CT=application/json; charset=utf-8 | page=3
[DEBUG] [GD] page 3: 24 items
[DEBUG] [GD] HTTP 200 | CT=application/json; charset=utf-8 | page=4
[DEBUG] [GD] page 4: 24 items
[DEBUG] [GD] HTTP 200 | CT=application/json; charset=utf-8 | page=5
[DEBUG] [GD] page 5: 24 items
[DEBUG] [GD] total raw items before normalize: 120; unique kept: 113
[DEBUG] [GD] normalized rows: 113
[DEBUG] [GD] blocked by specialty/diesel filter: 103; passing: 10
[DEBUG] [Proxibid] parsed 30 rows across 1 page(s)
[DEBUG] [Renebates] found 54 events on index
[DEBUG] [Renebates] event: City Of Plano, Texas secs=198530
[DEBUG] [Renebates] City Of Plano, Texas -> 3 lots via https://renebates.com/a_list_2.php?id=265&cat=all
[DEBUG] [Renebates] event: Tatum Independent School District - Tatum, Texas secs=202127
[DEBUG] [Renebates] Tatum Independent School District - Tatum, Texas -> 6 lots via https://renebates.com/a_list_2.php?id=117&cat=all
[DEBUG] [DEBUG] collected 20 listings from all sites (after filter)
[DEBUG] [GD] HTTP 200 | CT=application/json; charset=utf-8 | page=1
[DEBUG] [GD] page 1: 24 items
[DEBUG] [GD] HTTP 200 | CT=application/json; charset=utf-8 | page=2
[DEBUG] [GD] page 2: 24 items
[DEBUG] [GD] HTTP 200 | CT=application/json; charset=utf-8 | page=3
[DEBUG] [GD] page 3: 24 items
[DEBUG] [GD] HTTP 200 | CT=application/json; charset=utf-8 | page=4
[DEBUG] [GD] page 4: 24 items
[DEBUG] [GD] HTTP 200 | CT=application/json; charset=utf-8 | page=5
[DEBUG] [GD] page 5: 24 items
[DEBUG] [GD] total raw items before normalize: 120; unique kept: 113
[DEBUG] [GD] normalized rows: 113
[DEBUG] [GD] blocked by specialty/diesel filter: 103; passing: 10
[DEBUG] [Proxibid] parsed 30 rows across 1 page(s)
[DEBUG] [Renebates] found 54 events on index
[DEBUG] [Renebates] event: City Of Plano, Texas secs=197876
[DEBUG] [Renebates] City Of Plano, Texas -> 3 lots via https://renebates.com/a_list_2.php?id=265&cat=all
[DEBUG] [Renebates] event: Tatum Independent School District - Tatum, Texas secs=201472
[DEBUG] [Renebates] Tatum Independent School District - Tatum, Texas -> 6 lots via https://renebates.com/a_list_2.php?id=117&cat=all
[DEBUG] [DEBUG] collected 20 listings from all sites (after filter)
[DEBUG] [GD] HTTP 200 | CT=application/json; charset=utf-8 | page=1
[DEBUG] [GD] page 1: 24 items
[DEBUG] [GD] HTTP 200 | CT=application/json; charset=utf-8 | page=2
[DEBUG] [GD] page 2: 24 items
[DEBUG] [GD] HTTP 200 | CT=application/json; charset=utf-8 | page=3
[DEBUG] [GD] page 3: 24 items
[DEBUG] [GD] HTTP 200 | CT=application/json; charset=utf-8 | page=4
[DEBUG] [GD] page 4: 24 items
[DEBUG] [GD] HTTP 200 | CT=application/json; charset=utf-8 | page=5
[DEBUG] [GD] page 5: 24 items
[DEBUG] [GD] total raw items before normalize: 120; unique kept: 113
[DEBUG] [GD] normalized rows: 113
[DEBUG] [GD] blocked by specialty/diesel filter: 103; passing: 10
[DEBUG] [Proxibid] parsed 30 rows across 1 page(s)
[DEBUG] [Renebates] found 54 events on index
[DEBUG] [Renebates] event: City Of Plano, Texas secs=197229
[DEBUG] [Renebates] City Of Plano, Texas -> 3 lots via https://renebates.com/a_list_2.php?id=265&cat=all
[DEBUG] [Renebates] event: Tatum Independent School District - Tatum, Texas secs=200825
[DEBUG] [Renebates] Tatum Independent School District - Tatum, Texas -> 6 lots via https://renebates.com/a_list_2.php?id=117&cat=all
[DEBUG] [DEBUG] collected 20 listings from all sites (after filter)
[DEBUG] [GD] HTTP 200 | CT=application/json; charset=utf-8 | page=1
[DEBUG] [GD] page 1: 24 items
[DEBUG] [GD] HTTP 200 | CT=application/json; charset=utf-8 | page=2
[DEBUG] [GD] page 2: 24 items
[DEBUG] [GD] HTTP 200 | CT=application/json; charset=utf-8 | page=3
[DEBUG] [GD] page 3: 24 items
[DEBUG] [GD] HTTP 200 | CT=application/json; charset=utf-8 | page=4
[DEBUG] [GD] page 4: 24 items
[DEBUG] [GD] HTTP 200 | CT=application/json; charset=utf-8 | page=5
[DEBUG] [GD] page 5: 24 items
[DEBUG] [GD] total raw items before normalize: 120; unique kept: 113
[DEBUG] [GD] normalized rows: 113
[DEBUG] [GD] blocked by specialty/diesel filter: 103; passing: 10
[DEBUG] [Proxibid] parsed 30 rows across 1 page(s)
[DEBUG] [Renebates] found 54 events on index
[DEBUG] [Renebates] event: City Of Plano, Texas secs=196573
[DEBUG] [Renebates] City Of Plano, Texas -> 3 lots via https://renebates.com/a_list_2.php?id=265&cat=all
[DEBUG] [Renebates] event: Tatum Independent School District - Tatum, Texas secs=200170
[DEBUG] [Renebates] Tatum Independent School District - Tatum, Texas -> 6 lots via https://renebates.com/a_list_2.php?id=117&cat=all
[DEBUG] [DEBUG] collected 20 listings from all sites (after filter)
[DEBUG] [GD] HTTP 200 | CT=application/json; charset=utf-8 | page=1
[DEBUG] [GD] page 1: 24 items
[DEBUG] [GD] HTTP 200 | CT=application/json; charset=utf-8 | page=2
[DEBUG] [GD] page 2: 24 items
[DEBUG] [GD] HTTP 200 | CT=application/json; charset=utf-8 | page=3
[DEBUG] [GD] page 3: 24 items
[DEBUG] [GD] HTTP 200 | CT=application/json; charset=utf-8 | page=4
[DEBUG] [GD] page 4: 24 items
[DEBUG] [GD] HTTP 200 | CT=application/json; charset=utf-8 | page=5
[DEBUG] [GD] page 5: 24 items
[DEBUG] [GD] total raw items before normalize: 120; unique kept: 113
[DEBUG] [GD] normalized rows: 113
[DEBUG] [GD] blocked by specialty/diesel filter: 103; passing: 10
[DEBUG] [Proxibid] parsed 30 rows across 1 page(s)
[DEBUG] [Renebates] found 54 events on index
[DEBUG] [Renebates] event: City Of Plano, Texas secs=195930
[DEBUG] [Renebates] City Of Plano, Texas -> 3 lots via https://renebates.com/a_list_2.php?id=265&cat=all
[DEBUG] [Renebates] event: Tatum Independent School District - Tatum, Texas secs=199526
[DEBUG] [Renebates] Tatum Independent School District - Tatum, Texas -> 6 lots via https://renebates.com/a_list_2.php?id=117&cat=all
[DEBUG] [DEBUG] collected 20 listings from all sites (after filter)
[DEBUG] [GD] HTTP 200 | CT=application/json; charset=utf-8 | page=1
[DEBUG] [GD] page 1: 24 items
[DEBUG] [GD] HTTP 200 | CT=application/json; charset=utf-8 | page=2
[DEBUG] [GD] page 2: 24 items
[DEBUG] [GD] HTTP 200 | CT=application/json; charset=utf-8 | page=3
[DEBUG] [GD] page 3: 24 items
[DEBUG] [GD] HTTP 200 | CT=application/json; charset=utf-8 | page=4
[DEBUG] [GD] page 4: 24 items
[DEBUG] [GD] HTTP 200 | CT=application/json; charset=utf-8 | page=5
[DEBUG] [GD] page 5: 24 items
[DEBUG] [GD] total raw items before normalize: 120; unique kept: 113
[DEBUG] [GD] normalized rows: 113
[DEBUG] [GD] blocked by specialty/diesel filter: 103; passing: 10
[DEBUG] [Proxibid] parsed 30 rows across 1 page(s)
[DEBUG] [Renebates] found 54 events on index
[DEBUG] [Renebates] event: City Of Plano, Texas secs=195290
[DEBUG] [Renebates] City Of Plano, Texas -> 3 lots via https://renebates.com/a_list_2.php?id=265&cat=all
[DEBUG] [Renebates] event: Tatum Independent School District - Tatum, Texas secs=198887
[DEBUG] [Renebates] Tatum Independent School District - Tatum, Texas -> 6 lots via https://renebates.com/a_list_2.php?id=117&cat=all
[DEBUG] [DEBUG] collected 20 listings from all sites (after filter)
[DEBUG] [GD] HTTP 200 | CT=application/json; charset=utf-8 | page=1
[DEBUG] [GD] page 1: 24 items
[DEBUG] [GD] HTTP 200 | CT=application/json; charset=utf-8 | page=2
[DEBUG] [GD] page 2: 24 items
[DEBUG] [GD] HTTP 200 | CT=application/json; charset=utf-8 | page=3
[DEBUG] [GD] page 3: 24 items
[DEBUG] [GD] HTTP 200 | CT=application/json; charset=utf-8 | page=4
[DEBUG] [GD] page 4: 24 items
[DEBUG] [GD] HTTP 200 | CT=application/json; charset=utf-8 | page=5
[DEBUG] [GD] page 5: 24 items
[DEBUG] [GD] total raw items before normalize: 120; unique kept: 113
[DEBUG] [GD] normalized rows: 113
[DEBUG] [GD] blocked by specialty/diesel filter: 103; passing: 10
[DEBUG] [Proxibid] parsed 30 rows across 1 page(s)
[DEBUG] [Renebates] found 54 events on index
[DEBUG] [Renebates] event: City Of Plano, Texas secs=194643
[DEBUG] [Renebates] City Of Plano, Texas -> 3 lots via https://renebates.com/a_list_2.php?id=265&cat=all
[DEBUG] [Renebates] event: Tatum Independent School District - Tatum, Texas secs=198240
[DEBUG] [Renebates] Tatum Independent School District - Tatum, Texas -> 6 lots via https://renebates.com/a_list_2.php?id=117&cat=all
[DEBUG] [DEBUG] collected 20 listings from all sites (after filter)
[DEBUG] [GD] HTTP 200 | CT=application/json; charset=utf-8 | page=1
[DEBUG] [GD] page 1: 24 items
[DEBUG] [GD] HTTP 200 | CT=application/json; charset=utf-8 | page=2
[DEBUG] [GD] page 2: 24 items
[DEBUG] [GD] HTTP 200 | CT=application/json; charset=utf-8 | page=3
[DEBUG] [GD] page 3: 24 items
[DEBUG] [GD] HTTP 200 | CT=application/json; charset=utf-8 | page=4
[DEBUG] [GD] page 4: 24 items
[DEBUG] [GD] HTTP 200 | CT=application/json; charset=utf-8 | page=5
[DEBUG] [GD] page 5: 24 items
[DEBUG] [GD] total raw items before normalize: 120; unique kept: 113
[DEBUG] [GD] normalized rows: 113
[DEBUG] [GD] blocked by specialty/diesel filter: 103; passing: 10
[DEBUG] [Proxibid] parsed 30 rows across 1 page(s)
[DEBUG] [Renebates] found 54 events on index
[DEBUG] [Renebates] event: City Of Plano, Texas secs=194001
[DEBUG] [Renebates] City Of Plano, Texas -> 3 lots via https://renebates.com/a_list_2.php?id=265&cat=all
[DEBUG] [Renebates] event: Tatum Independent School District - Tatum, Texas secs=197599
[DEBUG] [Renebates] Tatum Independent School District - Tatum, Texas -> 6 lots via https://renebates.com/a_list_2.php?id=117&cat=all
[DEBUG] [DEBUG] collected 20 listings from all sites (after filter)
[DEBUG] [GD] HTTP 200 | CT=application/json; charset=utf-8 | page=1
[DEBUG] [GD] page 1: 24 items
[DEBUG] [GD] HTTP 200 | CT=application/json; charset=utf-8 | page=2
[DEBUG] [GD] page 2: 24 items
[DEBUG] [GD] HTTP 200 | CT=application/json; charset=utf-8 | page=3
[DEBUG] [GD] page 3: 24 items
[DEBUG] [GD] HTTP 200 | CT=application/json; charset=utf-8 | page=4
[DEBUG] [GD] page 4: 24 items
[DEBUG] [GD] HTTP 200 | CT=application/json; charset=utf-8 | page=5
[DEBUG] [GD] page 5: 24 items
[DEBUG] [GD] total raw items before normalize: 120; unique kept: 113
[DEBUG] [GD] normalized rows: 113
[DEBUG] [GD] blocked by specialty/diesel filter: 103; passing: 10
[DEBUG] [Proxibid] parsed 30 rows across 1 page(s)
[DEBUG] [Renebates] found 54 events on index
[DEBUG] [Renebates] event: City Of Plano, Texas secs=193354
[DEBUG] [Renebates] City Of Plano, Texas -> 3 lots via https://renebates.com/a_list_2.php?id=265&cat=all
[DEBUG] [Renebates] event: Tatum Independent School District - Tatum, Texas secs=196949
[DEBUG] [Renebates] Tatum Independent School District - Tatum, Texas -> 6 lots via https://renebates.com/a_list_2.php?id=117&cat=all
[DEBUG] [DEBUG] collected 20 listings from all sites (after filter)
[DEBUG] [GD] HTTP 200 | CT=application/json; charset=utf-8 | page=1
[DEBUG] [GD] page 1: 24 items
[DEBUG] [GD] HTTP 200 | CT=application/json; charset=utf-8 | page=2
[DEBUG] [GD] page 2: 24 items
[DEBUG] [GD] HTTP 200 | CT=application/json; charset=utf-8 | page=3
[DEBUG] [GD] page 3: 24 items
[DEBUG] [GD] HTTP 200 | CT=application/json; charset=utf-8 | page=4
[DEBUG] [GD] page 4: 24 items
[DEBUG] [GD] HTTP 200 | CT=application/json; charset=utf-8 | page=5
[DEBUG] [GD] page 5: 24 items
[DEBUG] [GD] total raw items before normalize: 120; unique kept: 113
[DEBUG] [GD] normalized rows: 113
[DEBUG] [GD] blocked by specialty/diesel filter: 103; passing: 10
[DEBUG] [Proxibid] parsed 30 rows across 1 page(s)
[DEBUG] [Renebates] found 54 events on index
[DEBUG] [Renebates] event: City Of Plano, Texas secs=192704
[DEBUG] [Renebates] City Of Plano, Texas -> 3 lots via https://renebates.com/a_list_2.php?id=265&cat=all
[DEBUG] [Renebates] event: Tatum Independent School District - Tatum, Texas secs=196301
[DEBUG] [Renebates] Tatum Independent School District - Tatum, Texas -> 6 lots via https://renebates.com/a_list_2.php?id=117&cat=all
[DEBUG] [DEBUG] collected 20 listings from all sites (after filter)
[DEBUG] [GD] HTTP 200 | CT=application/json; charset=utf-8 | page=1
[DEBUG] [GD] page 1: 24 items
[DEBUG] [GD] HTTP 200 | CT=application/json; charset=utf-8 | page=2
[DEBUG] [GD] page 2: 24 items
[DEBUG] [GD] HTTP 200 | CT=application/json; charset=utf-8 | page=3
[DEBUG] [GD] page 3: 24 items
[DEBUG] [GD] HTTP 200 | CT=application/json; charset=utf-8 | page=4
[DEBUG] [GD] page 4: 24 items
[DEBUG] [GD] HTTP 200 | CT=application/json; charset=utf-8 | page=5
[DEBUG] [GD] page 5: 24 items
[DEBUG] [GD] total raw items before normalize: 120; unique kept: 113
[DEBUG] [GD] normalized rows: 113
[DEBUG] [GD] blocked by specialty/diesel filter: 103; passing: 10
[DEBUG] [Proxibid] parsed 30 rows across 1 page(s)
[DEBUG] [Renebates] found 54 events on index
[DEBUG] [Renebates] event: City Of Plano, Texas secs=192057
[DEBUG] [Renebates] City Of Plano, Texas -> 3 lots via https://renebates.com/a_list_2.php?id=265&cat=all
[DEBUG] [Renebates] event: Tatum Independent School District - Tatum, Texas secs=195653
[DEBUG] [Renebates] Tatum Independent School District - Tatum, Texas -> 6 lots via https://renebates.com/a_list_2.php?id=117&cat=all
[DEBUG] [DEBUG] collected 20 listings from all sites (after filter)
[DEBUG] [GD] HTTP 200 | CT=application/json; charset=utf-8 | page=1
[DEBUG] [GD] page 1: 24 items
[DEBUG] [GD] HTTP 200 | CT=application/json; charset=utf-8 | page=2
[DEBUG] [GD] page 2: 24 items
[DEBUG] [GD] HTTP 200 | CT=application/json; charset=utf-8 | page=3
[DEBUG] [GD] page 3: 24 items
[DEBUG] [GD] HTTP 200 | CT=application/json; charset=utf-8 | page=4
[DEBUG] [GD] page 4: 24 items
[DEBUG] [GD] HTTP 200 | CT=application/json; charset=utf-8 | page=5
[DEBUG] [GD] page 5: 24 items
[DEBUG] [GD] total raw items before normalize: 120; unique kept: 113
[DEBUG] [GD] normalized rows: 113
[DEBUG] [GD] blocked by specialty/diesel filter: 103; passing: 10
[DEBUG] [Proxibid] parsed 30 rows across 1 page(s)
[DEBUG] [Renebates] found 54 events on index
[DEBUG] [Renebates] event: City Of Plano, Texas secs=191405
[DEBUG] [Renebates] City Of Plano, Texas -> 3 lots via https://renebates.com/a_list_2.php?id=265&cat=all
[DEBUG] [Renebates] event: Tatum Independent School District - Tatum, Texas secs=195002
[DEBUG] [Renebates] Tatum Independent School District - Tatum, Texas -> 6 lots via https://renebates.com/a_list_2.php?id=117&cat=all
[DEBUG] [DEBUG] collected 20 listings from all sites (after filter)
[DEBUG] [GD] HTTP 200 | CT=application/json; charset=utf-8 | page=1
[DEBUG] [GD] page 1: 24 items
[DEBUG] [GD] HTTP 200 | CT=application/json; charset=utf-8 | page=2
[DEBUG] [GD] page 2: 24 items
[DEBUG] [GD] HTTP 200 | CT=application/json; charset=utf-8 | page=3
[DEBUG] [GD] page 3: 24 items
[DEBUG] [GD] HTTP 200 | CT=application/json; charset=utf-8 | page=4
[DEBUG] [GD] page 4: 24 items
[DEBUG] [GD] HTTP 200 | CT=application/json; charset=utf-8 | page=5
[DEBUG] [GD] page 5: 24 items
[DEBUG] [GD] total raw items before normalize: 120; unique kept: 113
[DEBUG] [GD] normalized rows: 113
[DEBUG] [GD] blocked by specialty/diesel filter: 103; passing: 10
[DEBUG] [Proxibid] parsed 30 rows across 1 page(s)
[DEBUG] [Renebates] found 54 events on index
[DEBUG] [Renebates] event: City Of Plano, Texas secs=190756
[DEBUG] [Renebates] City Of Plano, Texas -> 3 lots via https://renebates.com/a_list_2.php?id=265&cat=all
[DEBUG] [Renebates] event: Tatum Independent School District - Tatum, Texas secs=194352
[DEBUG] [Renebates] Tatum Independent School District - Tatum, Texas -> 6 lots via https://renebates.com/a_list_2.php?id=117&cat=all
[DEBUG] [DEBUG] collected 20 listings from all sites (after filter)
[DEBUG] [GD] HTTP 200 | CT=application/json; charset=utf-8 | page=1
[DEBUG] [GD] page 1: 24 items
[DEBUG] [GD] HTTP 200 | CT=application/json; charset=utf-8 | page=2
[DEBUG] [GD] page 2: 24 items
[DEBUG] [GD] HTTP 200 | CT=application/json; charset=utf-8 | page=3
[DEBUG] [GD] page 3: 24 items
[DEBUG] [GD] HTTP 200 | CT=application/json; charset=utf-8 | page=4
[DEBUG] [GD] page 4: 24 items
[DEBUG] [GD] HTTP 200 | CT=application/json; charset=utf-8 | page=5
[DEBUG] [GD] page 5: 24 items
[DEBUG] [GD] total raw items before normalize: 120; unique kept: 113
[DEBUG] [GD] normalized rows: 113
[DEBUG] [GD] blocked by specialty/diesel filter: 103; passing: 10
[DEBUG] [Proxibid] parsed 30 rows across 1 page(s)
[DEBUG] [Renebates] found 54 events on index
[DEBUG] [Renebates] event: City Of Plano, Texas secs=190113
[DEBUG] [Renebates] City Of Plano, Texas -> 3 lots via https://renebates.com/a_list_2.php?id=265&cat=all
[DEBUG] [Renebates] event: Tatum Independent School District - Tatum, Texas secs=193710
[DEBUG] [Renebates] Tatum Independent School District - Tatum, Texas -> 6 lots via https://renebates.com/a_list_2.php?id=117&cat=all
[DEBUG] [DEBUG] collected 20 listings from all sites (after filter)
[DEBUG] [GD] HTTP 200 | CT=application/json; charset=utf-8 | page=1
[DEBUG] [GD] page 1: 24 items
[DEBUG] [GD] HTTP 200 | CT=application/json; charset=utf-8 | page=2
[DEBUG] [GD] page 2: 24 items
[DEBUG] [GD] HTTP 200 | CT=application/json; charset=utf-8 | page=3
[DEBUG] [GD] page 3: 24 items
[DEBUG] [GD] HTTP 200 | CT=application/json; charset=utf-8 | page=4
[DEBUG] [GD] page 4: 24 items
[DEBUG] [GD] HTTP 200 | CT=application/json; charset=utf-8 | page=5
[DEBUG] [GD] page 5: 24 items
[DEBUG] [GD] total raw items before normalize: 120; unique kept: 113
[DEBUG] [GD] normalized rows: 113
[DEBUG] [GD] blocked by specialty/diesel filter: 103; passing: 10
[DEBUG] [Proxibid] parsed 30 rows across 1 page(s)
[DEBUG] [Renebates] found 54 events on index
[DEBUG] [Renebates] event: City Of Plano, Texas secs=189463
[DEBUG] [Renebates] City Of Plano, Texas -> 3 lots via https://renebates.com/a_list_2.php?id=265&cat=all
[DEBUG] [Renebates] event: Tatum Independent School District - Tatum, Texas secs=193060
[DEBUG] [Renebates] Tatum Independent School District - Tatum, Texas -> 6 lots via https://renebates.com/a_list_2.php?id=117&cat=all
[DEBUG] [DEBUG] collected 20 listings from all sites (after filter)
[DEBUG] [GD] HTTP 200 | CT=application/json; charset=utf-8 | page=1
[DEBUG] [GD] page 1: 24 items
[DEBUG] [GD] HTTP 200 | CT=application/json; charset=utf-8 | page=2
[DEBUG] [GD] page 2: 24 items
[DEBUG] [GD] HTTP 200 | CT=application/json; charset=utf-8 | page=3
[DEBUG] [GD] page 3: 24 items
[DEBUG] [GD] HTTP 200 | CT=application/json; charset=utf-8 | page=4
[DEBUG] [GD] page 4: 24 items
[DEBUG] [GD] HTTP 200 | CT=application/json; charset=utf-8 | page=5
[DEBUG] [GD] page 5: 24 items
[DEBUG] [GD] total raw items before normalize: 120; unique kept: 113
[DEBUG] [GD] normalized rows: 113
[DEBUG] [GD] blocked by specialty/diesel filter: 103; passing: 10
[DEBUG] [Proxibid] parsed 30 rows across 1 page(s)
[DEBUG] [Renebates] found 54 events on index
[DEBUG] [Renebates] event: City Of Plano, Texas secs=188819
[DEBUG] [Renebates] City Of Plano, Texas -> 3 lots via https://renebates.com/a_list_2.php?id=265&cat=all
[DEBUG] [Renebates] event: Tatum Independent School District - Tatum, Texas secs=192416
[DEBUG] [Renebates] Tatum Independent School District - Tatum, Texas -> 6 lots via https://renebates.com/a_list_2.php?id=117&cat=all
[DEBUG] [DEBUG] collected 20 listings from all sites (after filter)
[DEBUG] [GD] HTTP 200 | CT=application/json; charset=utf-8 | page=1
[DEBUG] [GD] page 1: 24 items
[DEBUG] [GD] HTTP 200 | CT=application/json; charset=utf-8 | page=2
[DEBUG] [GD] page 2: 24 items
[DEBUG] [GD] HTTP 200 | CT=application/json; charset=utf-8 | page=3
[DEBUG] [GD] page 3: 24 items
[DEBUG] [GD] HTTP 200 | CT=application/json; charset=utf-8 | page=4
[DEBUG] [GD] page 4: 24 items
[DEBUG] [GD] HTTP 200 | CT=application/json; charset=utf-8 | page=5
[DEBUG] [GD] page 5: 24 items
[DEBUG] [GD] total raw items before normalize: 120; unique kept: 113
[DEBUG] [GD] normalized rows: 113
[DEBUG] [GD] blocked by specialty/diesel filter: 103; passing: 10
[DEBUG] [Proxibid] parsed 30 rows across 1 page(s)
[DEBUG] [Renebates] found 54 events on index
[DEBUG] [Renebates] event: City Of Plano, Texas secs=188167
[DEBUG] [Renebates] City Of Plano, Texas -> 3 lots via https://renebates.com/a_list_2.php?id=265&cat=all
[DEBUG] [Renebates] event: Tatum Independent School District - Tatum, Texas secs=191765
[DEBUG] [Renebates] Tatum Independent School District - Tatum, Texas -> 6 lots via https://renebates.com/a_list_2.php?id=117&cat=all
[DEBUG] [DEBUG] collected 20 listings from all sites (after filter)
[DEBUG] [GD] HTTP 200 | CT=application/json; charset=utf-8 | page=1
[DEBUG] [GD] page 1: 24 items
[DEBUG] [GD] HTTP 200 | CT=application/json; charset=utf-8 | page=2
[DEBUG] [GD] page 2: 24 items
[DEBUG] [GD] HTTP 200 | CT=application/json; charset=utf-8 | page=3
[DEBUG] [GD] page 3: 24 items
[DEBUG] [GD] HTTP 200 | CT=application/json; charset=utf-8 | page=4
[DEBUG] [GD] page 4: 24 items
[DEBUG] [GD] HTTP 200 | CT=application/json; charset=utf-8 | page=5
[DEBUG] [GD] page 5: 24 items
[DEBUG] [GD] total raw items before normalize: 120; unique kept: 113
[DEBUG] [GD] normalized rows: 113
[DEBUG] [GD] blocked by specialty/diesel filter: 103; passing: 10
[DEBUG] [Proxibid] parsed 30 rows across 1 page(s)
[DEBUG] [Renebates] found 54 events on index
[DEBUG] [Renebates] event: City Of Plano, Texas secs=187516
[DEBUG] [Renebates] City Of Plano, Texas -> 3 lots via https://renebates.com/a_list_2.php?id=265&cat=all
[DEBUG] [Renebates] event: Tatum Independent School District - Tatum, Texas secs=191113
[DEBUG] [Renebates] Tatum Independent School District - Tatum, Texas -> 6 lots via https://renebates.com/a_list_2.php?id=117&cat=all
[DEBUG] [DEBUG] collected 20 listings from all sites (after filter)
[DEBUG] [GD] HTTP 200 | CT=application/json; charset=utf-8 | page=1
[DEBUG] [GD] page 1: 24 items
[DEBUG] [GD] HTTP 200 | CT=application/json; charset=utf-8 | page=2
[DEBUG] [GD] page 2: 24 items
[DEBUG] [GD] HTTP 200 | CT=application/json; charset=utf-8 | page=3
[DEBUG] [GD] page 3: 24 items
[DEBUG] [GD] HTTP 200 | CT=application/json; charset=utf-8 | page=4
[DEBUG] [GD] page 4: 24 items
[DEBUG] [GD] HTTP 200 | CT=application/json; charset=utf-8 | page=5
[DEBUG] [GD] page 5: 24 items
[DEBUG] [GD] total raw items before normalize: 120; unique kept: 113
[DEBUG] [GD] normalized rows: 113
[DEBUG] [GD] blocked by specialty/diesel filter: 103; passing: 10
[DEBUG] [Proxibid] parsed 30 rows across 1 page(s)
[DEBUG] [Renebates] found 54 events on index
[DEBUG] [Renebates] event: City Of Plano, Texas secs=186871
[DEBUG] [Renebates] City Of Plano, Texas -> 3 lots via https://renebates.com/a_list_2.php?id=265&cat=all
[DEBUG] [Renebates] event: Tatum Independent School District - Tatum, Texas secs=190468
[DEBUG] [Renebates] Tatum Independent School District - Tatum, Texas -> 6 lots via https://renebates.com/a_list_2.php?id=117&cat=all
[DEBUG] [DEBUG] collected 20 listings from all sites (after filter)
[DEBUG] [GD] HTTP 200 | CT=application/json; charset=utf-8 | page=1
[DEBUG] [GD] page 1: 24 items
[DEBUG] [GD] HTTP 200 | CT=application/json; charset=utf-8 | page=2
[DEBUG] [GD] page 2: 24 items
[DEBUG] [GD] HTTP 200 | CT=application/json; charset=utf-8 | page=3
[DEBUG] [GD] page 3: 24 items
[DEBUG] [GD] HTTP 200 | CT=application/json; charset=utf-8 | page=4
[DEBUG] [GD] page 4: 24 items
[DEBUG] [GD] HTTP 200 | CT=application/json; charset=utf-8 | page=5
[DEBUG] [GD] page 5: 24 items
[DEBUG] [GD] total raw items before normalize: 120; unique kept: 113
[DEBUG] [GD] normalized rows: 113
[DEBUG] [GD] blocked by specialty/diesel filter: 103; passing: 10
[DEBUG] [Proxibid] parsed 30 rows across 1 page(s)
[DEBUG] [Renebates] found 54 events on index
[DEBUG] [Renebates] event: City Of Plano, Texas secs=186216
[DEBUG] [Renebates] City Of Plano, Texas -> 3 lots via https://renebates.com/a_list_2.php?id=265&cat=all
[DEBUG] [Renebates] event: Tatum Independent School District - Tatum, Texas secs=189812
[DEBUG] [Renebates] Tatum Independent School District - Tatum, Texas -> 6 lots via https://renebates.com/a_list_2.php?id=117&cat=all
[DEBUG] [DEBUG] collected 20 listings from all sites (after filter)
[DEBUG] [GD] HTTP 200 | CT=application/json; charset=utf-8 | page=1
[DEBUG] [GD] page 1: 24 items
[DEBUG] [GD] HTTP 200 | CT=application/json; charset=utf-8 | page=2
[DEBUG] [GD] page 2: 24 items
[DEBUG] [GD] HTTP 200 | CT=application/json; charset=utf-8 | page=3
[DEBUG] [GD] page 3: 24 items
[DEBUG] [GD] HTTP 200 | CT=application/json; charset=utf-8 | page=4
[DEBUG] [GD] page 4: 24 items
[DEBUG] [GD] HTTP 200 | CT=application/json; charset=utf-8 | page=5
[DEBUG] [GD] page 5: 24 items
[DEBUG] [GD] total raw items before normalize: 120; unique kept: 113
[DEBUG] [GD] normalized rows: 113
[DEBUG] [GD] blocked by specialty/diesel filter: 103; passing: 10
[DEBUG] [Proxibid] parsed 30 rows across 1 page(s)
[DEBUG] [Renebates] found 54 events on index
[DEBUG] [Renebates] event: City Of Plano, Texas secs=185563
[DEBUG] [Renebates] City Of Plano, Texas -> 3 lots via https://renebates.com/a_list_2.php?id=265&cat=all
[DEBUG] [Renebates] event: Tatum Independent School District - Tatum, Texas secs=189160
[DEBUG] [Renebates] Tatum Independent School District - Tatum, Texas -> 6 lots via https://renebates.com/a_list_2.php?id=117&cat=all
[DEBUG] [DEBUG] collected 20 listings from all sites (after filter)
[DEBUG] [GD] HTTP 200 | CT=application/json; charset=utf-8 | page=1
[DEBUG] [GD] page 1: 24 items
[DEBUG] [GD] HTTP 200 | CT=application/json; charset=utf-8 | page=2
[DEBUG] [GD] page 2: 24 items
[DEBUG] [GD] HTTP 200 | CT=application/json; charset=utf-8 | page=3
[DEBUG] [GD] page 3: 24 items
[DEBUG] [GD] HTTP 200 | CT=application/json; charset=utf-8 | page=4
[DEBUG] [GD] page 4: 24 items
[DEBUG] [GD] HTTP 200 | CT=application/json; charset=utf-8 | page=5
[DEBUG] [GD] page 5: 24 items
[DEBUG] [GD] total raw items before normalize: 120; unique kept: 113
[DEBUG] [GD] normalized rows: 113
[DEBUG] [GD] blocked by specialty/diesel filter: 103; passing: 10
[DEBUG] [Proxibid] parsed 30 rows across 1 page(s)
[DEBUG] [Renebates] found 54 events on index
[DEBUG] [Renebates] event: City Of Plano, Texas secs=184908
[DEBUG] [Renebates] City Of Plano, Texas -> 3 lots via https://renebates.com/a_list_2.php?id=265&cat=all
[DEBUG] [Renebates] event: Tatum Independent School District - Tatum, Texas secs=188504
[DEBUG] [Renebates] Tatum Independent School District - Tatum, Texas -> 6 lots via https://renebates.com/a_list_2.php?id=117&cat=all
[DEBUG] [DEBUG] collected 20 listings from all sites (after filter)
[DEBUG] [GD] HTTP 200 | CT=application/json; charset=utf-8 | page=1
[DEBUG] [GD] page 1: 24 items
[DEBUG] [GD] HTTP 200 | CT=application/json; charset=utf-8 | page=2
[DEBUG] [GD] page 2: 24 items
[DEBUG] [GD] HTTP 200 | CT=application/json; charset=utf-8 | page=3
[DEBUG] [GD] page 3: 24 items
[DEBUG] [GD] HTTP 200 | CT=application/json; charset=utf-8 | page=4
[DEBUG] [GD] page 4: 24 items
[DEBUG] [GD] HTTP 200 | CT=application/json; charset=utf-8 | page=5
[DEBUG] [GD] page 5: 24 items
[DEBUG] [GD] total raw items before normalize: 120; unique kept: 113
[DEBUG] [GD] normalized rows: 113
[DEBUG] [GD] blocked by specialty/diesel filter: 103; passing: 10
[DEBUG] [Proxibid] parsed 30 rows across 1 page(s)
[DEBUG] [Renebates] found 54 events on index
[DEBUG] [Renebates] event: City Of Plano, Texas secs=184254
[DEBUG] [Renebates] City Of Plano, Texas -> 3 lots via https://renebates.com/a_list_2.php?id=265&cat=all
[DEBUG] [Renebates] event: Tatum Independent School District - Tatum, Texas secs=187850
[DEBUG] [Renebates] Tatum Independent School District - Tatum, Texas -> 6 lots via https://renebates.com/a_list_2.php?id=117&cat=all
[DEBUG] [DEBUG] collected 20 listings from all sites (after filter)
[DEBUG] [GD] HTTP 200 | CT=application/json; charset=utf-8 | page=1
[DEBUG] [GD] page 1: 24 items
[DEBUG] [GD] HTTP 200 | CT=application/json; charset=utf-8 | page=2
[DEBUG] [GD] page 2: 24 items
[DEBUG] [GD] HTTP 200 | CT=application/json; charset=utf-8 | page=3
[DEBUG] [GD] page 3: 24 items
[DEBUG] [GD] HTTP 200 | CT=application/json; charset=utf-8 | page=4
[DEBUG] [GD] page 4: 24 items
[DEBUG] [GD] HTTP 200 | CT=application/json; charset=utf-8 | page=5
[DEBUG] [GD] page 5: 24 items
[DEBUG] [GD] total raw items before normalize: 120; unique kept: 113
[DEBUG] [GD] normalized rows: 113
[DEBUG] [GD] blocked by specialty/diesel filter: 103; passing: 10
[DEBUG] [Proxibid] parsed 30 rows across 1 page(s)
[DEBUG] [Renebates] found 54 events on index
[DEBUG] [Renebates] event: City Of Plano, Texas secs=183603
[DEBUG] [Renebates] City Of Plano, Texas -> 3 lots via https://renebates.com/a_list_2.php?id=265&cat=all
[DEBUG] [Renebates] event: Tatum Independent School District - Tatum, Texas secs=187200
[DEBUG] [Renebates] Tatum Independent School District - Tatum, Texas -> 6 lots via https://renebates.com/a_list_2.php?id=117&cat=all
[DEBUG] [DEBUG] collected 20 listings from all sites (after filter)
[DEBUG] [GD] HTTP 200 | CT=application/json; charset=utf-8 | page=1
[DEBUG] [GD] page 1: 24 items
[DEBUG] [GD] HTTP 200 | CT=application/json; charset=utf-8 | page=2
[DEBUG] [GD] page 2: 24 items
[DEBUG] [GD] HTTP 200 | CT=application/json; charset=utf-8 | page=3
[DEBUG] [GD] page 3: 24 items
[DEBUG] [GD] HTTP 200 | CT=application/json; charset=utf-8 | page=4
[DEBUG] [GD] page 4: 24 items
[DEBUG] [GD] HTTP 200 | CT=application/json; charset=utf-8 | page=5
[DEBUG] [GD] page 5: 24 items
[DEBUG] [GD] total raw items before normalize: 120; unique kept: 113
[DEBUG] [GD] normalized rows: 113
[DEBUG] [GD] blocked by specialty/diesel filter: 103; passing: 10
[DEBUG] [Proxibid] parsed 30 rows across 1 page(s)
[DEBUG] [Renebates] found 54 events on index
[DEBUG] [Renebates] event: City Of Plano, Texas secs=182954
[DEBUG] [Renebates] City Of Plano, Texas -> 3 lots via https://renebates.com/a_list_2.php?id=265&cat=all
[DEBUG] [Renebates] event: Tatum Independent School District - Tatum, Texas secs=186550
[DEBUG] [Renebates] Tatum Independent School District - Tatum, Texas -> 6 lots via https://renebates.com/a_list_2.php?id=117&cat=all
[DEBUG] [DEBUG] collected 20 listings from all sites (after filter)
[DEBUG] [GD] HTTP 200 | CT=application/json; charset=utf-8 | page=1
[DEBUG] [GD] page 1: 24 items
[DEBUG] [GD] HTTP 200 | CT=application/json; charset=utf-8 | page=2
[DEBUG] [GD] page 2: 24 items
[DEBUG] [GD] HTTP 200 | CT=application/json; charset=utf-8 | page=3
[DEBUG] [GD] page 3: 24 items
[DEBUG] [GD] HTTP 200 | CT=application/json; charset=utf-8 | page=4
[DEBUG] [GD] page 4: 24 items
[DEBUG] [GD] HTTP 200 | CT=application/json; charset=utf-8 | page=5
[DEBUG] [GD] page 5: 24 items
[DEBUG] [GD] total raw items before normalize: 120; unique kept: 113
[DEBUG] [GD] normalized rows: 113
[DEBUG] [GD] blocked by specialty/diesel filter: 103; passing: 10
[DEBUG] [Proxibid] parsed 30 rows across 1 page(s)
[DEBUG] [Renebates] found 54 events on index
[DEBUG] [Renebates] event: City Of Plano, Texas secs=182307
[DEBUG] [Renebates] City Of Plano, Texas -> 3 lots via https://renebates.com/a_list_2.php?id=265&cat=all
[DEBUG] [Renebates] event: Tatum Independent School District - Tatum, Texas secs=185903
[DEBUG] [Renebates] Tatum Independent School District - Tatum, Texas -> 6 lots via https://renebates.com/a_list_2.php?id=117&cat=all
[DEBUG] [DEBUG] collected 20 listings from all sites (after filter)
[DEBUG] [GD] HTTP 200 | CT=application/json; charset=utf-8 | page=1
[DEBUG] [GD] page 1: 24 items
[DEBUG] [GD] HTTP 200 | CT=application/json; charset=utf-8 | page=2
[DEBUG] [GD] page 2: 24 items
[DEBUG] [GD] HTTP 200 | CT=application/json; charset=utf-8 | page=3
[DEBUG] [GD] page 3: 24 items
[DEBUG] [GD] HTTP 200 | CT=application/json; charset=utf-8 | page=4
[DEBUG] [GD] page 4: 24 items
[DEBUG] [GD] HTTP 200 | CT=application/json; charset=utf-8 | page=5
[DEBUG] [GD] page 5: 24 items
[DEBUG] [GD] total raw items before normalize: 120; unique kept: 113
[DEBUG] [GD] normalized rows: 113
[DEBUG] [GD] blocked by specialty/diesel filter: 103; passing: 10
[DEBUG] [Proxibid] parsed 30 rows across 1 page(s)
[DEBUG] [Renebates] found 54 events on index
[DEBUG] [Renebates] event: City Of Plano, Texas secs=181664
[DEBUG] [Renebates] City Of Plano, Texas -> 3 lots via https://renebates.com/a_list_2.php?id=265&cat=all
[DEBUG] [Renebates] event: Tatum Independent School District - Tatum, Texas secs=185260
[DEBUG] [Renebates] Tatum Independent School District - Tatum, Texas -> 6 lots via https://renebates.com/a_list_2.php?id=117&cat=all
[DEBUG] [DEBUG] collected 20 listings from all sites (after filter)
[DEBUG] [GD] HTTP 200 | CT=application/json; charset=utf-8 | page=1
[DEBUG] [GD] page 1: 24 items
[DEBUG] [GD] HTTP 200 | CT=application/json; charset=utf-8 | page=2
[DEBUG] [GD] page 2: 24 items
[DEBUG] [GD] HTTP 200 | CT=application/json; charset=utf-8 | page=3
[DEBUG] [GD] page 3: 24 items
[DEBUG] [GD] HTTP 200 | CT=application/json; charset=utf-8 | page=4
[DEBUG] [GD] page 4: 24 items
[DEBUG] [GD] HTTP 200 | CT=application/json; charset=utf-8 | page=5
[DEBUG] [GD] page 5: 24 items
[DEBUG] [GD] total raw items before normalize: 120; unique kept: 112
[DEBUG] [GD] normalized rows: 112
[DEBUG] [GD] blocked by specialty/diesel filter: 102; passing: 10
[DEBUG] [Proxibid] parsed 30 rows across 1 page(s)
[DEBUG] [Renebates] found 54 events on index
[DEBUG] [Renebates] event: City Of Plano, Texas secs=181015
[DEBUG] [Renebates] City Of Plano, Texas -> 3 lots via https://renebates.com/a_list_2.php?id=265&cat=all
[DEBUG] [Renebates] event: Tatum Independent School District - Tatum, Texas secs=184610
[DEBUG] [Renebates] Tatum Independent School District - Tatum, Texas -> 6 lots via https://renebates.com/a_list_2.php?id=117&cat=all
[DEBUG] [DEBUG] collected 20 listings from all sites (after filter)
[DEBUG] [GD] HTTP 200 | CT=application/json; charset=utf-8 | page=1
[DEBUG] [GD] page 1: 24 items
[DEBUG] [GD] HTTP 200 | CT=application/json; charset=utf-8 | page=2
[DEBUG] [GD] page 2: 24 items
[DEBUG] [GD] HTTP 200 | CT=application/json; charset=utf-8 | page=3
[DEBUG] [GD] page 3: 24 items
[DEBUG] [GD] HTTP 200 | CT=application/json; charset=utf-8 | page=4
[DEBUG] [GD] page 4: 24 items
[DEBUG] [GD] HTTP 200 | CT=application/json; charset=utf-8 | page=5
[DEBUG] [GD] page 5: 24 items
[DEBUG] [GD] total raw items before normalize: 120; unique kept: 112
[DEBUG] [GD] normalized rows: 112
[DEBUG] [GD] blocked by specialty/diesel filter: 102; passing: 10
[DEBUG] [Proxibid] parsed 30 rows across 1 page(s)
[DEBUG] [Renebates] found 54 events on index
[DEBUG] [Renebates] event: City Of Plano, Texas secs=180360
[DEBUG] [Renebates] City Of Plano, Texas -> 3 lots via https://renebates.com/a_list_2.php?id=265&cat=all
[DEBUG] [Renebates] event: Tatum Independent School District - Tatum, Texas secs=183958
[DEBUG] [Renebates] Tatum Independent School District - Tatum, Texas -> 6 lots via https://renebates.com/a_list_2.php?id=117&cat=all
[DEBUG] [DEBUG] collected 20 listings from all sites (after filter)
[DEBUG] [GD] HTTP 200 | CT=application/json; charset=utf-8 | page=1
[DEBUG] [GD] page 1: 24 items
[DEBUG] [GD] HTTP 200 | CT=application/json; charset=utf-8 | page=2
[DEBUG] [GD] page 2: 24 items
[DEBUG] [GD] HTTP 200 | CT=application/json; charset=utf-8 | page=3
[DEBUG] [GD] page 3: 24 items
[DEBUG] [GD] HTTP 200 | CT=application/json; charset=utf-8 | page=4
[DEBUG] [GD] page 4: 24 items
[DEBUG] [GD] HTTP 200 | CT=application/json; charset=utf-8 | page=5
[DEBUG] [GD] page 5: 24 items
[DEBUG] [GD] total raw items before normalize: 120; unique kept: 112
[DEBUG] [GD] normalized rows: 112
[DEBUG] [GD] blocked by specialty/diesel filter: 102; passing: 10
[DEBUG] [Proxibid] parsed 30 rows across 1 page(s)
[DEBUG] [Renebates] found 54 events on index
[DEBUG] [Renebates] event: City Of Plano, Texas secs=179719
[DEBUG] [Renebates] City Of Plano, Texas -> 3 lots via https://renebates.com/a_list_2.php?id=265&cat=all
[DEBUG] [Renebates] event: Tatum Independent School District - Tatum, Texas secs=183316
[DEBUG] [Renebates] Tatum Independent School District - Tatum, Texas -> 6 lots via https://renebates.com/a_list_2.php?id=117&cat=all
[DEBUG] [DEBUG] collected 20 listings from all sites (after filter)
[DEBUG] [GD] HTTP 200 | CT=application/json; charset=utf-8 | page=1
[DEBUG] [GD] page 1: 24 items
[DEBUG] [GD] HTTP 200 | CT=application/json; charset=utf-8 | page=2
[DEBUG] [GD] page 2: 24 items
[DEBUG] [GD] HTTP 200 | CT=application/json; charset=utf-8 | page=3
[DEBUG] [GD] page 3: 24 items
[DEBUG] [GD] HTTP 200 | CT=application/json; charset=utf-8 | page=4
[DEBUG] [GD] page 4: 24 items
[DEBUG] [GD] HTTP 200 | CT=application/json; charset=utf-8 | page=5
[DEBUG] [GD] page 5: 24 items
[DEBUG] [GD] total raw items before normalize: 120; unique kept: 112
[DEBUG] [GD] normalized rows: 112
[DEBUG] [GD] blocked by specialty/diesel filter: 102; passing: 10
[DEBUG] [Proxibid] parsed 30 rows across 1 page(s)
[DEBUG] [Renebates] found 54 events on index
[DEBUG] [Renebates] event: City Of Plano, Texas secs=179077
[DEBUG] [Renebates] City Of Plano, Texas -> 3 lots via https://renebates.com/a_list_2.php?id=265&cat=all
[DEBUG] [Renebates] event: Tatum Independent School District - Tatum, Texas secs=182674
[DEBUG] [Renebates] Tatum Independent School District - Tatum, Texas -> 6 lots via https://renebates.com/a_list_2.php?id=117&cat=all
[DEBUG] [DEBUG] collected 20 listings from all sites (after filter)
[DEBUG] [GD] HTTP 200 | CT=application/json; charset=utf-8 | page=1
[DEBUG] [GD] page 1: 24 items
[DEBUG] [GD] HTTP 200 | CT=application/json; charset=utf-8 | page=2
[DEBUG] [GD] page 2: 24 items
[DEBUG] [GD] HTTP 200 | CT=application/json; charset=utf-8 | page=3
[DEBUG] [GD] page 3: 24 items
[DEBUG] [GD] HTTP 200 | CT=application/json; charset=utf-8 | page=4
[DEBUG] [GD] page 4: 24 items
[DEBUG] [GD] HTTP 200 | CT=application/json; charset=utf-8 | page=5
[DEBUG] [GD] page 5: 24 items
[DEBUG] [GD] total raw items before normalize: 120; unique kept: 112
[DEBUG] [GD] normalized rows: 112
[DEBUG] [GD] blocked by specialty/diesel filter: 102; passing: 10
[DEBUG] [Proxibid] parsed 30 rows across 1 page(s)
[DEBUG] [Renebates] found 54 events on index
[DEBUG] [Renebates] event: City Of Plano, Texas secs=178436
[DEBUG] [Renebates] City Of Plano, Texas -> 3 lots via https://renebates.com/a_list_2.php?id=265&cat=all
[DEBUG] [Renebates] event: Tatum Independent School District - Tatum, Texas secs=182033
[DEBUG] [Renebates] Tatum Independent School District - Tatum, Texas -> 6 lots via https://renebates.com/a_list_2.php?id=117&cat=all
[DEBUG] [DEBUG] collected 20 listings from all sites (after filter)
[DEBUG] [GD] HTTP 200 | CT=application/json; charset=utf-8 | page=1
[DEBUG] [GD] page 1: 24 items
[DEBUG] [GD] HTTP 200 | CT=application/json; charset=utf-8 | page=2
[DEBUG] [GD] page 2: 24 items
[DEBUG] [GD] HTTP 200 | CT=application/json; charset=utf-8 | page=3
[DEBUG] [GD] page 3: 24 items
[DEBUG] [GD] HTTP 200 | CT=application/json; charset=utf-8 | page=4
[DEBUG] [GD] page 4: 24 items
[DEBUG] [GD] HTTP 200 | CT=application/json; charset=utf-8 | page=5
[DEBUG] [GD] page 5: 24 items
[DEBUG] [GD] total raw items before normalize: 120; unique kept: 112
[DEBUG] [GD] normalized rows: 112
[DEBUG] [GD] blocked by specialty/diesel filter: 102; passing: 10
[DEBUG] [Proxibid] parsed 30 rows across 1 page(s)
[DEBUG] [Renebates] found 54 events on index
[DEBUG] [Renebates] event: City Of Plano, Texas secs=177782
[DEBUG] [Renebates] City Of Plano, Texas -> 3 lots via https://renebates.com/a_list_2.php?id=265&cat=all
[DEBUG] [Renebates] event: Tatum Independent School District - Tatum, Texas secs=181380
[DEBUG] [Renebates] Tatum Independent School District - Tatum, Texas -> 6 lots via https://renebates.com/a_list_2.php?id=117&cat=all
[DEBUG] [DEBUG] collected 20 listings from all sites (after filter)
[DEBUG] [GD] HTTP 200 | CT=application/json; charset=utf-8 | page=1
[DEBUG] [GD] page 1: 24 items
[DEBUG] [GD] HTTP 200 | CT=application/json; charset=utf-8 | page=2
[DEBUG] [GD] page 2: 24 items
[DEBUG] [GD] HTTP 200 | CT=application/json; charset=utf-8 | page=3
[DEBUG] [GD] page 3: 24 items
[DEBUG] [GD] HTTP 200 | CT=application/json; charset=utf-8 | page=4
[DEBUG] [GD] page 4: 24 items
[DEBUG] [GD] HTTP 200 | CT=application/json; charset=utf-8 | page=5
[DEBUG] [GD] page 5: 24 items
[DEBUG] [GD] total raw items before normalize: 120; unique kept: 113
[DEBUG] [GD] normalized rows: 113
[DEBUG] [GD] blocked by specialty/diesel filter: 103; passing: 10
[DEBUG] [Proxibid] parsed 30 rows across 1 page(s)
[DEBUG] [Renebates] found 54 events on index
[DEBUG] [Renebates] event: City Of Plano, Texas secs=177135
[DEBUG] [Renebates] City Of Plano, Texas -> 3 lots via https://renebates.com/a_list_2.php?id=265&cat=all
[DEBUG] [Renebates] event: Tatum Independent School District - Tatum, Texas secs=180731
[DEBUG] [Renebates] Tatum Independent School District - Tatum, Texas -> 6 lots via https://renebates.com/a_list_2.php?id=117&cat=all
[DEBUG] [DEBUG] collected 20 listings from all sites (after filter)
[DEBUG] [GD] HTTP 200 | CT=application/json; charset=utf-8 | page=1
[DEBUG] [GD] page 1: 24 items
[DEBUG] [GD] HTTP 200 | CT=application/json; charset=utf-8 | page=2
[DEBUG] [GD] page 2: 24 items
[DEBUG] [GD] HTTP 200 | CT=application/json; charset=utf-8 | page=3
[DEBUG] [GD] page 3: 24 items
[DEBUG] [GD] HTTP 200 | CT=application/json; charset=utf-8 | page=4
[DEBUG] [GD] page 4: 24 items
[DEBUG] [GD] HTTP 200 | CT=application/json; charset=utf-8 | page=5
[DEBUG] [GD] page 5: 24 items
[DEBUG] [GD] total raw items before normalize: 120; unique kept: 113
[DEBUG] [GD] normalized rows: 113
[DEBUG] [GD] blocked by specialty/diesel filter: 103; passing: 10
[DEBUG] [Proxibid] parsed 30 rows across 1 page(s)
[DEBUG] [Renebates] found 54 events on index
[DEBUG] [Renebates] event: City Of Plano, Texas secs=176487
[DEBUG] [Renebates] City Of Plano, Texas -> 3 lots via https://renebates.com/a_list_2.php?id=265&cat=all
[DEBUG] [Renebates] event: Tatum Independent School District - Tatum, Texas secs=180084
[DEBUG] [Renebates] Tatum Independent School District - Tatum, Texas -> 6 lots via https://renebates.com/a_list_2.php?id=117&cat=all
[DEBUG] [DEBUG] collected 20 listings from all sites (after filter)
[DEBUG] [GD] HTTP 200 | CT=application/json; charset=utf-8 | page=1
[DEBUG] [GD] page 1: 24 items
[DEBUG] [GD] HTTP 200 | CT=application/json; charset=utf-8 | page=2
[DEBUG] [GD] page 2: 24 items
[DEBUG] [GD] HTTP 200 | CT=application/json; charset=utf-8 | page=3
[DEBUG] [GD] page 3: 24 items
[DEBUG] [GD] HTTP 200 | CT=application/json; charset=utf-8 | page=4
[DEBUG] [GD] page 4: 24 items
[DEBUG] [GD] HTTP 200 | CT=application/json; charset=utf-8 | page=5
[DEBUG] [GD] page 5: 24 items
[DEBUG] [GD] total raw items before normalize: 120; unique kept: 113
[DEBUG] [GD] normalized rows: 113
[DEBUG] [GD] blocked by specialty/diesel filter: 103; passing: 10
[DEBUG] [Proxibid] parsed 30 rows across 1 page(s)
[DEBUG] [Renebates] found 54 events on index
[DEBUG] [Renebates] event: City Of Plano, Texas secs=175840
[DEBUG] [Renebates] City Of Plano, Texas -> 3 lots via https://renebates.com/a_list_2.php?id=265&cat=all
[DEBUG] [Renebates] event: Tatum Independent School District - Tatum, Texas secs=179436
[DEBUG] [Renebates] Tatum Independent School District - Tatum, Texas -> 6 lots via https://renebates.com/a_list_2.php?id=117&cat=all
[DEBUG] [DEBUG] collected 20 listings from all sites (after filter)
❌ Digest SMS failed: HTTP 401 error: Unable to create record: Authenticate
📬 Daily digest SMS sent.
[DEBUG] [GD] HTTP 200 | CT=application/json; charset=utf-8 | page=1
[DEBUG] [GD] page 1: 24 items
[DEBUG] [GD] HTTP 200 | CT=application/json; charset=utf-8 | page=2
[DEBUG] [GD] page 2: 24 items
[DEBUG] [GD] HTTP 200 | CT=application/json; charset=utf-8 | page=3
[DEBUG] [GD] page 3: 24 items
[DEBUG] [GD] HTTP 200 | CT=application/json; charset=utf-8 | page=4
[DEBUG] [GD] page 4: 24 items
[DEBUG] [GD] HTTP 200 | CT=application/json; charset=utf-8 | page=5
[DEBUG] [GD] page 5: 24 items
[DEBUG] [GD] total raw items before normalize: 120; unique kept: 113
[DEBUG] [GD] normalized rows: 113
[DEBUG] [GD] blocked by specialty/diesel filter: 103; passing: 10
[DEBUG] [Proxibid] parsed 30 rows across 1 page(s)
[DEBUG] [Renebates] found 54 events on index
[DEBUG] [Renebates] event: City Of Plano, Texas secs=175198
[DEBUG] [Renebates] City Of Plano, Texas -> 3 lots via https://renebates.com/a_list_2.php?id=265&cat=all
[DEBUG] [Renebates] event: Tatum Independent School District - Tatum, Texas secs=178795
[DEBUG] [Renebates] Tatum Independent School District - Tatum, Texas -> 6 lots via https://renebates.com/a_list_2.php?id=117&cat=all
[DEBUG] [DEBUG] collected 20 listings from all sites (after filter)
[DEBUG] [GD] HTTP 200 | CT=application/json; charset=utf-8 | page=1
[DEBUG] [GD] page 1: 24 items
[DEBUG] [GD] HTTP 200 | CT=application/json; charset=utf-8 | page=2
[DEBUG] [GD] page 2: 24 items
[DEBUG] [GD] HTTP 200 | CT=application/json; charset=utf-8 | page=3
[DEBUG] [GD] page 3: 24 items
[DEBUG] [GD] HTTP 200 | CT=application/json; charset=utf-8 | page=4
[DEBUG] [GD] page 4: 24 items
[DEBUG] [GD] HTTP 200 | CT=application/json; charset=utf-8 | page=5
[DEBUG] [GD] page 5: 24 items
[DEBUG] [GD] total raw items before normalize: 120; unique kept: 113
[DEBUG] [GD] normalized rows: 113
[DEBUG] [GD] blocked by specialty/diesel filter: 103; passing: 10
[DEBUG] [Proxibid] parsed 30 rows across 1 page(s)
[DEBUG] [Renebates] found 54 events on index
[DEBUG] [Renebates] event: City Of Plano, Texas secs=174541
[DEBUG] [Renebates] City Of Plano, Texas -> 3 lots via https://renebates.com/a_list_2.php?id=265&cat=all
[DEBUG] [Renebates] event: Tatum Independent School District - Tatum, Texas secs=178137
[DEBUG] [Renebates] Tatum Independent School District - Tatum, Texas -> 6 lots via https://renebates.com/a_list_2.php?id=117&cat=all
[DEBUG] [DEBUG] collected 20 listings from all sites (after filter)
[DEBUG] [GD] HTTP 200 | CT=application/json; charset=utf-8 | page=1
[DEBUG] [GD] page 1: 24 items
[DEBUG] [GD] HTTP 200 | CT=application/json; charset=utf-8 | page=2
[DEBUG] [GD] page 2: 24 items
[DEBUG] [GD] HTTP 200 | CT=application/json; charset=utf-8 | page=3
[DEBUG] [GD] page 3: 24 items
[DEBUG] [GD] HTTP 200 | CT=application/json; charset=utf-8 | page=4
[DEBUG] [GD] page 4: 24 items
[DEBUG] [GD] HTTP 200 | CT=application/json; charset=utf-8 | page=5
[DEBUG] [GD] page 5: 24 items
[DEBUG] [GD] total raw items before normalize: 120; unique kept: 113
[DEBUG] [GD] normalized rows: 113
[DEBUG] [GD] blocked by specialty/diesel filter: 103; passing: 10
[DEBUG] [Proxibid] parsed 30 rows across 1 page(s)
[DEBUG] [Renebates] found 54 events on index
[DEBUG] [Renebates] event: City Of Plano, Texas secs=173890
[DEBUG] [Renebates] City Of Plano, Texas -> 3 lots via https://renebates.com/a_list_2.php?id=265&cat=all
[DEBUG] [Renebates] event: Tatum Independent School District - Tatum, Texas secs=177486
[DEBUG] [Renebates] Tatum Independent School District - Tatum, Texas -> 6 lots via https://renebates.com/a_list_2.php?id=117&cat=all
[DEBUG] [DEBUG] collected 20 listings from all sites (after filter)
[DEBUG] [GD] HTTP 200 | CT=application/json; charset=utf-8 | page=1
[DEBUG] [GD] page 1: 24 items
[DEBUG] [GD] HTTP 200 | CT=application/json; charset=utf-8 | page=2
[DEBUG] [GD] page 2: 24 items
[DEBUG] [GD] HTTP 200 | CT=application/json; charset=utf-8 | page=3
[DEBUG] [GD] page 3: 24 items
[DEBUG] [GD] HTTP 200 | CT=application/json; charset=utf-8 | page=4
[DEBUG] [GD] page 4: 24 items
[DEBUG] [GD] HTTP 200 | CT=application/json; charset=utf-8 | page=5
[DEBUG] [GD] page 5: 24 items
[DEBUG] [GD] total raw items before normalize: 120; unique kept: 113
[DEBUG] [GD] normalized rows: 113
[DEBUG] [GD] blocked by specialty/diesel filter: 103; passing: 10
[DEBUG] [Proxibid] parsed 30 rows across 1 page(s)
[DEBUG] [Renebates] found 54 events on index
[DEBUG] [Renebates] event: City Of Plano, Texas secs=173240
[DEBUG] [Renebates] City Of Plano, Texas -> 3 lots via https://renebates.com/a_list_2.php?id=265&cat=all
[DEBUG] [Renebates] event: Tatum Independent School District - Tatum, Texas secs=176837
[DEBUG] [Renebates] Tatum Independent School District - Tatum, Texas -> 6 lots via https://renebates.com/a_list_2.php?id=117&cat=all
[DEBUG] [DEBUG] collected 20 listings from all sites (after filter)
[DEBUG] [GD] HTTP 200 | CT=application/json; charset=utf-8 | page=1
[DEBUG] [GD] page 1: 24 items
[DEBUG] [GD] HTTP 200 | CT=application/json; charset=utf-8 | page=2
[DEBUG] [GD] page 2: 24 items
[DEBUG] [GD] HTTP 200 | CT=application/json; charset=utf-8 | page=3
[DEBUG] [GD] page 3: 24 items
[DEBUG] [GD] HTTP 200 | CT=application/json; charset=utf-8 | page=4
[DEBUG] [GD] page 4: 24 items
[DEBUG] [GD] HTTP 200 | CT=application/json; charset=utf-8 | page=5
[DEBUG] [GD] page 5: 24 items
[DEBUG] [GD] total raw items before normalize: 120; unique kept: 113
[DEBUG] [GD] normalized rows: 113
[DEBUG] [GD] blocked by specialty/diesel filter: 103; passing: 10
[DEBUG] [Proxibid] parsed 30 rows across 1 page(s)
[DEBUG] [Renebates] found 54 events on index
[DEBUG] [Renebates] event: City Of Plano, Texas secs=172587
[DEBUG] [Renebates] City Of Plano, Texas -> 3 lots via https://renebates.com/a_list_2.php?id=265&cat=all
[DEBUG] [Renebates] event: Tatum Independent School District - Tatum, Texas secs=176184
[DEBUG] [Renebates] Tatum Independent School District - Tatum, Texas -> 6 lots via https://renebates.com/a_list_2.php?id=117&cat=all
[DEBUG] [DEBUG] collected 20 listings from all sites (after filter)
[DEBUG] [GD] HTTP 200 | CT=application/json; charset=utf-8 | page=1
[DEBUG] [GD] page 1: 24 items
[DEBUG] [GD] HTTP 200 | CT=application/json; charset=utf-8 | page=2
[DEBUG] [GD] page 2: 24 items
[DEBUG] [GD] HTTP 200 | CT=application/json; charset=utf-8 | page=3
[DEBUG] [GD] page 3: 24 items
[DEBUG] [GD] HTTP 200 | CT=application/json; charset=utf-8 | page=4
[DEBUG] [GD] page 4: 24 items
[DEBUG] [GD] HTTP 200 | CT=application/json; charset=utf-8 | page=5
[DEBUG] [GD] page 5: 24 items
[DEBUG] [GD] total raw items before normalize: 120; unique kept: 113
[DEBUG] [GD] normalized rows: 113
[DEBUG] [GD] blocked by specialty/diesel filter: 103; passing: 10
[DEBUG] [Proxibid] parsed 30 rows across 1 page(s)
[DEBUG] [Renebates] found 54 events on index
[DEBUG] [Renebates] event: City Of Plano, Texas secs=171936
[DEBUG] [Renebates] City Of Plano, Texas -> 3 lots via https://renebates.com/a_list_2.php?id=265&cat=all
[DEBUG] [Renebates] event: Tatum Independent School District - Tatum, Texas secs=175533
[DEBUG] [Renebates] Tatum Independent School District - Tatum, Texas -> 6 lots via https://renebates.com/a_list_2.php?id=117&cat=all
[DEBUG] [DEBUG] collected 20 listings from all sites (after filter)
[DEBUG] [GD] HTTP 200 | CT=application/json; charset=utf-8 | page=1
[DEBUG] [GD] page 1: 24 items
[DEBUG] [GD] HTTP 200 | CT=application/json; charset=utf-8 | page=2
[DEBUG] [GD] page 2: 24 items
[DEBUG] [GD] HTTP 200 | CT=application/json; charset=utf-8 | page=3
[DEBUG] [GD] page 3: 24 items
[DEBUG] [GD] HTTP 200 | CT=application/json; charset=utf-8 | page=4
[DEBUG] [GD] page 4: 24 items
[DEBUG] [GD] HTTP 200 | CT=application/json; charset=utf-8 | page=5
[DEBUG] [GD] page 5: 24 items
[DEBUG] [GD] total raw items before normalize: 120; unique kept: 113
[DEBUG] [GD] normalized rows: 113
[DEBUG] [GD] blocked by specialty/diesel filter: 103; passing: 10
[DEBUG] [Proxibid] parsed 30 rows across 1 page(s)
[DEBUG] [Renebates] found 54 events on index
[DEBUG] [Renebates] event: City Of Plano, Texas secs=171287
[DEBUG] [Renebates] City Of Plano, Texas -> 3 lots via https://renebates.com/a_list_2.php?id=265&cat=all
[DEBUG] [Renebates] event: Tatum Independent School District - Tatum, Texas secs=174884
[DEBUG] [Renebates] Tatum Independent School District - Tatum, Texas -> 6 lots via https://renebates.com/a_list_2.php?id=117&cat=all
[DEBUG] [DEBUG] collected 20 listings from all sites (after filter)
[DEBUG] [GD] HTTP 200 | CT=application/json; charset=utf-8 | page=1
[DEBUG] [GD] page 1: 24 items
[DEBUG] [GD] HTTP 200 | CT=application/json; charset=utf-8 | page=2
[DEBUG] [GD] page 2: 24 items
[DEBUG] [GD] HTTP 200 | CT=application/json; charset=utf-8 | page=3
[DEBUG] [GD] page 3: 24 items
[DEBUG] [GD] HTTP 200 | CT=application/json; charset=utf-8 | page=4
[DEBUG] [GD] page 4: 24 items
[DEBUG] [GD] HTTP 200 | CT=application/json; charset=utf-8 | page=5
[DEBUG] [GD] page 5: 24 items
[DEBUG] [GD] total raw items before normalize: 120; unique kept: 113
[DEBUG] [GD] normalized rows: 113
[DEBUG] [GD] blocked by specialty/diesel filter: 103; passing: 10
[DEBUG] [Proxibid] parsed 30 rows across 1 page(s)
[DEBUG] [Renebates] found 54 events on index
[DEBUG] [Renebates] event: City Of Plano, Texas secs=170634
[DEBUG] [Renebates] City Of Plano, Texas -> 3 lots via https://renebates.com/a_list_2.php?id=265&cat=all
[DEBUG] [Renebates] event: Tatum Independent School District - Tatum, Texas secs=174231
[DEBUG] [Renebates] Tatum Independent School District - Tatum, Texas -> 6 lots via https://renebates.com/a_list_2.php?id=117&cat=all
[DEBUG] [DEBUG] collected 20 listings from all sites (after filter)
[DEBUG] [GD] HTTP 200 | CT=application/json; charset=utf-8 | page=1
[DEBUG] [GD] page 1: 24 items
[DEBUG] [GD] HTTP 200 | CT=application/json; charset=utf-8 | page=2
[DEBUG] [GD] page 2: 24 items
[DEBUG] [GD] HTTP 200 | CT=application/json; charset=utf-8 | page=3
[DEBUG] [GD] page 3: 24 items
[DEBUG] [GD] HTTP 200 | CT=application/json; charset=utf-8 | page=4
[DEBUG] [GD] page 4: 24 items
[DEBUG] [GD] HTTP 200 | CT=application/json; charset=utf-8 | page=5
[DEBUG] [GD] page 5: 24 items
[DEBUG] [GD] total raw items before normalize: 120; unique kept: 113
[DEBUG] [GD] normalized rows: 113
[DEBUG] [GD] blocked by specialty/diesel filter: 103; passing: 10
[DEBUG] [Proxibid] parsed 30 rows across 1 page(s)
[DEBUG] [Renebates] found 54 events on index
[DEBUG] [Renebates] event: City Of Plano, Texas secs=169989
[DEBUG] [Renebates] City Of Plano, Texas -> 3 lots via https://renebates.com/a_list_2.php?id=265&cat=all
[DEBUG] [Renebates] event: Tatum Independent School District - Tatum, Texas secs=173585
[DEBUG] [Renebates] Tatum Independent School District - Tatum, Texas -> 6 lots via https://renebates.com/a_list_2.php?id=117&cat=all
[DEBUG] [DEBUG] collected 20 listings from all sites (after filter)
[DEBUG] [GD] HTTP 200 | CT=application/json; charset=utf-8 | page=1
[DEBUG] [GD] page 1: 24 items
[DEBUG] [GD] HTTP 200 | CT=application/json; charset=utf-8 | page=2
[DEBUG] [GD] page 2: 24 items
[DEBUG] [GD] HTTP 200 | CT=application/json; charset=utf-8 | page=3
[DEBUG] [GD] page 3: 24 items
[DEBUG] [GD] HTTP 200 | CT=application/json; charset=utf-8 | page=4
[DEBUG] [GD] page 4: 24 items
[DEBUG] [GD] HTTP 200 | CT=application/json; charset=utf-8 | page=5
[DEBUG] [GD] page 5: 24 items
[DEBUG] [GD] total raw items before normalize: 120; unique kept: 113
[DEBUG] [GD] normalized rows: 113
[DEBUG] [GD] blocked by specialty/diesel filter: 103; passing: 10
[DEBUG] [Proxibid] parsed 30 rows across 1 page(s)
[DEBUG] [Renebates] found 54 events on index
[DEBUG] [Renebates] event: City Of Plano, Texas secs=169347
[DEBUG] [Renebates] City Of Plano, Texas -> 3 lots via https://renebates.com/a_list_2.php?id=265&cat=all
[DEBUG] [Renebates] event: Tatum Independent School District - Tatum, Texas secs=172943
[DEBUG] [Renebates] Tatum Independent School District - Tatum, Texas -> 6 lots via https://renebates.com/a_list_2.php?id=117&cat=all
[DEBUG] [DEBUG] collected 20 listings from all sites (after filter)
[DEBUG] [GD] HTTP 200 | CT=application/json; charset=utf-8 | page=1
[DEBUG] [GD] page 1: 24 items
[DEBUG] [GD] HTTP 200 | CT=application/json; charset=utf-8 | page=2
[DEBUG] [GD] page 2: 24 items
[DEBUG] [GD] HTTP 200 | CT=application/json; charset=utf-8 | page=3
[DEBUG] [GD] page 3: 24 items
[DEBUG] [GD] HTTP 200 | CT=application/json; charset=utf-8 | page=4
[DEBUG] [GD] page 4: 24 items
[DEBUG] [GD] HTTP 200 | CT=application/json; charset=utf-8 | page=5
[DEBUG] [GD] page 5: 24 items
[DEBUG] [GD] total raw items before normalize: 120; unique kept: 113
[DEBUG] [GD] normalized rows: 113
[DEBUG] [GD] blocked by specialty/diesel filter: 103; passing: 10
[DEBUG] [Proxibid] parsed 30 rows across 1 page(s)
[DEBUG] [Renebates] found 54 events on index
[DEBUG] [Renebates] event: City Of Plano, Texas secs=168699
[DEBUG] [Renebates] City Of Plano, Texas -> 3 lots via https://renebates.com/a_list_2.php?id=265&cat=all
[DEBUG] [Renebates] event: Tatum Independent School District - Tatum, Texas secs=172296
[DEBUG] [Renebates] Tatum Independent School District - Tatum, Texas -> 6 lots via https://renebates.com/a_list_2.php?id=117&cat=all
[DEBUG] [DEBUG] collected 20 listings from all sites (after filter)
[DEBUG] [GD] HTTP 200 | CT=application/json; charset=utf-8 | page=1
[DEBUG] [GD] page 1: 24 items
[DEBUG] [GD] HTTP 200 | CT=application/json; charset=utf-8 | page=2
[DEBUG] [GD] page 2: 24 items
[DEBUG] [GD] HTTP 200 | CT=application/json; charset=utf-8 | page=3
[DEBUG] [GD] page 3: 24 items
[DEBUG] [GD] HTTP 200 | CT=application/json; charset=utf-8 | page=4
[DEBUG] [GD] page 4: 24 items
[DEBUG] [GD] HTTP 200 | CT=application/json; charset=utf-8 | page=5
[DEBUG] [GD] page 5: 24 items
[DEBUG] [GD] total raw items before normalize: 120; unique kept: 113
[DEBUG] [GD] normalized rows: 113
[DEBUG] [GD] blocked by specialty/diesel filter: 103; passing: 10
[DEBUG] [Proxibid] parsed 30 rows across 1 page(s)
[DEBUG] [Renebates] found 54 events on index
[DEBUG] [Renebates] event: City Of Plano, Texas secs=168058
[DEBUG] [Renebates] City Of Plano, Texas -> 3 lots via https://renebates.com/a_list_2.php?id=265&cat=all
[DEBUG] [Renebates] event: Tatum Independent School District - Tatum, Texas secs=171655
[DEBUG] [Renebates] Tatum Independent School District - Tatum, Texas -> 6 lots via https://renebates.com/a_list_2.php?id=117&cat=all
[DEBUG] [DEBUG] collected 20 listings from all sites (after filter)
[DEBUG] [GD] HTTP 200 | CT=application/json; charset=utf-8 | page=1
[DEBUG] [GD] page 1: 24 items
[DEBUG] [GD] HTTP 200 | CT=application/json; charset=utf-8 | page=2
[DEBUG] [GD] page 2: 24 items
[DEBUG] [GD] HTTP 200 | CT=application/json; charset=utf-8 | page=3
[DEBUG] [GD] page 3: 24 items
[DEBUG] [GD] HTTP 200 | CT=application/json; charset=utf-8 | page=4
[DEBUG] [GD] page 4: 24 items
[DEBUG] [GD] HTTP 200 | CT=application/json; charset=utf-8 | page=5
[DEBUG] [GD] page 5: 24 items
[DEBUG] [GD] total raw items before normalize: 120; unique kept: 113
[DEBUG] [GD] normalized rows: 113
[DEBUG] [GD] blocked by specialty/diesel filter: 103; passing: 10
[DEBUG] [Proxibid] parsed 30 rows across 1 page(s)
[DEBUG] [Renebates] found 54 events on index
[DEBUG] [Renebates] event: City Of Plano, Texas secs=167404
[DEBUG] [Renebates] City Of Plano, Texas -> 3 lots via https://renebates.com/a_list_2.php?id=265&cat=all
[DEBUG] [Renebates] event: Tatum Independent School District - Tatum, Texas secs=171002
[DEBUG] [Renebates] Tatum Independent School District - Tatum, Texas -> 6 lots via https://renebates.com/a_list_2.php?id=117&cat=all
[DEBUG] [DEBUG] collected 20 listings from all sites (after filter)
[DEBUG] [GD] HTTP 200 | CT=application/json; charset=utf-8 | page=1
[DEBUG] [GD] page 1: 24 items
[DEBUG] [GD] HTTP 200 | CT=application/json; charset=utf-8 | page=2
[DEBUG] [GD] page 2: 24 items
[DEBUG] [GD] HTTP 200 | CT=application/json; charset=utf-8 | page=3
[DEBUG] [GD] page 3: 24 items
[DEBUG] [GD] HTTP 200 | CT=application/json; charset=utf-8 | page=4
[DEBUG] [GD] page 4: 24 items
[DEBUG] [GD] HTTP 200 | CT=application/json; charset=utf-8 | page=5
[DEBUG] [GD] page 5: 24 items
[DEBUG] [GD] total raw items before normalize: 120; unique kept: 113
[DEBUG] [GD] normalized rows: 113
[DEBUG] [GD] blocked by specialty/diesel filter: 103; passing: 10
[DEBUG] [Proxibid] parsed 30 rows across 1 page(s)
[DEBUG] [Renebates] found 54 events on index
[DEBUG] [Renebates] event: City Of Plano, Texas secs=166755
[DEBUG] [Renebates] City Of Plano, Texas -> 3 lots via https://renebates.com/a_list_2.php?id=265&cat=all
[DEBUG] [Renebates] event: Tatum Independent School District - Tatum, Texas secs=170351
[DEBUG] [Renebates] Tatum Independent School District - Tatum, Texas -> 6 lots via https://renebates.com/a_list_2.php?id=117&cat=all
[DEBUG] [DEBUG] collected 20 listings from all sites (after filter)
[DEBUG] [GD] HTTP 200 | CT=application/json; charset=utf-8 | page=1
[DEBUG] [GD] page 1: 24 items
[DEBUG] [GD] HTTP 200 | CT=application/json; charset=utf-8 | page=2
[DEBUG] [GD] page 2: 24 items
[DEBUG] [GD] HTTP 200 | CT=application/json; charset=utf-8 | page=3
[DEBUG] [GD] page 3: 24 items
[DEBUG] [GD] HTTP 200 | CT=application/json; charset=utf-8 | page=4
[DEBUG] [GD] page 4: 24 items
[DEBUG] [GD] HTTP 200 | CT=application/json; charset=utf-8 | page=5
[DEBUG] [GD] page 5: 24 items
[DEBUG] [GD] total raw items before normalize: 120; unique kept: 113
[DEBUG] [GD] normalized rows: 113
[DEBUG] [GD] blocked by specialty/diesel filter: 103; passing: 10
[DEBUG] [Proxibid] parsed 30 rows across 1 page(s)
[DEBUG] [Renebates] found 54 events on index
[DEBUG] [Renebates] event: City Of Plano, Texas secs=166099
[DEBUG] [Renebates] City Of Plano, Texas -> 3 lots via https://renebates.com/a_list_2.php?id=265&cat=all
[DEBUG] [Renebates] event: Tatum Independent School District - Tatum, Texas secs=169696
[DEBUG] [Renebates] Tatum Independent School District - Tatum, Texas -> 6 lots via https://renebates.com/a_list_2.php?id=117&cat=all
[DEBUG] [DEBUG] collected 20 listings from all sites (after filter)
[DEBUG] [GD] HTTP 200 | CT=application/json; charset=utf-8 | page=1
[DEBUG] [GD] page 1: 24 items
[DEBUG] [GD] HTTP 200 | CT=application/json; charset=utf-8 | page=2
[DEBUG] [GD] page 2: 24 items
[DEBUG] [GD] HTTP 200 | CT=application/json; charset=utf-8 | page=3
[DEBUG] [GD] page 3: 24 items
[DEBUG] [GD] HTTP 200 | CT=application/json; charset=utf-8 | page=4
[DEBUG] [GD] page 4: 24 items
[DEBUG] [GD] HTTP 200 | CT=application/json; charset=utf-8 | page=5
[DEBUG] [GD] page 5: 24 items
[DEBUG] [GD] total raw items before normalize: 120; unique kept: 113
[DEBUG] [GD] normalized rows: 113
[DEBUG] [GD] blocked by specialty/diesel filter: 103; passing: 10
[DEBUG] [Proxibid] parsed 30 rows across 1 page(s)
[DEBUG] [Renebates] found 54 events on index
[DEBUG] [Renebates] event: City Of Plano, Texas secs=165445
[DEBUG] [Renebates] City Of Plano, Texas -> 3 lots via https://renebates.com/a_list_2.php?id=265&cat=all
[DEBUG] [Renebates] event: Tatum Independent School District - Tatum, Texas secs=169041
[DEBUG] [Renebates] Tatum Independent School District - Tatum, Texas -> 6 lots via https://renebates.com/a_list_2.php?id=117&cat=all
[DEBUG] [DEBUG] collected 20 listings from all sites (after filter)
[DEBUG] [GD] HTTP 200 | CT=application/json; charset=utf-8 | page=1
[DEBUG] [GD] page 1: 24 items
[DEBUG] [GD] HTTP 200 | CT=application/json; charset=utf-8 | page=2
[DEBUG] [GD] page 2: 24 items
[DEBUG] [GD] HTTP 200 | CT=application/json; charset=utf-8 | page=3
[DEBUG] [GD] page 3: 24 items
[DEBUG] [GD] HTTP 200 | CT=application/json; charset=utf-8 | page=4
[DEBUG] [GD] page 4: 24 items
[DEBUG] [GD] HTTP 200 | CT=application/json; charset=utf-8 | page=5
[DEBUG] [GD] page 5: 24 items
[DEBUG] [GD] total raw items before normalize: 120; unique kept: 113
[DEBUG] [GD] normalized rows: 113
[DEBUG] [GD] blocked by specialty/diesel filter: 103; passing: 10
[DEBUG] [Proxibid] parsed 30 rows across 1 page(s)
[DEBUG] [Renebates] found 54 events on index
[DEBUG] [Renebates] event: City Of Plano, Texas secs=164803
[DEBUG] [Renebates] City Of Plano, Texas -> 3 lots via https://renebates.com/a_list_2.php?id=265&cat=all
[DEBUG] [Renebates] event: Tatum Independent School District - Tatum, Texas secs=168398
[DEBUG] [Renebates] Tatum Independent School District - Tatum, Texas -> 6 lots via https://renebates.com/a_list_2.php?id=117&cat=all
[DEBUG] [DEBUG] collected 20 listings from all sites (after filter)
[DEBUG] [GD] HTTP 200 | CT=application/json; charset=utf-8 | page=1
[DEBUG] [GD] page 1: 24 items
[DEBUG] [GD] HTTP 200 | CT=application/json; charset=utf-8 | page=2
[DEBUG] [GD] page 2: 24 items
[DEBUG] [GD] HTTP 200 | CT=application/json; charset=utf-8 | page=3
[DEBUG] [GD] page 3: 24 items
[DEBUG] [GD] HTTP 200 | CT=application/json; charset=utf-8 | page=4
[DEBUG] [GD] page 4: 24 items
[DEBUG] [GD] HTTP 200 | CT=application/json; charset=utf-8 | page=5
[DEBUG] [GD] page 5: 24 items
[DEBUG] [GD] total raw items before normalize: 120; unique kept: 113
[DEBUG] [GD] normalized rows: 113
[DEBUG] [GD] blocked by specialty/diesel filter: 103; passing: 10
[DEBUG] [Proxibid] parsed 30 rows across 1 page(s)
[DEBUG] [Renebates] found 54 events on index
[DEBUG] [Renebates] event: City Of Plano, Texas secs=164156
[DEBUG] [Renebates] City Of Plano, Texas -> 3 lots via https://renebates.com/a_list_2.php?id=265&cat=all
[DEBUG] [Renebates] event: Tatum Independent School District - Tatum, Texas secs=167753
[DEBUG] [Renebates] Tatum Independent School District - Tatum, Texas -> 6 lots via https://renebates.com/a_list_2.php?id=117&cat=all
[DEBUG] [DEBUG] collected 20 listings from all sites (after filter)
[DEBUG] [GD] HTTP 200 | CT=application/json; charset=utf-8 | page=1
[DEBUG] [GD] page 1: 24 items
[DEBUG] [GD] HTTP 200 | CT=application/json; charset=utf-8 | page=2
[DEBUG] [GD] page 2: 24 items
[DEBUG] [GD] HTTP 200 | CT=application/json; charset=utf-8 | page=3
[DEBUG] [GD] page 3: 24 items
[DEBUG] [GD] HTTP 200 | CT=application/json; charset=utf-8 | page=4
[DEBUG] [GD] page 4: 24 items
[DEBUG] [GD] HTTP 200 | CT=application/json; charset=utf-8 | page=5
[DEBUG] [GD] page 5: 24 items
[DEBUG] [GD] total raw items before normalize: 120; unique kept: 113
[DEBUG] [GD] normalized rows: 113
[DEBUG] [GD] blocked by specialty/diesel filter: 103; passing: 10
[DEBUG] [Proxibid] parsed 30 rows across 1 page(s)
[DEBUG] [Renebates] found 54 events on index
[DEBUG] [Renebates] event: City Of Plano, Texas secs=163500
[DEBUG] [Renebates] City Of Plano, Texas -> 3 lots via https://renebates.com/a_list_2.php?id=265&cat=all
[DEBUG] [Renebates] event: Tatum Independent School District - Tatum, Texas secs=167098
[DEBUG] [Renebates] Tatum Independent School District - Tatum, Texas -> 6 lots via https://renebates.com/a_list_2.php?id=117&cat=all
[DEBUG] [DEBUG] collected 20 listings from all sites (after filter)
[DEBUG] [GD] HTTP 200 | CT=application/json; charset=utf-8 | page=1
[DEBUG] [GD] page 1: 24 items
[DEBUG] [GD] HTTP 200 | CT=application/json; charset=utf-8 | page=2
[DEBUG] [GD] page 2: 24 items
[DEBUG] [GD] HTTP 200 | CT=application/json; charset=utf-8 | page=3
[DEBUG] [GD] page 3: 24 items
[DEBUG] [GD] HTTP 200 | CT=application/json; charset=utf-8 | page=4
[DEBUG] [GD] page 4: 24 items
[DEBUG] [GD] HTTP 200 | CT=application/json; charset=utf-8 | page=5
[DEBUG] [GD] page 5: 24 items
[DEBUG] [GD] total raw items before normalize: 120; unique kept: 113
[DEBUG] [GD] normalized rows: 113
[DEBUG] [GD] blocked by specialty/diesel filter: 103; passing: 10
[DEBUG] [Proxibid] parsed 30 rows across 1 page(s)
[DEBUG] [Renebates] found 54 events on index
[DEBUG] [Renebates] event: City Of Plano, Texas secs=162858
[DEBUG] [Renebates] City Of Plano, Texas -> 3 lots via https://renebates.com/a_list_2.php?id=265&cat=all
[DEBUG] [Renebates] event: Tatum Independent School District - Tatum, Texas secs=166454
[DEBUG] [Renebates] Tatum Independent School District - Tatum, Texas -> 6 lots via https://renebates.com/a_list_2.php?id=117&cat=all
[DEBUG] [DEBUG] collected 20 listings from all sites (after filter)
[DEBUG] [GD] HTTP 200 | CT=application/json; charset=utf-8 | page=1
[DEBUG] [GD] page 1: 24 items
[DEBUG] [GD] HTTP 200 | CT=application/json; charset=utf-8 | page=2
[DEBUG] [GD] page 2: 24 items
[DEBUG] [GD] HTTP 200 | CT=application/json; charset=utf-8 | page=3
[DEBUG] [GD] page 3: 24 items
[DEBUG] [GD] HTTP 200 | CT=application/json; charset=utf-8 | page=4
[DEBUG] [GD] page 4: 24 items
[DEBUG] [GD] HTTP 200 | CT=application/json; charset=utf-8 | page=5
[DEBUG] [GD] page 5: 24 items
[DEBUG] [GD] total raw items before normalize: 120; unique kept: 113
[DEBUG] [GD] normalized rows: 113
[DEBUG] [GD] blocked by specialty/diesel filter: 103; passing: 10
[DEBUG] [Proxibid] parsed 30 rows across 1 page(s)
[DEBUG] [Renebates] found 54 events on index
[DEBUG] [Renebates] event: City Of Plano, Texas secs=162203
[DEBUG] [Renebates] City Of Plano, Texas -> 3 lots via https://renebates.com/a_list_2.php?id=265&cat=all
[DEBUG] [Renebates] event: Tatum Independent School District - Tatum, Texas secs=165800
[DEBUG] [Renebates] Tatum Independent School District - Tatum, Texas -> 6 lots via https://renebates.com/a_list_2.php?id=117&cat=all
[DEBUG] [DEBUG] collected 20 listings from all sites (after filter)
[DEBUG] [GD] HTTP 200 | CT=application/json; charset=utf-8 | page=1
[DEBUG] [GD] page 1: 24 items
[DEBUG] [GD] HTTP 200 | CT=application/json; charset=utf-8 | page=2
[DEBUG] [GD] page 2: 24 items
[DEBUG] [GD] HTTP 200 | CT=application/json; charset=utf-8 | page=3
[DEBUG] [GD] page 3: 24 items
[DEBUG] [GD] HTTP 200 | CT=application/json; charset=utf-8 | page=4
[DEBUG] [GD] page 4: 24 items
[DEBUG] [GD] HTTP 200 | CT=application/json; charset=utf-8 | page=5
[DEBUG] [GD] page 5: 24 items
[DEBUG] [GD] total raw items before normalize: 120; unique kept: 113
[DEBUG] [GD] normalized rows: 113
[DEBUG] [GD] blocked by specialty/diesel filter: 103; passing: 10
[DEBUG] [Proxibid] parsed 30 rows across 1 page(s)
[DEBUG] [Renebates] found 54 events on index
[DEBUG] [Renebates] event: City Of Plano, Texas secs=161549
[DEBUG] [Renebates] City Of Plano, Texas -> 3 lots via https://renebates.com/a_list_2.php?id=265&cat=all
[DEBUG] [Renebates] event: Tatum Independent School District - Tatum, Texas secs=165147
[DEBUG] [Renebates] Tatum Independent School District - Tatum, Texas -> 6 lots via https://renebates.com/a_list_2.php?id=117&cat=all
[DEBUG] [DEBUG] collected 20 listings from all sites (after filter)
[DEBUG] [GD] HTTP 200 | CT=application/json; charset=utf-8 | page=1
[DEBUG] [GD] page 1: 24 items
[DEBUG] [GD] HTTP 200 | CT=application/json; charset=utf-8 | page=2
[DEBUG] [GD] page 2: 24 items
[DEBUG] [GD] HTTP 200 | CT=application/json; charset=utf-8 | page=3
[DEBUG] [GD] page 3: 24 items
[DEBUG] [GD] HTTP 200 | CT=application/json; charset=utf-8 | page=4
[DEBUG] [GD] page 4: 24 items
[DEBUG] [GD] HTTP 200 | CT=application/json; charset=utf-8 | page=5
[DEBUG] [GD] page 5: 24 items
[DEBUG] [GD] total raw items before normalize: 120; unique kept: 113
[DEBUG] [GD] normalized rows: 113
[DEBUG] [GD] blocked by specialty/diesel filter: 103; passing: 10
[DEBUG] [Proxibid] parsed 30 rows across 1 page(s)
[DEBUG] [Renebates] found 54 events on index
[DEBUG] [Renebates] event: City Of Plano, Texas secs=160896
[DEBUG] [Renebates] City Of Plano, Texas -> 3 lots via https://renebates.com/a_list_2.php?id=265&cat=all
[DEBUG] [Renebates] event: Tatum Independent School District - Tatum, Texas secs=164494
[DEBUG] [Renebates] Tatum Independent School District - Tatum, Texas -> 6 lots via https://renebates.com/a_list_2.php?id=117&cat=all
[DEBUG] [DEBUG] collected 20 listings from all sites (after filter)
[DEBUG] [GD] HTTP 200 | CT=application/json; charset=utf-8 | page=1
[DEBUG] [GD] page 1: 24 items
[DEBUG] [GD] HTTP 200 | CT=application/json; charset=utf-8 | page=2
[DEBUG] [GD] page 2: 24 items
[DEBUG] [GD] HTTP 200 | CT=application/json; charset=utf-8 | page=3
[DEBUG] [GD] page 3: 24 items
[DEBUG] [GD] HTTP 200 | CT=application/json; charset=utf-8 | page=4
[DEBUG] [GD] page 4: 24 items
[DEBUG] [GD] HTTP 200 | CT=application/json; charset=utf-8 | page=5
[DEBUG] [GD] page 5: 24 items
[DEBUG] [GD] total raw items before normalize: 120; unique kept: 112
[DEBUG] [GD] normalized rows: 112
[DEBUG] [GD] blocked by specialty/diesel filter: 102; passing: 10
[DEBUG] [Proxibid] parsed 30 rows across 1 page(s)
[DEBUG] [Renebates] found 54 events on index
[DEBUG] [Renebates] event: City Of Plano, Texas secs=160249
[DEBUG] [Renebates] City Of Plano, Texas -> 3 lots via https://renebates.com/a_list_2.php?id=265&cat=all
[DEBUG] [Renebates] event: Tatum Independent School District - Tatum, Texas secs=163845
[DEBUG] [Renebates] Tatum Independent School District - Tatum, Texas -> 6 lots via https://renebates.com/a_list_2.php?id=117&cat=all
[DEBUG] [DEBUG] collected 20 listings from all sites (after filter)
[DEBUG] [GD] HTTP 200 | CT=application/json; charset=utf-8 | page=1
[DEBUG] [GD] page 1: 24 items
[DEBUG] [GD] HTTP 200 | CT=application/json; charset=utf-8 | page=2
[DEBUG] [GD] page 2: 24 items
[DEBUG] [GD] HTTP 200 | CT=application/json; charset=utf-8 | page=3
[DEBUG] [GD] page 3: 24 items
[DEBUG] [GD] HTTP 200 | CT=application/json; charset=utf-8 | page=4
[DEBUG] [GD] page 4: 24 items
[DEBUG] [GD] HTTP 200 | CT=application/json; charset=utf-8 | page=5
[DEBUG] [GD] page 5: 24 items
[DEBUG] [GD] total raw items before normalize: 120; unique kept: 112
[DEBUG] [GD] normalized rows: 112
[DEBUG] [GD] blocked by specialty/diesel filter: 102; passing: 10
[DEBUG] [Proxibid] parsed 30 rows across 1 page(s)
[DEBUG] [Renebates] found 54 events on index
[DEBUG] [Renebates] event: City Of Plano, Texas secs=159600
[DEBUG] [Renebates] City Of Plano, Texas -> 3 lots via https://renebates.com/a_list_2.php?id=265&cat=all
[DEBUG] [Renebates] event: Tatum Independent School District - Tatum, Texas secs=163197
[DEBUG] [Renebates] Tatum Independent School District - Tatum, Texas -> 6 lots via https://renebates.com/a_list_2.php?id=117&cat=all
[DEBUG] [DEBUG] collected 20 listings from all sites (after filter)
[DEBUG] [GD] HTTP 200 | CT=application/json; charset=utf-8 | page=1
[DEBUG] [GD] page 1: 24 items
[DEBUG] [GD] HTTP 200 | CT=application/json; charset=utf-8 | page=2
[DEBUG] [GD] page 2: 24 items
[DEBUG] [GD] HTTP 200 | CT=application/json; charset=utf-8 | page=3
[DEBUG] [GD] page 3: 24 items
[DEBUG] [GD] HTTP 200 | CT=application/json; charset=utf-8 | page=4
[DEBUG] [GD] page 4: 24 items
[DEBUG] [GD] HTTP 200 | CT=application/json; charset=utf-8 | page=5
[DEBUG] [GD] page 5: 24 items
[DEBUG] [GD] total raw items before normalize: 120; unique kept: 112
[DEBUG] [GD] normalized rows: 112
[DEBUG] [GD] blocked by specialty/diesel filter: 102; passing: 10
[DEBUG] [Proxibid] parsed 30 rows across 1 page(s)
[DEBUG] [Renebates] found 54 events on index
[DEBUG] [Renebates] event: City Of Plano, Texas secs=158955
[DEBUG] [Renebates] City Of Plano, Texas -> 3 lots via https://renebates.com/a_list_2.php?id=265&cat=all
[DEBUG] [Renebates] event: Tatum Independent School District - Tatum, Texas secs=162551
[DEBUG] [Renebates] Tatum Independent School District - Tatum, Texas -> 6 lots via https://renebates.com/a_list_2.php?id=117&cat=all
[DEBUG] [DEBUG] collected 20 listings from all sites (after filter)
[DEBUG] [GD] HTTP 200 | CT=application/json; charset=utf-8 | page=1
[DEBUG] [GD] page 1: 24 items
[DEBUG] [GD] HTTP 200 | CT=application/json; charset=utf-8 | page=2
[DEBUG] [GD] page 2: 24 items
[DEBUG] [GD] HTTP 200 | CT=application/json; charset=utf-8 | page=3
[DEBUG] [GD] page 3: 24 items
[DEBUG] [GD] HTTP 200 | CT=application/json; charset=utf-8 | page=4
[DEBUG] [GD] page 4: 24 items
[DEBUG] [GD] HTTP 200 | CT=application/json; charset=utf-8 | page=5
[DEBUG] [GD] page 5: 24 items
[DEBUG] [GD] total raw items before normalize: 120; unique kept: 112
[DEBUG] [GD] normalized rows: 112
[DEBUG] [GD] blocked by specialty/diesel filter: 101; passing: 11
[DEBUG] [Proxibid] parsed 30 rows across 1 page(s)
[DEBUG] [Renebates] found 54 events on index
[DEBUG] [Renebates] event: City Of Plano, Texas secs=158306
[DEBUG] [Renebates] City Of Plano, Texas -> 3 lots via https://renebates.com/a_list_2.php?id=265&cat=all
[DEBUG] [Renebates] event: Tatum Independent School District - Tatum, Texas secs=161902
[DEBUG] [Renebates] Tatum Independent School District - Tatum, Texas -> 6 lots via https://renebates.com/a_list_2.php?id=117&cat=all
[DEBUG] [DEBUG] collected 21 listings from all sites (after filter)
[DEBUG] [GD] HTTP 200 | CT=application/json; charset=utf-8 | page=1
[DEBUG] [GD] page 1: 24 items
[DEBUG] [GD] HTTP 200 | CT=application/json; charset=utf-8 | page=2
[DEBUG] [GD] page 2: 24 items
[DEBUG] [GD] HTTP 200 | CT=application/json; charset=utf-8 | page=3
[DEBUG] [GD] page 3: 24 items
[DEBUG] [GD] HTTP 200 | CT=application/json; charset=utf-8 | page=4
[DEBUG] [GD] page 4: 24 items
[DEBUG] [GD] HTTP 200 | CT=application/json; charset=utf-8 | page=5
[DEBUG] [GD] page 5: 24 items
[DEBUG] [GD] total raw items before normalize: 120; unique kept: 111
[DEBUG] [GD] normalized rows: 111
[DEBUG] [GD] blocked by specialty/diesel filter: 100; passing: 11
[DEBUG] [Proxibid] parsed 30 rows across 1 page(s)
[DEBUG] [Renebates] found 54 events on index
[DEBUG] [Renebates] event: City Of Plano, Texas secs=157659
[DEBUG] [Renebates] City Of Plano, Texas -> 3 lots via https://renebates.com/a_list_2.php?id=265&cat=all
[DEBUG] [Renebates] event: Tatum Independent School District - Tatum, Texas secs=161256
[DEBUG] [Renebates] Tatum Independent School District - Tatum, Texas -> 6 lots via https://renebates.com/a_list_2.php?id=117&cat=all
[DEBUG] [DEBUG] collected 21 listings from all sites (after filter)
[DEBUG] [GD] HTTP 200 | CT=application/json; charset=utf-8 | page=1
[DEBUG] [GD] page 1: 24 items
[DEBUG] [GD] HTTP 200 | CT=application/json; charset=utf-8 | page=2
[DEBUG] [GD] page 2: 24 items
[DEBUG] [GD] HTTP 200 | CT=application/json; charset=utf-8 | page=3
[DEBUG] [GD] page 3: 24 items
[DEBUG] [GD] HTTP 200 | CT=application/json; charset=utf-8 | page=4
[DEBUG] [GD] page 4: 24 items
[DEBUG] [GD] HTTP 200 | CT=application/json; charset=utf-8 | page=5
[DEBUG] [GD] page 5: 24 items
[DEBUG] [GD] total raw items before normalize: 120; unique kept: 111
[DEBUG] [GD] normalized rows: 111
[DEBUG] [GD] blocked by specialty/diesel filter: 100; passing: 11
[DEBUG] [Proxibid] parsed 30 rows across 1 page(s)
[DEBUG] [Renebates] found 54 events on index
[DEBUG] [Renebates] event: City Of Plano, Texas secs=157013
[DEBUG] [Renebates] City Of Plano, Texas -> 3 lots via https://renebates.com/a_list_2.php?id=265&cat=all
[DEBUG] [Renebates] event: Tatum Independent School District - Tatum, Texas secs=160610
[DEBUG] [Renebates] Tatum Independent School District - Tatum, Texas -> 6 lots via https://renebates.com/a_list_2.php?id=117&cat=all
[DEBUG] [DEBUG] collected 21 listings from all sites (after filter)
[DEBUG] [GD] HTTP 200 | CT=application/json; charset=utf-8 | page=1
[DEBUG] [GD] page 1: 24 items
[DEBUG] [GD] HTTP 200 | CT=application/json; charset=utf-8 | page=2
[DEBUG] [GD] page 2: 24 items
[DEBUG] [GD] HTTP 200 | CT=application/json; charset=utf-8 | page=3
[DEBUG] [GD] page 3: 24 items
[DEBUG] [GD] HTTP 200 | CT=application/json; charset=utf-8 | page=4
[DEBUG] [GD] page 4: 24 items
[DEBUG] [GD] HTTP 200 | CT=application/json; charset=utf-8 | page=5
[DEBUG] [GD] page 5: 24 items
[DEBUG] [GD] total raw items before normalize: 120; unique kept: 111
[DEBUG] [GD] normalized rows: 111
[DEBUG] [GD] blocked by specialty/diesel filter: 100; passing: 11
[DEBUG] [Proxibid] parsed 30 rows across 1 page(s)
[DEBUG] [Renebates] found 54 events on index
[DEBUG] [Renebates] event: City Of Plano, Texas secs=156368
[DEBUG] [Renebates] City Of Plano, Texas -> 3 lots via https://renebates.com/a_list_2.php?id=265&cat=all
[DEBUG] [Renebates] event: Tatum Independent School District - Tatum, Texas secs=159965
[DEBUG] [Renebates] Tatum Independent School District - Tatum, Texas -> 6 lots via https://renebates.com/a_list_2.php?id=117&cat=all
[DEBUG] [DEBUG] collected 21 listings from all sites (after filter)
[DEBUG] [GD] HTTP 200 | CT=application/json; charset=utf-8 | page=1
[DEBUG] [GD] page 1: 24 items
[DEBUG] [GD] HTTP 200 | CT=application/json; charset=utf-8 | page=2
[DEBUG] [GD] page 2: 24 items
[DEBUG] [GD] HTTP 200 | CT=application/json; charset=utf-8 | page=3
[DEBUG] [GD] page 3: 24 items
[DEBUG] [GD] HTTP 200 | CT=application/json; charset=utf-8 | page=4
[DEBUG] [GD] page 4: 24 items
[DEBUG] [GD] HTTP 200 | CT=application/json; charset=utf-8 | page=5
[DEBUG] [GD] page 5: 24 items
[DEBUG] [GD] total raw items before normalize: 120; unique kept: 111
[DEBUG] [GD] normalized rows: 111
[DEBUG] [GD] blocked by specialty/diesel filter: 100; passing: 11
[DEBUG] [Proxibid] parsed 30 rows across 1 page(s)
[DEBUG] [Renebates] found 54 events on index
[DEBUG] [Renebates] event: City Of Plano, Texas secs=155726
[DEBUG] [Renebates] City Of Plano, Texas -> 3 lots via https://renebates.com/a_list_2.php?id=265&cat=all
[DEBUG] [Renebates] event: Tatum Independent School District - Tatum, Texas secs=159323
[DEBUG] [Renebates] Tatum Independent School District - Tatum, Texas -> 6 lots via https://renebates.com/a_list_2.php?id=117&cat=all
[DEBUG] [DEBUG] collected 21 listings from all sites (after filter)
[DEBUG] [GD] HTTP 200 | CT=application/json; charset=utf-8 | page=1
[DEBUG] [GD] page 1: 24 items
[DEBUG] [GD] HTTP 200 | CT=application/json; charset=utf-8 | page=2
[DEBUG] [GD] page 2: 24 items
[DEBUG] [GD] HTTP 200 | CT=application/json; charset=utf-8 | page=3
[DEBUG] [GD] page 3: 24 items
[DEBUG] [GD] HTTP 200 | CT=application/json; charset=utf-8 | page=4
[DEBUG] [GD] page 4: 24 items
[DEBUG] [GD] HTTP 200 | CT=application/json; charset=utf-8 | page=5
[DEBUG] [GD] page 5: 24 items
[DEBUG] [GD] total raw items before normalize: 120; unique kept: 111
[DEBUG] [GD] normalized rows: 111
[DEBUG] [GD] blocked by specialty/diesel filter: 100; passing: 11
[DEBUG] [Proxibid] parsed 30 rows across 1 page(s)
[DEBUG] [Renebates] found 54 events on index
[DEBUG] [Renebates] event: City Of Plano, Texas secs=155083
[DEBUG] [Renebates] City Of Plano, Texas -> 3 lots via https://renebates.com/a_list_2.php?id=265&cat=all
[DEBUG] [Renebates] event: Tatum Independent School District - Tatum, Texas secs=158680
[DEBUG] [Renebates] Tatum Independent School District - Tatum, Texas -> 6 lots via https://renebates.com/a_list_2.php?id=117&cat=all
[DEBUG] [DEBUG] collected 21 listings from all sites (after filter)
[DEBUG] [GD] HTTP 200 | CT=application/json; charset=utf-8 | page=1
[DEBUG] [GD] page 1: 24 items
[DEBUG] [GD] HTTP 200 | CT=application/json; charset=utf-8 | page=2
[DEBUG] [GD] page 2: 24 items
[DEBUG] [GD] HTTP 200 | CT=application/json; charset=utf-8 | page=3
[DEBUG] [GD] page 3: 24 items
[DEBUG] [GD] HTTP 200 | CT=application/json; charset=utf-8 | page=4
[DEBUG] [GD] page 4: 24 items
[DEBUG] [GD] HTTP 200 | CT=application/json; charset=utf-8 | page=5
[DEBUG] [GD] page 5: 24 items
[DEBUG] [GD] total raw items before normalize: 120; unique kept: 111
[DEBUG] [GD] normalized rows: 111
[DEBUG] [GD] blocked by specialty/diesel filter: 100; passing: 11
[DEBUG] [Proxibid] parsed 30 rows across 1 page(s)
[DEBUG] [Renebates] found 54 events on index
[DEBUG] [Renebates] event: City Of Plano, Texas secs=154430
[DEBUG] [Renebates] City Of Plano, Texas -> 3 lots via https://renebates.com/a_list_2.php?id=265&cat=all
[DEBUG] [Renebates] event: Tatum Independent School District - Tatum, Texas secs=158025
[DEBUG] [Renebates] Tatum Independent School District - Tatum, Texas -> 6 lots via https://renebates.com/a_list_2.php?id=117&cat=all
[DEBUG] [DEBUG] collected 21 listings from all sites (after filter)
[DEBUG] [GD] HTTP 200 | CT=application/json; charset=utf-8 | page=1
[DEBUG] [GD] page 1: 24 items
[DEBUG] [GD] HTTP 200 | CT=application/json; charset=utf-8 | page=2
[DEBUG] [GD] page 2: 24 items
[DEBUG] [GD] HTTP 200 | CT=application/json; charset=utf-8 | page=3
[DEBUG] [GD] page 3: 24 items
[DEBUG] [GD] HTTP 200 | CT=application/json; charset=utf-8 | page=4
[DEBUG] [GD] page 4: 24 items
[DEBUG] [GD] HTTP 200 | CT=application/json; charset=utf-8 | page=5
[DEBUG] [GD] page 5: 24 items
[DEBUG] [GD] total raw items before normalize: 120; unique kept: 111
[DEBUG] [GD] normalized rows: 111
[DEBUG] [GD] blocked by specialty/diesel filter: 100; passing: 11
[DEBUG] [Proxibid] parsed 30 rows across 1 page(s)
[DEBUG] [Renebates] found 54 events on index
[DEBUG] [Renebates] event: City Of Plano, Texas secs=153783
[DEBUG] [Renebates] City Of Plano, Texas -> 3 lots via https://renebates.com/a_list_2.php?id=265&cat=all
[DEBUG] [Renebates] event: Tatum Independent School District - Tatum, Texas secs=157379
[DEBUG] [Renebates] Tatum Independent School District - Tatum, Texas -> 6 lots via https://renebates.com/a_list_2.php?id=117&cat=all
[DEBUG] [DEBUG] collected 20 listings from all sites (after filter)
[DEBUG] [GD] HTTP 200 | CT=application/json; charset=utf-8 | page=1
[DEBUG] [GD] page 1: 24 items
[DEBUG] [GD] HTTP 200 | CT=application/json; charset=utf-8 | page=2
[DEBUG] [GD] page 2: 24 items
[DEBUG] [GD] HTTP 200 | CT=application/json; charset=utf-8 | page=3
[DEBUG] [GD] page 3: 24 items
[DEBUG] [GD] HTTP 200 | CT=application/json; charset=utf-8 | page=4
[DEBUG] [GD] page 4: 24 items
[DEBUG] [GD] HTTP 200 | CT=application/json; charset=utf-8 | page=5
[DEBUG] [GD] page 5: 24 items
[DEBUG] [GD] total raw items before normalize: 120; unique kept: 111
[DEBUG] [GD] normalized rows: 111
[DEBUG] [GD] blocked by specialty/diesel filter: 100; passing: 11
[DEBUG] [Proxibid] parsed 30 rows across 1 page(s)
[DEBUG] [Renebates] found 54 events on index
[DEBUG] [Renebates] event: City Of Plano, Texas secs=153126
[DEBUG] [Renebates] City Of Plano, Texas -> 3 lots via https://renebates.com/a_list_2.php?id=265&cat=all
[DEBUG] [Renebates] event: Tatum Independent School District - Tatum, Texas secs=156723
[DEBUG] [Renebates] Tatum Independent School District - Tatum, Texas -> 6 lots via https://renebates.com/a_list_2.php?id=117&cat=all
[DEBUG] [DEBUG] collected 20 listings from all sites (after filter)
[DEBUG] [GD] HTTP 200 | CT=application/json; charset=utf-8 | page=1
[DEBUG] [GD] page 1: 24 items
[DEBUG] [GD] HTTP 200 | CT=application/json; charset=utf-8 | page=2
[DEBUG] [GD] page 2: 24 items
[DEBUG] [GD] HTTP 200 | CT=application/json; charset=utf-8 | page=3
[DEBUG] [GD] page 3: 24 items
[DEBUG] [GD] HTTP 200 | CT=application/json; charset=utf-8 | page=4
[DEBUG] [GD] page 4: 24 items
[DEBUG] [GD] HTTP 200 | CT=application/json; charset=utf-8 | page=5
[DEBUG] [GD] page 5: 24 items
[DEBUG] [GD] total raw items before normalize: 120; unique kept: 111
[DEBUG] [GD] normalized rows: 111
[DEBUG] [GD] blocked by specialty/diesel filter: 100; passing: 11
[DEBUG] [Proxibid] parsed 30 rows across 1 page(s)
[DEBUG] [Renebates] found 54 events on index
[DEBUG] [Renebates] event: City Of Plano, Texas secs=152480
[DEBUG] [Renebates] City Of Plano, Texas -> 3 lots via https://renebates.com/a_list_2.php?id=265&cat=all
[DEBUG] [Renebates] event: Tatum Independent School District - Tatum, Texas secs=156076
[DEBUG] [Renebates] Tatum Independent School District - Tatum, Texas -> 6 lots via https://renebates.com/a_list_2.php?id=117&cat=all
[DEBUG] [DEBUG] collected 20 listings from all sites (after filter)
[DEBUG] [GD] HTTP 200 | CT=application/json; charset=utf-8 | page=1
[DEBUG] [GD] page 1: 24 items
[DEBUG] [GD] HTTP 200 | CT=application/json; charset=utf-8 | page=2
[DEBUG] [GD] page 2: 24 items
[DEBUG] [GD] HTTP 200 | CT=application/json; charset=utf-8 | page=3
[DEBUG] [GD] page 3: 24 items
[DEBUG] [GD] HTTP 200 | CT=application/json; charset=utf-8 | page=4
[DEBUG] [GD] page 4: 24 items
[DEBUG] [GD] HTTP 200 | CT=application/json; charset=utf-8 | page=5
[DEBUG] [GD] page 5: 24 items
[DEBUG] [GD] total raw items before normalize: 120; unique kept: 111
[DEBUG] [GD] normalized rows: 111
[DEBUG] [GD] blocked by specialty/diesel filter: 100; passing: 11
[DEBUG] [Proxibid] parsed 30 rows across 1 page(s)
[DEBUG] [Renebates] found 54 events on index
[DEBUG] [Renebates] event: City Of Plano, Texas secs=151826
[DEBUG] [Renebates] City Of Plano, Texas -> 3 lots via https://renebates.com/a_list_2.php?id=265&cat=all
[DEBUG] [Renebates] event: Tatum Independent School District - Tatum, Texas secs=155422
[DEBUG] [Renebates] Tatum Independent School District - Tatum, Texas -> 6 lots via https://renebates.com/a_list_2.php?id=117&cat=all
[DEBUG] [DEBUG] collected 20 listings from all sites (after filter)
[DEBUG] [GD] HTTP 200 | CT=application/json; charset=utf-8 | page=1
[DEBUG] [GD] page 1: 24 items
[DEBUG] [GD] HTTP 200 | CT=application/json; charset=utf-8 | page=2
[DEBUG] [GD] page 2: 24 items
[DEBUG] [GD] HTTP 200 | CT=application/json; charset=utf-8 | page=3
[DEBUG] [GD] page 3: 24 items
[DEBUG] [GD] HTTP 200 | CT=application/json; charset=utf-8 | page=4
[DEBUG] [GD] page 4: 24 items
[DEBUG] [GD] HTTP 200 | CT=application/json; charset=utf-8 | page=5
[DEBUG] [GD] page 5: 24 items
[DEBUG] [GD] total raw items before normalize: 120; unique kept: 111
[DEBUG] [GD] normalized rows: 111
[DEBUG] [GD] blocked by specialty/diesel filter: 100; passing: 11
[DEBUG] [Proxibid] parsed 30 rows across 1 page(s)
[DEBUG] [Renebates] found 54 events on index
[DEBUG] [Renebates] event: City Of Plano, Texas secs=151180
[DEBUG] [Renebates] City Of Plano, Texas -> 3 lots via https://renebates.com/a_list_2.php?id=265&cat=all
[DEBUG] [Renebates] event: Tatum Independent School District - Tatum, Texas secs=154776
[DEBUG] [Renebates] Tatum Independent School District - Tatum, Texas -> 6 lots via https://renebates.com/a_list_2.php?id=117&cat=all
[DEBUG] [DEBUG] collected 20 listings from all sites (after filter)
[DEBUG] [GD] HTTP 200 | CT=application/json; charset=utf-8 | page=1
[DEBUG] [GD] page 1: 24 items
[DEBUG] [GD] HTTP 200 | CT=application/json; charset=utf-8 | page=2
[DEBUG] [GD] page 2: 24 items
[DEBUG] [GD] HTTP 200 | CT=application/json; charset=utf-8 | page=3
[DEBUG] [GD] page 3: 24 items
[DEBUG] [GD] HTTP 200 | CT=application/json; charset=utf-8 | page=4
[DEBUG] [GD] page 4: 24 items
[DEBUG] [GD] HTTP 200 | CT=application/json; charset=utf-8 | page=5
[DEBUG] [GD] page 5: 24 items
[DEBUG] [GD] total raw items before normalize: 120; unique kept: 111
[DEBUG] [GD] normalized rows: 111
[DEBUG] [GD] blocked by specialty/diesel filter: 100; passing: 11
[DEBUG] [Proxibid] parsed 30 rows across 1 page(s)
[DEBUG] [Renebates] found 54 events on index
[DEBUG] [Renebates] event: City Of Plano, Texas secs=150540
[DEBUG] [Renebates] City Of Plano, Texas -> 3 lots via https://renebates.com/a_list_2.php?id=265&cat=all
[DEBUG] [Renebates] event: Tatum Independent School District - Tatum, Texas secs=154135
[DEBUG] [Renebates] Tatum Independent School District - Tatum, Texas -> 6 lots via https://renebates.com/a_list_2.php?id=117&cat=all
[DEBUG] [DEBUG] collected 20 listings from all sites (after filter)
[DEBUG] [GD] HTTP 200 | CT=application/json; charset=utf-8 | page=1
[DEBUG] [GD] page 1: 24 items
[DEBUG] [GD] HTTP 200 | CT=application/json; charset=utf-8 | page=2
[DEBUG] [GD] page 2: 24 items
[DEBUG] [GD] HTTP 200 | CT=application/json; charset=utf-8 | page=3
[DEBUG] [GD] page 3: 24 items
[DEBUG] [GD] HTTP 200 | CT=application/json; charset=utf-8 | page=4
[DEBUG] [GD] page 4: 24 items
[DEBUG] [GD] HTTP 200 | CT=application/json; charset=utf-8 | page=5
[DEBUG] [GD] page 5: 24 items
[DEBUG] [GD] total raw items before normalize: 120; unique kept: 111
[DEBUG] [GD] normalized rows: 111
[DEBUG] [GD] blocked by specialty/diesel filter: 100; passing: 11
[DEBUG] [Proxibid] parsed 30 rows across 1 page(s)
[DEBUG] [Renebates] found 54 events on index
[DEBUG] [Renebates] event: City Of Plano, Texas secs=149882
[DEBUG] [Renebates] City Of Plano, Texas -> 3 lots via https://renebates.com/a_list_2.php?id=265&cat=all
[DEBUG] [Renebates] event: Tatum Independent School District - Tatum, Texas secs=153480
[DEBUG] [Renebates] Tatum Independent School District - Tatum, Texas -> 6 lots via https://renebates.com/a_list_2.php?id=117&cat=all
[DEBUG] [DEBUG] collected 20 listings from all sites (after filter)
[DEBUG] [GD] HTTP 200 | CT=application/json; charset=utf-8 | page=1
[DEBUG] [GD] page 1: 24 items
[DEBUG] [GD] HTTP 200 | CT=application/json; charset=utf-8 | page=2
[DEBUG] [GD] page 2: 24 items
[DEBUG] [GD] HTTP 200 | CT=application/json; charset=utf-8 | page=3
[DEBUG] [GD] page 3: 24 items
[DEBUG] [GD] HTTP 200 | CT=application/json; charset=utf-8 | page=4
[DEBUG] [GD] page 4: 24 items
[DEBUG] [GD] HTTP 200 | CT=application/json; charset=utf-8 | page=5
[DEBUG] [GD] page 5: 24 items
[DEBUG] [GD] total raw items before normalize: 120; unique kept: 111
[DEBUG] [GD] normalized rows: 111
[DEBUG] [GD] blocked by specialty/diesel filter: 100; passing: 11
[DEBUG] [Proxibid] parsed 30 rows across 1 page(s)
[DEBUG] [Renebates] found 54 events on index
[DEBUG] [Renebates] event: City Of Plano, Texas secs=149237
[DEBUG] [Renebates] City Of Plano, Texas -> 3 lots via https://renebates.com/a_list_2.php?id=265&cat=all
[DEBUG] [Renebates] event: Tatum Independent School District - Tatum, Texas secs=152834
[DEBUG] [Renebates] Tatum Independent School District - Tatum, Texas -> 6 lots via https://renebates.com/a_list_2.php?id=117&cat=all
[DEBUG] [DEBUG] collected 20 listings from all sites (after filter)
[DEBUG] [GD] HTTP 200 | CT=application/json; charset=utf-8 | page=1
[DEBUG] [GD] page 1: 24 items
[DEBUG] [GD] HTTP 200 | CT=application/json; charset=utf-8 | page=2
[DEBUG] [GD] page 2: 24 items
[DEBUG] [GD] HTTP 200 | CT=application/json; charset=utf-8 | page=3
[DEBUG] [GD] page 3: 24 items
[DEBUG] [GD] HTTP 200 | CT=application/json; charset=utf-8 | page=4
[DEBUG] [GD] page 4: 24 items
[DEBUG] [GD] HTTP 200 | CT=application/json; charset=utf-8 | page=5
[DEBUG] [GD] page 5: 24 items
[DEBUG] [GD] total raw items before normalize: 120; unique kept: 111
[DEBUG] [GD] normalized rows: 111
[DEBUG] [GD] blocked by specialty/diesel filter: 100; passing: 11
[DEBUG] [Proxibid] parsed 30 rows across 1 page(s)
[DEBUG] [Renebates] found 54 events on index
[DEBUG] [Renebates] event: City Of Plano, Texas secs=148583
[DEBUG] [Renebates] City Of Plano, Texas -> 3 lots via https://renebates.com/a_list_2.php?id=265&cat=all
[DEBUG] [Renebates] event: Tatum Independent School District - Tatum, Texas secs=152181
[DEBUG] [Renebates] Tatum Independent School District - Tatum, Texas -> 6 lots via https://renebates.com/a_list_2.php?id=117&cat=all
[DEBUG] [DEBUG] collected 20 listings from all sites (after filter)
[DEBUG] [GD] HTTP 200 | CT=application/json; charset=utf-8 | page=1
[DEBUG] [GD] page 1: 24 items
[DEBUG] [GD] HTTP 200 | CT=application/json; charset=utf-8 | page=2
[DEBUG] [GD] page 2: 24 items
[DEBUG] [GD] HTTP 200 | CT=application/json; charset=utf-8 | page=3
[DEBUG] [GD] page 3: 24 items
[DEBUG] [GD] HTTP 200 | CT=application/json; charset=utf-8 | page=4
[DEBUG] [GD] page 4: 24 items
[DEBUG] [GD] HTTP 200 | CT=application/json; charset=utf-8 | page=5
[DEBUG] [GD] page 5: 24 items
[DEBUG] [GD] total raw items before normalize: 120; unique kept: 111
[DEBUG] [GD] normalized rows: 111
[DEBUG] [GD] blocked by specialty/diesel filter: 100; passing: 11
[DEBUG] [Proxibid] parsed 30 rows across 1 page(s)
[DEBUG] [Renebates] found 54 events on index
[DEBUG] [Renebates] event: City Of Plano, Texas secs=147929
[DEBUG] [Renebates] City Of Plano, Texas -> 3 lots via https://renebates.com/a_list_2.php?id=265&cat=all
[DEBUG] [Renebates] event: Tatum Independent School District - Tatum, Texas secs=151525
[DEBUG] [Renebates] Tatum Independent School District - Tatum, Texas -> 6 lots via https://renebates.com/a_list_2.php?id=117&cat=all
[DEBUG] [DEBUG] collected 20 listings from all sites (after filter)
[DEBUG] [GD] HTTP 200 | CT=application/json; charset=utf-8 | page=1
[DEBUG] [GD] page 1: 24 items
[DEBUG] [GD] HTTP 200 | CT=application/json; charset=utf-8 | page=2
[DEBUG] [GD] page 2: 24 items
[DEBUG] [GD] HTTP 200 | CT=application/json; charset=utf-8 | page=3
[DEBUG] [GD] page 3: 24 items
[DEBUG] [GD] HTTP 200 | CT=application/json; charset=utf-8 | page=4
[DEBUG] [GD] page 4: 24 items
[DEBUG] [GD] HTTP 200 | CT=application/json; charset=utf-8 | page=5
[DEBUG] [GD] page 5: 24 items
[DEBUG] [GD] total raw items before normalize: 120; unique kept: 111
[DEBUG] [GD] normalized rows: 111
[DEBUG] [GD] blocked by specialty/diesel filter: 100; passing: 11
[DEBUG] [Proxibid] parsed 30 rows across 1 page(s)
[DEBUG] [Renebates] found 54 events on index
[DEBUG] [Renebates] event: City Of Plano, Texas secs=147279
[DEBUG] [Renebates] City Of Plano, Texas -> 3 lots via https://renebates.com/a_list_2.php?id=265&cat=all
[DEBUG] [Renebates] event: Tatum Independent School District - Tatum, Texas secs=150877
[DEBUG] [Renebates] Tatum Independent School District - Tatum, Texas -> 6 lots via https://renebates.com/a_list_2.php?id=117&cat=all
[DEBUG] [DEBUG] collected 20 listings from all sites (after filter)
[DEBUG] [GD] HTTP 200 | CT=application/json; charset=utf-8 | page=1
[DEBUG] [GD] page 1: 24 items
[DEBUG] [GD] HTTP 200 | CT=application/json; charset=utf-8 | page=2
[DEBUG] [GD] page 2: 24 items
[DEBUG] [GD] HTTP 200 | CT=application/json; charset=utf-8 | page=3
[DEBUG] [GD] page 3: 24 items
[DEBUG] [GD] HTTP 200 | CT=application/json; charset=utf-8 | page=4
[DEBUG] [GD] page 4: 24 items
[DEBUG] [GD] HTTP 200 | CT=application/json; charset=utf-8 | page=5
[DEBUG] [GD] page 5: 24 items
[DEBUG] [GD] total raw items before normalize: 120; unique kept: 111
[DEBUG] [GD] normalized rows: 111
[DEBUG] [GD] blocked by specialty/diesel filter: 100; passing: 11
[DEBUG] [Proxibid] parsed 30 rows across 1 page(s)
[DEBUG] [Renebates] found 54 events on index
[DEBUG] [Renebates] event: City Of Plano, Texas secs=146621
[DEBUG] [Renebates] City Of Plano, Texas -> 3 lots via https://renebates.com/a_list_2.php?id=265&cat=all
[DEBUG] [Renebates] event: Tatum Independent School District - Tatum, Texas secs=150218
[DEBUG] [Renebates] Tatum Independent School District - Tatum, Texas -> 6 lots via https://renebates.com/a_list_2.php?id=117&cat=all
[DEBUG] [DEBUG] collected 20 listings from all sites (after filter)
[DEBUG] [GD] HTTP 200 | CT=application/json; charset=utf-8 | page=1
[DEBUG] [GD] page 1: 24 items
[DEBUG] [GD] HTTP 200 | CT=application/json; charset=utf-8 | page=2
[DEBUG] [GD] page 2: 24 items
[DEBUG] [GD] HTTP 200 | CT=application/json; charset=utf-8 | page=3
[DEBUG] [GD] page 3: 24 items
[DEBUG] [GD] HTTP 200 | CT=application/json; charset=utf-8 | page=4
[DEBUG] [GD] page 4: 24 items
[DEBUG] [GD] HTTP 200 | CT=application/json; charset=utf-8 | page=5
[DEBUG] [GD] page 5: 24 items
[DEBUG] [GD] total raw items before normalize: 120; unique kept: 111
[DEBUG] [GD] normalized rows: 111
[DEBUG] [GD] blocked by specialty/diesel filter: 100; passing: 11
[DEBUG] [Proxibid] parsed 30 rows across 1 page(s)
[DEBUG] [Renebates] found 54 events on index
[DEBUG] [Renebates] event: City Of Plano, Texas secs=145966
[DEBUG] [Renebates] City Of Plano, Texas -> 3 lots via https://renebates.com/a_list_2.php?id=265&cat=all
[DEBUG] [Renebates] event: Tatum Independent School District - Tatum, Texas secs=149563
[DEBUG] [Renebates] Tatum Independent School District - Tatum, Texas -> 6 lots via https://renebates.com/a_list_2.php?id=117&cat=all
[DEBUG] [DEBUG] collected 20 listings from all sites (after filter)
[DEBUG] [GD] HTTP 200 | CT=application/json; charset=utf-8 | page=1
[DEBUG] [GD] page 1: 24 items
[DEBUG] [GD] HTTP 200 | CT=application/json; charset=utf-8 | page=2
[DEBUG] [GD] page 2: 24 items
[DEBUG] [GD] HTTP 200 | CT=application/json; charset=utf-8 | page=3
[DEBUG] [GD] page 3: 24 items
[DEBUG] [GD] HTTP 200 | CT=application/json; charset=utf-8 | page=4
[DEBUG] [GD] page 4: 24 items
[DEBUG] [GD] HTTP 200 | CT=application/json; charset=utf-8 | page=5
[DEBUG] [GD] page 5: 24 items
[DEBUG] [GD] total raw items before normalize: 120; unique kept: 111
[DEBUG] [GD] normalized rows: 111
[DEBUG] [GD] blocked by specialty/diesel filter: 100; passing: 11
[DEBUG] [Proxibid] parsed 30 rows across 1 page(s)
[DEBUG] [Renebates] found 54 events on index
[DEBUG] [Renebates] event: City Of Plano, Texas secs=145314
[DEBUG] [Renebates] City Of Plano, Texas -> 3 lots via https://renebates.com/a_list_2.php?id=265&cat=all
[DEBUG] [Renebates] event: Tatum Independent School District - Tatum, Texas secs=148912
[DEBUG] [Renebates] Tatum Independent School District - Tatum, Texas -> 6 lots via https://renebates.com/a_list_2.php?id=117&cat=all
[DEBUG] [DEBUG] collected 20 listings from all sites (after filter)
[DEBUG] [GD] HTTP 200 | CT=application/json; charset=utf-8 | page=1
[DEBUG] [GD] page 1: 24 items
[DEBUG] [GD] HTTP 200 | CT=application/json; charset=utf-8 | page=2
[DEBUG] [GD] page 2: 24 items
[DEBUG] [GD] HTTP 200 | CT=application/json; charset=utf-8 | page=3
[DEBUG] [GD] page 3: 24 items
[DEBUG] [GD] HTTP 200 | CT=application/json; charset=utf-8 | page=4
[DEBUG] [GD] page 4: 24 items
[DEBUG] [GD] HTTP 200 | CT=application/json; charset=utf-8 | page=5
[DEBUG] [GD] page 5: 24 items
[DEBUG] [GD] total raw items before normalize: 120; unique kept: 111
[DEBUG] [GD] normalized rows: 111
[DEBUG] [GD] blocked by specialty/diesel filter: 100; passing: 11
[DEBUG] [Proxibid] parsed 30 rows across 1 page(s)
[DEBUG] [Renebates] found 54 events on index
[DEBUG] [Renebates] event: City Of Plano, Texas secs=144657
[DEBUG] [Renebates] City Of Plano, Texas -> 3 lots via https://renebates.com/a_list_2.php?id=265&cat=all
[DEBUG] [Renebates] event: Tatum Independent School District - Tatum, Texas secs=148254
[DEBUG] [Renebates] Tatum Independent School District - Tatum, Texas -> 6 lots via https://renebates.com/a_list_2.php?id=117&cat=all
[DEBUG] [DEBUG] collected 20 listings from all sites (after filter)
[DEBUG] [GD] HTTP 200 | CT=application/json; charset=utf-8 | page=1
[DEBUG] [GD] page 1: 24 items
[DEBUG] [GD] HTTP 200 | CT=application/json; charset=utf-8 | page=2
[DEBUG] [GD] page 2: 24 items
[DEBUG] [GD] HTTP 200 | CT=application/json; charset=utf-8 | page=3
[DEBUG] [GD] page 3: 24 items
[DEBUG] [GD] HTTP 200 | CT=application/json; charset=utf-8 | page=4
[DEBUG] [GD] page 4: 24 items
[DEBUG] [GD] HTTP 200 | CT=application/json; charset=utf-8 | page=5
[DEBUG] [GD] page 5: 24 items
[DEBUG] [GD] total raw items before normalize: 120; unique kept: 111
[DEBUG] [GD] normalized rows: 111
[DEBUG] [GD] blocked by specialty/diesel filter: 100; passing: 11
[DEBUG] [Proxibid] parsed 30 rows across 1 page(s)
[DEBUG] [Renebates] found 54 events on index
[DEBUG] [Renebates] event: City Of Plano, Texas secs=144008
[DEBUG] [Renebates] City Of Plano, Texas -> 3 lots via https://renebates.com/a_list_2.php?id=265&cat=all
[DEBUG] [Renebates] event: Tatum Independent School District - Tatum, Texas secs=147606
[DEBUG] [Renebates] Tatum Independent School District - Tatum, Texas -> 6 lots via https://renebates.com/a_list_2.php?id=117&cat=all
[DEBUG] [DEBUG] collected 20 listings from all sites (after filter)
[DEBUG] [GD] HTTP 200 | CT=application/json; charset=utf-8 | page=1
[DEBUG] [GD] page 1: 24 items
[DEBUG] [GD] HTTP 200 | CT=application/json; charset=utf-8 | page=2
[DEBUG] [GD] page 2: 24 items
[DEBUG] [GD] HTTP 200 | CT=application/json; charset=utf-8 | page=3
[DEBUG] [GD] page 3: 24 items
[DEBUG] [GD] HTTP 200 | CT=application/json; charset=utf-8 | page=4
[DEBUG] [GD] page 4: 24 items
[DEBUG] [GD] HTTP 200 | CT=application/json; charset=utf-8 | page=5
[DEBUG] [GD] page 5: 24 items
[DEBUG] [GD] total raw items before normalize: 120; unique kept: 111
[DEBUG] [GD] normalized rows: 111
[DEBUG] [GD] blocked by specialty/diesel filter: 100; passing: 11
[DEBUG] [Proxibid] parsed 30 rows across 1 page(s)
[DEBUG] [Renebates] found 54 events on index
[DEBUG] [Renebates] event: City Of Plano, Texas secs=143361
[DEBUG] [Renebates] City Of Plano, Texas -> 3 lots via https://renebates.com/a_list_2.php?id=265&cat=all
[DEBUG] [Renebates] event: Tatum Independent School District - Tatum, Texas secs=146958
[DEBUG] [Renebates] Tatum Independent School District - Tatum, Texas -> 6 lots via https://renebates.com/a_list_2.php?id=117&cat=all
[DEBUG] [DEBUG] collected 20 listings from all sites (after filter)
[DEBUG] [GD] HTTP 200 | CT=application/json; charset=utf-8 | page=1
[DEBUG] [GD] page 1: 24 items
[DEBUG] [GD] HTTP 200 | CT=application/json; charset=utf-8 | page=2
[DEBUG] [GD] page 2: 24 items
[DEBUG] [GD] HTTP 200 | CT=application/json; charset=utf-8 | page=3
[DEBUG] [GD] page 3: 24 items
[DEBUG] [GD] HTTP 200 | CT=application/json; charset=utf-8 | page=4
[DEBUG] [GD] page 4: 24 items
[DEBUG] [GD] HTTP 200 | CT=application/json; charset=utf-8 | page=5
[DEBUG] [GD] page 5: 24 items
[DEBUG] [GD] total raw items before normalize: 120; unique kept: 111
[DEBUG] [GD] normalized rows: 111
[DEBUG] [GD] blocked by specialty/diesel filter: 100; passing: 11
[DEBUG] [Proxibid] parsed 30 rows across 1 page(s)
[DEBUG] [Renebates] found 54 events on index
[DEBUG] [Renebates] event: City Of Plano, Texas secs=142718
[DEBUG] [Renebates] City Of Plano, Texas -> 3 lots via https://renebates.com/a_list_2.php?id=265&cat=all
[DEBUG] [Renebates] event: Tatum Independent School District - Tatum, Texas secs=146313
[DEBUG] [Renebates] Tatum Independent School District - Tatum, Texas -> 6 lots via https://renebates.com/a_list_2.php?id=117&cat=all
[DEBUG] [DEBUG] collected 20 listings from all sites (after filter)
[DEBUG] [GD] HTTP 200 | CT=application/json; charset=utf-8 | page=1
[DEBUG] [GD] page 1: 24 items
[DEBUG] [GD] HTTP 200 | CT=application/json; charset=utf-8 | page=2
[DEBUG] [GD] page 2: 24 items
[DEBUG] [GD] HTTP 200 | CT=application/json; charset=utf-8 | page=3
[DEBUG] [GD] page 3: 24 items
[DEBUG] [GD] HTTP 200 | CT=application/json; charset=utf-8 | page=4
[DEBUG] [GD] page 4: 24 items
[DEBUG] [GD] HTTP 200 | CT=application/json; charset=utf-8 | page=5
[DEBUG] [GD] page 5: 24 items
[DEBUG] [GD] total raw items before normalize: 120; unique kept: 111
[DEBUG] [GD] normalized rows: 111
[DEBUG] [GD] blocked by specialty/diesel filter: 101; passing: 10
[DEBUG] [Proxibid] parsed 30 rows across 1 page(s)
[DEBUG] [Renebates] found 54 events on index
[DEBUG] [Renebates] event: City Of Plano, Texas secs=142058
[DEBUG] [Renebates] City Of Plano, Texas -> 3 lots via https://renebates.com/a_list_2.php?id=265&cat=all
[DEBUG] [Renebates] event: Tatum Independent School District - Tatum, Texas secs=145655
[DEBUG] [Renebates] Tatum Independent School District - Tatum, Texas -> 6 lots via https://renebates.com/a_list_2.php?id=117&cat=all
[DEBUG] [DEBUG] collected 19 listings from all sites (after filter)
[DEBUG] [GD] HTTP 200 | CT=application/json; charset=utf-8 | page=1
[DEBUG] [GD] page 1: 24 items
[DEBUG] [GD] HTTP 200 | CT=application/json; charset=utf-8 | page=2
[DEBUG] [GD] page 2: 24 items
[DEBUG] [GD] HTTP 200 | CT=application/json; charset=utf-8 | page=3
[DEBUG] [GD] page 3: 24 items
[DEBUG] [GD] HTTP 200 | CT=application/json; charset=utf-8 | page=4
[DEBUG] [GD] page 4: 24 items
[DEBUG] [GD] HTTP 200 | CT=application/json; charset=utf-8 | page=5
[DEBUG] [GD] page 5: 24 items
[DEBUG] [GD] total raw items before normalize: 120; unique kept: 111
[DEBUG] [GD] normalized rows: 111
[DEBUG] [GD] blocked by specialty/diesel filter: 101; passing: 10
[DEBUG] [Proxibid] parsed 30 rows across 1 page(s)
[DEBUG] [Renebates] found 54 events on index
[DEBUG] [Renebates] event: City Of Plano, Texas secs=141405
[DEBUG] [Renebates] City Of Plano, Texas -> 3 lots via https://renebates.com/a_list_2.php?id=265&cat=all
[DEBUG] [Renebates] event: Tatum Independent School District - Tatum, Texas secs=145002
[DEBUG] [Renebates] Tatum Independent School District - Tatum, Texas -> 6 lots via https://renebates.com/a_list_2.php?id=117&cat=all
[DEBUG] [DEBUG] collected 19 listings from all sites (after filter)
[DEBUG] [GD] HTTP 200 | CT=application/json; charset=utf-8 | page=1
[DEBUG] [GD] page 1: 24 items
[DEBUG] [GD] HTTP 200 | CT=application/json; charset=utf-8 | page=2
[DEBUG] [GD] page 2: 24 items
[DEBUG] [GD] HTTP 200 | CT=application/json; charset=utf-8 | page=3
[DEBUG] [GD] page 3: 24 items
[DEBUG] [GD] HTTP 200 | CT=application/json; charset=utf-8 | page=4
[DEBUG] [GD] page 4: 24 items
[DEBUG] [GD] HTTP 200 | CT=application/json; charset=utf-8 | page=5
[DEBUG] [GD] page 5: 24 items
[DEBUG] [GD] total raw items before normalize: 120; unique kept: 111
[DEBUG] [GD] normalized rows: 111
[DEBUG] [GD] blocked by specialty/diesel filter: 101; passing: 10
[DEBUG] [Proxibid] parsed 30 rows across 1 page(s)
[DEBUG] [Renebates] found 54 events on index
[DEBUG] [Renebates] event: City Of Plano, Texas secs=140754
[DEBUG] [Renebates] City Of Plano, Texas -> 3 lots via https://renebates.com/a_list_2.php?id=265&cat=all
[DEBUG] [Renebates] event: Tatum Independent School District - Tatum, Texas secs=144351
[DEBUG] [Renebates] Tatum Independent School District - Tatum, Texas -> 6 lots via https://renebates.com/a_list_2.php?id=117&cat=all
[DEBUG] [DEBUG] collected 19 listings from all sites (after filter)
[DEBUG] [GD] HTTP 200 | CT=application/json; charset=utf-8 | page=1
[DEBUG] [GD] page 1: 24 items
[DEBUG] [GD] HTTP 200 | CT=application/json; charset=utf-8 | page=2
[DEBUG] [GD] page 2: 24 items
[DEBUG] [GD] HTTP 200 | CT=application/json; charset=utf-8 | page=3
[DEBUG] [GD] page 3: 24 items
[DEBUG] [GD] HTTP 200 | CT=application/json; charset=utf-8 | page=4
[DEBUG] [GD] page 4: 24 items
[DEBUG] [GD] HTTP 200 | CT=application/json; charset=utf-8 | page=5
[DEBUG] [GD] page 5: 24 items
[DEBUG] [GD] total raw items before normalize: 120; unique kept: 111
[DEBUG] [GD] normalized rows: 111
[DEBUG] [GD] blocked by specialty/diesel filter: 101; passing: 10
[DEBUG] [Proxibid] parsed 30 rows across 1 page(s)
[DEBUG] [Renebates] found 54 events on index
[DEBUG] [Renebates] event: City Of Plano, Texas secs=140110
[DEBUG] [Renebates] City Of Plano, Texas -> 3 lots via https://renebates.com/a_list_2.php?id=265&cat=all
[DEBUG] [Renebates] event: Tatum Independent School District - Tatum, Texas secs=143707
[DEBUG] [Renebates] Tatum Independent School District - Tatum, Texas -> 6 lots via https://renebates.com/a_list_2.php?id=117&cat=all
[DEBUG] [DEBUG] collected 19 listings from all sites (after filter)
[DEBUG] [GD] HTTP 200 | CT=application/json; charset=utf-8 | page=1
[DEBUG] [GD] page 1: 24 items
[DEBUG] [GD] HTTP 200 | CT=application/json; charset=utf-8 | page=2
[DEBUG] [GD] page 2: 24 items
[DEBUG] [GD] HTTP 200 | CT=application/json; charset=utf-8 | page=3
[DEBUG] [GD] page 3: 24 items
[DEBUG] [GD] HTTP 200 | CT=application/json; charset=utf-8 | page=4
[DEBUG] [GD] page 4: 24 items
[DEBUG] [GD] HTTP 200 | CT=application/json; charset=utf-8 | page=5
[DEBUG] [GD] page 5: 24 items
[DEBUG] [GD] total raw items before normalize: 120; unique kept: 111
[DEBUG] [GD] normalized rows: 111
[DEBUG] [GD] blocked by specialty/diesel filter: 101; passing: 10
[DEBUG] [Proxibid] parsed 30 rows across 1 page(s)
[DEBUG] [Renebates] found 54 events on index
[DEBUG] [Renebates] event: City Of Plano, Texas secs=139466
[DEBUG] [Renebates] City Of Plano, Texas -> 3 lots via https://renebates.com/a_list_2.php?id=265&cat=all
[DEBUG] [Renebates] event: Tatum Independent School District - Tatum, Texas secs=143063
[DEBUG] [Renebates] Tatum Independent School District - Tatum, Texas -> 6 lots via https://renebates.com/a_list_2.php?id=117&cat=all
[DEBUG] [DEBUG] collected 19 listings from all sites (after filter)
[DEBUG] [GD] HTTP 200 | CT=application/json; charset=utf-8 | page=1
[DEBUG] [GD] page 1: 24 items
[DEBUG] [GD] HTTP 200 | CT=application/json; charset=utf-8 | page=2
[DEBUG] [GD] page 2: 24 items
[DEBUG] [GD] HTTP 200 | CT=application/json; charset=utf-8 | page=3
[DEBUG] [GD] page 3: 24 items
[DEBUG] [GD] HTTP 200 | CT=application/json; charset=utf-8 | page=4
[DEBUG] [GD] page 4: 24 items
[DEBUG] [GD] HTTP 200 | CT=application/json; charset=utf-8 | page=5
[DEBUG] [GD] page 5: 24 items
[DEBUG] [GD] total raw items before normalize: 120; unique kept: 112
[DEBUG] [GD] normalized rows: 112
[DEBUG] [GD] blocked by specialty/diesel filter: 102; passing: 10
[DEBUG] [Proxibid] parsed 30 rows across 1 page(s)
[DEBUG] [Renebates] found 54 events on index
[DEBUG] [Renebates] event: City Of Plano, Texas secs=138818
[DEBUG] [Renebates] City Of Plano, Texas -> 3 lots via https://renebates.com/a_list_2.php?id=265&cat=all
[DEBUG] [Renebates] event: Tatum Independent School District - Tatum, Texas secs=142415
[DEBUG] [Renebates] Tatum Independent School District - Tatum, Texas -> 6 lots via https://renebates.com/a_list_2.php?id=117&cat=all
[DEBUG] [DEBUG] collected 19 listings from all sites (after filter)
[DEBUG] [GD] HTTP 200 | CT=application/json; charset=utf-8 | page=1
[DEBUG] [GD] page 1: 24 items
[DEBUG] [GD] HTTP 200 | CT=application/json; charset=utf-8 | page=2
[DEBUG] [GD] page 2: 24 items
[DEBUG] [GD] HTTP 200 | CT=application/json; charset=utf-8 | page=3
[DEBUG] [GD] page 3: 24 items
[DEBUG] [GD] HTTP 200 | CT=application/json; charset=utf-8 | page=4
[DEBUG] [GD] page 4: 24 items
[DEBUG] [GD] HTTP 200 | CT=application/json; charset=utf-8 | page=5
[DEBUG] [GD] page 5: 24 items
[DEBUG] [GD] total raw items before normalize: 120; unique kept: 111
[DEBUG] [GD] normalized rows: 111
[DEBUG] [GD] blocked by specialty/diesel filter: 101; passing: 10
[DEBUG] [Proxibid] parsed 30 rows across 1 page(s)
[DEBUG] [Renebates] found 54 events on index
[DEBUG] [Renebates] event: City Of Plano, Texas secs=138168
[DEBUG] [Renebates] City Of Plano, Texas -> 3 lots via https://renebates.com/a_list_2.php?id=265&cat=all
[DEBUG] [Renebates] event: Tatum Independent School District - Tatum, Texas secs=141766
[DEBUG] [Renebates] Tatum Independent School District - Tatum, Texas -> 6 lots via https://renebates.com/a_list_2.php?id=117&cat=all
[DEBUG] [DEBUG] collected 19 listings from all sites (after filter)
[DEBUG] [GD] HTTP 200 | CT=application/json; charset=utf-8 | page=1
[DEBUG] [GD] page 1: 24 items
[DEBUG] [GD] HTTP 200 | CT=application/json; charset=utf-8 | page=2
[DEBUG] [GD] page 2: 24 items
[DEBUG] [GD] HTTP 200 | CT=application/json; charset=utf-8 | page=3
[DEBUG] [GD] page 3: 24 items
[DEBUG] [GD] HTTP 200 | CT=application/json; charset=utf-8 | page=4
[DEBUG] [GD] page 4: 24 items
[DEBUG] [GD] HTTP 200 | CT=application/json; charset=utf-8 | page=5
[DEBUG] [GD] page 5: 24 items
[DEBUG] [GD] total raw items before normalize: 120; unique kept: 111
[DEBUG] [GD] normalized rows: 111
[DEBUG] [GD] blocked by specialty/diesel filter: 101; passing: 10
[DEBUG] [Proxibid] parsed 30 rows across 1 page(s)
[DEBUG] [Renebates] found 54 events on index
[DEBUG] [Renebates] event: City Of Plano, Texas secs=137522
[DEBUG] [Renebates] City Of Plano, Texas -> 3 lots via https://renebates.com/a_list_2.php?id=265&cat=all
[DEBUG] [Renebates] event: Tatum Independent School District - Tatum, Texas secs=141120
[DEBUG] [Renebates] Tatum Independent School District - Tatum, Texas -> 6 lots via https://renebates.com/a_list_2.php?id=117&cat=all
[DEBUG] [DEBUG] collected 19 listings from all sites (after filter)
[DEBUG] [GD] HTTP 200 | CT=application/json; charset=utf-8 | page=1
[DEBUG] [GD] page 1: 24 items
[DEBUG] [GD] HTTP 200 | CT=application/json; charset=utf-8 | page=2
[DEBUG] [GD] page 2: 24 items
[DEBUG] [GD] HTTP 200 | CT=application/json; charset=utf-8 | page=3
[DEBUG] [GD] page 3: 24 items
[DEBUG] [GD] HTTP 200 | CT=application/json; charset=utf-8 | page=4
[DEBUG] [GD] page 4: 24 items
[DEBUG] [GD] HTTP 200 | CT=application/json; charset=utf-8 | page=5
[DEBUG] [GD] page 5: 24 items
[DEBUG] [GD] total raw items before normalize: 120; unique kept: 111
[DEBUG] [GD] normalized rows: 111
[DEBUG] [GD] blocked by specialty/diesel filter: 101; passing: 10
[DEBUG] [Proxibid] parsed 30 rows across 1 page(s)
[DEBUG] [Renebates] found 54 events on index
[DEBUG] [Renebates] event: City Of Plano, Texas secs=136876
[DEBUG] [Renebates] City Of Plano, Texas -> 3 lots via https://renebates.com/a_list_2.php?id=265&cat=all
[DEBUG] [Renebates] event: Tatum Independent School District - Tatum, Texas secs=140471
[DEBUG] [Renebates] Tatum Independent School District - Tatum, Texas -> 6 lots via https://renebates.com/a_list_2.php?id=117&cat=all
[DEBUG] [DEBUG] collected 19 listings from all sites (after filter)
[DEBUG] [GD] HTTP 200 | CT=application/json; charset=utf-8 | page=1
[DEBUG] [GD] page 1: 24 items
[DEBUG] [GD] HTTP 200 | CT=application/json; charset=utf-8 | page=2
[DEBUG] [GD] page 2: 24 items
[DEBUG] [GD] HTTP 200 | CT=application/json; charset=utf-8 | page=3
[DEBUG] [GD] page 3: 24 items
[DEBUG] [GD] HTTP 200 | CT=application/json; charset=utf-8 | page=4
[DEBUG] [GD] page 4: 24 items
[DEBUG] [GD] HTTP 200 | CT=application/json; charset=utf-8 | page=5
[DEBUG] [GD] page 5: 24 items
[DEBUG] [GD] total raw items before normalize: 120; unique kept: 112
[DEBUG] [GD] normalized rows: 112
[DEBUG] [GD] blocked by specialty/diesel filter: 102; passing: 10
[DEBUG] [Proxibid] parsed 30 rows across 1 page(s)
[DEBUG] [Renebates] found 54 events on index
[DEBUG] [Renebates] event: City Of Plano, Texas secs=136219
[DEBUG] [Renebates] City Of Plano, Texas -> 3 lots via https://renebates.com/a_list_2.php?id=265&cat=all
[DEBUG] [Renebates] event: Tatum Independent School District - Tatum, Texas secs=139816
[DEBUG] [Renebates] Tatum Independent School District - Tatum, Texas -> 6 lots via https://renebates.com/a_list_2.php?id=117&cat=all
[DEBUG] [DEBUG] collected 19 listings from all sites (after filter)
[DEBUG] [GD] HTTP 200 | CT=application/json; charset=utf-8 | page=1
[DEBUG] [GD] page 1: 24 items
[DEBUG] [GD] HTTP 200 | CT=application/json; charset=utf-8 | page=2
[DEBUG] [GD] page 2: 24 items
[DEBUG] [GD] HTTP 200 | CT=application/json; charset=utf-8 | page=3
[DEBUG] [GD] page 3: 24 items
[DEBUG] [GD] HTTP 200 | CT=application/json; charset=utf-8 | page=4
[DEBUG] [GD] page 4: 24 items
[DEBUG] [GD] HTTP 200 | CT=application/json; charset=utf-8 | page=5
[DEBUG] [GD] page 5: 24 items
[DEBUG] [GD] total raw items before normalize: 120; unique kept: 112
[DEBUG] [GD] normalized rows: 112
[DEBUG] [GD] blocked by specialty/diesel filter: 102; passing: 10
[DEBUG] [Proxibid] parsed 30 rows across 1 page(s)
[DEBUG] [Renebates] found 54 events on index
[DEBUG] [Renebates] event: City Of Plano, Texas secs=135575
[DEBUG] [Renebates] City Of Plano, Texas -> 3 lots via https://renebates.com/a_list_2.php?id=265&cat=all
[DEBUG] [Renebates] event: Tatum Independent School District - Tatum, Texas secs=139171
[DEBUG] [Renebates] Tatum Independent School District - Tatum, Texas -> 6 lots via https://renebates.com/a_list_2.php?id=117&cat=all
[DEBUG] [DEBUG] collected 19 listings from all sites (after filter)
[DEBUG] [GD] HTTP 200 | CT=application/json; charset=utf-8 | page=1
[DEBUG] [GD] page 1: 24 items
[DEBUG] [GD] HTTP 200 | CT=application/json; charset=utf-8 | page=2
[DEBUG] [GD] page 2: 24 items
[DEBUG] [GD] HTTP 200 | CT=application/json; charset=utf-8 | page=3
[DEBUG] [GD] page 3: 24 items
[DEBUG] [GD] HTTP 200 | CT=application/json; charset=utf-8 | page=4
[DEBUG] [GD] page 4: 24 items
[DEBUG] [GD] HTTP 200 | CT=application/json; charset=utf-8 | page=5
[DEBUG] [GD] page 5: 24 items
[DEBUG] [GD] total raw items before normalize: 120; unique kept: 112
[DEBUG] [GD] normalized rows: 112
[DEBUG] [GD] blocked by specialty/diesel filter: 102; passing: 10
[DEBUG] [Proxibid] parsed 30 rows across 1 page(s)
[DEBUG] [Renebates] found 54 events on index
[DEBUG] [Renebates] event: City Of Plano, Texas secs=134930
[DEBUG] [Renebates] City Of Plano, Texas -> 3 lots via https://renebates.com/a_list_2.php?id=265&cat=all
[DEBUG] [Renebates] event: Tatum Independent School District - Tatum, Texas secs=138528
[DEBUG] [Renebates] Tatum Independent School District - Tatum, Texas -> 6 lots via https://renebates.com/a_list_2.php?id=117&cat=all
[DEBUG] [DEBUG] collected 19 listings from all sites (after filter)
[DEBUG] [GD] HTTP 200 | CT=application/json; charset=utf-8 | page=1
[DEBUG] [GD] page 1: 24 items
[DEBUG] [GD] HTTP 200 | CT=application/json; charset=utf-8 | page=2
[DEBUG] [GD] page 2: 24 items
[DEBUG] [GD] HTTP 200 | CT=application/json; charset=utf-8 | page=3
[DEBUG] [GD] page 3: 24 items
[DEBUG] [GD] HTTP 200 | CT=application/json; charset=utf-8 | page=4
[DEBUG] [GD] page 4: 24 items
[DEBUG] [GD] HTTP 200 | CT=application/json; charset=utf-8 | page=5
[DEBUG] [GD] page 5: 24 items
[DEBUG] [GD] total raw items before normalize: 120; unique kept: 112
[DEBUG] [GD] normalized rows: 112
[DEBUG] [GD] blocked by specialty/diesel filter: 102; passing: 10
[DEBUG] [Proxibid] parsed 30 rows across 1 page(s)
[DEBUG] [Renebates] found 54 events on index
[DEBUG] [Renebates] event: City Of Plano, Texas secs=134278
[DEBUG] [Renebates] City Of Plano, Texas -> 3 lots via https://renebates.com/a_list_2.php?id=265&cat=all
[DEBUG] [Renebates] event: Tatum Independent School District - Tatum, Texas secs=137874
[DEBUG] [Renebates] Tatum Independent School District - Tatum, Texas -> 6 lots via https://renebates.com/a_list_2.php?id=117&cat=all
[DEBUG] [DEBUG] collected 19 listings from all sites (after filter)
[DEBUG] [GD] HTTP 200 | CT=application/json; charset=utf-8 | page=1
[DEBUG] [GD] page 1: 24 items
[DEBUG] [GD] HTTP 200 | CT=application/json; charset=utf-8 | page=2
[DEBUG] [GD] page 2: 24 items
[DEBUG] [GD] HTTP 200 | CT=application/json; charset=utf-8 | page=3
[DEBUG] [GD] page 3: 24 items
[DEBUG] [GD] HTTP 200 | CT=application/json; charset=utf-8 | page=4
[DEBUG] [GD] page 4: 24 items
[DEBUG] [GD] HTTP 200 | CT=application/json; charset=utf-8 | page=5
[DEBUG] [GD] page 5: 24 items
[DEBUG] [GD] total raw items before normalize: 120; unique kept: 112
[DEBUG] [GD] normalized rows: 112
[DEBUG] [GD] blocked by specialty/diesel filter: 102; passing: 10
[DEBUG] [Proxibid] parsed 30 rows across 1 page(s)
[DEBUG] [Renebates] found 54 events on index
[DEBUG] [Renebates] event: City Of Plano, Texas secs=133633
[DEBUG] [Renebates] City Of Plano, Texas -> 3 lots via https://renebates.com/a_list_2.php?id=265&cat=all
[DEBUG] [Renebates] event: Tatum Independent School District - Tatum, Texas secs=137228
[DEBUG] [Renebates] Tatum Independent School District - Tatum, Texas -> 6 lots via https://renebates.com/a_list_2.php?id=117&cat=all
[DEBUG] [DEBUG] collected 19 listings from all sites (after filter)
[DEBUG] [GD] HTTP 200 | CT=application/json; charset=utf-8 | page=1
[DEBUG] [GD] page 1: 24 items
[DEBUG] [GD] HTTP 200 | CT=application/json; charset=utf-8 | page=2
[DEBUG] [GD] page 2: 24 items
[DEBUG] [GD] HTTP 200 | CT=application/json; charset=utf-8 | page=3
[DEBUG] [GD] page 3: 24 items
[DEBUG] [GD] HTTP 200 | CT=application/json; charset=utf-8 | page=4
[DEBUG] [GD] page 4: 24 items
[DEBUG] [GD] HTTP 200 | CT=application/json; charset=utf-8 | page=5
[DEBUG] [GD] page 5: 24 items
[DEBUG] [GD] total raw items before normalize: 120; unique kept: 112
[DEBUG] [GD] normalized rows: 112
[DEBUG] [GD] blocked by specialty/diesel filter: 102; passing: 10
[DEBUG] [Proxibid] parsed 30 rows across 1 page(s)
[DEBUG] [Renebates] found 54 events on index
[DEBUG] [Renebates] event: City Of Plano, Texas secs=132983
[DEBUG] [Renebates] City Of Plano, Texas -> 3 lots via https://renebates.com/a_list_2.php?id=265&cat=all
[DEBUG] [Renebates] event: Tatum Independent School District - Tatum, Texas secs=136581
[DEBUG] [Renebates] Tatum Independent School District - Tatum, Texas -> 6 lots via https://renebates.com/a_list_2.php?id=117&cat=all
[DEBUG] [DEBUG] collected 19 listings from all sites (after filter)
[DEBUG] [GD] HTTP 200 | CT=application/json; charset=utf-8 | page=1
[DEBUG] [GD] page 1: 24 items
[DEBUG] [GD] HTTP 200 | CT=application/json; charset=utf-8 | page=2
[DEBUG] [GD] page 2: 24 items
[DEBUG] [GD] HTTP 200 | CT=application/json; charset=utf-8 | page=3
[DEBUG] [GD] page 3: 24 items
[DEBUG] [GD] HTTP 200 | CT=application/json; charset=utf-8 | page=4
[DEBUG] [GD] page 4: 24 items
[DEBUG] [GD] HTTP 200 | CT=application/json; charset=utf-8 | page=5
[DEBUG] [GD] page 5: 24 items
[DEBUG] [GD] total raw items before normalize: 120; unique kept: 112
[DEBUG] [GD] normalized rows: 112
[DEBUG] [GD] blocked by specialty/diesel filter: 102; passing: 10
[DEBUG] [Proxibid] parsed 30 rows across 1 page(s)
[DEBUG] [Renebates] found 54 events on index
[DEBUG] [Renebates] event: City Of Plano, Texas secs=132342
[DEBUG] [Renebates] City Of Plano, Texas -> 3 lots via https://renebates.com/a_list_2.php?id=265&cat=all
[DEBUG] [Renebates] event: Tatum Independent School District - Tatum, Texas secs=135939
[DEBUG] [Renebates] Tatum Independent School District - Tatum, Texas -> 6 lots via https://renebates.com/a_list_2.php?id=117&cat=all
[DEBUG] [DEBUG] collected 19 listings from all sites (after filter)
[DEBUG] [GD] HTTP 200 | CT=application/json; charset=utf-8 | page=1
[DEBUG] [GD] page 1: 24 items
[DEBUG] [GD] HTTP 200 | CT=application/json; charset=utf-8 | page=2
[DEBUG] [GD] page 2: 24 items
[DEBUG] [GD] HTTP 200 | CT=application/json; charset=utf-8 | page=3
[DEBUG] [GD] page 3: 24 items
[DEBUG] [GD] HTTP 200 | CT=application/json; charset=utf-8 | page=4
[DEBUG] [GD] page 4: 24 items
[DEBUG] [GD] HTTP 200 | CT=application/json; charset=utf-8 | page=5
[DEBUG] [GD] page 5: 24 items
[DEBUG] [GD] total raw items before normalize: 120; unique kept: 112
[DEBUG] [GD] normalized rows: 112
[DEBUG] [GD] blocked by specialty/diesel filter: 102; passing: 10
[DEBUG] [Proxibid] parsed 30 rows across 1 page(s)
[DEBUG] [Renebates] found 54 events on index
[DEBUG] [Renebates] event: City Of Plano, Texas secs=131695
[DEBUG] [Renebates] City Of Plano, Texas -> 3 lots via https://renebates.com/a_list_2.php?id=265&cat=all
[DEBUG] [Renebates] event: Tatum Independent School District - Tatum, Texas secs=135291
[DEBUG] [Renebates] Tatum Independent School District - Tatum, Texas -> 6 lots via https://renebates.com/a_list_2.php?id=117&cat=all
[DEBUG] [DEBUG] collected 19 listings from all sites (after filter)
[DEBUG] [GD] HTTP 200 | CT=application/json; charset=utf-8 | page=1
[DEBUG] [GD] page 1: 24 items
[DEBUG] [GD] HTTP 200 | CT=application/json; charset=utf-8 | page=2
[DEBUG] [GD] page 2: 24 items
[DEBUG] [GD] HTTP 200 | CT=application/json; charset=utf-8 | page=3
[DEBUG] [GD] page 3: 24 items
[DEBUG] [GD] HTTP 200 | CT=application/json; charset=utf-8 | page=4
[DEBUG] [GD] page 4: 24 items
[DEBUG] [GD] HTTP 200 | CT=application/json; charset=utf-8 | page=5
[DEBUG] [GD] page 5: 24 items
[DEBUG] [GD] total raw items before normalize: 120; unique kept: 112
[DEBUG] [GD] normalized rows: 112
[DEBUG] [GD] blocked by specialty/diesel filter: 102; passing: 10
[DEBUG] [Proxibid] parsed 30 rows across 1 page(s)
[DEBUG] [Renebates] found 54 events on index
[DEBUG] [Renebates] event: City Of Plano, Texas secs=131045
[DEBUG] [Renebates] City Of Plano, Texas -> 3 lots via https://renebates.com/a_list_2.php?id=265&cat=all
[DEBUG] [Renebates] event: Tatum Independent School District - Tatum, Texas secs=134641
[DEBUG] [Renebates] Tatum Independent School District - Tatum, Texas -> 6 lots via https://renebates.com/a_list_2.php?id=117&cat=all
[DEBUG] [DEBUG] collected 19 listings from all sites (after filter)
[DEBUG] [GD] HTTP 200 | CT=application/json; charset=utf-8 | page=1
[DEBUG] [GD] page 1: 24 items
[DEBUG] [GD] HTTP 200 | CT=application/json; charset=utf-8 | page=2
[DEBUG] [GD] page 2: 24 items
[DEBUG] [GD] HTTP 200 | CT=application/json; charset=utf-8 | page=3
[DEBUG] [GD] page 3: 24 items
[DEBUG] [GD] HTTP 200 | CT=application/json; charset=utf-8 | page=4
[DEBUG] [GD] page 4: 24 items
[DEBUG] [GD] HTTP 200 | CT=application/json; charset=utf-8 | page=5
[DEBUG] [GD] page 5: 24 items
[DEBUG] [GD] total raw items before normalize: 120; unique kept: 112
[DEBUG] [GD] normalized rows: 112
[DEBUG] [GD] blocked by specialty/diesel filter: 102; passing: 10
[DEBUG] [Proxibid] parsed 30 rows across 1 page(s)
[DEBUG] [Renebates] found 54 events on index
[DEBUG] [Renebates] event: City Of Plano, Texas secs=130397
[DEBUG] [Renebates] City Of Plano, Texas -> 3 lots via https://renebates.com/a_list_2.php?id=265&cat=all
[DEBUG] [Renebates] event: Tatum Independent School District - Tatum, Texas secs=133994
[DEBUG] [Renebates] Tatum Independent School District - Tatum, Texas -> 6 lots via https://renebates.com/a_list_2.php?id=117&cat=all
[DEBUG] [DEBUG] collected 19 listings from all sites (after filter)
[DEBUG] [GD] HTTP 200 | CT=application/json; charset=utf-8 | page=1
[DEBUG] [GD] page 1: 24 items
[DEBUG] [GD] HTTP 200 | CT=application/json; charset=utf-8 | page=2
[DEBUG] [GD] page 2: 24 items
[DEBUG] [GD] HTTP 200 | CT=application/json; charset=utf-8 | page=3
[DEBUG] [GD] page 3: 24 items
[DEBUG] [GD] HTTP 200 | CT=application/json; charset=utf-8 | page=4
[DEBUG] [GD] page 4: 24 items
[DEBUG] [GD] HTTP 200 | CT=application/json; charset=utf-8 | page=5
[DEBUG] [GD] page 5: 24 items
[DEBUG] [GD] total raw items before normalize: 120; unique kept: 112
[DEBUG] [GD] normalized rows: 112
[DEBUG] [GD] blocked by specialty/diesel filter: 102; passing: 10
[DEBUG] [Proxibid] parsed 30 rows across 1 page(s)
[DEBUG] [Renebates] found 54 events on index
[DEBUG] [Renebates] event: City Of Plano, Texas secs=129752
[DEBUG] [Renebates] City Of Plano, Texas -> 3 lots via https://renebates.com/a_list_2.php?id=265&cat=all
[DEBUG] [Renebates] event: Tatum Independent School District - Tatum, Texas secs=133349
[DEBUG] [Renebates] Tatum Independent School District - Tatum, Texas -> 6 lots via https://renebates.com/a_list_2.php?id=117&cat=all
[DEBUG] [DEBUG] collected 19 listings from all sites (after filter)
[DEBUG] [GD] HTTP 200 | CT=application/json; charset=utf-8 | page=1
[DEBUG] [GD] page 1: 24 items
[DEBUG] [GD] HTTP 200 | CT=application/json; charset=utf-8 | page=2
[DEBUG] [GD] page 2: 24 items
[DEBUG] [GD] HTTP 200 | CT=application/json; charset=utf-8 | page=3
[DEBUG] [GD] page 3: 24 items
[DEBUG] [GD] HTTP 200 | CT=application/json; charset=utf-8 | page=4
[DEBUG] [GD] page 4: 24 items
[DEBUG] [GD] HTTP 200 | CT=application/json; charset=utf-8 | page=5
[DEBUG] [GD] page 5: 24 items
[DEBUG] [GD] total raw items before normalize: 120; unique kept: 112
[DEBUG] [GD] normalized rows: 112
[DEBUG] [GD] blocked by specialty/diesel filter: 102; passing: 10
[DEBUG] [Proxibid] parsed 30 rows across 1 page(s)
[DEBUG] [Renebates] found 54 events on index
[DEBUG] [Renebates] event: City Of Plano, Texas secs=129107
[DEBUG] [Renebates] City Of Plano, Texas -> 3 lots via https://renebates.com/a_list_2.php?id=265&cat=all
[DEBUG] [Renebates] event: Tatum Independent School District - Tatum, Texas secs=132704
[DEBUG] [Renebates] Tatum Independent School District - Tatum, Texas -> 6 lots via https://renebates.com/a_list_2.php?id=117&cat=all
[DEBUG] [DEBUG] collected 19 listings from all sites (after filter)
[DEBUG] [GD] HTTP 200 | CT=application/json; charset=utf-8 | page=1
[DEBUG] [GD] page 1: 24 items
[DEBUG] [GD] HTTP 200 | CT=application/json; charset=utf-8 | page=2
[DEBUG] [GD] page 2: 24 items
[DEBUG] [GD] HTTP 200 | CT=application/json; charset=utf-8 | page=3
[DEBUG] [GD] page 3: 24 items
[DEBUG] [GD] HTTP 200 | CT=application/json; charset=utf-8 | page=4
[DEBUG] [GD] page 4: 24 items
[DEBUG] [GD] HTTP 200 | CT=application/json; charset=utf-8 | page=5
[DEBUG] [GD] page 5: 24 items
[DEBUG] [GD] total raw items before normalize: 120; unique kept: 112
[DEBUG] [GD] normalized rows: 112
[DEBUG] [GD] blocked by specialty/diesel filter: 102; passing: 10
[DEBUG] [Proxibid] parsed 30 rows across 1 page(s)
[DEBUG] [Renebates] found 54 events on index
[DEBUG] [Renebates] event: City Of Plano, Texas secs=128452
[DEBUG] [Renebates] City Of Plano, Texas -> 3 lots via https://renebates.com/a_list_2.php?id=265&cat=all
[DEBUG] [Renebates] event: Tatum Independent School District - Tatum, Texas secs=132048
[DEBUG] [Renebates] Tatum Independent School District - Tatum, Texas -> 6 lots via https://renebates.com/a_list_2.php?id=117&cat=all
[DEBUG] [DEBUG] collected 19 listings from all sites (after filter)
[DEBUG] [GD] HTTP 200 | CT=application/json; charset=utf-8 | page=1
[DEBUG] [GD] page 1: 24 items
[DEBUG] [GD] HTTP 200 | CT=application/json; charset=utf-8 | page=2
[DEBUG] [GD] page 2: 24 items
[DEBUG] [GD] HTTP 200 | CT=application/json; charset=utf-8 | page=3
[DEBUG] [GD] page 3: 24 items
[DEBUG] [GD] HTTP 200 | CT=application/json; charset=utf-8 | page=4
[DEBUG] [GD] page 4: 24 items
[DEBUG] [GD] HTTP 200 | CT=application/json; charset=utf-8 | page=5
[DEBUG] [GD] page 5: 24 items
[DEBUG] [GD] total raw items before normalize: 120; unique kept: 112
[DEBUG] [GD] normalized rows: 112
[DEBUG] [GD] blocked by specialty/diesel filter: 102; passing: 10
[DEBUG] [Proxibid] parsed 30 rows across 1 page(s)
[DEBUG] [Renebates] found 54 events on index
[DEBUG] [Renebates] event: City Of Plano, Texas secs=127806
[DEBUG] [Renebates] City Of Plano, Texas -> 3 lots via https://renebates.com/a_list_2.php?id=265&cat=all
[DEBUG] [Renebates] event: Tatum Independent School District - Tatum, Texas secs=131403
[DEBUG] [Renebates] Tatum Independent School District - Tatum, Texas -> 6 lots via https://renebates.com/a_list_2.php?id=117&cat=all
[DEBUG] [DEBUG] collected 19 listings from all sites (after filter)
[DEBUG] [GD] HTTP 200 | CT=application/json; charset=utf-8 | page=1
[DEBUG] [GD] page 1: 24 items
[DEBUG] [GD] HTTP 200 | CT=application/json; charset=utf-8 | page=2
[DEBUG] [GD] page 2: 24 items
[DEBUG] [GD] HTTP 200 | CT=application/json; charset=utf-8 | page=3
[DEBUG] [GD] page 3: 24 items
[DEBUG] [GD] HTTP 200 | CT=application/json; charset=utf-8 | page=4
[DEBUG] [GD] page 4: 24 items
[DEBUG] [GD] HTTP 200 | CT=application/json; charset=utf-8 | page=5
[DEBUG] [GD] page 5: 24 items
[DEBUG] [GD] total raw items before normalize: 120; unique kept: 112
[DEBUG] [GD] normalized rows: 112
[DEBUG] [GD] blocked by specialty/diesel filter: 102; passing: 10
[DEBUG] [Proxibid] parsed 30 rows across 1 page(s)
[DEBUG] [Renebates] found 54 events on index
[DEBUG] [Renebates] event: City Of Plano, Texas secs=127158
[DEBUG] [Renebates] City Of Plano, Texas -> 3 lots via https://renebates.com/a_list_2.php?id=265&cat=all
[DEBUG] [Renebates] event: Tatum Independent School District - Tatum, Texas secs=130753
[DEBUG] [Renebates] Tatum Independent School District - Tatum, Texas -> 6 lots via https://renebates.com/a_list_2.php?id=117&cat=all
[DEBUG] [DEBUG] collected 19 listings from all sites (after filter)
[DEBUG] [GD] HTTP 200 | CT=application/json; charset=utf-8 | page=1
[DEBUG] [GD] page 1: 24 items
[DEBUG] [GD] HTTP 200 | CT=application/json; charset=utf-8 | page=2
[DEBUG] [GD] page 2: 24 items
[DEBUG] [GD] HTTP 200 | CT=application/json; charset=utf-8 | page=3
[DEBUG] [GD] page 3: 24 items
[DEBUG] [GD] HTTP 200 | CT=application/json; charset=utf-8 | page=4
[DEBUG] [GD] page 4: 24 items
[DEBUG] [GD] HTTP 200 | CT=application/json; charset=utf-8 | page=5
[DEBUG] [GD] page 5: 24 items
[DEBUG] [GD] total raw items before normalize: 120; unique kept: 112
[DEBUG] [GD] normalized rows: 112
[DEBUG] [GD] blocked by specialty/diesel filter: 102; passing: 10
[DEBUG] [Proxibid] parsed 30 rows across 1 page(s)
[DEBUG] [Renebates] found 54 events on index
[DEBUG] [Renebates] event: City Of Plano, Texas secs=126511
[DEBUG] [Renebates] City Of Plano, Texas -> 3 lots via https://renebates.com/a_list_2.php?id=265&cat=all
[DEBUG] [Renebates] event: Tatum Independent School District - Tatum, Texas secs=130108
[DEBUG] [Renebates] Tatum Independent School District - Tatum, Texas -> 6 lots via https://renebates.com/a_list_2.php?id=117&cat=all
[DEBUG] [DEBUG] collected 19 listings from all sites (after filter)
[DEBUG] [GD] HTTP 200 | CT=application/json; charset=utf-8 | page=1
[DEBUG] [GD] page 1: 24 items
[DEBUG] [GD] HTTP 200 | CT=application/json; charset=utf-8 | page=2
[DEBUG] [GD] page 2: 24 items
[DEBUG] [GD] HTTP 200 | CT=application/json; charset=utf-8 | page=3
[DEBUG] [GD] page 3: 24 items
[DEBUG] [GD] HTTP 200 | CT=application/json; charset=utf-8 | page=4
[DEBUG] [GD] page 4: 24 items
[DEBUG] [GD] HTTP 200 | CT=application/json; charset=utf-8 | page=5
[DEBUG] [GD] page 5: 24 items
[DEBUG] [GD] total raw items before normalize: 120; unique kept: 112
[DEBUG] [GD] normalized rows: 112
[DEBUG] [GD] blocked by specialty/diesel filter: 102; passing: 10
[DEBUG] [Proxibid] parsed 30 rows across 1 page(s)
[DEBUG] [Renebates] found 54 events on index
[DEBUG] [Renebates] event: City Of Plano, Texas secs=125860
[DEBUG] [Renebates] City Of Plano, Texas -> 3 lots via https://renebates.com/a_list_2.php?id=265&cat=all
[DEBUG] [Renebates] event: Tatum Independent School District - Tatum, Texas secs=129457
[DEBUG] [Renebates] Tatum Independent School District - Tatum, Texas -> 6 lots via https://renebates.com/a_list_2.php?id=117&cat=all
[DEBUG] [DEBUG] collected 19 listings from all sites (after filter)
[DEBUG] [GD] HTTP 200 | CT=application/json; charset=utf-8 | page=1
[DEBUG] [GD] page 1: 24 items
[DEBUG] [GD] HTTP 200 | CT=application/json; charset=utf-8 | page=2
[DEBUG] [GD] page 2: 24 items
[DEBUG] [GD] HTTP 200 | CT=application/json; charset=utf-8 | page=3
[DEBUG] [GD] page 3: 24 items
[DEBUG] [GD] HTTP 200 | CT=application/json; charset=utf-8 | page=4
[DEBUG] [GD] page 4: 24 items
[DEBUG] [GD] HTTP 200 | CT=application/json; charset=utf-8 | page=5
[DEBUG] [GD] page 5: 24 items
[DEBUG] [GD] total raw items before normalize: 120; unique kept: 112
[DEBUG] [GD] normalized rows: 112
[DEBUG] [GD] blocked by specialty/diesel filter: 102; passing: 10
[DEBUG] [Proxibid] parsed 30 rows across 1 page(s)
[DEBUG] [Renebates] found 54 events on index
[DEBUG] [Renebates] event: City Of Plano, Texas secs=125199
[DEBUG] [Renebates] City Of Plano, Texas -> 3 lots via https://renebates.com/a_list_2.php?id=265&cat=all
[DEBUG] [Renebates] event: Tatum Independent School District - Tatum, Texas secs=128796
[DEBUG] [Renebates] Tatum Independent School District - Tatum, Texas -> 6 lots via https://renebates.com/a_list_2.php?id=117&cat=all
[DEBUG] [DEBUG] collected 19 listings from all sites (after filter)
[DEBUG] [GD] HTTP 200 | CT=application/json; charset=utf-8 | page=1
[DEBUG] [GD] page 1: 24 items
[DEBUG] [GD] HTTP 200 | CT=application/json; charset=utf-8 | page=2
[DEBUG] [GD] page 2: 24 items
[DEBUG] [GD] HTTP 200 | CT=application/json; charset=utf-8 | page=3
[DEBUG] [GD] page 3: 24 items
[DEBUG] [GD] HTTP 200 | CT=application/json; charset=utf-8 | page=4
[DEBUG] [GD] page 4: 24 items
[DEBUG] [GD] HTTP 200 | CT=application/json; charset=utf-8 | page=5
[DEBUG] [GD] page 5: 24 items
[DEBUG] [GD] total raw items before normalize: 120; unique kept: 112
[DEBUG] [GD] normalized rows: 112
[DEBUG] [GD] blocked by specialty/diesel filter: 102; passing: 10
[DEBUG] [Proxibid] parsed 30 rows across 1 page(s)
[DEBUG] [Renebates] found 54 events on index
[DEBUG] [Renebates] event: City Of Plano, Texas secs=124546
[DEBUG] [Renebates] City Of Plano, Texas -> 3 lots via https://renebates.com/a_list_2.php?id=265&cat=all
[DEBUG] [Renebates] event: Tatum Independent School District - Tatum, Texas secs=128143
[DEBUG] [Renebates] Tatum Independent School District - Tatum, Texas -> 6 lots via https://renebates.com/a_list_2.php?id=117&cat=all
[DEBUG] [DEBUG] collected 19 listings from all sites (after filter)
[DEBUG] [GD] HTTP 200 | CT=application/json; charset=utf-8 | page=1
[DEBUG] [GD] page 1: 24 items
[DEBUG] [GD] HTTP 200 | CT=application/json; charset=utf-8 | page=2
[DEBUG] [GD] page 2: 24 items
[DEBUG] [GD] HTTP 200 | CT=application/json; charset=utf-8 | page=3
[DEBUG] [GD] page 3: 24 items
[DEBUG] [GD] HTTP 200 | CT=application/json; charset=utf-8 | page=4
[DEBUG] [GD] page 4: 24 items
[DEBUG] [GD] HTTP 200 | CT=application/json; charset=utf-8 | page=5
[DEBUG] [GD] page 5: 24 items
[DEBUG] [GD] total raw items before normalize: 120; unique kept: 112
[DEBUG] [GD] normalized rows: 112
[DEBUG] [GD] blocked by specialty/diesel filter: 102; passing: 10
[DEBUG] [Proxibid] parsed 30 rows across 1 page(s)
[DEBUG] [Renebates] found 54 events on index
[DEBUG] [Renebates] event: City Of Plano, Texas secs=123891
[DEBUG] [Renebates] City Of Plano, Texas -> 3 lots via https://renebates.com/a_list_2.php?id=265&cat=all
[DEBUG] [Renebates] event: Tatum Independent School District - Tatum, Texas secs=127488
[DEBUG] [Renebates] Tatum Independent School District - Tatum, Texas -> 6 lots via https://renebates.com/a_list_2.php?id=117&cat=all
[DEBUG] [DEBUG] collected 18 listings from all sites (after filter)
[DEBUG] [GD] HTTP 200 | CT=application/json; charset=utf-8 | page=1
[DEBUG] [GD] page 1: 24 items
[DEBUG] [GD] HTTP 200 | CT=application/json; charset=utf-8 | page=2
[DEBUG] [GD] page 2: 24 items
[DEBUG] [GD] HTTP 200 | CT=application/json; charset=utf-8 | page=3
[DEBUG] [GD] page 3: 24 items
[DEBUG] [GD] HTTP 200 | CT=application/json; charset=utf-8 | page=4
[DEBUG] [GD] page 4: 24 items
[DEBUG] [GD] HTTP 200 | CT=application/json; charset=utf-8 | page=5
[DEBUG] [GD] page 5: 24 items
[DEBUG] [GD] total raw items before normalize: 120; unique kept: 112
[DEBUG] [GD] normalized rows: 112
[DEBUG] [GD] blocked by specialty/diesel filter: 102; passing: 10
[DEBUG] [Proxibid] parsed 30 rows across 1 page(s)
[DEBUG] [Renebates] found 54 events on index
[DEBUG] [Renebates] event: City Of Plano, Texas secs=123234
[DEBUG] [Renebates] City Of Plano, Texas -> 3 lots via https://renebates.com/a_list_2.php?id=265&cat=all
[DEBUG] [Renebates] event: Tatum Independent School District - Tatum, Texas secs=126831
[DEBUG] [Renebates] Tatum Independent School District - Tatum, Texas -> 6 lots via https://renebates.com/a_list_2.php?id=117&cat=all
[DEBUG] [DEBUG] collected 18 listings from all sites (after filter)
[DEBUG] [GD] HTTP 200 | CT=application/json; charset=utf-8 | page=1
[DEBUG] [GD] page 1: 24 items
[DEBUG] [GD] HTTP 200 | CT=application/json; charset=utf-8 | page=2
[DEBUG] [GD] page 2: 24 items
[DEBUG] [GD] HTTP 200 | CT=application/json; charset=utf-8 | page=3
[DEBUG] [GD] page 3: 24 items
[DEBUG] [GD] HTTP 200 | CT=application/json; charset=utf-8 | page=4
[DEBUG] [GD] page 4: 24 items
[DEBUG] [GD] HTTP 200 | CT=application/json; charset=utf-8 | page=5
[DEBUG] [GD] page 5: 24 items
[DEBUG] [GD] total raw items before normalize: 120; unique kept: 112
[DEBUG] [GD] normalized rows: 112
[DEBUG] [GD] blocked by specialty/diesel filter: 102; passing: 10
[DEBUG] [Proxibid] parsed 30 rows across 1 page(s)
[DEBUG] [Renebates] found 54 events on index
[DEBUG] [Renebates] event: City Of Plano, Texas secs=122579
[DEBUG] [Renebates] City Of Plano, Texas -> 3 lots via https://renebates.com/a_list_2.php?id=265&cat=all
[DEBUG] [Renebates] event: Tatum Independent School District - Tatum, Texas secs=126175
[DEBUG] [Renebates] Tatum Independent School District - Tatum, Texas -> 6 lots via https://renebates.com/a_list_2.php?id=117&cat=all
[DEBUG] [DEBUG] collected 18 listings from all sites (after filter)
[DEBUG] [GD] HTTP 200 | CT=application/json; charset=utf-8 | page=1
[DEBUG] [GD] page 1: 24 items
[DEBUG] [GD] HTTP 200 | CT=application/json; charset=utf-8 | page=2
[DEBUG] [GD] page 2: 24 items
[DEBUG] [GD] HTTP 200 | CT=application/json; charset=utf-8 | page=3
[DEBUG] [GD] page 3: 24 items
[DEBUG] [GD] HTTP 200 | CT=application/json; charset=utf-8 | page=4
[DEBUG] [GD] page 4: 24 items
[DEBUG] [GD] HTTP 200 | CT=application/json; charset=utf-8 | page=5
[DEBUG] [GD] page 5: 24 items
[DEBUG] [GD] total raw items before normalize: 120; unique kept: 112
[DEBUG] [GD] normalized rows: 112
[DEBUG] [GD] blocked by specialty/diesel filter: 102; passing: 10
[DEBUG] [Proxibid] parsed 30 rows across 1 page(s)
[DEBUG] [Renebates] found 54 events on index
[DEBUG] [Renebates] event: City Of Plano, Texas secs=121937
[DEBUG] [Renebates] City Of Plano, Texas -> 3 lots via https://renebates.com/a_list_2.php?id=265&cat=all
[DEBUG] [Renebates] event: Tatum Independent School District - Tatum, Texas secs=125534
[DEBUG] [Renebates] Tatum Independent School District - Tatum, Texas -> 6 lots via https://renebates.com/a_list_2.php?id=117&cat=all
[DEBUG] [DEBUG] collected 18 listings from all sites (after filter)
[DEBUG] [GD] HTTP 200 | CT=application/json; charset=utf-8 | page=1
[DEBUG] [GD] page 1: 24 items
[DEBUG] [GD] HTTP 200 | CT=application/json; charset=utf-8 | page=2
[DEBUG] [GD] page 2: 24 items
[DEBUG] [GD] HTTP 200 | CT=application/json; charset=utf-8 | page=3
[DEBUG] [GD] page 3: 24 items
[DEBUG] [GD] HTTP 200 | CT=application/json; charset=utf-8 | page=4
[DEBUG] [GD] page 4: 24 items
[DEBUG] [GD] HTTP 200 | CT=application/json; charset=utf-8 | page=5
[DEBUG] [GD] page 5: 24 items
[DEBUG] [GD] total raw items before normalize: 120; unique kept: 112
[DEBUG] [GD] normalized rows: 112
[DEBUG] [GD] blocked by specialty/diesel filter: 102; passing: 10
[DEBUG] [Proxibid] parsed 30 rows across 1 page(s)
[DEBUG] [Renebates] found 54 events on index
[DEBUG] [Renebates] event: City Of Plano, Texas secs=121287
[DEBUG] [Renebates] City Of Plano, Texas -> 3 lots via https://renebates.com/a_list_2.php?id=265&cat=all
[DEBUG] [Renebates] event: Tatum Independent School District - Tatum, Texas secs=124883
[DEBUG] [Renebates] Tatum Independent School District - Tatum, Texas -> 6 lots via https://renebates.com/a_list_2.php?id=117&cat=all
[DEBUG] [DEBUG] collected 18 listings from all sites (after filter)
[DEBUG] [GD] HTTP 200 | CT=application/json; charset=utf-8 | page=1
[DEBUG] [GD] page 1: 24 items
[DEBUG] [GD] HTTP 200 | CT=application/json; charset=utf-8 | page=2
[DEBUG] [GD] page 2: 24 items
[DEBUG] [GD] HTTP 200 | CT=application/json; charset=utf-8 | page=3
[DEBUG] [GD] page 3: 24 items
[DEBUG] [GD] HTTP 200 | CT=application/json; charset=utf-8 | page=4
[DEBUG] [GD] page 4: 24 items
[DEBUG] [GD] HTTP 200 | CT=application/json; charset=utf-8 | page=5
[DEBUG] [GD] page 5: 24 items
[DEBUG] [GD] total raw items before normalize: 120; unique kept: 112
[DEBUG] [GD] normalized rows: 112
[DEBUG] [GD] blocked by specialty/diesel filter: 102; passing: 10
[DEBUG] [Proxibid] parsed 30 rows across 1 page(s)
[DEBUG] [Renebates] found 54 events on index
[DEBUG] [Renebates] event: City Of Plano, Texas secs=120644
[DEBUG] [Renebates] City Of Plano, Texas -> 3 lots via https://renebates.com/a_list_2.php?id=265&cat=all
[DEBUG] [Renebates] event: Tatum Independent School District - Tatum, Texas secs=124241
[DEBUG] [Renebates] Tatum Independent School District - Tatum, Texas -> 6 lots via https://renebates.com/a_list_2.php?id=117&cat=all
[DEBUG] [DEBUG] collected 18 listings from all sites (after filter)
[DEBUG] [GD] HTTP 200 | CT=application/json; charset=utf-8 | page=1
[DEBUG] [GD] page 1: 24 items
[DEBUG] [GD] HTTP 200 | CT=application/json; charset=utf-8 | page=2
[DEBUG] [GD] page 2: 24 items
[DEBUG] [GD] HTTP 200 | CT=application/json; charset=utf-8 | page=3
[DEBUG] [GD] page 3: 24 items
[DEBUG] [GD] HTTP 200 | CT=application/json; charset=utf-8 | page=4
[DEBUG] [GD] page 4: 24 items
[DEBUG] [GD] HTTP 200 | CT=application/json; charset=utf-8 | page=5
[DEBUG] [GD] page 5: 24 items
[DEBUG] [GD] total raw items before normalize: 120; unique kept: 112
[DEBUG] [GD] normalized rows: 112
[DEBUG] [GD] blocked by specialty/diesel filter: 102; passing: 10
[DEBUG] [Proxibid] parsed 30 rows across 1 page(s)
[DEBUG] [Renebates] found 54 events on index
[DEBUG] [Renebates] event: City Of Plano, Texas secs=119994
[DEBUG] [Renebates] City Of Plano, Texas -> 3 lots via https://renebates.com/a_list_2.php?id=265&cat=all
[DEBUG] [Renebates] event: Tatum Independent School District - Tatum, Texas secs=123591
[DEBUG] [Renebates] Tatum Independent School District - Tatum, Texas -> 6 lots via https://renebates.com/a_list_2.php?id=117&cat=all
[DEBUG] [DEBUG] collected 18 listings from all sites (after filter)
[DEBUG] [GD] HTTP 200 | CT=application/json; charset=utf-8 | page=1
[DEBUG] [GD] page 1: 24 items
[DEBUG] [GD] HTTP 200 | CT=application/json; charset=utf-8 | page=2
[DEBUG] [GD] page 2: 24 items
[DEBUG] [GD] HTTP 200 | CT=application/json; charset=utf-8 | page=3
[DEBUG] [GD] page 3: 24 items
[DEBUG] [GD] HTTP 200 | CT=application/json; charset=utf-8 | page=4
[DEBUG] [GD] page 4: 24 items
[DEBUG] [GD] HTTP 200 | CT=application/json; charset=utf-8 | page=5
[DEBUG] [GD] page 5: 24 items
[DEBUG] [GD] total raw items before normalize: 120; unique kept: 112
[DEBUG] [GD] normalized rows: 112
[DEBUG] [GD] blocked by specialty/diesel filter: 102; passing: 10
[DEBUG] [Proxibid] parsed 30 rows across 1 page(s)
[DEBUG] [Renebates] found 54 events on index
[DEBUG] [Renebates] event: City Of Plano, Texas secs=119351
[DEBUG] [Renebates] City Of Plano, Texas -> 3 lots via https://renebates.com/a_list_2.php?id=265&cat=all
[DEBUG] [Renebates] event: Tatum Independent School District - Tatum, Texas secs=122948
[DEBUG] [Renebates] Tatum Independent School District - Tatum, Texas -> 6 lots via https://renebates.com/a_list_2.php?id=117&cat=all
[DEBUG] [DEBUG] collected 18 listings from all sites (after filter)
[DEBUG] [GD] HTTP 200 | CT=application/json; charset=utf-8 | page=1
[DEBUG] [GD] page 1: 24 items
[DEBUG] [GD] HTTP 200 | CT=application/json; charset=utf-8 | page=2
[DEBUG] [GD] page 2: 24 items
[DEBUG] [GD] HTTP 200 | CT=application/json; charset=utf-8 | page=3
[DEBUG] [GD] page 3: 24 items
[DEBUG] [GD] HTTP 200 | CT=application/json; charset=utf-8 | page=4
[DEBUG] [GD] page 4: 24 items
[DEBUG] [GD] HTTP 200 | CT=application/json; charset=utf-8 | page=5
[DEBUG] [GD] page 5: 24 items
[DEBUG] [GD] total raw items before normalize: 120; unique kept: 112
[DEBUG] [GD] normalized rows: 112
[DEBUG] [GD] blocked by specialty/diesel filter: 102; passing: 10
[DEBUG] [Proxibid] parsed 30 rows across 1 page(s)
[DEBUG] [Renebates] found 54 events on index
[DEBUG] [Renebates] event: City Of Plano, Texas secs=118699
[DEBUG] [Renebates] City Of Plano, Texas -> 3 lots via https://renebates.com/a_list_2.php?id=265&cat=all
[DEBUG] [Renebates] event: Tatum Independent School District - Tatum, Texas secs=122295
[DEBUG] [Renebates] Tatum Independent School District - Tatum, Texas -> 6 lots via https://renebates.com/a_list_2.php?id=117&cat=all
[DEBUG] [DEBUG] collected 18 listings from all sites (after filter)
❌ SMS failed: HTTP 401 error: Unable to create record: Authenticate
💓 Healthcheck SMS sent.
[DEBUG] [GD] HTTP 200 | CT=application/json; charset=utf-8 | page=1
[DEBUG] [GD] page 1: 24 items
[DEBUG] [GD] HTTP 200 | CT=application/json; charset=utf-8 | page=2
[DEBUG] [GD] page 2: 24 items
[DEBUG] [GD] HTTP 200 | CT=application/json; charset=utf-8 | page=3
[DEBUG] [GD] page 3: 24 items
[DEBUG] [GD] HTTP 200 | CT=application/json; charset=utf-8 | page=4
[DEBUG] [GD] page 4: 24 items
[DEBUG] [GD] HTTP 200 | CT=application/json; charset=utf-8 | page=5
[DEBUG] [GD] page 5: 24 items
[DEBUG] [GD] total raw items before normalize: 120; unique kept: 112
[DEBUG] [GD] normalized rows: 112
[DEBUG] [GD] blocked by specialty/diesel filter: 102; passing: 10
[DEBUG] [Proxibid] parsed 30 rows across 1 page(s)
[DEBUG] [Renebates] found 54 events on index
[DEBUG] [Renebates] event: City Of Plano, Texas secs=118052
[DEBUG] [Renebates] City Of Plano, Texas -> 3 lots via https://renebates.com/a_list_2.php?id=265&cat=all
[DEBUG] [Renebates] event: Tatum Independent School District - Tatum, Texas secs=121649
[DEBUG] [Renebates] Tatum Independent School District - Tatum, Texas -> 6 lots via https://renebates.com/a_list_2.php?id=117&cat=all
[DEBUG] [DEBUG] collected 18 listings from all sites (after filter)
[DEBUG] [GD] HTTP 200 | CT=application/json; charset=utf-8 | page=1
[DEBUG] [GD] page 1: 24 items
[DEBUG] [GD] HTTP 200 | CT=application/json; charset=utf-8 | page=2
[DEBUG] [GD] page 2: 24 items
[DEBUG] [GD] HTTP 200 | CT=application/json; charset=utf-8 | page=3
[DEBUG] [GD] page 3: 24 items
[DEBUG] [GD] HTTP 200 | CT=application/json; charset=utf-8 | page=4
[DEBUG] [GD] page 4: 24 items
[DEBUG] [GD] HTTP 200 | CT=application/json; charset=utf-8 | page=5
[DEBUG] [GD] page 5: 24 items
[DEBUG] [GD] total raw items before normalize: 120; unique kept: 112
[DEBUG] [GD] normalized rows: 112
[DEBUG] [GD] blocked by specialty/diesel filter: 102; passing: 10
[DEBUG] [Proxibid] parsed 30 rows across 1 page(s)
[DEBUG] [Renebates] found 54 events on index
[DEBUG] [Renebates] event: City Of Plano, Texas secs=117407
[DEBUG] [Renebates] City Of Plano, Texas -> 3 lots via https://renebates.com/a_list_2.php?id=265&cat=all
[DEBUG] [Renebates] event: Tatum Independent School District - Tatum, Texas secs=121005
[DEBUG] [Renebates] Tatum Independent School District - Tatum, Texas -> 6 lots via https://renebates.com/a_list_2.php?id=117&cat=all
[DEBUG] [DEBUG] collected 18 listings from all sites (after filter)
[DEBUG] [GD] HTTP 200 | CT=application/json; charset=utf-8 | page=1
[DEBUG] [GD] page 1: 24 items
[DEBUG] [GD] HTTP 200 | CT=application/json; charset=utf-8 | page=2
[DEBUG] [GD] page 2: 24 items
[DEBUG] [GD] HTTP 200 | CT=application/json; charset=utf-8 | page=3
[DEBUG] [GD] page 3: 24 items
[DEBUG] [GD] HTTP 200 | CT=application/json; charset=utf-8 | page=4
[DEBUG] [GD] page 4: 24 items
[DEBUG] [GD] HTTP 200 | CT=application/json; charset=utf-8 | page=5
[DEBUG] [GD] page 5: 24 items
[DEBUG] [GD] total raw items before normalize: 120; unique kept: 112
[DEBUG] [GD] normalized rows: 112
[DEBUG] [GD] blocked by specialty/diesel filter: 102; passing: 10
[DEBUG] [Proxibid] parsed 30 rows across 1 page(s)
[DEBUG] [Renebates] found 54 events on index
[DEBUG] [Renebates] event: City Of Plano, Texas secs=116768
[DEBUG] [Renebates] City Of Plano, Texas -> 3 lots via https://renebates.com/a_list_2.php?id=265&cat=all
[DEBUG] [Renebates] event: Tatum Independent School District - Tatum, Texas secs=120363
[DEBUG] [Renebates] Tatum Independent School District - Tatum, Texas -> 6 lots via https://renebates.com/a_list_2.php?id=117&cat=all
[DEBUG] [DEBUG] collected 18 listings from all sites (after filter)
[DEBUG] [GD] HTTP 200 | CT=application/json; charset=utf-8 | page=1
[DEBUG] [GD] page 1: 24 items
[DEBUG] [GD] HTTP 200 | CT=application/json; charset=utf-8 | page=2
[DEBUG] [GD] page 2: 24 items
[DEBUG] [GD] HTTP 200 | CT=application/json; charset=utf-8 | page=3
[DEBUG] [GD] page 3: 24 items
[DEBUG] [GD] HTTP 200 | CT=application/json; charset=utf-8 | page=4
[DEBUG] [GD] page 4: 24 items
[DEBUG] [GD] HTTP 200 | CT=application/json; charset=utf-8 | page=5
[DEBUG] [GD] page 5: 24 items
[DEBUG] [GD] total raw items before normalize: 120; unique kept: 112
[DEBUG] [GD] normalized rows: 112
[DEBUG] [GD] blocked by specialty/diesel filter: 102; passing: 10
[DEBUG] [Proxibid] parsed 30 rows across 1 page(s)
[DEBUG] [Renebates] found 54 events on index
[DEBUG] [Renebates] event: City Of Plano, Texas secs=116121
[DEBUG] [Renebates] City Of Plano, Texas -> 3 lots via https://renebates.com/a_list_2.php?id=265&cat=all
[DEBUG] [Renebates] event: Tatum Independent School District - Tatum, Texas secs=119717
[DEBUG] [Renebates] Tatum Independent School District - Tatum, Texas -> 6 lots via https://renebates.com/a_list_2.php?id=117&cat=all
[DEBUG] [DEBUG] collected 18 listings from all sites (after filter)
[DEBUG] [GD] HTTP 200 | CT=application/json; charset=utf-8 | page=1
[DEBUG] [GD] page 1: 24 items
[DEBUG] [GD] HTTP 200 | CT=application/json; charset=utf-8 | page=2
[DEBUG] [GD] page 2: 24 items
[DEBUG] [GD] HTTP 200 | CT=application/json; charset=utf-8 | page=3
[DEBUG] [GD] page 3: 24 items
[DEBUG] [GD] HTTP 200 | CT=application/json; charset=utf-8 | page=4
[DEBUG] [GD] page 4: 24 items
[DEBUG] [GD] HTTP 200 | CT=application/json; charset=utf-8 | page=5
[DEBUG] [GD] page 5: 24 items
[DEBUG] [GD] total raw items before normalize: 120; unique kept: 112
[DEBUG] [GD] normalized rows: 112
[DEBUG] [GD] blocked by specialty/diesel filter: 102; passing: 10
[DEBUG] [Proxibid] parsed 30 rows across 1 page(s)
[DEBUG] [Renebates] found 54 events on index
[DEBUG] [Renebates] event: City Of Plano, Texas secs=115466
[DEBUG] [Renebates] City Of Plano, Texas -> 3 lots via https://renebates.com/a_list_2.php?id=265&cat=all
[DEBUG] [Renebates] event: Tatum Independent School District - Tatum, Texas secs=119063
[DEBUG] [Renebates] Tatum Independent School District - Tatum, Texas -> 6 lots via https://renebates.com/a_list_2.php?id=117&cat=all
[DEBUG] [DEBUG] collected 18 listings from all sites (after filter)
[DEBUG] [GD] HTTP 200 | CT=application/json; charset=utf-8 | page=1
[DEBUG] [GD] page 1: 24 items
[DEBUG] [GD] HTTP 200 | CT=application/json; charset=utf-8 | page=2
[DEBUG] [GD] page 2: 24 items
[DEBUG] [GD] HTTP 200 | CT=application/json; charset=utf-8 | page=3
[DEBUG] [GD] page 3: 24 items
[DEBUG] [GD] HTTP 200 | CT=application/json; charset=utf-8 | page=4
[DEBUG] [GD] page 4: 24 items
[DEBUG] [GD] HTTP 200 | CT=application/json; charset=utf-8 | page=5
[DEBUG] [GD] page 5: 24 items
[DEBUG] [GD] total raw items before normalize: 120; unique kept: 112
[DEBUG] [GD] normalized rows: 112
[DEBUG] [GD] blocked by specialty/diesel filter: 102; passing: 10
[DEBUG] [Proxibid] parsed 30 rows across 1 page(s)
[DEBUG] [Renebates] found 54 events on index
[DEBUG] [Renebates] event: City Of Plano, Texas secs=114816
[DEBUG] [Renebates] City Of Plano, Texas -> 3 lots via https://renebates.com/a_list_2.php?id=265&cat=all
[DEBUG] [Renebates] event: Tatum Independent School District - Tatum, Texas secs=118413
[DEBUG] [Renebates] Tatum Independent School District - Tatum, Texas -> 6 lots via https://renebates.com/a_list_2.php?id=117&cat=all
[DEBUG] [DEBUG] collected 18 listings from all sites (after filter)
[DEBUG] [GD] HTTP 200 | CT=application/json; charset=utf-8 | page=1
[DEBUG] [GD] page 1: 24 items
[DEBUG] [GD] HTTP 200 | CT=application/json; charset=utf-8 | page=2
[DEBUG] [GD] page 2: 24 items
[DEBUG] [GD] HTTP 200 | CT=application/json; charset=utf-8 | page=3
[DEBUG] [GD] page 3: 24 items
[DEBUG] [GD] HTTP 200 | CT=application/json; charset=utf-8 | page=4
[DEBUG] [GD] page 4: 24 items
[DEBUG] [GD] HTTP 200 | CT=application/json; charset=utf-8 | page=5
[DEBUG] [GD] page 5: 24 items
[DEBUG] [GD] total raw items before normalize: 120; unique kept: 112
[DEBUG] [GD] normalized rows: 112
[DEBUG] [GD] blocked by specialty/diesel filter: 102; passing: 10
[DEBUG] [Proxibid] parsed 30 rows across 1 page(s)
[DEBUG] [Renebates] found 54 events on index
[DEBUG] [Renebates] event: City Of Plano, Texas secs=114177
[DEBUG] [Renebates] City Of Plano, Texas -> 3 lots via https://renebates.com/a_list_2.php?id=265&cat=all
[DEBUG] [Renebates] event: Tatum Independent School District - Tatum, Texas secs=117775
[DEBUG] [Renebates] Tatum Independent School District - Tatum, Texas -> 6 lots via https://renebates.com/a_list_2.php?id=117&cat=all
[DEBUG] [DEBUG] collected 18 listings from all sites (after filter)
[DEBUG] [GD] HTTP 200 | CT=application/json; charset=utf-8 | page=1
[DEBUG] [GD] page 1: 24 items
[DEBUG] [GD] HTTP 200 | CT=application/json; charset=utf-8 | page=2
[DEBUG] [GD] page 2: 24 items
[DEBUG] [GD] HTTP 200 | CT=application/json; charset=utf-8 | page=3
[DEBUG] [GD] page 3: 24 items
[DEBUG] [GD] HTTP 200 | CT=application/json; charset=utf-8 | page=4
[DEBUG] [GD] page 4: 24 items
[DEBUG] [GD] HTTP 200 | CT=application/json; charset=utf-8 | page=5
[DEBUG] [GD] page 5: 24 items
[DEBUG] [GD] total raw items before normalize: 120; unique kept: 112
[DEBUG] [GD] normalized rows: 112
[DEBUG] [GD] blocked by specialty/diesel filter: 102; passing: 10
[DEBUG] [Proxibid] parsed 30 rows across 1 page(s)
[DEBUG] [Renebates] found 54 events on index
[DEBUG] [Renebates] event: City Of Plano, Texas secs=113531
[DEBUG] [Renebates] City Of Plano, Texas -> 3 lots via https://renebates.com/a_list_2.php?id=265&cat=all
[DEBUG] [Renebates] event: Tatum Independent School District - Tatum, Texas secs=117127
[DEBUG] [Renebates] Tatum Independent School District - Tatum, Texas -> 6 lots via https://renebates.com/a_list_2.php?id=117&cat=all
[DEBUG] [DEBUG] collected 18 listings from all sites (after filter)
[DEBUG] [GD] HTTP 200 | CT=application/json; charset=utf-8 | page=1
[DEBUG] [GD] page 1: 24 items
[DEBUG] [GD] HTTP 200 | CT=application/json; charset=utf-8 | page=2
[DEBUG] [GD] page 2: 24 items
[DEBUG] [GD] HTTP 200 | CT=application/json; charset=utf-8 | page=3
[DEBUG] [GD] page 3: 24 items
[DEBUG] [GD] HTTP 200 | CT=application/json; charset=utf-8 | page=4
[DEBUG] [GD] page 4: 24 items
[DEBUG] [GD] HTTP 200 | CT=application/json; charset=utf-8 | page=5
[DEBUG] [GD] page 5: 24 items
[DEBUG] [GD] total raw items before normalize: 120; unique kept: 112
[DEBUG] [GD] normalized rows: 112
[DEBUG] [GD] blocked by specialty/diesel filter: 102; passing: 10
[DEBUG] [Proxibid] parsed 30 rows across 1 page(s)
[DEBUG] [Renebates] found 54 events on index
[DEBUG] [Renebates] event: City Of Plano, Texas secs=112889
[DEBUG] [Renebates] City Of Plano, Texas -> 3 lots via https://renebates.com/a_list_2.php?id=265&cat=all
[DEBUG] [Renebates] event: Tatum Independent School District - Tatum, Texas secs=116486
[DEBUG] [Renebates] Tatum Independent School District - Tatum, Texas -> 6 lots via https://renebates.com/a_list_2.php?id=117&cat=all
[DEBUG] [DEBUG] collected 18 listings from all sites (after filter)
[DEBUG] [GD] HTTP 200 | CT=application/json; charset=utf-8 | page=1
[DEBUG] [GD] page 1: 24 items
[DEBUG] [GD] HTTP 200 | CT=application/json; charset=utf-8 | page=2
[DEBUG] [GD] page 2: 24 items
[DEBUG] [GD] HTTP 200 | CT=application/json; charset=utf-8 | page=3
[DEBUG] [GD] page 3: 24 items
[DEBUG] [GD] HTTP 200 | CT=application/json; charset=utf-8 | page=4
[DEBUG] [GD] page 4: 24 items
[DEBUG] [GD] HTTP 200 | CT=application/json; charset=utf-8 | page=5
[DEBUG] [GD] page 5: 24 items
[DEBUG] [GD] total raw items before normalize: 120; unique kept: 112
[DEBUG] [GD] normalized rows: 112
[DEBUG] [GD] blocked by specialty/diesel filter: 102; passing: 10
[DEBUG] [Proxibid] parsed 30 rows across 1 page(s)
[DEBUG] [Renebates] found 54 events on index
[DEBUG] [Renebates] event: City Of Plano, Texas secs=112235
[DEBUG] [Renebates] City Of Plano, Texas -> 3 lots via https://renebates.com/a_list_2.php?id=265&cat=all
[DEBUG] [Renebates] event: Tatum Independent School District - Tatum, Texas secs=115831
[DEBUG] [Renebates] Tatum Independent School District - Tatum, Texas -> 6 lots via https://renebates.com/a_list_2.php?id=117&cat=all
[DEBUG] [DEBUG] collected 18 listings from all sites (after filter)
[DEBUG] [GD] HTTP 200 | CT=application/json; charset=utf-8 | page=1
[DEBUG] [GD] page 1: 24 items
[DEBUG] [GD] HTTP 200 | CT=application/json; charset=utf-8 | page=2
[DEBUG] [GD] page 2: 24 items
[DEBUG] [GD] HTTP 200 | CT=application/json; charset=utf-8 | page=3
[DEBUG] [GD] page 3: 24 items
[DEBUG] [GD] HTTP 200 | CT=application/json; charset=utf-8 | page=4
[DEBUG] [GD] page 4: 24 items
[DEBUG] [GD] HTTP 200 | CT=application/json; charset=utf-8 | page=5
[DEBUG] [GD] page 5: 24 items
[DEBUG] [GD] total raw items before normalize: 120; unique kept: 112
[DEBUG] [GD] normalized rows: 112
[DEBUG] [GD] blocked by specialty/diesel filter: 102; passing: 10
[DEBUG] [Proxibid] parsed 30 rows across 1 page(s)
[DEBUG] [Renebates] found 54 events on index
[DEBUG] [Renebates] event: City Of Plano, Texas secs=111583
[DEBUG] [Renebates] City Of Plano, Texas -> 3 lots via https://renebates.com/a_list_2.php?id=265&cat=all
[DEBUG] [Renebates] event: Tatum Independent School District - Tatum, Texas secs=115180
[DEBUG] [Renebates] Tatum Independent School District - Tatum, Texas -> 6 lots via https://renebates.com/a_list_2.php?id=117&cat=all
[DEBUG] [DEBUG] collected 18 listings from all sites (after filter)
[DEBUG] [GD] HTTP 200 | CT=application/json; charset=utf-8 | page=1
[DEBUG] [GD] page 1: 24 items
[DEBUG] [GD] HTTP 200 | CT=application/json; charset=utf-8 | page=2
[DEBUG] [GD] page 2: 24 items
[DEBUG] [GD] HTTP 200 | CT=application/json; charset=utf-8 | page=3
[DEBUG] [GD] page 3: 24 items
[DEBUG] [GD] HTTP 200 | CT=application/json; charset=utf-8 | page=4
[DEBUG] [GD] page 4: 24 items
[DEBUG] [GD] HTTP 200 | CT=application/json; charset=utf-8 | page=5
[DEBUG] [GD] page 5: 24 items
[DEBUG] [GD] total raw items before normalize: 120; unique kept: 112
[DEBUG] [GD] normalized rows: 112
[DEBUG] [GD] blocked by specialty/diesel filter: 102; passing: 10
[DEBUG] [Proxibid] parsed 30 rows across 1 page(s)
[DEBUG] [Renebates] found 54 events on index
[DEBUG] [Renebates] event: City Of Plano, Texas secs=110945
[DEBUG] [Renebates] City Of Plano, Texas -> 3 lots via https://renebates.com/a_list_2.php?id=265&cat=all
[DEBUG] [Renebates] event: Tatum Independent School District - Tatum, Texas secs=114542
[DEBUG] [Renebates] Tatum Independent School District - Tatum, Texas -> 6 lots via https://renebates.com/a_list_2.php?id=117&cat=all
[DEBUG] [DEBUG] collected 18 listings from all sites (after filter)
[DEBUG] [GD] HTTP 200 | CT=application/json; charset=utf-8 | page=1
[DEBUG] [GD] page 1: 24 items
[DEBUG] [GD] HTTP 200 | CT=application/json; charset=utf-8 | page=2
[DEBUG] [GD] page 2: 24 items
[DEBUG] [GD] HTTP 200 | CT=application/json; charset=utf-8 | page=3
[DEBUG] [GD] page 3: 24 items
[DEBUG] [GD] HTTP 200 | CT=application/json; charset=utf-8 | page=4
[DEBUG] [GD] page 4: 24 items
[DEBUG] [GD] HTTP 200 | CT=application/json; charset=utf-8 | page=5
[DEBUG] [GD] page 5: 24 items
[DEBUG] [GD] total raw items before normalize: 120; unique kept: 112
[DEBUG] [GD] normalized rows: 112
[DEBUG] [GD] blocked by specialty/diesel filter: 102; passing: 10
[DEBUG] [Proxibid] parsed 30 rows across 1 page(s)
[DEBUG] [Renebates] found 54 events on index
[DEBUG] [Renebates] event: City Of Plano, Texas secs=110290
[DEBUG] [Renebates] City Of Plano, Texas -> 3 lots via https://renebates.com/a_list_2.php?id=265&cat=all
[DEBUG] [Renebates] event: Tatum Independent School District - Tatum, Texas secs=113887
[DEBUG] [Renebates] Tatum Independent School District - Tatum, Texas -> 6 lots via https://renebates.com/a_list_2.php?id=117&cat=all
[DEBUG] [DEBUG] collected 18 listings from all sites (after filter)
[DEBUG] [GD] HTTP 200 | CT=application/json; charset=utf-8 | page=1
[DEBUG] [GD] page 1: 24 items
[DEBUG] [GD] HTTP 200 | CT=application/json; charset=utf-8 | page=2
[DEBUG] [GD] page 2: 24 items
[DEBUG] [GD] HTTP 200 | CT=application/json; charset=utf-8 | page=3
[DEBUG] [GD] page 3: 24 items
[DEBUG] [GD] HTTP 200 | CT=application/json; charset=utf-8 | page=4
[DEBUG] [GD] page 4: 24 items
[DEBUG] [GD] HTTP 200 | CT=application/json; charset=utf-8 | page=5
[DEBUG] [GD] page 5: 24 items
[DEBUG] [GD] total raw items before normalize: 120; unique kept: 112
[DEBUG] [GD] normalized rows: 112
[DEBUG] [GD] blocked by specialty/diesel filter: 102; passing: 10
[DEBUG] [Proxibid] parsed 30 rows across 1 page(s)
[DEBUG] [Renebates] found 54 events on index
[DEBUG] [Renebates] event: City Of Plano, Texas secs=109644
[DEBUG] [Renebates] City Of Plano, Texas -> 3 lots via https://renebates.com/a_list_2.php?id=265&cat=all
[DEBUG] [Renebates] event: Tatum Independent School District - Tatum, Texas secs=113240
[DEBUG] [Renebates] Tatum Independent School District - Tatum, Texas -> 6 lots via https://renebates.com/a_list_2.php?id=117&cat=all
[DEBUG] [DEBUG] collected 18 listings from all sites (after filter)
[DEBUG] [GD] HTTP 200 | CT=application/json; charset=utf-8 | page=1
[DEBUG] [GD] page 1: 24 items
[DEBUG] [GD] HTTP 200 | CT=application/json; charset=utf-8 | page=2
[DEBUG] [GD] page 2: 24 items
[DEBUG] [GD] HTTP 200 | CT=application/json; charset=utf-8 | page=3
[DEBUG] [GD] page 3: 24 items
[DEBUG] [GD] HTTP 200 | CT=application/json; charset=utf-8 | page=4
[DEBUG] [GD] page 4: 24 items
[DEBUG] [GD] HTTP 200 | CT=application/json; charset=utf-8 | page=5
[DEBUG] [GD] page 5: 24 items
[DEBUG] [GD] total raw items before normalize: 120; unique kept: 112
[DEBUG] [GD] normalized rows: 112
[DEBUG] [GD] blocked by specialty/diesel filter: 102; passing: 10
[DEBUG] [Proxibid] parsed 30 rows across 1 page(s)
[DEBUG] [Renebates] found 54 events on index
[DEBUG] [Renebates] event: City Of Plano, Texas secs=109000
[DEBUG] [Renebates] City Of Plano, Texas -> 3 lots via https://renebates.com/a_list_2.php?id=265&cat=all
[DEBUG] [Renebates] event: Tatum Independent School District - Tatum, Texas secs=112594
[DEBUG] [Renebates] Tatum Independent School District - Tatum, Texas -> 6 lots via https://renebates.com/a_list_2.php?id=117&cat=all
[DEBUG] [DEBUG] collected 18 listings from all sites (after filter)
[DEBUG] [GD] HTTP 200 | CT=application/json; charset=utf-8 | page=1
[DEBUG] [GD] page 1: 24 items
[DEBUG] [GD] HTTP 200 | CT=application/json; charset=utf-8 | page=2
[DEBUG] [GD] page 2: 24 items
[DEBUG] [GD] HTTP 200 | CT=application/json; charset=utf-8 | page=3
[DEBUG] [GD] page 3: 24 items
[DEBUG] [GD] HTTP 200 | CT=application/json; charset=utf-8 | page=4
[DEBUG] [GD] page 4: 24 items
[DEBUG] [GD] HTTP 200 | CT=application/json; charset=utf-8 | page=5
[DEBUG] [GD] page 5: 24 items
[DEBUG] [GD] total raw items before normalize: 120; unique kept: 112
[DEBUG] [GD] normalized rows: 112
[DEBUG] [GD] blocked by specialty/diesel filter: 102; passing: 10
[DEBUG] [Proxibid] parsed 30 rows across 1 page(s)
[DEBUG] [Renebates] found 54 events on index
[DEBUG] [Renebates] event: City Of Plano, Texas secs=108343
[DEBUG] [Renebates] City Of Plano, Texas -> 3 lots via https://renebates.com/a_list_2.php?id=265&cat=all
[DEBUG] [Renebates] event: Tatum Independent School District - Tatum, Texas secs=111939
[DEBUG] [Renebates] Tatum Independent School District - Tatum, Texas -> 6 lots via https://renebates.com/a_list_2.php?id=117&cat=all
[DEBUG] [DEBUG] collected 18 listings from all sites (after filter)
[DEBUG] [GD] HTTP 200 | CT=application/json; charset=utf-8 | page=1
[DEBUG] [GD] page 1: 24 items
[DEBUG] [GD] HTTP 200 | CT=application/json; charset=utf-8 | page=2
[DEBUG] [GD] page 2: 24 items
[DEBUG] [GD] HTTP 200 | CT=application/json; charset=utf-8 | page=3
[DEBUG] [GD] page 3: 24 items
[DEBUG] [GD] HTTP 200 | CT=application/json; charset=utf-8 | page=4
[DEBUG] [GD] page 4: 24 items
[DEBUG] [GD] HTTP 200 | CT=application/json; charset=utf-8 | page=5
[DEBUG] [GD] page 5: 24 items
[DEBUG] [GD] total raw items before normalize: 120; unique kept: 112
[DEBUG] [GD] normalized rows: 112
[DEBUG] [GD] blocked by specialty/diesel filter: 102; passing: 10
[DEBUG] [Proxibid] parsed 30 rows across 1 page(s)
[DEBUG] [Renebates] found 54 events on index
[DEBUG] [Renebates] event: City Of Plano, Texas secs=107700
[DEBUG] [Renebates] City Of Plano, Texas -> 3 lots via https://renebates.com/a_list_2.php?id=265&cat=all
[DEBUG] [Renebates] event: Tatum Independent School District - Tatum, Texas secs=111297
[DEBUG] [Renebates] Tatum Independent School District - Tatum, Texas -> 6 lots via https://renebates.com/a_list_2.php?id=117&cat=all
[DEBUG] [DEBUG] collected 18 listings from all sites (after filter)
[DEBUG] [GD] HTTP 200 | CT=application/json; charset=utf-8 | page=1
[DEBUG] [GD] page 1: 24 items
[DEBUG] [GD] HTTP 200 | CT=application/json; charset=utf-8 | page=2
[DEBUG] [GD] page 2: 24 items
[DEBUG] [GD] HTTP 200 | CT=application/json; charset=utf-8 | page=3
[DEBUG] [GD] page 3: 24 items
[DEBUG] [GD] HTTP 200 | CT=application/json; charset=utf-8 | page=4
[DEBUG] [GD] page 4: 24 items
[DEBUG] [GD] HTTP 200 | CT=application/json; charset=utf-8 | page=5
[DEBUG] [GD] page 5: 24 items
[DEBUG] [GD] total raw items before normalize: 120; unique kept: 112
[DEBUG] [GD] normalized rows: 112
[DEBUG] [GD] blocked by specialty/diesel filter: 102; passing: 10
[DEBUG] [Proxibid] parsed 30 rows across 1 page(s)
[DEBUG] [Renebates] found 54 events on index
[DEBUG] [Renebates] event: City Of Plano, Texas secs=107052
[DEBUG] [Renebates] City Of Plano, Texas -> 3 lots via https://renebates.com/a_list_2.php?id=265&cat=all
[DEBUG] [Renebates] event: Tatum Independent School District - Tatum, Texas secs=110650
[DEBUG] [Renebates] Tatum Independent School District - Tatum, Texas -> 6 lots via https://renebates.com/a_list_2.php?id=117&cat=all
[DEBUG] [DEBUG] collected 18 listings from all sites (after filter)
[DEBUG] [GD] HTTP 200 | CT=application/json; charset=utf-8 | page=1
[DEBUG] [GD] page 1: 24 items
[DEBUG] [GD] HTTP 200 | CT=application/json; charset=utf-8 | page=2
[DEBUG] [GD] page 2: 24 items
[DEBUG] [GD] HTTP 200 | CT=application/json; charset=utf-8 | page=3
[DEBUG] [GD] page 3: 24 items
[DEBUG] [GD] HTTP 200 | CT=application/json; charset=utf-8 | page=4
[DEBUG] [GD] page 4: 24 items
[DEBUG] [GD] HTTP 200 | CT=application/json; charset=utf-8 | page=5
[DEBUG] [GD] page 5: 24 items
[DEBUG] [GD] total raw items before normalize: 120; unique kept: 112
[DEBUG] [GD] normalized rows: 112
[DEBUG] [GD] blocked by specialty/diesel filter: 102; passing: 10
[DEBUG] [Proxibid] parsed 30 rows across 1 page(s)
[DEBUG] [Renebates] found 54 events on index
[DEBUG] [Renebates] event: City Of Plano, Texas secs=106401
[DEBUG] [Renebates] City Of Plano, Texas -> 3 lots via https://renebates.com/a_list_2.php?id=265&cat=all
[DEBUG] [Renebates] event: Tatum Independent School District - Tatum, Texas secs=109997
[DEBUG] [Renebates] Tatum Independent School District - Tatum, Texas -> 6 lots via https://renebates.com/a_list_2.php?id=117&cat=all
[DEBUG] [DEBUG] collected 18 listings from all sites (after filter)
[DEBUG] [GD] HTTP 200 | CT=application/json; charset=utf-8 | page=1
[DEBUG] [GD] page 1: 24 items
[DEBUG] [GD] HTTP 200 | CT=application/json; charset=utf-8 | page=2
[DEBUG] [GD] page 2: 24 items
[DEBUG] [GD] HTTP 200 | CT=application/json; charset=utf-8 | page=3
[DEBUG] [GD] page 3: 24 items
[DEBUG] [GD] HTTP 200 | CT=application/json; charset=utf-8 | page=4
[DEBUG] [GD] page 4: 24 items
[DEBUG] [GD] HTTP 200 | CT=application/json; charset=utf-8 | page=5
[DEBUG] [GD] page 5: 24 items
[DEBUG] [GD] total raw items before normalize: 120; unique kept: 112
[DEBUG] [GD] normalized rows: 112
[DEBUG] [GD] blocked by specialty/diesel filter: 102; passing: 10
[DEBUG] [Proxibid] parsed 30 rows across 1 page(s)
[DEBUG] [Renebates] found 54 events on index
[DEBUG] [Renebates] event: City Of Plano, Texas secs=105754
[DEBUG] [Renebates] City Of Plano, Texas -> 3 lots via https://renebates.com/a_list_2.php?id=265&cat=all
[DEBUG] [Renebates] event: Tatum Independent School District - Tatum, Texas secs=109350
[DEBUG] [Renebates] Tatum Independent School District - Tatum, Texas -> 6 lots via https://renebates.com/a_list_2.php?id=117&cat=all
[DEBUG] [DEBUG] collected 18 listings from all sites (after filter)
[DEBUG] [GD] HTTP 200 | CT=application/json; charset=utf-8 | page=1
[DEBUG] [GD] page 1: 24 items
[DEBUG] [GD] HTTP 200 | CT=application/json; charset=utf-8 | page=2
[DEBUG] [GD] page 2: 24 items
[DEBUG] [GD] HTTP 200 | CT=application/json; charset=utf-8 | page=3
[DEBUG] [GD] page 3: 24 items
[DEBUG] [GD] HTTP 200 | CT=application/json; charset=utf-8 | page=4
[DEBUG] [GD] page 4: 24 items
[DEBUG] [GD] HTTP 200 | CT=application/json; charset=utf-8 | page=5
[DEBUG] [GD] page 5: 24 items
[DEBUG] [GD] total raw items before normalize: 120; unique kept: 112
[DEBUG] [GD] normalized rows: 112
[DEBUG] [GD] blocked by specialty/diesel filter: 102; passing: 10
[DEBUG] [Proxibid] parsed 30 rows across 1 page(s)
[DEBUG] [Renebates] found 54 events on index
[DEBUG] [Renebates] event: City Of Plano, Texas secs=105102
[DEBUG] [Renebates] City Of Plano, Texas -> 3 lots via https://renebates.com/a_list_2.php?id=265&cat=all
[DEBUG] [Renebates] event: Tatum Independent School District - Tatum, Texas secs=108700
[DEBUG] [Renebates] Tatum Independent School District - Tatum, Texas -> 6 lots via https://renebates.com/a_list_2.php?id=117&cat=all
[DEBUG] [DEBUG] collected 18 listings from all sites (after filter)
[DEBUG] [GD] HTTP 200 | CT=application/json; charset=utf-8 | page=1
[DEBUG] [GD] page 1: 24 items
[DEBUG] [GD] HTTP 200 | CT=application/json; charset=utf-8 | page=2
[DEBUG] [GD] page 2: 24 items
[DEBUG] [GD] HTTP 200 | CT=application/json; charset=utf-8 | page=3
[DEBUG] [GD] page 3: 24 items
[DEBUG] [GD] HTTP 200 | CT=application/json; charset=utf-8 | page=4
[DEBUG] [GD] page 4: 24 items
[DEBUG] [GD] HTTP 200 | CT=application/json; charset=utf-8 | page=5
[DEBUG] [GD] page 5: 24 items
[DEBUG] [GD] total raw items before normalize: 120; unique kept: 112
[DEBUG] [GD] normalized rows: 112
[DEBUG] [GD] blocked by specialty/diesel filter: 102; passing: 10
[DEBUG] [Proxibid] parsed 30 rows across 1 page(s)
[DEBUG] [Renebates] found 54 events on index
[DEBUG] [Renebates] event: City Of Plano, Texas secs=104461
[DEBUG] [Renebates] City Of Plano, Texas -> 3 lots via https://renebates.com/a_list_2.php?id=265&cat=all
[DEBUG] [Renebates] event: Tatum Independent School District - Tatum, Texas secs=108058
[DEBUG] [Renebates] Tatum Independent School District - Tatum, Texas -> 6 lots via https://renebates.com/a_list_2.php?id=117&cat=all
[DEBUG] [DEBUG] collected 18 listings from all sites (after filter)
[DEBUG] [GD] HTTP 200 | CT=application/json; charset=utf-8 | page=1
[DEBUG] [GD] page 1: 24 items
[DEBUG] [GD] HTTP 200 | CT=application/json; charset=utf-8 | page=2
[DEBUG] [GD] page 2: 24 items
[DEBUG] [GD] HTTP 200 | CT=application/json; charset=utf-8 | page=3
[DEBUG] [GD] page 3: 24 items
[DEBUG] [GD] HTTP 200 | CT=application/json; charset=utf-8 | page=4
[DEBUG] [GD] page 4: 24 items
[DEBUG] [GD] HTTP 200 | CT=application/json; charset=utf-8 | page=5
[DEBUG] [GD] page 5: 24 items
[DEBUG] [GD] total raw items before normalize: 120; unique kept: 112
[DEBUG] [GD] normalized rows: 112
[DEBUG] [GD] blocked by specialty/diesel filter: 102; passing: 10
[DEBUG] [Proxibid] parsed 30 rows across 1 page(s)
[DEBUG] [Renebates] found 54 events on index
[DEBUG] [Renebates] event: City Of Plano, Texas secs=103809
[DEBUG] [Renebates] City Of Plano, Texas -> 3 lots via https://renebates.com/a_list_2.php?id=265&cat=all
[DEBUG] [Renebates] event: Tatum Independent School District - Tatum, Texas secs=107406
[DEBUG] [Renebates] Tatum Independent School District - Tatum, Texas -> 6 lots via https://renebates.com/a_list_2.php?id=117&cat=all
[DEBUG] [DEBUG] collected 18 listings from all sites (after filter)
[DEBUG] [GD] HTTP 200 | CT=application/json; charset=utf-8 | page=1
[DEBUG] [GD] page 1: 24 items
[DEBUG] [GD] HTTP 200 | CT=application/json; charset=utf-8 | page=2
[DEBUG] [GD] page 2: 24 items
[DEBUG] [GD] HTTP 200 | CT=application/json; charset=utf-8 | page=3
[DEBUG] [GD] page 3: 24 items
[DEBUG] [GD] HTTP 200 | CT=application/json; charset=utf-8 | page=4
[DEBUG] [GD] page 4: 24 items
[DEBUG] [GD] HTTP 200 | CT=application/json; charset=utf-8 | page=5
[DEBUG] [GD] page 5: 24 items
[DEBUG] [GD] total raw items before normalize: 120; unique kept: 112
[DEBUG] [GD] normalized rows: 112
[DEBUG] [GD] blocked by specialty/diesel filter: 102; passing: 10
[DEBUG] [Proxibid] parsed 30 rows across 1 page(s)
[DEBUG] [Renebates] found 54 events on index
[DEBUG] [Renebates] event: City Of Plano, Texas secs=103170
[DEBUG] [Renebates] City Of Plano, Texas -> 3 lots via https://renebates.com/a_list_2.php?id=265&cat=all
[DEBUG] [Renebates] event: Tatum Independent School District - Tatum, Texas secs=106766
[DEBUG] [Renebates] Tatum Independent School District - Tatum, Texas -> 6 lots via https://renebates.com/a_list_2.php?id=117&cat=all
[DEBUG] [DEBUG] collected 18 listings from all sites (after filter)
[DEBUG] [GD] HTTP 200 | CT=application/json; charset=utf-8 | page=1
[DEBUG] [GD] page 1: 24 items
[DEBUG] [GD] HTTP 200 | CT=application/json; charset=utf-8 | page=2
[DEBUG] [GD] page 2: 24 items
[DEBUG] [GD] HTTP 200 | CT=application/json; charset=utf-8 | page=3
[DEBUG] [GD] page 3: 24 items
[DEBUG] [GD] HTTP 200 | CT=application/json; charset=utf-8 | page=4
[DEBUG] [GD] page 4: 24 items
[DEBUG] [GD] HTTP 200 | CT=application/json; charset=utf-8 | page=5
[DEBUG] [GD] page 5: 24 items
[DEBUG] [GD] total raw items before normalize: 120; unique kept: 112
[DEBUG] [GD] normalized rows: 112
[DEBUG] [GD] blocked by specialty/diesel filter: 102; passing: 10
[DEBUG] [Proxibid] parsed 30 rows across 1 page(s)
[DEBUG] [Renebates] found 54 events on index
[DEBUG] [Renebates] event: City Of Plano, Texas secs=102525
[DEBUG] [Renebates] City Of Plano, Texas -> 3 lots via https://renebates.com/a_list_2.php?id=265&cat=all
[DEBUG] [Renebates] event: Tatum Independent School District - Tatum, Texas secs=106121
[DEBUG] [Renebates] Tatum Independent School District - Tatum, Texas -> 6 lots via https://renebates.com/a_list_2.php?id=117&cat=all
[DEBUG] [DEBUG] collected 18 listings from all sites (after filter)
[DEBUG] [GD] HTTP 200 | CT=application/json; charset=utf-8 | page=1
[DEBUG] [GD] page 1: 24 items
[DEBUG] [GD] HTTP 200 | CT=application/json; charset=utf-8 | page=2
[DEBUG] [GD] page 2: 24 items
[DEBUG] [GD] HTTP 200 | CT=application/json; charset=utf-8 | page=3
[DEBUG] [GD] page 3: 24 items
[DEBUG] [GD] HTTP 200 | CT=application/json; charset=utf-8 | page=4
[DEBUG] [GD] page 4: 24 items
[DEBUG] [GD] HTTP 200 | CT=application/json; charset=utf-8 | page=5
[DEBUG] [GD] page 5: 24 items
[DEBUG] [GD] total raw items before normalize: 120; unique kept: 112
[DEBUG] [GD] normalized rows: 112
[DEBUG] [GD] blocked by specialty/diesel filter: 102; passing: 10
[DEBUG] [Proxibid] parsed 30 rows across 1 page(s)
[DEBUG] [Renebates] found 54 events on index
[DEBUG] [Renebates] event: City Of Plano, Texas secs=101870
[DEBUG] [Renebates] City Of Plano, Texas -> 3 lots via https://renebates.com/a_list_2.php?id=265&cat=all
[DEBUG] [Renebates] event: Tatum Independent School District - Tatum, Texas secs=105468
[DEBUG] [Renebates] Tatum Independent School District - Tatum, Texas -> 6 lots via https://renebates.com/a_list_2.php?id=117&cat=all
[DEBUG] [DEBUG] collected 18 listings from all sites (after filter)
[DEBUG] [GD] HTTP 200 | CT=application/json; charset=utf-8 | page=1
[DEBUG] [GD] page 1: 24 items
[DEBUG] [GD] HTTP 200 | CT=application/json; charset=utf-8 | page=2
[DEBUG] [GD] page 2: 24 items
[DEBUG] [GD] HTTP 200 | CT=application/json; charset=utf-8 | page=3
[DEBUG] [GD] page 3: 24 items
[DEBUG] [GD] HTTP 200 | CT=application/json; charset=utf-8 | page=4
[DEBUG] [GD] page 4: 24 items
[DEBUG] [GD] HTTP 200 | CT=application/json; charset=utf-8 | page=5
[DEBUG] [GD] page 5: 24 items
[DEBUG] [GD] total raw items before normalize: 120; unique kept: 112
[DEBUG] [GD] normalized rows: 112
[DEBUG] [GD] blocked by specialty/diesel filter: 102; passing: 10
[DEBUG] [Proxibid] parsed 30 rows across 1 page(s)
[DEBUG] [Renebates] found 54 events on index
[DEBUG] [Renebates] event: City Of Plano, Texas secs=101227
[DEBUG] [Renebates] City Of Plano, Texas -> 3 lots via https://renebates.com/a_list_2.php?id=265&cat=all
[DEBUG] [Renebates] event: Tatum Independent School District - Tatum, Texas secs=104823
[DEBUG] [Renebates] Tatum Independent School District - Tatum, Texas -> 6 lots via https://renebates.com/a_list_2.php?id=117&cat=all
[DEBUG] [DEBUG] collected 18 listings from all sites (after filter)
[DEBUG] [GD] HTTP 200 | CT=application/json; charset=utf-8 | page=1
[DEBUG] [GD] page 1: 24 items
[DEBUG] [GD] HTTP 200 | CT=application/json; charset=utf-8 | page=2
[DEBUG] [GD] page 2: 24 items
[DEBUG] [GD] HTTP 200 | CT=application/json; charset=utf-8 | page=3
[DEBUG] [GD] page 3: 24 items
[DEBUG] [GD] HTTP 200 | CT=application/json; charset=utf-8 | page=4
[DEBUG] [GD] page 4: 24 items
[DEBUG] [GD] HTTP 200 | CT=application/json; charset=utf-8 | page=5
[DEBUG] [GD] page 5: 24 items
[DEBUG] [GD] total raw items before normalize: 120; unique kept: 112
[DEBUG] [GD] normalized rows: 112
[DEBUG] [GD] blocked by specialty/diesel filter: 102; passing: 10
[DEBUG] [Proxibid] parsed 30 rows across 1 page(s)
[DEBUG] [Renebates] found 54 events on index
[DEBUG] [Renebates] event: City Of Plano, Texas secs=100571
[DEBUG] [Renebates] City Of Plano, Texas -> 3 lots via https://renebates.com/a_list_2.php?id=265&cat=all
[DEBUG] [Renebates] event: Tatum Independent School District - Tatum, Texas secs=104168
[DEBUG] [Renebates] Tatum Independent School District - Tatum, Texas -> 6 lots via https://renebates.com/a_list_2.php?id=117&cat=all
[DEBUG] [DEBUG] collected 18 listings from all sites (after filter)
[DEBUG] [GD] HTTP 200 | CT=application/json; charset=utf-8 | page=1
[DEBUG] [GD] page 1: 24 items
[DEBUG] [GD] HTTP 200 | CT=application/json; charset=utf-8 | page=2
[DEBUG] [GD] page 2: 24 items
[DEBUG] [GD] HTTP 200 | CT=application/json; charset=utf-8 | page=3
[DEBUG] [GD] page 3: 24 items
[DEBUG] [GD] HTTP 200 | CT=application/json; charset=utf-8 | page=4
[DEBUG] [GD] page 4: 24 items
[DEBUG] [GD] HTTP 200 | CT=application/json; charset=utf-8 | page=5
[DEBUG] [GD] page 5: 24 items
[DEBUG] [GD] total raw items before normalize: 120; unique kept: 112
[DEBUG] [GD] normalized rows: 112
[DEBUG] [GD] blocked by specialty/diesel filter: 102; passing: 10
[DEBUG] [Proxibid] parsed 30 rows across 1 page(s)
[DEBUG] [Renebates] found 54 events on index
[DEBUG] [Renebates] event: City Of Plano, Texas secs=99921
[DEBUG] [Renebates] City Of Plano, Texas -> 3 lots via https://renebates.com/a_list_2.php?id=265&cat=all
[DEBUG] [Renebates] event: Tatum Independent School District - Tatum, Texas secs=103517
[DEBUG] [Renebates] Tatum Independent School District - Tatum, Texas -> 6 lots via https://renebates.com/a_list_2.php?id=117&cat=all
[DEBUG] [DEBUG] collected 18 listings from all sites (after filter)
[DEBUG] [GD] HTTP 200 | CT=application/json; charset=utf-8 | page=1
[DEBUG] [GD] page 1: 24 items
[DEBUG] [GD] HTTP 200 | CT=application/json; charset=utf-8 | page=2
[DEBUG] [GD] page 2: 24 items
[DEBUG] [GD] HTTP 200 | CT=application/json; charset=utf-8 | page=3
[DEBUG] [GD] page 3: 24 items
[DEBUG] [GD] HTTP 200 | CT=application/json; charset=utf-8 | page=4
[DEBUG] [GD] page 4: 24 items
[DEBUG] [GD] HTTP 200 | CT=application/json; charset=utf-8 | page=5
[DEBUG] [GD] page 5: 24 items
[DEBUG] [GD] total raw items before normalize: 120; unique kept: 112
[DEBUG] [GD] normalized rows: 112
[DEBUG] [GD] blocked by specialty/diesel filter: 102; passing: 10
[DEBUG] [Proxibid] parsed 30 rows across 1 page(s)
[DEBUG] [Renebates] found 54 events on index
[DEBUG] [Renebates] event: City Of Plano, Texas secs=99267
[DEBUG] [Renebates] City Of Plano, Texas -> 3 lots via https://renebates.com/a_list_2.php?id=265&cat=all
[DEBUG] [Renebates] event: Tatum Independent School District - Tatum, Texas secs=102863
[DEBUG] [Renebates] Tatum Independent School District - Tatum, Texas -> 6 lots via https://renebates.com/a_list_2.php?id=117&cat=all
[DEBUG] [DEBUG] collected 18 listings from all sites (after filter)
[DEBUG] [GD] HTTP 200 | CT=application/json; charset=utf-8 | page=1
[DEBUG] [GD] page 1: 24 items
[DEBUG] [GD] HTTP 200 | CT=application/json; charset=utf-8 | page=2
[DEBUG] [GD] page 2: 24 items
[DEBUG] [GD] HTTP 200 | CT=application/json; charset=utf-8 | page=3
[DEBUG] [GD] page 3: 24 items
[DEBUG] [GD] HTTP 200 | CT=application/json; charset=utf-8 | page=4
[DEBUG] [GD] page 4: 24 items
[DEBUG] [GD] HTTP 200 | CT=application/json; charset=utf-8 | page=5
[DEBUG] [GD] page 5: 24 items
[DEBUG] [GD] total raw items before normalize: 120; unique kept: 112
[DEBUG] [GD] normalized rows: 112
[DEBUG] [GD] blocked by specialty/diesel filter: 102; passing: 10
[DEBUG] [Proxibid] parsed 30 rows across 1 page(s)
[DEBUG] [Renebates] found 54 events on index
[DEBUG] [Renebates] event: City Of Plano, Texas secs=98616
[DEBUG] [Renebates] City Of Plano, Texas -> 3 lots via https://renebates.com/a_list_2.php?id=265&cat=all
[DEBUG] [Renebates] event: Tatum Independent School District - Tatum, Texas secs=102212
[DEBUG] [Renebates] Tatum Independent School District - Tatum, Texas -> 6 lots via https://renebates.com/a_list_2.php?id=117&cat=all
[DEBUG] [DEBUG] collected 18 listings from all sites (after filter)
[DEBUG] [GD] HTTP 200 | CT=application/json; charset=utf-8 | page=1
[DEBUG] [GD] page 1: 24 items
[DEBUG] [GD] HTTP 200 | CT=application/json; charset=utf-8 | page=2
[DEBUG] [GD] page 2: 24 items
[DEBUG] [GD] HTTP 200 | CT=application/json; charset=utf-8 | page=3
[DEBUG] [GD] page 3: 24 items
[DEBUG] [GD] HTTP 200 | CT=application/json; charset=utf-8 | page=4
[DEBUG] [GD] page 4: 24 items
[DEBUG] [GD] HTTP 200 | CT=application/json; charset=utf-8 | page=5
[DEBUG] [GD] page 5: 24 items
[DEBUG] [GD] total raw items before normalize: 120; unique kept: 112
[DEBUG] [GD] normalized rows: 112
[DEBUG] [GD] blocked by specialty/diesel filter: 102; passing: 10
[DEBUG] [Proxibid] parsed 30 rows across 1 page(s)
[DEBUG] [Renebates] found 54 events on index
[DEBUG] [Renebates] event: City Of Plano, Texas secs=97968
[DEBUG] [Renebates] City Of Plano, Texas -> 3 lots via https://renebates.com/a_list_2.php?id=265&cat=all
[DEBUG] [Renebates] event: Tatum Independent School District - Tatum, Texas secs=101565
[DEBUG] [Renebates] Tatum Independent School District - Tatum, Texas -> 6 lots via https://renebates.com/a_list_2.php?id=117&cat=all
[DEBUG] [DEBUG] collected 18 listings from all sites (after filter)
[DEBUG] [GD] HTTP 200 | CT=application/json; charset=utf-8 | page=1
[DEBUG] [GD] page 1: 24 items
[DEBUG] [GD] HTTP 200 | CT=application/json; charset=utf-8 | page=2
[DEBUG] [GD] page 2: 24 items
[DEBUG] [GD] HTTP 200 | CT=application/json; charset=utf-8 | page=3
[DEBUG] [GD] page 3: 24 items
[DEBUG] [GD] HTTP 200 | CT=application/json; charset=utf-8 | page=4
[DEBUG] [GD] page 4: 24 items
[DEBUG] [GD] HTTP 200 | CT=application/json; charset=utf-8 | page=5
[DEBUG] [GD] page 5: 24 items
[DEBUG] [GD] total raw items before normalize: 120; unique kept: 112
[DEBUG] [GD] normalized rows: 112
[DEBUG] [GD] blocked by specialty/diesel filter: 102; passing: 10
[DEBUG] [Proxibid] parsed 30 rows across 1 page(s)
[DEBUG] [Renebates] found 54 events on index
[DEBUG] [Renebates] event: City Of Plano, Texas secs=97321
[DEBUG] [Renebates] City Of Plano, Texas -> 3 lots via https://renebates.com/a_list_2.php?id=265&cat=all
[DEBUG] [Renebates] event: Tatum Independent School District - Tatum, Texas secs=100919
[DEBUG] [Renebates] Tatum Independent School District - Tatum, Texas -> 6 lots via https://renebates.com/a_list_2.php?id=117&cat=all
[DEBUG] [DEBUG] collected 18 listings from all sites (after filter)
[DEBUG] [GD] HTTP 200 | CT=application/json; charset=utf-8 | page=1
[DEBUG] [GD] page 1: 24 items
[DEBUG] [GD] HTTP 200 | CT=application/json; charset=utf-8 | page=2
[DEBUG] [GD] page 2: 24 items
[DEBUG] [GD] HTTP 200 | CT=application/json; charset=utf-8 | page=3
[DEBUG] [GD] page 3: 24 items
[DEBUG] [GD] HTTP 200 | CT=application/json; charset=utf-8 | page=4
[DEBUG] [GD] page 4: 24 items
[DEBUG] [GD] HTTP 200 | CT=application/json; charset=utf-8 | page=5
[DEBUG] [GD] page 5: 24 items
[DEBUG] [GD] total raw items before normalize: 120; unique kept: 112
[DEBUG] [GD] normalized rows: 112
[DEBUG] [GD] blocked by specialty/diesel filter: 102; passing: 10
[DEBUG] [Proxibid] parsed 30 rows across 1 page(s)
[DEBUG] [Renebates] found 54 events on index
[DEBUG] [Renebates] event: City Of Plano, Texas secs=96668
[DEBUG] [Renebates] City Of Plano, Texas -> 3 lots via https://renebates.com/a_list_2.php?id=265&cat=all
[DEBUG] [Renebates] event: Tatum Independent School District - Tatum, Texas secs=100264
[DEBUG] [Renebates] Tatum Independent School District - Tatum, Texas -> 6 lots via https://renebates.com/a_list_2.php?id=117&cat=all
[DEBUG] [DEBUG] collected 18 listings from all sites (after filter)
[DEBUG] [GD] HTTP 200 | CT=application/json; charset=utf-8 | page=1
[DEBUG] [GD] page 1: 24 items
[DEBUG] [GD] HTTP 200 | CT=application/json; charset=utf-8 | page=2
[DEBUG] [GD] page 2: 24 items
[DEBUG] [GD] HTTP 200 | CT=application/json; charset=utf-8 | page=3
[DEBUG] [GD] page 3: 24 items
[DEBUG] [GD] HTTP 200 | CT=application/json; charset=utf-8 | page=4
[DEBUG] [GD] page 4: 24 items
[DEBUG] [GD] HTTP 200 | CT=application/json; charset=utf-8 | page=5
[DEBUG] [GD] page 5: 24 items
[DEBUG] [GD] total raw items before normalize: 120; unique kept: 112
[DEBUG] [GD] normalized rows: 112
[DEBUG] [GD] blocked by specialty/diesel filter: 102; passing: 10
[DEBUG] [Proxibid] parsed 30 rows across 1 page(s)
[DEBUG] [Renebates] found 54 events on index
[DEBUG] [Renebates] event: City Of Plano, Texas secs=96026
[DEBUG] [Renebates] City Of Plano, Texas -> 3 lots via https://renebates.com/a_list_2.php?id=265&cat=all
[DEBUG] [Renebates] event: Tatum Independent School District - Tatum, Texas secs=99623
[DEBUG] [Renebates] Tatum Independent School District - Tatum, Texas -> 6 lots via https://renebates.com/a_list_2.php?id=117&cat=all
[DEBUG] [DEBUG] collected 18 listings from all sites (after filter)
[DEBUG] [GD] HTTP 200 | CT=application/json; charset=utf-8 | page=1
[DEBUG] [GD] page 1: 24 items
[DEBUG] [GD] HTTP 200 | CT=application/json; charset=utf-8 | page=2
[DEBUG] [GD] page 2: 24 items
[DEBUG] [GD] HTTP 200 | CT=application/json; charset=utf-8 | page=3
[DEBUG] [GD] page 3: 24 items
[DEBUG] [GD] HTTP 200 | CT=application/json; charset=utf-8 | page=4
[DEBUG] [GD] page 4: 24 items
[DEBUG] [GD] HTTP 200 | CT=application/json; charset=utf-8 | page=5
[DEBUG] [GD] page 5: 24 items
[DEBUG] [GD] total raw items before normalize: 120; unique kept: 112
[DEBUG] [GD] normalized rows: 112
[DEBUG] [GD] blocked by specialty/diesel filter: 102; passing: 10
[DEBUG] [Proxibid] parsed 30 rows across 1 page(s)
[DEBUG] [Renebates] found 54 events on index
[DEBUG] [Renebates] event: City Of Plano, Texas secs=95377
[DEBUG] [Renebates] City Of Plano, Texas -> 3 lots via https://renebates.com/a_list_2.php?id=265&cat=all
[DEBUG] [Renebates] event: Tatum Independent School District - Tatum, Texas secs=98973
[DEBUG] [Renebates] Tatum Independent School District - Tatum, Texas -> 6 lots via https://renebates.com/a_list_2.php?id=117&cat=all
[DEBUG] [DEBUG] collected 18 listings from all sites (after filter)
[DEBUG] [GD] HTTP 200 | CT=application/json; charset=utf-8 | page=1
[DEBUG] [GD] page 1: 24 items
[DEBUG] [GD] HTTP 200 | CT=application/json; charset=utf-8 | page=2
[DEBUG] [GD] page 2: 24 items
[DEBUG] [GD] HTTP 200 | CT=application/json; charset=utf-8 | page=3
[DEBUG] [GD] page 3: 24 items
[DEBUG] [GD] HTTP 200 | CT=application/json; charset=utf-8 | page=4
[DEBUG] [GD] page 4: 24 items
[DEBUG] [GD] HTTP 200 | CT=application/json; charset=utf-8 | page=5
[DEBUG] [GD] page 5: 24 items
[DEBUG] [GD] total raw items before normalize: 120; unique kept: 112
[DEBUG] [GD] normalized rows: 112
[DEBUG] [GD] blocked by specialty/diesel filter: 102; passing: 10
[DEBUG] [Proxibid] parsed 30 rows across 1 page(s)
[DEBUG] [Renebates] found 54 events on index
[DEBUG] [Renebates] event: City Of Plano, Texas secs=94736
[DEBUG] [Renebates] City Of Plano, Texas -> 3 lots via https://renebates.com/a_list_2.php?id=265&cat=all
[DEBUG] [Renebates] event: Tatum Independent School District - Tatum, Texas secs=98331
[DEBUG] [Renebates] Tatum Independent School District - Tatum, Texas -> 6 lots via https://renebates.com/a_list_2.php?id=117&cat=all
[DEBUG] [DEBUG] collected 18 listings from all sites (after filter)
[DEBUG] [GD] HTTP 200 | CT=application/json; charset=utf-8 | page=1
[DEBUG] [GD] page 1: 24 items
[DEBUG] [GD] HTTP 200 | CT=application/json; charset=utf-8 | page=2
[DEBUG] [GD] page 2: 24 items
[DEBUG] [GD] HTTP 200 | CT=application/json; charset=utf-8 | page=3
[DEBUG] [GD] page 3: 24 items
[DEBUG] [GD] HTTP 200 | CT=application/json; charset=utf-8 | page=4
[DEBUG] [GD] page 4: 24 items
[DEBUG] [GD] HTTP 200 | CT=application/json; charset=utf-8 | page=5
[DEBUG] [GD] page 5: 24 items
[DEBUG] [GD] total raw items before normalize: 120; unique kept: 112
[DEBUG] [GD] normalized rows: 112
[DEBUG] [GD] blocked by specialty/diesel filter: 102; passing: 10
[DEBUG] [Proxibid] parsed 30 rows across 1 page(s)
[DEBUG] [Renebates] found 54 events on index
[DEBUG] [Renebates] event: City Of Plano, Texas secs=94075
[DEBUG] [Renebates] City Of Plano, Texas -> 3 lots via https://renebates.com/a_list_2.php?id=265&cat=all
[DEBUG] [Renebates] event: Tatum Independent School District - Tatum, Texas secs=97671
[DEBUG] [Renebates] Tatum Independent School District - Tatum, Texas -> 6 lots via https://renebates.com/a_list_2.php?id=117&cat=all
[DEBUG] [DEBUG] collected 18 listings from all sites (after filter)
[DEBUG] [GD] HTTP 200 | CT=application/json; charset=utf-8 | page=1
[DEBUG] [GD] page 1: 24 items
[DEBUG] [GD] HTTP 200 | CT=application/json; charset=utf-8 | page=2
[DEBUG] [GD] page 2: 24 items
[DEBUG] [GD] HTTP 200 | CT=application/json; charset=utf-8 | page=3
[DEBUG] [GD] page 3: 24 items
[DEBUG] [GD] HTTP 200 | CT=application/json; charset=utf-8 | page=4
[DEBUG] [GD] page 4: 24 items
[DEBUG] [GD] HTTP 200 | CT=application/json; charset=utf-8 | page=5
[DEBUG] [GD] page 5: 24 items
[DEBUG] [GD] total raw items before normalize: 120; unique kept: 112
[DEBUG] [GD] normalized rows: 112
[DEBUG] [GD] blocked by specialty/diesel filter: 102; passing: 10
[DEBUG] [Proxibid] parsed 30 rows across 1 page(s)
[DEBUG] [Renebates] found 54 events on index
[DEBUG] [Renebates] event: City Of Plano, Texas secs=93428
[DEBUG] [Renebates] City Of Plano, Texas -> 3 lots via https://renebates.com/a_list_2.php?id=265&cat=all
[DEBUG] [Renebates] event: Tatum Independent School District - Tatum, Texas secs=97026
[DEBUG] [Renebates] Tatum Independent School District - Tatum, Texas -> 6 lots via https://renebates.com/a_list_2.php?id=117&cat=all
[DEBUG] [DEBUG] collected 18 listings from all sites (after filter)
[DEBUG] [GD] HTTP 200 | CT=application/json; charset=utf-8 | page=1
[DEBUG] [GD] page 1: 24 items
[DEBUG] [GD] HTTP 200 | CT=application/json; charset=utf-8 | page=2
[DEBUG] [GD] page 2: 24 items
[DEBUG] [GD] HTTP 200 | CT=application/json; charset=utf-8 | page=3
[DEBUG] [GD] page 3: 24 items
[DEBUG] [GD] HTTP 200 | CT=application/json; charset=utf-8 | page=4
[DEBUG] [GD] page 4: 24 items
[DEBUG] [GD] HTTP 200 | CT=application/json; charset=utf-8 | page=5
[DEBUG] [GD] page 5: 24 items
[DEBUG] [GD] total raw items before normalize: 120; unique kept: 112
[DEBUG] [GD] normalized rows: 112
[DEBUG] [GD] blocked by specialty/diesel filter: 102; passing: 10
[DEBUG] [Proxibid] parsed 30 rows across 1 page(s)
[DEBUG] [Renebates] found 54 events on index
[DEBUG] [Renebates] event: City Of Plano, Texas secs=92781
[DEBUG] [Renebates] City Of Plano, Texas -> 3 lots via https://renebates.com/a_list_2.php?id=265&cat=all
[DEBUG] [Renebates] event: Tatum Independent School District - Tatum, Texas secs=96377
[DEBUG] [Renebates] Tatum Independent School District - Tatum, Texas -> 6 lots via https://renebates.com/a_list_2.php?id=117&cat=all
[DEBUG] [DEBUG] collected 18 listings from all sites (after filter)
[DEBUG] [GD] HTTP 200 | CT=application/json; charset=utf-8 | page=1
[DEBUG] [GD] page 1: 24 items
[DEBUG] [GD] HTTP 200 | CT=application/json; charset=utf-8 | page=2
[DEBUG] [GD] page 2: 24 items
[DEBUG] [GD] HTTP 200 | CT=application/json; charset=utf-8 | page=3
[DEBUG] [GD] page 3: 24 items
[DEBUG] [GD] HTTP 200 | CT=application/json; charset=utf-8 | page=4
[DEBUG] [GD] page 4: 24 items
[DEBUG] [GD] HTTP 200 | CT=application/json; charset=utf-8 | page=5
[DEBUG] [GD] page 5: 24 items
[DEBUG] [GD] total raw items before normalize: 120; unique kept: 112
[DEBUG] [GD] normalized rows: 112
[DEBUG] [GD] blocked by specialty/diesel filter: 102; passing: 10
[DEBUG] [Proxibid] parsed 30 rows across 1 page(s)
[DEBUG] [Renebates] found 54 events on index
[DEBUG] [Renebates] event: City Of Plano, Texas secs=92124
[DEBUG] [Renebates] City Of Plano, Texas -> 3 lots via https://renebates.com/a_list_2.php?id=265&cat=all
[DEBUG] [Renebates] event: Tatum Independent School District - Tatum, Texas secs=95721
[DEBUG] [Renebates] Tatum Independent School District - Tatum, Texas -> 6 lots via https://renebates.com/a_list_2.php?id=117&cat=all
[DEBUG] [DEBUG] collected 18 listings from all sites (after filter)
[DEBUG] [GD] HTTP 200 | CT=application/json; charset=utf-8 | page=1
[DEBUG] [GD] page 1: 24 items
[DEBUG] [GD] HTTP 200 | CT=application/json; charset=utf-8 | page=2
[DEBUG] [GD] page 2: 24 items
[DEBUG] [GD] HTTP 200 | CT=application/json; charset=utf-8 | page=3
[DEBUG] [GD] page 3: 24 items
[DEBUG] [GD] HTTP 200 | CT=application/json; charset=utf-8 | page=4
[DEBUG] [GD] page 4: 24 items
[DEBUG] [GD] HTTP 200 | CT=application/json; charset=utf-8 | page=5
[DEBUG] [GD] page 5: 24 items
[DEBUG] [GD] total raw items before normalize: 120; unique kept: 112
[DEBUG] [GD] normalized rows: 112
[DEBUG] [GD] blocked by specialty/diesel filter: 102; passing: 10
[DEBUG] [Proxibid] parsed 30 rows across 1 page(s)
[DEBUG] [Renebates] found 54 events on index
[DEBUG] [Renebates] event: City Of Plano, Texas secs=91477
[DEBUG] [Renebates] City Of Plano, Texas -> 3 lots via https://renebates.com/a_list_2.php?id=265&cat=all
[DEBUG] [Renebates] event: Tatum Independent School District - Tatum, Texas secs=95073
[DEBUG] [Renebates] Tatum Independent School District - Tatum, Texas -> 6 lots via https://renebates.com/a_list_2.php?id=117&cat=all
[DEBUG] [DEBUG] collected 18 listings from all sites (after filter)
[DEBUG] [GD] HTTP 200 | CT=application/json; charset=utf-8 | page=1
[DEBUG] [GD] page 1: 24 items
[DEBUG] [GD] HTTP 200 | CT=application/json; charset=utf-8 | page=2
[DEBUG] [GD] page 2: 24 items
[DEBUG] [GD] HTTP 200 | CT=application/json; charset=utf-8 | page=3
[DEBUG] [GD] page 3: 24 items
[DEBUG] [GD] HTTP 200 | CT=application/json; charset=utf-8 | page=4
[DEBUG] [GD] page 4: 24 items
[DEBUG] [GD] HTTP 200 | CT=application/json; charset=utf-8 | page=5
[DEBUG] [GD] page 5: 24 items
[DEBUG] [GD] total raw items before normalize: 120; unique kept: 112
[DEBUG] [GD] normalized rows: 112
[DEBUG] [GD] blocked by specialty/diesel filter: 102; passing: 10
[DEBUG] [Proxibid] parsed 30 rows across 1 page(s)
[DEBUG] [Renebates] found 54 events on index
[DEBUG] [Renebates] event: City Of Plano, Texas secs=90835
[DEBUG] [Renebates] City Of Plano, Texas -> 3 lots via https://renebates.com/a_list_2.php?id=265&cat=all
[DEBUG] [Renebates] event: Tatum Independent School District - Tatum, Texas secs=94433
[DEBUG] [Renebates] Tatum Independent School District - Tatum, Texas -> 6 lots via https://renebates.com/a_list_2.php?id=117&cat=all
[DEBUG] [DEBUG] collected 18 listings from all sites (after filter)
[DEBUG] [GD] HTTP 200 | CT=application/json; charset=utf-8 | page=1
[DEBUG] [GD] page 1: 24 items
[DEBUG] [GD] HTTP 200 | CT=application/json; charset=utf-8 | page=2
[DEBUG] [GD] page 2: 24 items
[DEBUG] [GD] HTTP 200 | CT=application/json; charset=utf-8 | page=3
[DEBUG] [GD] page 3: 24 items
[DEBUG] [GD] HTTP 200 | CT=application/json; charset=utf-8 | page=4
[DEBUG] [GD] page 4: 24 items
[DEBUG] [GD] HTTP 200 | CT=application/json; charset=utf-8 | page=5
[DEBUG] [GD] page 5: 24 items
[DEBUG] [GD] total raw items before normalize: 120; unique kept: 112
[DEBUG] [GD] normalized rows: 112
[DEBUG] [GD] blocked by specialty/diesel filter: 102; passing: 10
[DEBUG] [Proxibid] parsed 30 rows across 1 page(s)
[DEBUG] [Renebates] found 54 events on index
[DEBUG] [Renebates] event: City Of Plano, Texas secs=90196
[DEBUG] [Renebates] City Of Plano, Texas -> 3 lots via https://renebates.com/a_list_2.php?id=265&cat=all
[DEBUG] [Renebates] event: Tatum Independent School District - Tatum, Texas secs=93792
[DEBUG] [Renebates] Tatum Independent School District - Tatum, Texas -> 6 lots via https://renebates.com/a_list_2.php?id=117&cat=all
[DEBUG] [DEBUG] collected 18 listings from all sites (after filter)
[DEBUG] [GD] HTTP 200 | CT=application/json; charset=utf-8 | page=1
[DEBUG] [GD] page 1: 24 items
[DEBUG] [GD] HTTP 200 | CT=application/json; charset=utf-8 | page=2
[DEBUG] [GD] page 2: 24 items
[DEBUG] [GD] HTTP 200 | CT=application/json; charset=utf-8 | page=3
[DEBUG] [GD] page 3: 24 items
[DEBUG] [GD] HTTP 200 | CT=application/json; charset=utf-8 | page=4
[DEBUG] [GD] page 4: 24 items
[DEBUG] [GD] HTTP 200 | CT=application/json; charset=utf-8 | page=5
[DEBUG] [GD] page 5: 24 items
[DEBUG] [GD] total raw items before normalize: 120; unique kept: 111
[DEBUG] [GD] normalized rows: 111
[DEBUG] [GD] blocked by specialty/diesel filter: 101; passing: 10
[DEBUG] [Proxibid] parsed 30 rows across 1 page(s)
[DEBUG] [Renebates] found 54 events on index
[DEBUG] [Renebates] event: City Of Plano, Texas secs=89557
[DEBUG] [Renebates] City Of Plano, Texas -> 3 lots via https://renebates.com/a_list_2.php?id=265&cat=all
[DEBUG] [Renebates] event: Tatum Independent School District - Tatum, Texas secs=93152
[DEBUG] [Renebates] Tatum Independent School District - Tatum, Texas -> 6 lots via https://renebates.com/a_list_2.php?id=117&cat=all
[DEBUG] [DEBUG] collected 18 listings from all sites (after filter)
❌ Digest SMS failed: HTTP 401 error: Unable to create record: Authenticate
📬 Daily digest SMS sent.
[DEBUG] [GD] HTTP 200 | CT=application/json; charset=utf-8 | page=1
[DEBUG] [GD] page 1: 24 items
[DEBUG] [GD] HTTP 200 | CT=application/json; charset=utf-8 | page=2
[DEBUG] [GD] page 2: 24 items
[DEBUG] [GD] HTTP 200 | CT=application/json; charset=utf-8 | page=3
[DEBUG] [GD] page 3: 24 items
[DEBUG] [GD] HTTP 200 | CT=application/json; charset=utf-8 | page=4
[DEBUG] [GD] page 4: 24 items
[DEBUG] [GD] HTTP 200 | CT=application/json; charset=utf-8 | page=5
[DEBUG] [GD] page 5: 24 items
[DEBUG] [GD] total raw items before normalize: 120; unique kept: 111
[DEBUG] [GD] normalized rows: 111
[DEBUG] [GD] blocked by specialty/diesel filter: 101; passing: 10
[DEBUG] [Proxibid] parsed 30 rows across 1 page(s)
[DEBUG] [Renebates] found 54 events on index
[DEBUG] [Renebates] event: City Of Plano, Texas secs=88905
[DEBUG] [Renebates] City Of Plano, Texas -> 3 lots via https://renebates.com/a_list_2.php?id=265&cat=all
[DEBUG] [Renebates] event: Tatum Independent School District - Tatum, Texas secs=92502
[DEBUG] [Renebates] Tatum Independent School District - Tatum, Texas -> 6 lots via https://renebates.com/a_list_2.php?id=117&cat=all
[DEBUG] [DEBUG] collected 18 listings from all sites (after filter)
[DEBUG] [GD] HTTP 200 | CT=application/json; charset=utf-8 | page=1
[DEBUG] [GD] page 1: 24 items
[DEBUG] [GD] HTTP 200 | CT=application/json; charset=utf-8 | page=2
[DEBUG] [GD] page 2: 24 items
[DEBUG] [GD] HTTP 200 | CT=application/json; charset=utf-8 | page=3
[DEBUG] [GD] page 3: 24 items
[DEBUG] [GD] HTTP 200 | CT=application/json; charset=utf-8 | page=4
[DEBUG] [GD] page 4: 24 items
[DEBUG] [GD] HTTP 200 | CT=application/json; charset=utf-8 | page=5
[DEBUG] [GD] page 5: 24 items
[DEBUG] [GD] total raw items before normalize: 120; unique kept: 111
[DEBUG] [GD] normalized rows: 111
[DEBUG] [GD] blocked by specialty/diesel filter: 101; passing: 10
[DEBUG] [Proxibid] parsed 30 rows across 1 page(s)
[DEBUG] [Renebates] found 54 events on index
[DEBUG] [Renebates] event: City Of Plano, Texas secs=88253
[DEBUG] [Renebates] City Of Plano, Texas -> 3 lots via https://renebates.com/a_list_2.php?id=265&cat=all
[DEBUG] [Renebates] event: Tatum Independent School District - Tatum, Texas secs=91850
[DEBUG] [Renebates] Tatum Independent School District - Tatum, Texas -> 6 lots via https://renebates.com/a_list_2.php?id=117&cat=all
[DEBUG] [DEBUG] collected 18 listings from all sites (after filter)
[DEBUG] [GD] HTTP 200 | CT=application/json; charset=utf-8 | page=1
[DEBUG] [GD] page 1: 24 items
[DEBUG] [GD] HTTP 200 | CT=application/json; charset=utf-8 | page=2
[DEBUG] [GD] page 2: 24 items
[DEBUG] [GD] HTTP 200 | CT=application/json; charset=utf-8 | page=3
[DEBUG] [GD] page 3: 24 items
[DEBUG] [GD] HTTP 200 | CT=application/json; charset=utf-8 | page=4
[DEBUG] [GD] page 4: 24 items
[DEBUG] [GD] HTTP 200 | CT=application/json; charset=utf-8 | page=5
[DEBUG] [GD] page 5: 24 items
[DEBUG] [GD] total raw items before normalize: 120; unique kept: 110
[DEBUG] [GD] normalized rows: 110
[DEBUG] [GD] blocked by specialty/diesel filter: 100; passing: 10
[DEBUG] [Proxibid] parsed 30 rows across 1 page(s)
[DEBUG] [Renebates] found 54 events on index
[DEBUG] [Renebates] event: City Of Plano, Texas secs=87612
[DEBUG] [Renebates] City Of Plano, Texas -> 3 lots via https://renebates.com/a_list_2.php?id=265&cat=all
[DEBUG] [Renebates] event: Tatum Independent School District - Tatum, Texas secs=91209
[DEBUG] [Renebates] Tatum Independent School District - Tatum, Texas -> 6 lots via https://renebates.com/a_list_2.php?id=117&cat=all
[DEBUG] [DEBUG] collected 18 listings from all sites (after filter)
[DEBUG] [GD] HTTP 200 | CT=application/json; charset=utf-8 | page=1
[DEBUG] [GD] page 1: 24 items
[DEBUG] [GD] HTTP 200 | CT=application/json; charset=utf-8 | page=2
[DEBUG] [GD] page 2: 24 items
[DEBUG] [GD] HTTP 200 | CT=application/json; charset=utf-8 | page=3
[DEBUG] [GD] page 3: 24 items
[DEBUG] [GD] HTTP 200 | CT=application/json; charset=utf-8 | page=4
[DEBUG] [GD] page 4: 24 items
[DEBUG] [GD] HTTP 200 | CT=application/json; charset=utf-8 | page=5
[DEBUG] [GD] page 5: 24 items
[DEBUG] [GD] total raw items before normalize: 120; unique kept: 111
[DEBUG] [GD] normalized rows: 111
[DEBUG] [GD] blocked by specialty/diesel filter: 102; passing: 9
[DEBUG] [Proxibid] parsed 30 rows across 1 page(s)
[DEBUG] [Renebates] found 54 events on index
[DEBUG] [Renebates] event: City Of Plano, Texas secs=86958
[DEBUG] [Renebates] City Of Plano, Texas -> 3 lots via https://renebates.com/a_list_2.php?id=265&cat=all
[DEBUG] [Renebates] event: Tatum Independent School District - Tatum, Texas secs=90553
[DEBUG] [Renebates] Tatum Independent School District - Tatum, Texas -> 6 lots via https://renebates.com/a_list_2.php?id=117&cat=all
[DEBUG] [DEBUG] collected 17 listings from all sites (after filter)
[DEBUG] [GD] HTTP 200 | CT=application/json; charset=utf-8 | page=1
[DEBUG] [GD] page 1: 24 items
[DEBUG] [GD] HTTP 200 | CT=application/json; charset=utf-8 | page=2
[DEBUG] [GD] page 2: 24 items
[DEBUG] [GD] HTTP 200 | CT=application/json; charset=utf-8 | page=3
[DEBUG] [GD] page 3: 24 items
[DEBUG] [GD] HTTP 200 | CT=application/json; charset=utf-8 | page=4
[DEBUG] [GD] page 4: 24 items
[DEBUG] [GD] HTTP 200 | CT=application/json; charset=utf-8 | page=5
[DEBUG] [GD] page 5: 24 items
[DEBUG] [GD] total raw items before normalize: 120; unique kept: 111
[DEBUG] [GD] normalized rows: 111
[DEBUG] [GD] blocked by specialty/diesel filter: 102; passing: 9
[DEBUG] [Proxibid] parsed 30 rows across 1 page(s)
[DEBUG] [Renebates] found 54 events on index
[DEBUG] [Renebates] event: City Of Plano, Texas secs=86308
[DEBUG] [Renebates] City Of Plano, Texas -> 3 lots via https://renebates.com/a_list_2.php?id=265&cat=all
[DEBUG] [Renebates] event: Tatum Independent School District - Tatum, Texas secs=89906
[DEBUG] [Renebates] Tatum Independent School District - Tatum, Texas -> 6 lots via https://renebates.com/a_list_2.php?id=117&cat=all
[DEBUG] [DEBUG] collected 17 listings from all sites (after filter)
[DEBUG] [GD] HTTP 200 | CT=application/json; charset=utf-8 | page=1
[DEBUG] [GD] page 1: 24 items
[DEBUG] [GD] HTTP 200 | CT=application/json; charset=utf-8 | page=2
[DEBUG] [GD] page 2: 24 items
[DEBUG] [GD] HTTP 200 | CT=application/json; charset=utf-8 | page=3
[DEBUG] [GD] page 3: 24 items
[DEBUG] [GD] HTTP 200 | CT=application/json; charset=utf-8 | page=4
[DEBUG] [GD] page 4: 24 items
[DEBUG] [GD] HTTP 200 | CT=application/json; charset=utf-8 | page=5
[DEBUG] [GD] page 5: 24 items
[DEBUG] [GD] total raw items before normalize: 120; unique kept: 112
[DEBUG] [GD] normalized rows: 112
[DEBUG] [GD] blocked by specialty/diesel filter: 104; passing: 8
[DEBUG] [Proxibid] parsed 30 rows across 1 page(s)
[DEBUG] [Renebates] found 54 events on index
[DEBUG] [Renebates] event: City Of Plano, Texas secs=85652
[DEBUG] [Renebates] City Of Plano, Texas -> 3 lots via https://renebates.com/a_list_2.php?id=265&cat=all
[DEBUG] [Renebates] event: Tatum Independent School District - Tatum, Texas secs=89249
[DEBUG] [Renebates] Tatum Independent School District - Tatum, Texas -> 6 lots via https://renebates.com/a_list_2.php?id=117&cat=all
[DEBUG] [DEBUG] collected 16 listings from all sites (after filter)
[DEBUG] [GD] HTTP 200 | CT=application/json; charset=utf-8 | page=1
[DEBUG] [GD] page 1: 24 items
[DEBUG] [GD] HTTP 200 | CT=application/json; charset=utf-8 | page=2
[DEBUG] [GD] page 2: 24 items
[DEBUG] [GD] HTTP 200 | CT=application/json; charset=utf-8 | page=3
[DEBUG] [GD] page 3: 24 items
[DEBUG] [GD] HTTP 200 | CT=application/json; charset=utf-8 | page=4
[DEBUG] [GD] page 4: 24 items
[DEBUG] [GD] HTTP 200 | CT=application/json; charset=utf-8 | page=5
[DEBUG] [GD] page 5: 24 items
[DEBUG] [GD] total raw items before normalize: 120; unique kept: 112
[DEBUG] [GD] normalized rows: 112
[DEBUG] [GD] blocked by specialty/diesel filter: 104; passing: 8
[DEBUG] [Proxibid] parsed 30 rows across 1 page(s)
[DEBUG] [Renebates] found 54 events on index
[DEBUG] [Renebates] event: City Of Plano, Texas secs=85005
[DEBUG] [Renebates] City Of Plano, Texas -> 3 lots via https://renebates.com/a_list_2.php?id=265&cat=all
[DEBUG] [Renebates] event: Tatum Independent School District - Tatum, Texas secs=88601
[DEBUG] [Renebates] Tatum Independent School District - Tatum, Texas -> 6 lots via https://renebates.com/a_list_2.php?id=117&cat=all
[DEBUG] [DEBUG] collected 16 listings from all sites (after filter)
[DEBUG] [GD] HTTP 200 | CT=application/json; charset=utf-8 | page=1
[DEBUG] [GD] page 1: 24 items
[DEBUG] [GD] HTTP 200 | CT=application/json; charset=utf-8 | page=2
[DEBUG] [GD] page 2: 24 items
[DEBUG] [GD] HTTP 200 | CT=application/json; charset=utf-8 | page=3
[DEBUG] [GD] page 3: 24 items
[DEBUG] [GD] HTTP 200 | CT=application/json; charset=utf-8 | page=4
[DEBUG] [GD] page 4: 24 items
[DEBUG] [GD] HTTP 200 | CT=application/json; charset=utf-8 | page=5
[DEBUG] [GD] page 5: 24 items
[DEBUG] [GD] total raw items before normalize: 120; unique kept: 112
[DEBUG] [GD] normalized rows: 112
[DEBUG] [GD] blocked by specialty/diesel filter: 104; passing: 8
[DEBUG] [Proxibid] parsed 30 rows across 1 page(s)
[DEBUG] [Renebates] found 54 events on index
[DEBUG] [Renebates] event: City Of Plano, Texas secs=84352
[DEBUG] [Renebates] City Of Plano, Texas -> 3 lots via https://renebates.com/a_list_2.php?id=265&cat=all
[DEBUG] [Renebates] event: Tatum Independent School District - Tatum, Texas secs=87949
[DEBUG] [Renebates] Tatum Independent School District - Tatum, Texas -> 6 lots via https://renebates.com/a_list_2.php?id=117&cat=all
[DEBUG] [DEBUG] collected 16 listings from all sites (after filter)
[DEBUG] [GD] HTTP 200 | CT=application/json; charset=utf-8 | page=1
[DEBUG] [GD] page 1: 24 items
[DEBUG] [GD] HTTP 200 | CT=application/json; charset=utf-8 | page=2
[DEBUG] [GD] page 2: 24 items
[DEBUG] [GD] HTTP 200 | CT=application/json; charset=utf-8 | page=3
[DEBUG] [GD] page 3: 24 items
[DEBUG] [GD] HTTP 200 | CT=application/json; charset=utf-8 | page=4
[DEBUG] [GD] page 4: 24 items
[DEBUG] [GD] HTTP 200 | CT=application/json; charset=utf-8 | page=5
[DEBUG] [GD] page 5: 24 items
[DEBUG] [GD] total raw items before normalize: 120; unique kept: 112
[DEBUG] [GD] normalized rows: 112
[DEBUG] [GD] blocked by specialty/diesel filter: 104; passing: 8
[DEBUG] [Proxibid] parsed 30 rows across 1 page(s)
[DEBUG] [Renebates] found 54 events on index
[DEBUG] [Renebates] event: City Of Plano, Texas secs=83710
[DEBUG] [Renebates] City Of Plano, Texas -> 3 lots via https://renebates.com/a_list_2.php?id=265&cat=all
[DEBUG] [Renebates] event: Tatum Independent School District - Tatum, Texas secs=87306
[DEBUG] [Renebates] Tatum Independent School District - Tatum, Texas -> 6 lots via https://renebates.com/a_list_2.php?id=117&cat=all
[DEBUG] [DEBUG] collected 16 listings from all sites (after filter)
[DEBUG] [GD] HTTP 200 | CT=application/json; charset=utf-8 | page=1
[DEBUG] [GD] page 1: 24 items
[DEBUG] [GD] HTTP 200 | CT=application/json; charset=utf-8 | page=2
[DEBUG] [GD] page 2: 24 items
[DEBUG] [GD] HTTP 200 | CT=application/json; charset=utf-8 | page=3
[DEBUG] [GD] page 3: 24 items
[DEBUG] [GD] HTTP 200 | CT=application/json; charset=utf-8 | page=4
[DEBUG] [GD] page 4: 24 items
[DEBUG] [GD] HTTP 200 | CT=application/json; charset=utf-8 | page=5
[DEBUG] [GD] page 5: 24 items
[DEBUG] [GD] total raw items before normalize: 120; unique kept: 112
[DEBUG] [GD] normalized rows: 112
[DEBUG] [GD] blocked by specialty/diesel filter: 104; passing: 8
[DEBUG] [Proxibid] parsed 30 rows across 1 page(s)
[DEBUG] [Renebates] found 54 events on index
[DEBUG] [Renebates] event: City Of Plano, Texas secs=83058
[DEBUG] [Renebates] City Of Plano, Texas -> 3 lots via https://renebates.com/a_list_2.php?id=265&cat=all
[DEBUG] [Renebates] event: Tatum Independent School District - Tatum, Texas secs=86655
[DEBUG] [Renebates] Tatum Independent School District - Tatum, Texas -> 6 lots via https://renebates.com/a_list_2.php?id=117&cat=all
[DEBUG] [DEBUG] collected 16 listings from all sites (after filter)
[DEBUG] [GD] HTTP 200 | CT=application/json; charset=utf-8 | page=1
[DEBUG] [GD] page 1: 24 items
[DEBUG] [GD] HTTP 200 | CT=application/json; charset=utf-8 | page=2
[DEBUG] [GD] page 2: 24 items
[DEBUG] [GD] HTTP 200 | CT=application/json; charset=utf-8 | page=3
[DEBUG] [GD] page 3: 24 items
[DEBUG] [GD] HTTP 200 | CT=application/json; charset=utf-8 | page=4
[DEBUG] [GD] page 4: 24 items
[DEBUG] [GD] HTTP 200 | CT=application/json; charset=utf-8 | page=5
[DEBUG] [GD] page 5: 24 items
[DEBUG] [GD] total raw items before normalize: 120; unique kept: 112
[DEBUG] [GD] normalized rows: 112
[DEBUG] [GD] blocked by specialty/diesel filter: 104; passing: 8
[DEBUG] [Proxibid] parsed 30 rows across 1 page(s)
[DEBUG] [Renebates] found 54 events on index
[DEBUG] [Renebates] event: City Of Plano, Texas secs=82402
[DEBUG] [Renebates] City Of Plano, Texas -> 3 lots via https://renebates.com/a_list_2.php?id=265&cat=all
[DEBUG] [Renebates] event: Tatum Independent School District - Tatum, Texas secs=85999
[DEBUG] [Renebates] Tatum Independent School District - Tatum, Texas -> 6 lots via https://renebates.com/a_list_2.php?id=117&cat=all
[DEBUG] [DEBUG] collected 17 listings from all sites (after filter)
[DEBUG] [GD] HTTP 200 | CT=application/json; charset=utf-8 | page=1
[DEBUG] [GD] page 1: 24 items
[DEBUG] [GD] HTTP 200 | CT=application/json; charset=utf-8 | page=2
[DEBUG] [GD] page 2: 24 items
[DEBUG] [GD] HTTP 200 | CT=application/json; charset=utf-8 | page=3
[DEBUG] [GD] page 3: 24 items
[DEBUG] [GD] HTTP 200 | CT=application/json; charset=utf-8 | page=4
[DEBUG] [GD] page 4: 24 items
[DEBUG] [GD] HTTP 200 | CT=application/json; charset=utf-8 | page=5
[DEBUG] [GD] page 5: 24 items
[DEBUG] [GD] total raw items before normalize: 120; unique kept: 112
[DEBUG] [GD] normalized rows: 112
[DEBUG] [GD] blocked by specialty/diesel filter: 104; passing: 8
[DEBUG] [Proxibid] parsed 30 rows across 1 page(s)
[DEBUG] [Renebates] found 54 events on index
[DEBUG] [Renebates] event: City Of Plano, Texas secs=81749
[DEBUG] [Renebates] City Of Plano, Texas -> 3 lots via https://renebates.com/a_list_2.php?id=265&cat=all
[DEBUG] [Renebates] event: Tatum Independent School District - Tatum, Texas secs=85346
[DEBUG] [Renebates] Tatum Independent School District - Tatum, Texas -> 6 lots via https://renebates.com/a_list_2.php?id=117&cat=all
[DEBUG] [DEBUG] collected 17 listings from all sites (after filter)
[DEBUG] [GD] HTTP 200 | CT=application/json; charset=utf-8 | page=1
[DEBUG] [GD] page 1: 24 items
[DEBUG] [GD] HTTP 200 | CT=application/json; charset=utf-8 | page=2
[DEBUG] [GD] page 2: 24 items
[DEBUG] [GD] HTTP 200 | CT=application/json; charset=utf-8 | page=3
[DEBUG] [GD] page 3: 24 items
[DEBUG] [GD] HTTP 200 | CT=application/json; charset=utf-8 | page=4
[DEBUG] [GD] page 4: 24 items
[DEBUG] [GD] HTTP 200 | CT=application/json; charset=utf-8 | page=5
[DEBUG] [GD] page 5: 24 items
[DEBUG] [GD] total raw items before normalize: 120; unique kept: 112
[DEBUG] [GD] normalized rows: 112
[DEBUG] [GD] blocked by specialty/diesel filter: 104; passing: 8
[DEBUG] [Proxibid] parsed 30 rows across 1 page(s)
[DEBUG] [Renebates] found 54 events on index
[DEBUG] [Renebates] event: City Of Plano, Texas secs=81098
[DEBUG] [Renebates] City Of Plano, Texas -> 3 lots via https://renebates.com/a_list_2.php?id=265&cat=all
[DEBUG] [Renebates] event: Tatum Independent School District - Tatum, Texas secs=84695
[DEBUG] [Renebates] Tatum Independent School District - Tatum, Texas -> 6 lots via https://renebates.com/a_list_2.php?id=117&cat=all
[DEBUG] [DEBUG] collected 17 listings from all sites (after filter)
[DEBUG] [GD] HTTP 200 | CT=application/json; charset=utf-8 | page=1
[DEBUG] [GD] page 1: 24 items
[DEBUG] [GD] HTTP 200 | CT=application/json; charset=utf-8 | page=2
[DEBUG] [GD] page 2: 24 items
[DEBUG] [GD] HTTP 200 | CT=application/json; charset=utf-8 | page=3
[DEBUG] [GD] page 3: 24 items
[DEBUG] [GD] HTTP 200 | CT=application/json; charset=utf-8 | page=4
[DEBUG] [GD] page 4: 24 items
[DEBUG] [GD] HTTP 200 | CT=application/json; charset=utf-8 | page=5
[DEBUG] [GD] page 5: 24 items
[DEBUG] [GD] total raw items before normalize: 120; unique kept: 112
[DEBUG] [GD] normalized rows: 112
[DEBUG] [GD] blocked by specialty/diesel filter: 103; passing: 9
[DEBUG] [Proxibid] parsed 30 rows across 1 page(s)
[DEBUG] [Renebates] found 54 events on index
[DEBUG] [Renebates] event: City Of Plano, Texas secs=80443
[DEBUG] [Renebates] City Of Plano, Texas -> 3 lots via https://renebates.com/a_list_2.php?id=265&cat=all
[DEBUG] [Renebates] event: Tatum Independent School District - Tatum, Texas secs=84039
[DEBUG] [Renebates] Tatum Independent School District - Tatum, Texas -> 6 lots via https://renebates.com/a_list_2.php?id=117&cat=all
[DEBUG] [DEBUG] collected 18 listings from all sites (after filter)
[DEBUG] [GD] HTTP 200 | CT=application/json; charset=utf-8 | page=1
[DEBUG] [GD] page 1: 24 items
[DEBUG] [GD] HTTP 200 | CT=application/json; charset=utf-8 | page=2
[DEBUG] [GD] page 2: 24 items
[DEBUG] [GD] HTTP 200 | CT=application/json; charset=utf-8 | page=3
[DEBUG] [GD] page 3: 24 items
[DEBUG] [GD] HTTP 200 | CT=application/json; charset=utf-8 | page=4
[DEBUG] [GD] page 4: 24 items
[DEBUG] [GD] HTTP 200 | CT=application/json; charset=utf-8 | page=5
[DEBUG] [GD] page 5: 24 items
[DEBUG] [GD] total raw items before normalize: 120; unique kept: 112
[DEBUG] [GD] normalized rows: 112
[DEBUG] [GD] blocked by specialty/diesel filter: 103; passing: 9
[DEBUG] [Proxibid] parsed 30 rows across 1 page(s)
[DEBUG] [Renebates] found 54 events on index
[DEBUG] [Renebates] event: City Of Plano, Texas secs=79803
[DEBUG] [Renebates] City Of Plano, Texas -> 3 lots via https://renebates.com/a_list_2.php?id=265&cat=all
[DEBUG] [Renebates] event: Tatum Independent School District - Tatum, Texas secs=83399
[DEBUG] [Renebates] Tatum Independent School District - Tatum, Texas -> 6 lots via https://renebates.com/a_list_2.php?id=117&cat=all
[DEBUG] [DEBUG] collected 18 listings from all sites (after filter)
[DEBUG] [GD] HTTP 200 | CT=application/json; charset=utf-8 | page=1
[DEBUG] [GD] page 1: 24 items
[DEBUG] [GD] HTTP 200 | CT=application/json; charset=utf-8 | page=2
[DEBUG] [GD] page 2: 24 items
[DEBUG] [GD] HTTP 200 | CT=application/json; charset=utf-8 | page=3
[DEBUG] [GD] page 3: 24 items
[DEBUG] [GD] HTTP 200 | CT=application/json; charset=utf-8 | page=4
[DEBUG] [GD] page 4: 24 items
[DEBUG] [GD] HTTP 200 | CT=application/json; charset=utf-8 | page=5
[DEBUG] [GD] page 5: 24 items
[DEBUG] [GD] total raw items before normalize: 120; unique kept: 112
[DEBUG] [GD] normalized rows: 112
[DEBUG] [GD] blocked by specialty/diesel filter: 103; passing: 9
[DEBUG] [Proxibid] parsed 30 rows across 1 page(s)
[DEBUG] [Renebates] found 54 events on index
[DEBUG] [Renebates] event: City Of Plano, Texas secs=79144
[DEBUG] [Renebates] City Of Plano, Texas -> 3 lots via https://renebates.com/a_list_2.php?id=265&cat=all
[DEBUG] [Renebates] event: Tatum Independent School District - Tatum, Texas secs=82741
[DEBUG] [Renebates] Tatum Independent School District - Tatum, Texas -> 6 lots via https://renebates.com/a_list_2.php?id=117&cat=all
[DEBUG] [DEBUG] collected 18 listings from all sites (after filter)
[DEBUG] [GD] HTTP 200 | CT=application/json; charset=utf-8 | page=1
[DEBUG] [GD] page 1: 24 items
[DEBUG] [GD] HTTP 200 | CT=application/json; charset=utf-8 | page=2
[DEBUG] [GD] page 2: 24 items
[DEBUG] [GD] HTTP 200 | CT=application/json; charset=utf-8 | page=3
[DEBUG] [GD] page 3: 24 items
[DEBUG] [GD] HTTP 200 | CT=application/json; charset=utf-8 | page=4
[DEBUG] [GD] page 4: 24 items
[DEBUG] [GD] HTTP 200 | CT=application/json; charset=utf-8 | page=5
[DEBUG] [GD] page 5: 24 items
[DEBUG] [GD] total raw items before normalize: 120; unique kept: 112
[DEBUG] [GD] normalized rows: 112
[DEBUG] [GD] blocked by specialty/diesel filter: 103; passing: 9
[DEBUG] [Proxibid] parsed 30 rows across 1 page(s)
[DEBUG] [Renebates] found 54 events on index
[DEBUG] [Renebates] event: City Of Plano, Texas secs=78493
[DEBUG] [Renebates] City Of Plano, Texas -> 3 lots via https://renebates.com/a_list_2.php?id=265&cat=all
[DEBUG] [Renebates] event: Tatum Independent School District - Tatum, Texas secs=82090
[DEBUG] [Renebates] Tatum Independent School District - Tatum, Texas -> 6 lots via https://renebates.com/a_list_2.php?id=117&cat=all
[DEBUG] [DEBUG] collected 18 listings from all sites (after filter)
[DEBUG] [GD] HTTP 200 | CT=application/json; charset=utf-8 | page=1
[DEBUG] [GD] page 1: 24 items
[DEBUG] [GD] HTTP 200 | CT=application/json; charset=utf-8 | page=2
[DEBUG] [GD] page 2: 24 items
[DEBUG] [GD] HTTP 200 | CT=application/json; charset=utf-8 | page=3
[DEBUG] [GD] page 3: 24 items
[DEBUG] [GD] HTTP 200 | CT=application/json; charset=utf-8 | page=4
[DEBUG] [GD] page 4: 24 items
[DEBUG] [GD] HTTP 200 | CT=application/json; charset=utf-8 | page=5
[DEBUG] [GD] page 5: 24 items
[DEBUG] [GD] total raw items before normalize: 120; unique kept: 112
[DEBUG] [GD] normalized rows: 112
[DEBUG] [GD] blocked by specialty/diesel filter: 103; passing: 9
[DEBUG] [Proxibid] parsed 30 rows across 1 page(s)
[DEBUG] [Renebates] found 54 events on index
[DEBUG] [Renebates] event: City Of Plano, Texas secs=77847
[DEBUG] [Renebates] City Of Plano, Texas -> 3 lots via https://renebates.com/a_list_2.php?id=265&cat=all
[DEBUG] [Renebates] event: Tatum Independent School District - Tatum, Texas secs=81444
[DEBUG] [Renebates] Tatum Independent School District - Tatum, Texas -> 6 lots via https://renebates.com/a_list_2.php?id=117&cat=all
[DEBUG] [DEBUG] collected 18 listings from all sites (after filter)
[DEBUG] [GD] HTTP 200 | CT=application/json; charset=utf-8 | page=1
[DEBUG] [GD] page 1: 24 items
[DEBUG] [GD] HTTP 200 | CT=application/json; charset=utf-8 | page=2
[DEBUG] [GD] page 2: 24 items
[DEBUG] [GD] HTTP 200 | CT=application/json; charset=utf-8 | page=3
[DEBUG] [GD] page 3: 24 items
[DEBUG] [GD] HTTP 200 | CT=application/json; charset=utf-8 | page=4
[DEBUG] [GD] page 4: 24 items
[DEBUG] [GD] HTTP 200 | CT=application/json; charset=utf-8 | page=5
[DEBUG] [GD] page 5: 24 items
[DEBUG] [GD] total raw items before normalize: 120; unique kept: 112
[DEBUG] [GD] normalized rows: 112
[DEBUG] [GD] blocked by specialty/diesel filter: 103; passing: 9
[DEBUG] [Proxibid] parsed 30 rows across 1 page(s)
[DEBUG] [Renebates] found 54 events on index
[DEBUG] [Renebates] event: City Of Plano, Texas secs=77201
[DEBUG] [Renebates] City Of Plano, Texas -> 3 lots via https://renebates.com/a_list_2.php?id=265&cat=all
[DEBUG] [Renebates] event: Tatum Independent School District - Tatum, Texas secs=80798
[DEBUG] [Renebates] Tatum Independent School District - Tatum, Texas -> 6 lots via https://renebates.com/a_list_2.php?id=117&cat=all
[DEBUG] [DEBUG] collected 18 listings from all sites (after filter)
[DEBUG] [GD] HTTP 200 | CT=application/json; charset=utf-8 | page=1
[DEBUG] [GD] page 1: 24 items
[DEBUG] [GD] HTTP 200 | CT=application/json; charset=utf-8 | page=2
[DEBUG] [GD] page 2: 24 items
[DEBUG] [GD] HTTP 200 | CT=application/json; charset=utf-8 | page=3
[DEBUG] [GD] page 3: 24 items
[DEBUG] [GD] HTTP 200 | CT=application/json; charset=utf-8 | page=4
[DEBUG] [GD] page 4: 24 items
[DEBUG] [GD] HTTP 200 | CT=application/json; charset=utf-8 | page=5
[DEBUG] [GD] page 5: 24 items
[DEBUG] [GD] total raw items before normalize: 120; unique kept: 112
[DEBUG] [GD] normalized rows: 112
[DEBUG] [GD] blocked by specialty/diesel filter: 103; passing: 9
[DEBUG] [Proxibid] parsed 30 rows across 1 page(s)
[DEBUG] [Renebates] found 54 events on index
[DEBUG] [Renebates] event: City Of Plano, Texas secs=76557
[DEBUG] [Renebates] City Of Plano, Texas -> 3 lots via https://renebates.com/a_list_2.php?id=265&cat=all
[DEBUG] [Renebates] event: Tatum Independent School District - Tatum, Texas secs=80154
[DEBUG] [Renebates] Tatum Independent School District - Tatum, Texas -> 6 lots via https://renebates.com/a_list_2.php?id=117&cat=all
[DEBUG] [DEBUG] collected 18 listings from all sites (after filter)
[DEBUG] [GD] HTTP 200 | CT=application/json; charset=utf-8 | page=1
[DEBUG] [GD] page 1: 24 items
[DEBUG] [GD] HTTP 200 | CT=application/json; charset=utf-8 | page=2
[DEBUG] [GD] page 2: 24 items
[DEBUG] [GD] HTTP 200 | CT=application/json; charset=utf-8 | page=3
[DEBUG] [GD] page 3: 24 items
[DEBUG] [GD] HTTP 200 | CT=application/json; charset=utf-8 | page=4
[DEBUG] [GD] page 4: 24 items
[DEBUG] [GD] HTTP 200 | CT=application/json; charset=utf-8 | page=5
[DEBUG] [GD] page 5: 24 items
[DEBUG] [GD] total raw items before normalize: 120; unique kept: 112
[DEBUG] [GD] normalized rows: 112
[DEBUG] [GD] blocked by specialty/diesel filter: 103; passing: 9
[DEBUG] [Proxibid] parsed 30 rows across 1 page(s)
[DEBUG] [Renebates] found 54 events on index
[DEBUG] [Renebates] event: City Of Plano, Texas secs=75902
[DEBUG] [Renebates] City Of Plano, Texas -> 3 lots via https://renebates.com/a_list_2.php?id=265&cat=all
[DEBUG] [Renebates] event: Tatum Independent School District - Tatum, Texas secs=79498
[DEBUG] [Renebates] Tatum Independent School District - Tatum, Texas -> 6 lots via https://renebates.com/a_list_2.php?id=117&cat=all
[DEBUG] [DEBUG] collected 18 listings from all sites (after filter)
[DEBUG] [GD] HTTP 200 | CT=application/json; charset=utf-8 | page=1
[DEBUG] [GD] page 1: 24 items
[DEBUG] [GD] HTTP 200 | CT=application/json; charset=utf-8 | page=2
[DEBUG] [GD] page 2: 24 items
[DEBUG] [GD] HTTP 200 | CT=application/json; charset=utf-8 | page=3
[DEBUG] [GD] page 3: 24 items
[DEBUG] [GD] HTTP 200 | CT=application/json; charset=utf-8 | page=4
[DEBUG] [GD] page 4: 24 items
[DEBUG] [GD] HTTP 200 | CT=application/json; charset=utf-8 | page=5
[DEBUG] [GD] page 5: 24 items
[DEBUG] [GD] total raw items before normalize: 120; unique kept: 111
[DEBUG] [GD] normalized rows: 111
[DEBUG] [GD] blocked by specialty/diesel filter: 103; passing: 8
[DEBUG] [Proxibid] parsed 30 rows across 1 page(s)
[DEBUG] [Renebates] found 54 events on index
[DEBUG] [Renebates] event: City Of Plano, Texas secs=75247
[DEBUG] [Renebates] City Of Plano, Texas -> 3 lots via https://renebates.com/a_list_2.php?id=265&cat=all
[DEBUG] [Renebates] event: Tatum Independent School District - Tatum, Texas secs=78843
[DEBUG] [Renebates] Tatum Independent School District - Tatum, Texas -> 6 lots via https://renebates.com/a_list_2.php?id=117&cat=all
[DEBUG] [DEBUG] collected 17 listings from all sites (after filter)
[DEBUG] [GD] HTTP 200 | CT=application/json; charset=utf-8 | page=1
[DEBUG] [GD] page 1: 24 items
[DEBUG] [GD] HTTP 200 | CT=application/json; charset=utf-8 | page=2
[DEBUG] [GD] page 2: 24 items
[DEBUG] [GD] HTTP 200 | CT=application/json; charset=utf-8 | page=3
[DEBUG] [GD] page 3: 24 items
[DEBUG] [GD] HTTP 200 | CT=application/json; charset=utf-8 | page=4
[DEBUG] [GD] page 4: 24 items
[DEBUG] [GD] HTTP 200 | CT=application/json; charset=utf-8 | page=5
[DEBUG] [GD] page 5: 24 items
[DEBUG] [GD] total raw items before normalize: 120; unique kept: 112
[DEBUG] [GD] normalized rows: 112
[DEBUG] [GD] blocked by specialty/diesel filter: 103; passing: 9
[DEBUG] [Proxibid] parsed 30 rows across 1 page(s)
[DEBUG] [Renebates] found 54 events on index
[DEBUG] [Renebates] event: City Of Plano, Texas secs=74597
[DEBUG] [Renebates] City Of Plano, Texas -> 3 lots via https://renebates.com/a_list_2.php?id=265&cat=all
[DEBUG] [Renebates] event: Tatum Independent School District - Tatum, Texas secs=78192
[DEBUG] [Renebates] Tatum Independent School District - Tatum, Texas -> 6 lots via https://renebates.com/a_list_2.php?id=117&cat=all
[DEBUG] [DEBUG] collected 18 listings from all sites (after filter)
[DEBUG] [GD] HTTP 200 | CT=application/json; charset=utf-8 | page=1
[DEBUG] [GD] page 1: 24 items
[DEBUG] [GD] HTTP 200 | CT=application/json; charset=utf-8 | page=2
[DEBUG] [GD] page 2: 24 items
[DEBUG] [GD] HTTP 200 | CT=application/json; charset=utf-8 | page=3
[DEBUG] [GD] page 3: 24 items
[DEBUG] [GD] HTTP 200 | CT=application/json; charset=utf-8 | page=4
[DEBUG] [GD] page 4: 24 items
[DEBUG] [GD] HTTP 200 | CT=application/json; charset=utf-8 | page=5
[DEBUG] [GD] page 5: 24 items
[DEBUG] [GD] total raw items before normalize: 120; unique kept: 112
[DEBUG] [GD] normalized rows: 112
[DEBUG] [GD] blocked by specialty/diesel filter: 103; passing: 9
[DEBUG] [Proxibid] parsed 30 rows across 1 page(s)
[DEBUG] [Renebates] found 54 events on index
[DEBUG] [Renebates] event: City Of Plano, Texas secs=73949
[DEBUG] [Renebates] City Of Plano, Texas -> 3 lots via https://renebates.com/a_list_2.php?id=265&cat=all
[DEBUG] [Renebates] event: Tatum Independent School District - Tatum, Texas secs=77546
[DEBUG] [Renebates] Tatum Independent School District - Tatum, Texas -> 6 lots via https://renebates.com/a_list_2.php?id=117&cat=all
[DEBUG] [DEBUG] collected 18 listings from all sites (after filter)
[DEBUG] [GD] HTTP 200 | CT=application/json; charset=utf-8 | page=1
[DEBUG] [GD] page 1: 24 items
[DEBUG] [GD] HTTP 200 | CT=application/json; charset=utf-8 | page=2
[DEBUG] [GD] page 2: 24 items
[DEBUG] [GD] HTTP 200 | CT=application/json; charset=utf-8 | page=3
[DEBUG] [GD] page 3: 24 items
[DEBUG] [GD] HTTP 200 | CT=application/json; charset=utf-8 | page=4
[DEBUG] [GD] page 4: 24 items
[DEBUG] [GD] HTTP 200 | CT=application/json; charset=utf-8 | page=5
[DEBUG] [GD] page 5: 24 items
[DEBUG] [GD] total raw items before normalize: 120; unique kept: 111
[DEBUG] [GD] normalized rows: 111
[DEBUG] [GD] blocked by specialty/diesel filter: 102; passing: 9
[DEBUG] [Proxibid] parsed 30 rows across 1 page(s)
[DEBUG] [Renebates] found 54 events on index
[DEBUG] [Renebates] event: City Of Plano, Texas secs=73309
[DEBUG] [Renebates] City Of Plano, Texas -> 3 lots via https://renebates.com/a_list_2.php?id=265&cat=all
[DEBUG] [Renebates] event: Tatum Independent School District - Tatum, Texas secs=76906
[DEBUG] [Renebates] Tatum Independent School District - Tatum, Texas -> 6 lots via https://renebates.com/a_list_2.php?id=117&cat=all
[DEBUG] [DEBUG] collected 18 listings from all sites (after filter)
[DEBUG] [GD] HTTP 200 | CT=application/json; charset=utf-8 | page=1
[DEBUG] [GD] page 1: 24 items
[DEBUG] [GD] HTTP 200 | CT=application/json; charset=utf-8 | page=2
[DEBUG] [GD] page 2: 24 items
[DEBUG] [GD] HTTP 200 | CT=application/json; charset=utf-8 | page=3
[DEBUG] [GD] page 3: 24 items
[DEBUG] [GD] HTTP 200 | CT=application/json; charset=utf-8 | page=4
[DEBUG] [GD] page 4: 24 items
[DEBUG] [GD] HTTP 200 | CT=application/json; charset=utf-8 | page=5
[DEBUG] [GD] page 5: 24 items
[DEBUG] [GD] total raw items before normalize: 120; unique kept: 111
[DEBUG] [GD] normalized rows: 111
[DEBUG] [GD] blocked by specialty/diesel filter: 102; passing: 9
[DEBUG] [Proxibid] parsed 30 rows across 1 page(s)
[DEBUG] [Renebates] found 54 events on index
[DEBUG] [Renebates] event: City Of Plano, Texas secs=72662
[DEBUG] [Renebates] City Of Plano, Texas -> 3 lots via https://renebates.com/a_list_2.php?id=265&cat=all
[DEBUG] [Renebates] event: Tatum Independent School District - Tatum, Texas secs=76259
[DEBUG] [Renebates] Tatum Independent School District - Tatum, Texas -> 6 lots via https://renebates.com/a_list_2.php?id=117&cat=all
[DEBUG] [DEBUG] collected 18 listings from all sites (after filter)
[DEBUG] [GD] HTTP 200 | CT=application/json; charset=utf-8 | page=1
[DEBUG] [GD] page 1: 24 items
[DEBUG] [GD] HTTP 200 | CT=application/json; charset=utf-8 | page=2
[DEBUG] [GD] page 2: 24 items
[DEBUG] [GD] HTTP 200 | CT=application/json; charset=utf-8 | page=3
[DEBUG] [GD] page 3: 24 items
[DEBUG] [GD] HTTP 200 | CT=application/json; charset=utf-8 | page=4
[DEBUG] [GD] page 4: 24 items
[DEBUG] [GD] HTTP 200 | CT=application/json; charset=utf-8 | page=5
[DEBUG] [GD] page 5: 24 items
[DEBUG] [GD] total raw items before normalize: 120; unique kept: 113
[DEBUG] [GD] normalized rows: 113
[DEBUG] [GD] blocked by specialty/diesel filter: 103; passing: 10
[DEBUG] [Proxibid] parsed 30 rows across 1 page(s)
[DEBUG] [Renebates] found 54 events on index
[DEBUG] [Renebates] event: City Of Plano, Texas secs=72010
[DEBUG] [Renebates] City Of Plano, Texas -> 3 lots via https://renebates.com/a_list_2.php?id=265&cat=all
[DEBUG] [Renebates] event: Tatum Independent School District - Tatum, Texas secs=75607
[DEBUG] [Renebates] Tatum Independent School District - Tatum, Texas -> 6 lots via https://renebates.com/a_list_2.php?id=117&cat=all
[DEBUG] [DEBUG] collected 19 listings from all sites (after filter)
[DEBUG] [GD] HTTP 200 | CT=application/json; charset=utf-8 | page=1
[DEBUG] [GD] page 1: 24 items
[DEBUG] [GD] HTTP 200 | CT=application/json; charset=utf-8 | page=2
[DEBUG] [GD] page 2: 24 items
[DEBUG] [GD] HTTP 200 | CT=application/json; charset=utf-8 | page=3
[DEBUG] [GD] page 3: 24 items
[DEBUG] [GD] HTTP 200 | CT=application/json; charset=utf-8 | page=4
[DEBUG] [GD] page 4: 24 items
[DEBUG] [GD] HTTP 200 | CT=application/json; charset=utf-8 | page=5
[DEBUG] [GD] page 5: 24 items
[DEBUG] [GD] total raw items before normalize: 120; unique kept: 115
[DEBUG] [GD] normalized rows: 115
[DEBUG] [GD] blocked by specialty/diesel filter: 106; passing: 9
[DEBUG] [Proxibid] parsed 30 rows across 1 page(s)
[DEBUG] [Renebates] found 54 events on index
[DEBUG] [Renebates] event: City Of Plano, Texas secs=71358
[DEBUG] [Renebates] City Of Plano, Texas -> 3 lots via https://renebates.com/a_list_2.php?id=265&cat=all
[DEBUG] [Renebates] event: Tatum Independent School District - Tatum, Texas secs=74955
[DEBUG] [Renebates] Tatum Independent School District - Tatum, Texas -> 6 lots via https://renebates.com/a_list_2.php?id=117&cat=all
[DEBUG] [DEBUG] collected 18 listings from all sites (after filter)
[DEBUG] [GD] HTTP 200 | CT=application/json; charset=utf-8 | page=1
[DEBUG] [GD] page 1: 24 items
[DEBUG] [GD] HTTP 200 | CT=application/json; charset=utf-8 | page=2
[DEBUG] [GD] page 2: 24 items
[DEBUG] [GD] HTTP 200 | CT=application/json; charset=utf-8 | page=3
[DEBUG] [GD] page 3: 24 items
[DEBUG] [GD] HTTP 200 | CT=application/json; charset=utf-8 | page=4
[DEBUG] [GD] page 4: 24 items
[DEBUG] [GD] HTTP 200 | CT=application/json; charset=utf-8 | page=5
[DEBUG] [GD] page 5: 24 items
[DEBUG] [GD] total raw items before normalize: 120; unique kept: 114
[DEBUG] [GD] normalized rows: 114
[DEBUG] [GD] blocked by specialty/diesel filter: 105; passing: 9
[DEBUG] [Proxibid] parsed 30 rows across 1 page(s)
[DEBUG] [Renebates] found 54 events on index
[DEBUG] [Renebates] event: City Of Plano, Texas secs=70711
[DEBUG] [Renebates] City Of Plano, Texas -> 3 lots via https://renebates.com/a_list_2.php?id=265&cat=all
[DEBUG] [Renebates] event: Tatum Independent School District - Tatum, Texas secs=74308
[DEBUG] [Renebates] Tatum Independent School District - Tatum, Texas -> 6 lots via https://renebates.com/a_list_2.php?id=117&cat=all
[DEBUG] [DEBUG] collected 18 listings from all sites (after filter)
[DEBUG] [GD] HTTP 200 | CT=application/json; charset=utf-8 | page=1
[DEBUG] [GD] page 1: 24 items
[DEBUG] [GD] HTTP 200 | CT=application/json; charset=utf-8 | page=2
[DEBUG] [GD] page 2: 24 items
[DEBUG] [GD] HTTP 200 | CT=application/json; charset=utf-8 | page=3
[DEBUG] [GD] page 3: 24 items
[DEBUG] [GD] HTTP 200 | CT=application/json; charset=utf-8 | page=4
[DEBUG] [GD] page 4: 24 items
[DEBUG] [GD] HTTP 200 | CT=application/json; charset=utf-8 | page=5
[DEBUG] [GD] page 5: 24 items
[DEBUG] [GD] total raw items before normalize: 120; unique kept: 114
[DEBUG] [GD] normalized rows: 114
[DEBUG] [GD] blocked by specialty/diesel filter: 106; passing: 8
[DEBUG] [Proxibid] parsed 30 rows across 1 page(s)
[DEBUG] [Renebates] found 54 events on index
[DEBUG] [Renebates] event: City Of Plano, Texas secs=70062
[DEBUG] [Renebates] City Of Plano, Texas -> 3 lots via https://renebates.com/a_list_2.php?id=265&cat=all
[DEBUG] [Renebates] event: Tatum Independent School District - Tatum, Texas secs=73660
[DEBUG] [Renebates] Tatum Independent School District - Tatum, Texas -> 6 lots via https://renebates.com/a_list_2.php?id=117&cat=all
[DEBUG] [DEBUG] collected 17 listings from all sites (after filter)
[DEBUG] [GD] HTTP 200 | CT=application/json; charset=utf-8 | page=1
[DEBUG] [GD] page 1: 24 items
[DEBUG] [GD] HTTP 200 | CT=application/json; charset=utf-8 | page=2
[DEBUG] [GD] page 2: 24 items
[DEBUG] [GD] HTTP 200 | CT=application/json; charset=utf-8 | page=3
[DEBUG] [GD] page 3: 24 items
[DEBUG] [GD] HTTP 200 | CT=application/json; charset=utf-8 | page=4
[DEBUG] [GD] page 4: 24 items
[DEBUG] [GD] HTTP 200 | CT=application/json; charset=utf-8 | page=5
[DEBUG] [GD] page 5: 24 items
[DEBUG] [GD] total raw items before normalize: 120; unique kept: 114
[DEBUG] [GD] normalized rows: 114
[DEBUG] [GD] blocked by specialty/diesel filter: 106; passing: 8
[DEBUG] [Proxibid] parsed 30 rows across 1 page(s)
[DEBUG] [Renebates] found 54 events on index
[DEBUG] [Renebates] event: City Of Plano, Texas secs=69421
[DEBUG] [Renebates] City Of Plano, Texas -> 3 lots via https://renebates.com/a_list_2.php?id=265&cat=all
[DEBUG] [Renebates] event: Tatum Independent School District - Tatum, Texas secs=73017
[DEBUG] [Renebates] Tatum Independent School District - Tatum, Texas -> 6 lots via https://renebates.com/a_list_2.php?id=117&cat=all
[DEBUG] [DEBUG] collected 17 listings from all sites (after filter)
[DEBUG] [GD] HTTP 200 | CT=application/json; charset=utf-8 | page=1
[DEBUG] [GD] page 1: 24 items
[DEBUG] [GD] HTTP 200 | CT=application/json; charset=utf-8 | page=2
[DEBUG] [GD] page 2: 24 items
[DEBUG] [GD] HTTP 200 | CT=application/json; charset=utf-8 | page=3
[DEBUG] [GD] page 3: 24 items
[DEBUG] [GD] HTTP 200 | CT=application/json; charset=utf-8 | page=4
[DEBUG] [GD] page 4: 24 items
[DEBUG] [GD] HTTP 200 | CT=application/json; charset=utf-8 | page=5
[DEBUG] [GD] page 5: 24 items
[DEBUG] [GD] total raw items before normalize: 120; unique kept: 115
[DEBUG] [GD] normalized rows: 115
[DEBUG] [GD] blocked by specialty/diesel filter: 106; passing: 9
[DEBUG] [Proxibid] parsed 30 rows across 1 page(s)
[DEBUG] [Renebates] found 54 events on index
[DEBUG] [Renebates] event: City Of Plano, Texas secs=68777
[DEBUG] [Renebates] City Of Plano, Texas -> 3 lots via https://renebates.com/a_list_2.php?id=265&cat=all
[DEBUG] [Renebates] event: Tatum Independent School District - Tatum, Texas secs=72375
[DEBUG] [Renebates] Tatum Independent School District - Tatum, Texas -> 6 lots via https://renebates.com/a_list_2.php?id=117&cat=all
[DEBUG] [DEBUG] collected 18 listings from all sites (after filter)
[DEBUG] [GD] HTTP 200 | CT=application/json; charset=utf-8 | page=1
[DEBUG] [GD] page 1: 24 items
[DEBUG] [GD] HTTP 200 | CT=application/json; charset=utf-8 | page=2
[DEBUG] [GD] page 2: 24 items
[DEBUG] [GD] HTTP 200 | CT=application/json; charset=utf-8 | page=3
[DEBUG] [GD] page 3: 24 items
[DEBUG] [GD] HTTP 200 | CT=application/json; charset=utf-8 | page=4
[DEBUG] [GD] page 4: 24 items
[DEBUG] [GD] HTTP 200 | CT=application/json; charset=utf-8 | page=5
[DEBUG] [GD] page 5: 24 items
[DEBUG] [GD] total raw items before normalize: 120; unique kept: 115
[DEBUG] [GD] normalized rows: 115
[DEBUG] [GD] blocked by specialty/diesel filter: 105; passing: 10
[DEBUG] [Proxibid] parsed 30 rows across 1 page(s)
[DEBUG] [Renebates] found 54 events on index
[DEBUG] [Renebates] event: City Of Plano, Texas secs=68126
[DEBUG] [Renebates] City Of Plano, Texas -> 3 lots via https://renebates.com/a_list_2.php?id=265&cat=all
[DEBUG] [Renebates] event: Tatum Independent School District - Tatum, Texas secs=71722
[DEBUG] [Renebates] Tatum Independent School District - Tatum, Texas -> 6 lots via https://renebates.com/a_list_2.php?id=117&cat=all
[DEBUG] [DEBUG] collected 19 listings from all sites (after filter)
[DEBUG] [GD] HTTP 200 | CT=application/json; charset=utf-8 | page=1
[DEBUG] [GD] page 1: 24 items
[DEBUG] [GD] HTTP 200 | CT=application/json; charset=utf-8 | page=2
[DEBUG] [GD] page 2: 24 items
[DEBUG] [GD] HTTP 200 | CT=application/json; charset=utf-8 | page=3
[DEBUG] [GD] page 3: 24 items
[DEBUG] [GD] HTTP 200 | CT=application/json; charset=utf-8 | page=4
[DEBUG] [GD] page 4: 24 items
[DEBUG] [GD] HTTP 200 | CT=application/json; charset=utf-8 | page=5
[DEBUG] [GD] page 5: 24 items
[DEBUG] [GD] total raw items before normalize: 120; unique kept: 116
[DEBUG] [GD] normalized rows: 116
[DEBUG] [GD] blocked by specialty/diesel filter: 106; passing: 10
[DEBUG] [Proxibid] parsed 30 rows across 1 page(s)
[DEBUG] [Renebates] found 54 events on index
[DEBUG] [Renebates] event: City Of Plano, Texas secs=67469
[DEBUG] [Renebates] City Of Plano, Texas -> 3 lots via https://renebates.com/a_list_2.php?id=265&cat=all
[DEBUG] [Renebates] event: Tatum Independent School District - Tatum, Texas secs=71065
[DEBUG] [Renebates] Tatum Independent School District - Tatum, Texas -> 6 lots via https://renebates.com/a_list_2.php?id=117&cat=all
[DEBUG] [DEBUG] collected 19 listings from all sites (after filter)
[DEBUG] [GD] HTTP 200 | CT=application/json; charset=utf-8 | page=1
[DEBUG] [GD] page 1: 24 items
[DEBUG] [GD] HTTP 200 | CT=application/json; charset=utf-8 | page=2
[DEBUG] [GD] page 2: 24 items
[DEBUG] [GD] HTTP 200 | CT=application/json; charset=utf-8 | page=3
[DEBUG] [GD] page 3: 24 items
[DEBUG] [GD] HTTP 200 | CT=application/json; charset=utf-8 | page=4
[DEBUG] [GD] page 4: 24 items
[DEBUG] [GD] HTTP 200 | CT=application/json; charset=utf-8 | page=5
[DEBUG] [GD] page 5: 24 items
[DEBUG] [GD] total raw items before normalize: 120; unique kept: 116
[DEBUG] [GD] normalized rows: 116
[DEBUG] [GD] blocked by specialty/diesel filter: 106; passing: 10
[DEBUG] [Proxibid] parsed 30 rows across 1 page(s)
[DEBUG] [Renebates] found 54 events on index
[DEBUG] [Renebates] event: City Of Plano, Texas secs=66816
[DEBUG] [Renebates] City Of Plano, Texas -> 3 lots via https://renebates.com/a_list_2.php?id=265&cat=all
[DEBUG] [Renebates] event: Tatum Independent School District - Tatum, Texas secs=70414
[DEBUG] [Renebates] Tatum Independent School District - Tatum, Texas -> 6 lots via https://renebates.com/a_list_2.php?id=117&cat=all
[DEBUG] [DEBUG] collected 19 listings from all sites (after filter)
[DEBUG] [GD] HTTP 200 | CT=application/json; charset=utf-8 | page=1
[DEBUG] [GD] page 1: 24 items
[DEBUG] [GD] HTTP 200 | CT=application/json; charset=utf-8 | page=2
[DEBUG] [GD] page 2: 24 items
[DEBUG] [GD] HTTP 200 | CT=application/json; charset=utf-8 | page=3
[DEBUG] [GD] page 3: 24 items
[DEBUG] [GD] HTTP 200 | CT=application/json; charset=utf-8 | page=4
[DEBUG] [GD] page 4: 24 items
[DEBUG] [GD] HTTP 200 | CT=application/json; charset=utf-8 | page=5
[DEBUG] [GD] page 5: 24 items
[DEBUG] [GD] total raw items before normalize: 120; unique kept: 115
[DEBUG] [GD] normalized rows: 115
[DEBUG] [GD] blocked by specialty/diesel filter: 104; passing: 11
[DEBUG] [Proxibid] parsed 30 rows across 1 page(s)
[DEBUG] [Renebates] found 54 events on index
[DEBUG] [Renebates] event: City Of Plano, Texas secs=66170
[DEBUG] [Renebates] City Of Plano, Texas -> 3 lots via https://renebates.com/a_list_2.php?id=265&cat=all
[DEBUG] [Renebates] event: Tatum Independent School District - Tatum, Texas secs=69767
[DEBUG] [Renebates] Tatum Independent School District - Tatum, Texas -> 6 lots via https://renebates.com/a_list_2.php?id=117&cat=all
[DEBUG] [DEBUG] collected 20 listings from all sites (after filter)
[DEBUG] [GD] HTTP 200 | CT=application/json; charset=utf-8 | page=1
[DEBUG] [GD] page 1: 24 items
[DEBUG] [GD] HTTP 200 | CT=application/json; charset=utf-8 | page=2
[DEBUG] [GD] page 2: 24 items
[DEBUG] [GD] HTTP 200 | CT=application/json; charset=utf-8 | page=3
[DEBUG] [GD] page 3: 24 items
[DEBUG] [GD] HTTP 200 | CT=application/json; charset=utf-8 | page=4
[DEBUG] [GD] page 4: 24 items
[DEBUG] [GD] HTTP 200 | CT=application/json; charset=utf-8 | page=5
[DEBUG] [GD] page 5: 24 items
[DEBUG] [GD] total raw items before normalize: 120; unique kept: 114
[DEBUG] [GD] normalized rows: 114
[DEBUG] [GD] blocked by specialty/diesel filter: 103; passing: 11
[DEBUG] [Proxibid] parsed 30 rows across 1 page(s)
[DEBUG] [Renebates] found 54 events on index
[DEBUG] [Renebates] event: City Of Plano, Texas secs=65521
[DEBUG] [Renebates] City Of Plano, Texas -> 3 lots via https://renebates.com/a_list_2.php?id=265&cat=all
[DEBUG] [Renebates] event: Tatum Independent School District - Tatum, Texas secs=69117
[DEBUG] [Renebates] Tatum Independent School District - Tatum, Texas -> 6 lots via https://renebates.com/a_list_2.php?id=117&cat=all
[DEBUG] [DEBUG] collected 20 listings from all sites (after filter)
[DEBUG] [GD] HTTP 200 | CT=application/json; charset=utf-8 | page=1
[DEBUG] [GD] page 1: 24 items
[DEBUG] [GD] HTTP 200 | CT=application/json; charset=utf-8 | page=2
[DEBUG] [GD] page 2: 24 items
[DEBUG] [GD] HTTP 200 | CT=application/json; charset=utf-8 | page=3
[DEBUG] [GD] page 3: 24 items
[DEBUG] [GD] HTTP 200 | CT=application/json; charset=utf-8 | page=4
[DEBUG] [GD] page 4: 24 items
[DEBUG] [GD] HTTP 200 | CT=application/json; charset=utf-8 | page=5
[DEBUG] [GD] page 5: 24 items
[DEBUG] [GD] total raw items before normalize: 120; unique kept: 113
[DEBUG] [GD] normalized rows: 113
[DEBUG] [GD] blocked by specialty/diesel filter: 103; passing: 10
[DEBUG] [Proxibid] parsed 30 rows across 1 page(s)
[DEBUG] [Renebates] found 54 events on index
[DEBUG] [Renebates] event: City Of Plano, Texas secs=64867
[DEBUG] [Renebates] City Of Plano, Texas -> 3 lots via https://renebates.com/a_list_2.php?id=265&cat=all
[DEBUG] [Renebates] event: Tatum Independent School District - Tatum, Texas secs=68464
[DEBUG] [Renebates] Tatum Independent School District - Tatum, Texas -> 6 lots via https://renebates.com/a_list_2.php?id=117&cat=all
[DEBUG] [DEBUG] collected 19 listings from all sites (after filter)
[DEBUG] [GD] HTTP 200 | CT=application/json; charset=utf-8 | page=1
[DEBUG] [GD] page 1: 24 items
[DEBUG] [GD] HTTP 200 | CT=application/json; charset=utf-8 | page=2
[DEBUG] [GD] page 2: 24 items
[DEBUG] [GD] HTTP 200 | CT=application/json; charset=utf-8 | page=3
[DEBUG] [GD] page 3: 24 items
[DEBUG] [GD] HTTP 200 | CT=application/json; charset=utf-8 | page=4
[DEBUG] [GD] page 4: 24 items
[DEBUG] [GD] HTTP 200 | CT=application/json; charset=utf-8 | page=5
[DEBUG] [GD] page 5: 24 items
[DEBUG] [GD] total raw items before normalize: 120; unique kept: 112
[DEBUG] [GD] normalized rows: 112
[DEBUG] [GD] blocked by specialty/diesel filter: 102; passing: 10
[DEBUG] [Proxibid] parsed 30 rows across 1 page(s)
[DEBUG] [Renebates] found 54 events on index
[DEBUG] [Renebates] event: City Of Plano, Texas secs=64217
[DEBUG] [Renebates] City Of Plano, Texas -> 3 lots via https://renebates.com/a_list_2.php?id=265&cat=all
[DEBUG] [Renebates] event: Tatum Independent School District - Tatum, Texas secs=67814
[DEBUG] [Renebates] Tatum Independent School District - Tatum, Texas -> 6 lots via https://renebates.com/a_list_2.php?id=117&cat=all
[DEBUG] [DEBUG] collected 19 listings from all sites (after filter)
[DEBUG] [GD] HTTP 200 | CT=application/json; charset=utf-8 | page=1
[DEBUG] [GD] page 1: 24 items
[DEBUG] [GD] HTTP 200 | CT=application/json; charset=utf-8 | page=2
[DEBUG] [GD] page 2: 24 items
[DEBUG] [GD] HTTP 200 | CT=application/json; charset=utf-8 | page=3
[DEBUG] [GD] page 3: 24 items
[DEBUG] [GD] HTTP 200 | CT=application/json; charset=utf-8 | page=4
[DEBUG] [GD] page 4: 24 items
[DEBUG] [GD] HTTP 200 | CT=application/json; charset=utf-8 | page=5
[DEBUG] [GD] page 5: 24 items
[DEBUG] [GD] total raw items before normalize: 120; unique kept: 112
[DEBUG] [GD] normalized rows: 112
[DEBUG] [GD] blocked by specialty/diesel filter: 101; passing: 11
[DEBUG] [Proxibid] parsed 30 rows across 1 page(s)
[DEBUG] [Renebates] found 54 events on index
[DEBUG] [Renebates] event: City Of Plano, Texas secs=63561
[DEBUG] [Renebates] City Of Plano, Texas -> 3 lots via https://renebates.com/a_list_2.php?id=265&cat=all
[DEBUG] [Renebates] event: Tatum Independent School District - Tatum, Texas secs=67157
[DEBUG] [Renebates] Tatum Independent School District - Tatum, Texas -> 6 lots via https://renebates.com/a_list_2.php?id=117&cat=all
[DEBUG] [DEBUG] collected 20 listings from all sites (after filter)
[DEBUG] [GD] HTTP 200 | CT=application/json; charset=utf-8 | page=1
[DEBUG] [GD] page 1: 24 items
[DEBUG] [GD] HTTP 200 | CT=application/json; charset=utf-8 | page=2
[DEBUG] [GD] page 2: 24 items
[DEBUG] [GD] HTTP 200 | CT=application/json; charset=utf-8 | page=3
[DEBUG] [GD] page 3: 24 items
[DEBUG] [GD] HTTP 200 | CT=application/json; charset=utf-8 | page=4
[DEBUG] [GD] page 4: 24 items
[DEBUG] [GD] HTTP 200 | CT=application/json; charset=utf-8 | page=5
[DEBUG] [GD] page 5: 24 items
[DEBUG] [GD] total raw items before normalize: 120; unique kept: 112
[DEBUG] [GD] normalized rows: 112
[DEBUG] [GD] blocked by specialty/diesel filter: 102; passing: 10
[DEBUG] [Proxibid] parsed 30 rows across 1 page(s)
[DEBUG] [Renebates] found 54 events on index
[DEBUG] [Renebates] event: City Of Plano, Texas secs=62912
[DEBUG] [Renebates] City Of Plano, Texas -> 3 lots via https://renebates.com/a_list_2.php?id=265&cat=all
[DEBUG] [Renebates] event: Tatum Independent School District - Tatum, Texas secs=66508
[DEBUG] [Renebates] Tatum Independent School District - Tatum, Texas -> 6 lots via https://renebates.com/a_list_2.php?id=117&cat=all
[DEBUG] [DEBUG] collected 19 listings from all sites (after filter)
[DEBUG] [GD] HTTP 200 | CT=application/json; charset=utf-8 | page=1
[DEBUG] [GD] page 1: 24 items
[DEBUG] [GD] HTTP 200 | CT=application/json; charset=utf-8 | page=2
[DEBUG] [GD] page 2: 24 items
[DEBUG] [GD] HTTP 200 | CT=application/json; charset=utf-8 | page=3
[DEBUG] [GD] page 3: 24 items
[DEBUG] [GD] HTTP 200 | CT=application/json; charset=utf-8 | page=4
[DEBUG] [GD] page 4: 24 items
[DEBUG] [GD] HTTP 200 | CT=application/json; charset=utf-8 | page=5
[DEBUG] [GD] page 5: 24 items
[DEBUG] [GD] total raw items before normalize: 120; unique kept: 112
[DEBUG] [GD] normalized rows: 112
[DEBUG] [GD] blocked by specialty/diesel filter: 102; passing: 10
[DEBUG] [Proxibid] parsed 30 rows across 1 page(s)
[DEBUG] [Renebates] found 54 events on index
[DEBUG] [Renebates] event: City Of Plano, Texas secs=62260
[DEBUG] [Renebates] City Of Plano, Texas -> 3 lots via https://renebates.com/a_list_2.php?id=265&cat=all
[DEBUG] [Renebates] event: Tatum Independent School District - Tatum, Texas secs=65857
[DEBUG] [Renebates] Tatum Independent School District - Tatum, Texas -> 6 lots via https://renebates.com/a_list_2.php?id=117&cat=all
[DEBUG] [DEBUG] collected 19 listings from all sites (after filter)
[DEBUG] [GD] HTTP 200 | CT=application/json; charset=utf-8 | page=1
[DEBUG] [GD] page 1: 24 items
[DEBUG] [GD] HTTP 200 | CT=application/json; charset=utf-8 | page=2
[DEBUG] [GD] page 2: 24 items
[DEBUG] [GD] HTTP 200 | CT=application/json; charset=utf-8 | page=3
[DEBUG] [GD] page 3: 24 items
[DEBUG] [GD] HTTP 200 | CT=application/json; charset=utf-8 | page=4
[DEBUG] [GD] page 4: 24 items
[DEBUG] [GD] HTTP 200 | CT=application/json; charset=utf-8 | page=5
[DEBUG] [GD] page 5: 24 items
[DEBUG] [GD] total raw items before normalize: 120; unique kept: 112
[DEBUG] [GD] normalized rows: 112
[DEBUG] [GD] blocked by specialty/diesel filter: 103; passing: 9
[DEBUG] [Proxibid] parsed 30 rows across 1 page(s)
[DEBUG] [Renebates] found 54 events on index
[DEBUG] [Renebates] event: City Of Plano, Texas secs=61617
[DEBUG] [Renebates] City Of Plano, Texas -> 3 lots via https://renebates.com/a_list_2.php?id=265&cat=all
[DEBUG] [Renebates] event: Tatum Independent School District - Tatum, Texas secs=65213
[DEBUG] [Renebates] Tatum Independent School District - Tatum, Texas -> 6 lots via https://renebates.com/a_list_2.php?id=117&cat=all
[DEBUG] [DEBUG] collected 18 listings from all sites (after filter)
[DEBUG] [GD] HTTP 200 | CT=application/json; charset=utf-8 | page=1
[DEBUG] [GD] page 1: 24 items
[DEBUG] [GD] HTTP 200 | CT=application/json; charset=utf-8 | page=2
[DEBUG] [GD] page 2: 24 items
[DEBUG] [GD] HTTP 200 | CT=application/json; charset=utf-8 | page=3
[DEBUG] [GD] page 3: 24 items
[DEBUG] [GD] HTTP 200 | CT=application/json; charset=utf-8 | page=4
[DEBUG] [GD] page 4: 24 items
[DEBUG] [GD] HTTP 200 | CT=application/json; charset=utf-8 | page=5
[DEBUG] [GD] page 5: 24 items
[DEBUG] [GD] total raw items before normalize: 120; unique kept: 112
[DEBUG] [GD] normalized rows: 112
[DEBUG] [GD] blocked by specialty/diesel filter: 103; passing: 9
[DEBUG] [Proxibid] parsed 30 rows across 1 page(s)
[DEBUG] [Renebates] found 54 events on index
[DEBUG] [Renebates] event: City Of Plano, Texas secs=60959
[DEBUG] [Renebates] City Of Plano, Texas -> 3 lots via https://renebates.com/a_list_2.php?id=265&cat=all
[DEBUG] [Renebates] event: Tatum Independent School District - Tatum, Texas secs=64556
[DEBUG] [Renebates] Tatum Independent School District - Tatum, Texas -> 6 lots via https://renebates.com/a_list_2.php?id=117&cat=all
[DEBUG] [DEBUG] collected 18 listings from all sites (after filter)
[DEBUG] [GD] HTTP 200 | CT=application/json; charset=utf-8 | page=1
[DEBUG] [GD] page 1: 24 items
[DEBUG] [GD] HTTP 200 | CT=application/json; charset=utf-8 | page=2
[DEBUG] [GD] page 2: 24 items
[DEBUG] [GD] HTTP 200 | CT=application/json; charset=utf-8 | page=3
[DEBUG] [GD] page 3: 24 items
[DEBUG] [GD] HTTP 200 | CT=application/json; charset=utf-8 | page=4
[DEBUG] [GD] page 4: 24 items
[DEBUG] [GD] HTTP 200 | CT=application/json; charset=utf-8 | page=5
[DEBUG] [GD] page 5: 24 items
[DEBUG] [GD] total raw items before normalize: 120; unique kept: 112
[DEBUG] [GD] normalized rows: 112
[DEBUG] [GD] blocked by specialty/diesel filter: 103; passing: 9
[DEBUG] [Proxibid] parsed 30 rows across 1 page(s)
[DEBUG] [Renebates] found 54 events on index
[DEBUG] [Renebates] event: City Of Plano, Texas secs=60315
[DEBUG] [Renebates] City Of Plano, Texas -> 3 lots via https://renebates.com/a_list_2.php?id=265&cat=all
[DEBUG] [Renebates] event: Tatum Independent School District - Tatum, Texas secs=63913
[DEBUG] [Renebates] Tatum Independent School District - Tatum, Texas -> 6 lots via https://renebates.com/a_list_2.php?id=117&cat=all
[DEBUG] [DEBUG] collected 18 listings from all sites (after filter)
[DEBUG] [GD] HTTP 200 | CT=application/json; charset=utf-8 | page=1
[DEBUG] [GD] page 1: 24 items
[DEBUG] [GD] HTTP 200 | CT=application/json; charset=utf-8 | page=2
[DEBUG] [GD] page 2: 24 items
[DEBUG] [GD] HTTP 200 | CT=application/json; charset=utf-8 | page=3
[DEBUG] [GD] page 3: 24 items
[DEBUG] [GD] HTTP 200 | CT=application/json; charset=utf-8 | page=4
[DEBUG] [GD] page 4: 24 items
[DEBUG] [GD] HTTP 200 | CT=application/json; charset=utf-8 | page=5
[DEBUG] [GD] page 5: 24 items
[DEBUG] [GD] total raw items before normalize: 120; unique kept: 112
[DEBUG] [GD] normalized rows: 112
[DEBUG] [GD] blocked by specialty/diesel filter: 102; passing: 10
[DEBUG] [Proxibid] parsed 30 rows across 1 page(s)
[DEBUG] [Renebates] found 54 events on index
[DEBUG] [Renebates] event: City Of Plano, Texas secs=59668
[DEBUG] [Renebates] City Of Plano, Texas -> 3 lots via https://renebates.com/a_list_2.php?id=265&cat=all
[DEBUG] [Renebates] event: Tatum Independent School District - Tatum, Texas secs=63265
[DEBUG] [Renebates] Tatum Independent School District - Tatum, Texas -> 6 lots via https://renebates.com/a_list_2.php?id=117&cat=all
[DEBUG] [DEBUG] collected 19 listings from all sites (after filter)
[DEBUG] [GD] HTTP 200 | CT=application/json; charset=utf-8 | page=1
[DEBUG] [GD] page 1: 24 items
[DEBUG] [GD] HTTP 200 | CT=application/json; charset=utf-8 | page=2
[DEBUG] [GD] page 2: 24 items
[DEBUG] [GD] HTTP 200 | CT=application/json; charset=utf-8 | page=3
[DEBUG] [GD] page 3: 24 items
[DEBUG] [GD] HTTP 200 | CT=application/json; charset=utf-8 | page=4
[DEBUG] [GD] page 4: 24 items
[DEBUG] [GD] HTTP 200 | CT=application/json; charset=utf-8 | page=5
[DEBUG] [GD] page 5: 24 items
[DEBUG] [GD] total raw items before normalize: 120; unique kept: 112
[DEBUG] [GD] normalized rows: 112
[DEBUG] [GD] blocked by specialty/diesel filter: 102; passing: 10
[DEBUG] [Proxibid] parsed 30 rows across 1 page(s)
[DEBUG] [Renebates] found 54 events on index
[DEBUG] [Renebates] event: City Of Plano, Texas secs=59026
[DEBUG] [Renebates] City Of Plano, Texas -> 3 lots via https://renebates.com/a_list_2.php?id=265&cat=all
[DEBUG] [Renebates] event: Tatum Independent School District - Tatum, Texas secs=62622
[DEBUG] [Renebates] Tatum Independent School District - Tatum, Texas -> 6 lots via https://renebates.com/a_list_2.php?id=117&cat=all
[DEBUG] [DEBUG] collected 19 listings from all sites (after filter)
[DEBUG] [GD] HTTP 200 | CT=application/json; charset=utf-8 | page=1
[DEBUG] [GD] page 1: 24 items
[DEBUG] [GD] HTTP 200 | CT=application/json; charset=utf-8 | page=2
[DEBUG] [GD] page 2: 24 items
[DEBUG] [GD] HTTP 200 | CT=application/json; charset=utf-8 | page=3
[DEBUG] [GD] page 3: 24 items
[DEBUG] [GD] HTTP 200 | CT=application/json; charset=utf-8 | page=4
[DEBUG] [GD] page 4: 24 items
[DEBUG] [GD] HTTP 200 | CT=application/json; charset=utf-8 | page=5
[DEBUG] [GD] page 5: 24 items
[DEBUG] [GD] total raw items before normalize: 120; unique kept: 112
[DEBUG] [GD] normalized rows: 112
[DEBUG] [GD] blocked by specialty/diesel filter: 102; passing: 10
[DEBUG] [Proxibid] parsed 30 rows across 1 page(s)
[DEBUG] [Renebates] found 54 events on index
[DEBUG] [Renebates] event: City Of Plano, Texas secs=58370
[DEBUG] [Renebates] City Of Plano, Texas -> 3 lots via https://renebates.com/a_list_2.php?id=265&cat=all
[DEBUG] [Renebates] event: Tatum Independent School District - Tatum, Texas secs=61966
[DEBUG] [Renebates] Tatum Independent School District - Tatum, Texas -> 6 lots via https://renebates.com/a_list_2.php?id=117&cat=all
[DEBUG] [DEBUG] collected 19 listings from all sites (after filter)
[DEBUG] [GD] HTTP 200 | CT=application/json; charset=utf-8 | page=1
[DEBUG] [GD] page 1: 24 items
[DEBUG] [GD] HTTP 200 | CT=application/json; charset=utf-8 | page=2
[DEBUG] [GD] page 2: 24 items
[DEBUG] [GD] HTTP 200 | CT=application/json; charset=utf-8 | page=3
[DEBUG] [GD] page 3: 24 items
[DEBUG] [GD] HTTP 200 | CT=application/json; charset=utf-8 | page=4
[DEBUG] [GD] page 4: 24 items
[DEBUG] [GD] HTTP 200 | CT=application/json; charset=utf-8 | page=5
[DEBUG] [GD] page 5: 24 items
[DEBUG] [GD] total raw items before normalize: 120; unique kept: 112
[DEBUG] [GD] normalized rows: 112
[DEBUG] [GD] blocked by specialty/diesel filter: 102; passing: 10
[DEBUG] [Proxibid] parsed 30 rows across 1 page(s)
[DEBUG] [Renebates] found 54 events on index
[DEBUG] [Renebates] event: City Of Plano, Texas secs=57718
[DEBUG] [Renebates] City Of Plano, Texas -> 3 lots via https://renebates.com/a_list_2.php?id=265&cat=all
[DEBUG] [Renebates] event: Tatum Independent School District - Tatum, Texas secs=61315
[DEBUG] [Renebates] Tatum Independent School District - Tatum, Texas -> 6 lots via https://renebates.com/a_list_2.php?id=117&cat=all
[DEBUG] [DEBUG] collected 19 listings from all sites (after filter)
[DEBUG] [GD] HTTP 200 | CT=application/json; charset=utf-8 | page=1
[DEBUG] [GD] page 1: 24 items
[DEBUG] [GD] HTTP 200 | CT=application/json; charset=utf-8 | page=2
[DEBUG] [GD] page 2: 24 items
[DEBUG] [GD] HTTP 200 | CT=application/json; charset=utf-8 | page=3
[DEBUG] [GD] page 3: 24 items
[DEBUG] [GD] HTTP 200 | CT=application/json; charset=utf-8 | page=4
[DEBUG] [GD] page 4: 24 items
[DEBUG] [GD] HTTP 200 | CT=application/json; charset=utf-8 | page=5
[DEBUG] [GD] page 5: 24 items
[DEBUG] [GD] total raw items before normalize: 120; unique kept: 110
[DEBUG] [GD] normalized rows: 110
[DEBUG] [GD] blocked by specialty/diesel filter: 95; passing: 15
[DEBUG] [Proxibid] parsed 30 rows across 1 page(s)
[DEBUG] [Renebates] found 54 events on index
[DEBUG] [Renebates] event: City Of Plano, Texas secs=57079
[DEBUG] [Renebates] City Of Plano, Texas -> 3 lots via https://renebates.com/a_list_2.php?id=265&cat=all
[DEBUG] [Renebates] event: Tatum Independent School District - Tatum, Texas secs=60675
[DEBUG] [Renebates] Tatum Independent School District - Tatum, Texas -> 6 lots via https://renebates.com/a_list_2.php?id=117&cat=all
[DEBUG] [DEBUG] collected 24 listings from all sites (after filter)
[DEBUG] [GD] HTTP 200 | CT=application/json; charset=utf-8 | page=1
[DEBUG] [GD] page 1: 24 items
[DEBUG] [GD] HTTP 200 | CT=application/json; charset=utf-8 | page=2
[DEBUG] [GD] page 2: 24 items
[DEBUG] [GD] HTTP 200 | CT=application/json; charset=utf-8 | page=3
[DEBUG] [GD] page 3: 24 items
[DEBUG] [GD] HTTP 200 | CT=application/json; charset=utf-8 | page=4
[DEBUG] [GD] page 4: 24 items
[DEBUG] [GD] HTTP 200 | CT=application/json; charset=utf-8 | page=5
[DEBUG] [GD] page 5: 24 items
[DEBUG] [GD] total raw items before normalize: 120; unique kept: 110
[DEBUG] [GD] normalized rows: 110
[DEBUG] [GD] blocked by specialty/diesel filter: 95; passing: 15
[DEBUG] [Proxibid] parsed 30 rows across 1 page(s)
[DEBUG] [Renebates] found 54 events on index
[DEBUG] [Renebates] event: City Of Plano, Texas secs=56424
[DEBUG] [Renebates] City Of Plano, Texas -> 3 lots via https://renebates.com/a_list_2.php?id=265&cat=all
[DEBUG] [Renebates] event: Tatum Independent School District - Tatum, Texas secs=60021
[DEBUG] [Renebates] Tatum Independent School District - Tatum, Texas -> 6 lots via https://renebates.com/a_list_2.php?id=117&cat=all
[DEBUG] [DEBUG] collected 24 listings from all sites (after filter)
[DEBUG] [GD] HTTP 200 | CT=application/json; charset=utf-8 | page=1
[DEBUG] [GD] page 1: 24 items
[DEBUG] [GD] HTTP 200 | CT=application/json; charset=utf-8 | page=2
[DEBUG] [GD] page 2: 24 items
[DEBUG] [GD] HTTP 200 | CT=application/json; charset=utf-8 | page=3
[DEBUG] [GD] page 3: 24 items
[DEBUG] [GD] HTTP 200 | CT=application/json; charset=utf-8 | page=4
[DEBUG] [GD] page 4: 24 items
[DEBUG] [GD] HTTP 200 | CT=application/json; charset=utf-8 | page=5
[DEBUG] [GD] page 5: 24 items
[DEBUG] [GD] total raw items before normalize: 120; unique kept: 110
[DEBUG] [GD] normalized rows: 110
[DEBUG] [GD] blocked by specialty/diesel filter: 94; passing: 16
[DEBUG] [Proxibid] parsed 30 rows across 1 page(s)
[DEBUG] [Renebates] found 54 events on index
[DEBUG] [Renebates] event: City Of Plano, Texas secs=55769
[DEBUG] [Renebates] City Of Plano, Texas -> 3 lots via https://renebates.com/a_list_2.php?id=265&cat=all
[DEBUG] [Renebates] event: Tatum Independent School District - Tatum, Texas secs=59366
[DEBUG] [Renebates] Tatum Independent School District - Tatum, Texas -> 6 lots via https://renebates.com/a_list_2.php?id=117&cat=all
[DEBUG] [DEBUG] collected 25 listings from all sites (after filter)
[DEBUG] [GD] HTTP 200 | CT=application/json; charset=utf-8 | page=1
[DEBUG] [GD] page 1: 24 items
[DEBUG] [GD] HTTP 200 | CT=application/json; charset=utf-8 | page=2
[DEBUG] [GD] page 2: 24 items
[DEBUG] [GD] HTTP 200 | CT=application/json; charset=utf-8 | page=3
[DEBUG] [GD] page 3: 24 items
[DEBUG] [GD] HTTP 200 | CT=application/json; charset=utf-8 | page=4
[DEBUG] [GD] page 4: 24 items
[DEBUG] [GD] HTTP 200 | CT=application/json; charset=utf-8 | page=5
[DEBUG] [GD] page 5: 24 items
[DEBUG] [GD] total raw items before normalize: 120; unique kept: 110
[DEBUG] [GD] normalized rows: 110
[DEBUG] [GD] blocked by specialty/diesel filter: 94; passing: 16
[DEBUG] [Proxibid] parsed 30 rows across 1 page(s)
[DEBUG] [Renebates] found 54 events on index
[DEBUG] [Renebates] event: City Of Plano, Texas secs=55118
[DEBUG] [Renebates] City Of Plano, Texas -> 3 lots via https://renebates.com/a_list_2.php?id=265&cat=all
[DEBUG] [Renebates] event: Tatum Independent School District - Tatum, Texas secs=58714
[DEBUG] [Renebates] Tatum Independent School District - Tatum, Texas -> 6 lots via https://renebates.com/a_list_2.php?id=117&cat=all
[DEBUG] [DEBUG] collected 25 listings from all sites (after filter)
[DEBUG] [GD] HTTP 200 | CT=application/json; charset=utf-8 | page=1
[DEBUG] [GD] page 1: 24 items
[DEBUG] [GD] HTTP 200 | CT=application/json; charset=utf-8 | page=2
[DEBUG] [GD] page 2: 24 items
[DEBUG] [GD] HTTP 200 | CT=application/json; charset=utf-8 | page=3
[DEBUG] [GD] page 3: 24 items
[DEBUG] [GD] HTTP 200 | CT=application/json; charset=utf-8 | page=4
[DEBUG] [GD] page 4: 24 items
[DEBUG] [GD] HTTP 200 | CT=application/json; charset=utf-8 | page=5
[DEBUG] [GD] page 5: 24 items
[DEBUG] [GD] total raw items before normalize: 120; unique kept: 110
[DEBUG] [GD] normalized rows: 110
[DEBUG] [GD] blocked by specialty/diesel filter: 94; passing: 16
[DEBUG] [Proxibid] parsed 30 rows across 1 page(s)
[DEBUG] [Renebates] found 54 events on index
[DEBUG] [Renebates] event: City Of Plano, Texas secs=54467
[DEBUG] [Renebates] City Of Plano, Texas -> 3 lots via https://renebates.com/a_list_2.php?id=265&cat=all
[DEBUG] [Renebates] event: Tatum Independent School District - Tatum, Texas secs=58063
[DEBUG] [Renebates] Tatum Independent School District - Tatum, Texas -> 6 lots via https://renebates.com/a_list_2.php?id=117&cat=all
[DEBUG] [DEBUG] collected 25 listings from all sites (after filter)
[DEBUG] [GD] HTTP 200 | CT=application/json; charset=utf-8 | page=1
[DEBUG] [GD] page 1: 24 items
[DEBUG] [GD] HTTP 200 | CT=application/json; charset=utf-8 | page=2
[DEBUG] [GD] page 2: 24 items
[DEBUG] [GD] HTTP 200 | CT=application/json; charset=utf-8 | page=3
[DEBUG] [GD] page 3: 24 items
[DEBUG] [GD] HTTP 200 | CT=application/json; charset=utf-8 | page=4
[DEBUG] [GD] page 4: 24 items
[DEBUG] [GD] HTTP 200 | CT=application/json; charset=utf-8 | page=5
[DEBUG] [GD] page 5: 24 items
[DEBUG] [GD] total raw items before normalize: 120; unique kept: 110
[DEBUG] [GD] normalized rows: 110
[DEBUG] [GD] blocked by specialty/diesel filter: 94; passing: 16
[DEBUG] [Proxibid] parsed 30 rows across 1 page(s)
[DEBUG] [Renebates] found 54 events on index
[DEBUG] [Renebates] event: City Of Plano, Texas secs=53817
[DEBUG] [Renebates] City Of Plano, Texas -> 3 lots via https://renebates.com/a_list_2.php?id=265&cat=all
[DEBUG] [Renebates] event: Tatum Independent School District - Tatum, Texas secs=57413
[DEBUG] [Renebates] Tatum Independent School District - Tatum, Texas -> 6 lots via https://renebates.com/a_list_2.php?id=117&cat=all
[DEBUG] [DEBUG] collected 25 listings from all sites (after filter)
[DEBUG] [GD] HTTP 200 | CT=application/json; charset=utf-8 | page=1
[DEBUG] [GD] page 1: 24 items
[DEBUG] [GD] HTTP 200 | CT=application/json; charset=utf-8 | page=2
[DEBUG] [GD] page 2: 24 items
[DEBUG] [GD] HTTP 200 | CT=application/json; charset=utf-8 | page=3
[DEBUG] [GD] page 3: 24 items
[DEBUG] [GD] HTTP 200 | CT=application/json; charset=utf-8 | page=4
[DEBUG] [GD] page 4: 24 items
[DEBUG] [GD] HTTP 200 | CT=application/json; charset=utf-8 | page=5
[DEBUG] [GD] page 5: 24 items
[DEBUG] [GD] total raw items before normalize: 120; unique kept: 110
[DEBUG] [GD] normalized rows: 110
[DEBUG] [GD] blocked by specialty/diesel filter: 94; passing: 16
[DEBUG] [Proxibid] parsed 30 rows across 1 page(s)
[DEBUG] [Renebates] found 54 events on index
[DEBUG] [Renebates] event: City Of Plano, Texas secs=53172
[DEBUG] [Renebates] City Of Plano, Texas -> 3 lots via https://renebates.com/a_list_2.php?id=265&cat=all
[DEBUG] [Renebates] event: Tatum Independent School District - Tatum, Texas secs=56768
[DEBUG] [Renebates] Tatum Independent School District - Tatum, Texas -> 6 lots via https://renebates.com/a_list_2.php?id=117&cat=all
[DEBUG] [DEBUG] collected 25 listings from all sites (after filter)
[DEBUG] [GD] HTTP 200 | CT=application/json; charset=utf-8 | page=1
[DEBUG] [GD] page 1: 24 items
[DEBUG] [GD] HTTP 200 | CT=application/json; charset=utf-8 | page=2
[DEBUG] [GD] page 2: 24 items
[DEBUG] [GD] HTTP 200 | CT=application/json; charset=utf-8 | page=3
[DEBUG] [GD] page 3: 24 items
[DEBUG] [GD] HTTP 200 | CT=application/json; charset=utf-8 | page=4
[DEBUG] [GD] page 4: 24 items
[DEBUG] [GD] HTTP 200 | CT=application/json; charset=utf-8 | page=5
[DEBUG] [GD] page 5: 24 items
[DEBUG] [GD] total raw items before normalize: 120; unique kept: 111
[DEBUG] [GD] normalized rows: 111
[DEBUG] [GD] blocked by specialty/diesel filter: 94; passing: 17
[DEBUG] [Proxibid] parsed 30 rows across 1 page(s)
[DEBUG] [Renebates] found 54 events on index
[DEBUG] [Renebates] event: City Of Plano, Texas secs=52526
[DEBUG] [Renebates] City Of Plano, Texas -> 3 lots via https://renebates.com/a_list_2.php?id=265&cat=all
[DEBUG] [Renebates] event: Tatum Independent School District - Tatum, Texas secs=56123
[DEBUG] [Renebates] Tatum Independent School District - Tatum, Texas -> 6 lots via https://renebates.com/a_list_2.php?id=117&cat=all
[DEBUG] [DEBUG] collected 26 listings from all sites (after filter)
[DEBUG] [GD] HTTP 200 | CT=application/json; charset=utf-8 | page=1
[DEBUG] [GD] page 1: 24 items
[DEBUG] [GD] HTTP 200 | CT=application/json; charset=utf-8 | page=2
[DEBUG] [GD] page 2: 24 items
[DEBUG] [GD] HTTP 200 | CT=application/json; charset=utf-8 | page=3
[DEBUG] [GD] page 3: 24 items
[DEBUG] [GD] HTTP 200 | CT=application/json; charset=utf-8 | page=4
[DEBUG] [GD] page 4: 24 items
[DEBUG] [GD] HTTP 200 | CT=application/json; charset=utf-8 | page=5
[DEBUG] [GD] page 5: 24 items
[DEBUG] [GD] total raw items before normalize: 120; unique kept: 111
[DEBUG] [GD] normalized rows: 111
[DEBUG] [GD] blocked by specialty/diesel filter: 94; passing: 17
[DEBUG] [Proxibid] parsed 30 rows across 1 page(s)
[DEBUG] [Renebates] found 54 events on index
[DEBUG] [Renebates] event: City Of Plano, Texas secs=51882
[DEBUG] [Renebates] City Of Plano, Texas -> 3 lots via https://renebates.com/a_list_2.php?id=265&cat=all
[DEBUG] [Renebates] event: Tatum Independent School District - Tatum, Texas secs=55477
[DEBUG] [Renebates] Tatum Independent School District - Tatum, Texas -> 6 lots via https://renebates.com/a_list_2.php?id=117&cat=all
[DEBUG] [DEBUG] collected 26 listings from all sites (after filter)
[DEBUG] [GD] HTTP 200 | CT=application/json; charset=utf-8 | page=1
[DEBUG] [GD] page 1: 24 items
[DEBUG] [GD] HTTP 200 | CT=application/json; charset=utf-8 | page=2
[DEBUG] [GD] page 2: 24 items
[DEBUG] [GD] HTTP 200 | CT=application/json; charset=utf-8 | page=3
[DEBUG] [GD] page 3: 24 items
[DEBUG] [GD] HTTP 200 | CT=application/json; charset=utf-8 | page=4
[DEBUG] [GD] page 4: 24 items
[DEBUG] [GD] HTTP 200 | CT=application/json; charset=utf-8 | page=5
[DEBUG] [GD] page 5: 24 items
[DEBUG] [GD] total raw items before normalize: 120; unique kept: 111
[DEBUG] [GD] normalized rows: 111
[DEBUG] [GD] blocked by specialty/diesel filter: 93; passing: 18
[DEBUG] [Proxibid] parsed 30 rows across 1 page(s)
[DEBUG] [Renebates] found 54 events on index
[DEBUG] [Renebates] event: City Of Plano, Texas secs=51227
[DEBUG] [Renebates] City Of Plano, Texas -> 3 lots via https://renebates.com/a_list_2.php?id=265&cat=all
[DEBUG] [Renebates] event: Tatum Independent School District - Tatum, Texas secs=54823
[DEBUG] [Renebates] Tatum Independent School District - Tatum, Texas -> 6 lots via https://renebates.com/a_list_2.php?id=117&cat=all
[DEBUG] [DEBUG] collected 27 listings from all sites (after filter)
[DEBUG] [GD] HTTP 200 | CT=application/json; charset=utf-8 | page=1
[DEBUG] [GD] page 1: 24 items
[DEBUG] [GD] HTTP 200 | CT=application/json; charset=utf-8 | page=2
[DEBUG] [GD] page 2: 24 items
[DEBUG] [GD] HTTP 200 | CT=application/json; charset=utf-8 | page=3
[DEBUG] [GD] page 3: 24 items
[DEBUG] [GD] HTTP 200 | CT=application/json; charset=utf-8 | page=4
[DEBUG] [GD] page 4: 24 items
[DEBUG] [GD] HTTP 200 | CT=application/json; charset=utf-8 | page=5
[DEBUG] [GD] page 5: 24 items
[DEBUG] [GD] total raw items before normalize: 120; unique kept: 110
[DEBUG] [GD] normalized rows: 110
[DEBUG] [GD] blocked by specialty/diesel filter: 92; passing: 18
[DEBUG] [Proxibid] parsed 30 rows across 1 page(s)
[DEBUG] [Renebates] found 54 events on index
[DEBUG] [Renebates] event: City Of Plano, Texas secs=50579
[DEBUG] [Renebates] City Of Plano, Texas -> 3 lots via https://renebates.com/a_list_2.php?id=265&cat=all
[DEBUG] [Renebates] event: Tatum Independent School District - Tatum, Texas secs=54177
[DEBUG] [Renebates] Tatum Independent School District - Tatum, Texas -> 6 lots via https://renebates.com/a_list_2.php?id=117&cat=all
[DEBUG] [DEBUG] collected 27 listings from all sites (after filter)
[DEBUG] [GD] HTTP 200 | CT=application/json; charset=utf-8 | page=1
[DEBUG] [GD] page 1: 24 items
[DEBUG] [GD] HTTP 200 | CT=application/json; charset=utf-8 | page=2
[DEBUG] [GD] page 2: 24 items
[DEBUG] [GD] HTTP 200 | CT=application/json; charset=utf-8 | page=3
[DEBUG] [GD] page 3: 24 items
[DEBUG] [GD] HTTP 200 | CT=application/json; charset=utf-8 | page=4
[DEBUG] [GD] page 4: 24 items
[DEBUG] [GD] HTTP 200 | CT=application/json; charset=utf-8 | page=5
[DEBUG] [GD] page 5: 24 items
[DEBUG] [GD] total raw items before normalize: 120; unique kept: 110
[DEBUG] [GD] normalized rows: 110
[DEBUG] [GD] blocked by specialty/diesel filter: 91; passing: 19
[DEBUG] [Proxibid] parsed 30 rows across 1 page(s)
[DEBUG] [Renebates] found 54 events on index
[DEBUG] [Renebates] event: City Of Plano, Texas secs=49936
[DEBUG] [Renebates] City Of Plano, Texas -> 3 lots via https://renebates.com/a_list_2.php?id=265&cat=all
[DEBUG] [Renebates] event: Tatum Independent School District - Tatum, Texas secs=53533
[DEBUG] [Renebates] Tatum Independent School District - Tatum, Texas -> 6 lots via https://renebates.com/a_list_2.php?id=117&cat=all
[DEBUG] [DEBUG] collected 28 listings from all sites (after filter)
[DEBUG] [GD] HTTP 200 | CT=application/json; charset=utf-8 | page=1
[DEBUG] [GD] page 1: 24 items
[DEBUG] [GD] HTTP 200 | CT=application/json; charset=utf-8 | page=2
[DEBUG] [GD] page 2: 24 items
[DEBUG] [GD] HTTP 200 | CT=application/json; charset=utf-8 | page=3
[DEBUG] [GD] page 3: 24 items
[DEBUG] [GD] HTTP 200 | CT=application/json; charset=utf-8 | page=4
[DEBUG] [GD] page 4: 24 items
[DEBUG] [GD] HTTP 200 | CT=application/json; charset=utf-8 | page=5
[DEBUG] [GD] page 5: 24 items
[DEBUG] [GD] total raw items before normalize: 120; unique kept: 111
[DEBUG] [GD] normalized rows: 111
[DEBUG] [GD] blocked by specialty/diesel filter: 92; passing: 19
[DEBUG] [Proxibid] parsed 30 rows across 1 page(s)
[DEBUG] [Renebates] found 54 events on index
[DEBUG] [Renebates] event: City Of Plano, Texas secs=49287
[DEBUG] [Renebates] City Of Plano, Texas -> 3 lots via https://renebates.com/a_list_2.php?id=265&cat=all
[DEBUG] [Renebates] event: Tatum Independent School District - Tatum, Texas secs=52883
[DEBUG] [Renebates] Tatum Independent School District - Tatum, Texas -> 6 lots via https://renebates.com/a_list_2.php?id=117&cat=all
[DEBUG] [DEBUG] collected 28 listings from all sites (after filter)
[DEBUG] [GD] HTTP 200 | CT=application/json; charset=utf-8 | page=1
[DEBUG] [GD] page 1: 24 items
[DEBUG] [GD] HTTP 200 | CT=application/json; charset=utf-8 | page=2
[DEBUG] [GD] page 2: 24 items
[DEBUG] [GD] HTTP 200 | CT=application/json; charset=utf-8 | page=3
[DEBUG] [GD] page 3: 24 items
[DEBUG] [GD] HTTP 200 | CT=application/json; charset=utf-8 | page=4
[DEBUG] [GD] page 4: 24 items
[DEBUG] [GD] HTTP 200 | CT=application/json; charset=utf-8 | page=5
[DEBUG] [GD] page 5: 24 items
[DEBUG] [GD] total raw items before normalize: 120; unique kept: 110
[DEBUG] [GD] normalized rows: 110
[DEBUG] [GD] blocked by specialty/diesel filter: 91; passing: 19
[DEBUG] [Proxibid] parsed 30 rows across 1 page(s)
[DEBUG] [Renebates] found 54 events on index
[DEBUG] [Renebates] event: City Of Plano, Texas secs=48635
[DEBUG] [Renebates] City Of Plano, Texas -> 3 lots via https://renebates.com/a_list_2.php?id=265&cat=all
[DEBUG] [Renebates] event: Tatum Independent School District - Tatum, Texas secs=52230
[DEBUG] [Renebates] Tatum Independent School District - Tatum, Texas -> 6 lots via https://renebates.com/a_list_2.php?id=117&cat=all
[DEBUG] [DEBUG] collected 28 listings from all sites (after filter)
[DEBUG] [GD] HTTP 200 | CT=application/json; charset=utf-8 | page=1
[DEBUG] [GD] page 1: 24 items
[DEBUG] [GD] HTTP 200 | CT=application/json; charset=utf-8 | page=2
[DEBUG] [GD] page 2: 24 items
[DEBUG] [GD] HTTP 200 | CT=application/json; charset=utf-8 | page=3
[DEBUG] [GD] page 3: 24 items
[DEBUG] [GD] HTTP 200 | CT=application/json; charset=utf-8 | page=4
[DEBUG] [GD] page 4: 24 items
[DEBUG] [GD] HTTP 200 | CT=application/json; charset=utf-8 | page=5
[DEBUG] [GD] page 5: 24 items
[DEBUG] [GD] total raw items before normalize: 120; unique kept: 110
[DEBUG] [GD] normalized rows: 110
[DEBUG] [GD] blocked by specialty/diesel filter: 91; passing: 19
[DEBUG] [Proxibid] parsed 30 rows across 1 page(s)
[DEBUG] [Renebates] found 54 events on index
[DEBUG] [Renebates] event: City Of Plano, Texas secs=47983
[DEBUG] [Renebates] City Of Plano, Texas -> 3 lots via https://renebates.com/a_list_2.php?id=265&cat=all
[DEBUG] [Renebates] event: Tatum Independent School District - Tatum, Texas secs=51581
[DEBUG] [Renebates] Tatum Independent School District - Tatum, Texas -> 6 lots via https://renebates.com/a_list_2.php?id=117&cat=all
[DEBUG] [DEBUG] collected 28 listings from all sites (after filter)
[DEBUG] [GD] HTTP 200 | CT=application/json; charset=utf-8 | page=1
[DEBUG] [GD] page 1: 24 items
[DEBUG] [GD] HTTP 200 | CT=application/json; charset=utf-8 | page=2
[DEBUG] [GD] page 2: 24 items
[DEBUG] [GD] HTTP 200 | CT=application/json; charset=utf-8 | page=3
[DEBUG] [GD] page 3: 24 items
[DEBUG] [GD] HTTP 200 | CT=application/json; charset=utf-8 | page=4
[DEBUG] [GD] page 4: 24 items
[DEBUG] [GD] HTTP 200 | CT=application/json; charset=utf-8 | page=5
[DEBUG] [GD] page 5: 24 items
[DEBUG] [GD] total raw items before normalize: 120; unique kept: 110
[DEBUG] [GD] normalized rows: 110
[DEBUG] [GD] blocked by specialty/diesel filter: 91; passing: 19
[DEBUG] [Proxibid] parsed 30 rows across 1 page(s)
[DEBUG] [Renebates] found 54 events on index
[DEBUG] [Renebates] event: City Of Plano, Texas secs=47343
[DEBUG] [Renebates] City Of Plano, Texas -> 3 lots via https://renebates.com/a_list_2.php?id=265&cat=all
[DEBUG] [Renebates] event: Tatum Independent School District - Tatum, Texas secs=50938
[DEBUG] [Renebates] Tatum Independent School District - Tatum, Texas -> 6 lots via https://renebates.com/a_list_2.php?id=117&cat=all
[DEBUG] [DEBUG] collected 28 listings from all sites (after filter)
[DEBUG] [GD] HTTP 200 | CT=application/json; charset=utf-8 | page=1
[DEBUG] [GD] page 1: 24 items
[DEBUG] [GD] HTTP 200 | CT=application/json; charset=utf-8 | page=2
[DEBUG] [GD] page 2: 24 items
[DEBUG] [GD] HTTP 200 | CT=application/json; charset=utf-8 | page=3
[DEBUG] [GD] page 3: 24 items
[DEBUG] [GD] HTTP 200 | CT=application/json; charset=utf-8 | page=4
[DEBUG] [GD] page 4: 24 items
[DEBUG] [GD] HTTP 200 | CT=application/json; charset=utf-8 | page=5
[DEBUG] [GD] page 5: 24 items
[DEBUG] [GD] total raw items before normalize: 120; unique kept: 110
[DEBUG] [GD] normalized rows: 110
[DEBUG] [GD] blocked by specialty/diesel filter: 91; passing: 19
[DEBUG] [Proxibid] parsed 30 rows across 1 page(s)
[DEBUG] [Renebates] found 54 events on index
[DEBUG] [Renebates] event: City Of Plano, Texas secs=46688
[DEBUG] [Renebates] City Of Plano, Texas -> 3 lots via https://renebates.com/a_list_2.php?id=265&cat=all
[DEBUG] [Renebates] event: Tatum Independent School District - Tatum, Texas secs=50285
[DEBUG] [Renebates] Tatum Independent School District - Tatum, Texas -> 6 lots via https://renebates.com/a_list_2.php?id=117&cat=all
[DEBUG] [DEBUG] collected 28 listings from all sites (after filter)
[DEBUG] [GD] HTTP 200 | CT=application/json; charset=utf-8 | page=1
[DEBUG] [GD] page 1: 24 items
[DEBUG] [GD] HTTP 200 | CT=application/json; charset=utf-8 | page=2
[DEBUG] [GD] page 2: 24 items
[DEBUG] [GD] HTTP 200 | CT=application/json; charset=utf-8 | page=3
[DEBUG] [GD] page 3: 24 items
[DEBUG] [GD] HTTP 200 | CT=application/json; charset=utf-8 | page=4
[DEBUG] [GD] page 4: 24 items
[DEBUG] [GD] HTTP 200 | CT=application/json; charset=utf-8 | page=5
[DEBUG] [GD] page 5: 24 items
[DEBUG] [GD] total raw items before normalize: 120; unique kept: 110
[DEBUG] [GD] normalized rows: 110
[DEBUG] [GD] blocked by specialty/diesel filter: 91; passing: 19
[DEBUG] [Proxibid] parsed 30 rows across 1 page(s)
[DEBUG] [Renebates] found 54 events on index
[DEBUG] [Renebates] event: City Of Plano, Texas secs=46050
[DEBUG] [Renebates] City Of Plano, Texas -> 3 lots via https://renebates.com/a_list_2.php?id=265&cat=all
[DEBUG] [Renebates] event: Tatum Independent School District - Tatum, Texas secs=49647
[DEBUG] [Renebates] Tatum Independent School District - Tatum, Texas -> 6 lots via https://renebates.com/a_list_2.php?id=117&cat=all
[DEBUG] [DEBUG] collected 28 listings from all sites (after filter)
[DEBUG] [GD] HTTP 200 | CT=application/json; charset=utf-8 | page=1
[DEBUG] [GD] page 1: 24 items
[DEBUG] [GD] HTTP 200 | CT=application/json; charset=utf-8 | page=2
[DEBUG] [GD] page 2: 24 items
[DEBUG] [GD] HTTP 200 | CT=application/json; charset=utf-8 | page=3
[DEBUG] [GD] page 3: 24 items
[DEBUG] [GD] HTTP 200 | CT=application/json; charset=utf-8 | page=4
[DEBUG] [GD] page 4: 24 items
[DEBUG] [GD] HTTP 200 | CT=application/json; charset=utf-8 | page=5
[DEBUG] [GD] page 5: 24 items
[DEBUG] [GD] total raw items before normalize: 120; unique kept: 110
[DEBUG] [GD] normalized rows: 110
[DEBUG] [GD] blocked by specialty/diesel filter: 92; passing: 18
[DEBUG] [Proxibid] parsed 30 rows across 1 page(s)
[DEBUG] [Renebates] found 54 events on index
[DEBUG] [Renebates] event: City Of Plano, Texas secs=45394
[DEBUG] [Renebates] City Of Plano, Texas -> 3 lots via https://renebates.com/a_list_2.php?id=265&cat=all
[DEBUG] [Renebates] event: Tatum Independent School District - Tatum, Texas secs=48992
[DEBUG] [Renebates] Tatum Independent School District - Tatum, Texas -> 6 lots via https://renebates.com/a_list_2.php?id=117&cat=all
[DEBUG] [DEBUG] collected 27 listings from all sites (after filter)
[DEBUG] [GD] HTTP 200 | CT=application/json; charset=utf-8 | page=1
[DEBUG] [GD] page 1: 24 items
[DEBUG] [GD] HTTP 200 | CT=application/json; charset=utf-8 | page=2
[DEBUG] [GD] page 2: 24 items
[DEBUG] [GD] HTTP 200 | CT=application/json; charset=utf-8 | page=3
[DEBUG] [GD] page 3: 24 items
[DEBUG] [GD] HTTP 200 | CT=application/json; charset=utf-8 | page=4
[DEBUG] [GD] page 4: 24 items
[DEBUG] [GD] HTTP 200 | CT=application/json; charset=utf-8 | page=5
[DEBUG] [GD] page 5: 24 items
[DEBUG] [GD] total raw items before normalize: 120; unique kept: 110
[DEBUG] [GD] normalized rows: 110
[DEBUG] [GD] blocked by specialty/diesel filter: 92; passing: 18
[DEBUG] [Proxibid] parsed 30 rows across 1 page(s)
[DEBUG] [Renebates] found 54 events on index
[DEBUG] [Renebates] event: City Of Plano, Texas secs=44744
[DEBUG] [Renebates] City Of Plano, Texas -> 3 lots via https://renebates.com/a_list_2.php?id=265&cat=all
[DEBUG] [Renebates] event: Tatum Independent School District - Tatum, Texas secs=48341
[DEBUG] [Renebates] Tatum Independent School District - Tatum, Texas -> 6 lots via https://renebates.com/a_list_2.php?id=117&cat=all
[DEBUG] [DEBUG] collected 27 listings from all sites (after filter)
[DEBUG] [GD] HTTP 200 | CT=application/json; charset=utf-8 | page=1
[DEBUG] [GD] page 1: 24 items
[DEBUG] [GD] HTTP 200 | CT=application/json; charset=utf-8 | page=2
[DEBUG] [GD] page 2: 24 items
[DEBUG] [GD] HTTP 200 | CT=application/json; charset=utf-8 | page=3
[DEBUG] [GD] page 3: 24 items
[DEBUG] [GD] HTTP 200 | CT=application/json; charset=utf-8 | page=4
[DEBUG] [GD] page 4: 24 items
[DEBUG] [GD] HTTP 200 | CT=application/json; charset=utf-8 | page=5
[DEBUG] [GD] page 5: 24 items
[DEBUG] [GD] total raw items before normalize: 120; unique kept: 110
[DEBUG] [GD] normalized rows: 110
[DEBUG] [GD] blocked by specialty/diesel filter: 92; passing: 18
[DEBUG] [Proxibid] parsed 30 rows across 1 page(s)
[DEBUG] [Renebates] found 54 events on index
[DEBUG] [Renebates] event: City Of Plano, Texas secs=44098
[DEBUG] [Renebates] City Of Plano, Texas -> 3 lots via https://renebates.com/a_list_2.php?id=265&cat=all
[DEBUG] [Renebates] event: Tatum Independent School District - Tatum, Texas secs=47693
[DEBUG] [Renebates] Tatum Independent School District - Tatum, Texas -> 6 lots via https://renebates.com/a_list_2.php?id=117&cat=all
[DEBUG] [DEBUG] collected 27 listings from all sites (after filter)
[DEBUG] [GD] HTTP 200 | CT=application/json; charset=utf-8 | page=1
[DEBUG] [GD] page 1: 24 items
[DEBUG] [GD] HTTP 200 | CT=application/json; charset=utf-8 | page=2
[DEBUG] [GD] page 2: 24 items
[DEBUG] [GD] HTTP 200 | CT=application/json; charset=utf-8 | page=3
[DEBUG] [GD] page 3: 24 items
[DEBUG] [GD] HTTP 200 | CT=application/json; charset=utf-8 | page=4
[DEBUG] [GD] page 4: 24 items
[DEBUG] [GD] HTTP 200 | CT=application/json; charset=utf-8 | page=5
[DEBUG] [GD] page 5: 24 items
[DEBUG] [GD] total raw items before normalize: 120; unique kept: 110
[DEBUG] [GD] normalized rows: 110
[DEBUG] [GD] blocked by specialty/diesel filter: 92; passing: 18
[DEBUG] [Proxibid] parsed 30 rows across 1 page(s)
[DEBUG] [Renebates] found 54 events on index
[DEBUG] [Renebates] event: City Of Plano, Texas secs=43458
[DEBUG] [Renebates] City Of Plano, Texas -> 3 lots via https://renebates.com/a_list_2.php?id=265&cat=all
[DEBUG] [Renebates] event: Tatum Independent School District - Tatum, Texas secs=47055
[DEBUG] [Renebates] Tatum Independent School District - Tatum, Texas -> 6 lots via https://renebates.com/a_list_2.php?id=117&cat=all
[DEBUG] [DEBUG] collected 27 listings from all sites (after filter)
[DEBUG] [GD] HTTP 200 | CT=application/json; charset=utf-8 | page=1
[DEBUG] [GD] page 1: 24 items
[DEBUG] [GD] HTTP 200 | CT=application/json; charset=utf-8 | page=2
[DEBUG] [GD] page 2: 24 items
[DEBUG] [GD] HTTP 200 | CT=application/json; charset=utf-8 | page=3
[DEBUG] [GD] page 3: 24 items
[DEBUG] [GD] HTTP 200 | CT=application/json; charset=utf-8 | page=4
[DEBUG] [GD] page 4: 24 items
[DEBUG] [GD] HTTP 200 | CT=application/json; charset=utf-8 | page=5
[DEBUG] [GD] page 5: 24 items
[DEBUG] [GD] total raw items before normalize: 120; unique kept: 110
[DEBUG] [GD] normalized rows: 110
[DEBUG] [GD] blocked by specialty/diesel filter: 92; passing: 18
[DEBUG] [Proxibid] parsed 30 rows across 1 page(s)
[DEBUG] [Renebates] found 54 events on index
[DEBUG] [Renebates] event: City Of Plano, Texas secs=42811
[DEBUG] [Renebates] City Of Plano, Texas -> 3 lots via https://renebates.com/a_list_2.php?id=265&cat=all
[DEBUG] [Renebates] event: Tatum Independent School District - Tatum, Texas secs=46408
[DEBUG] [Renebates] Tatum Independent School District - Tatum, Texas -> 6 lots via https://renebates.com/a_list_2.php?id=117&cat=all
[DEBUG] [DEBUG] collected 27 listings from all sites (after filter)
[DEBUG] [GD] HTTP 200 | CT=application/json; charset=utf-8 | page=1
[DEBUG] [GD] page 1: 24 items
[DEBUG] [GD] HTTP 200 | CT=application/json; charset=utf-8 | page=2
[DEBUG] [GD] page 2: 24 items
[DEBUG] [GD] HTTP 200 | CT=application/json; charset=utf-8 | page=3
[DEBUG] [GD] page 3: 24 items
[DEBUG] [GD] HTTP 200 | CT=application/json; charset=utf-8 | page=4
[DEBUG] [GD] page 4: 24 items
[DEBUG] [GD] HTTP 200 | CT=application/json; charset=utf-8 | page=5
[DEBUG] [GD] page 5: 24 items
[DEBUG] [GD] total raw items before normalize: 120; unique kept: 110
[DEBUG] [GD] normalized rows: 110
[DEBUG] [GD] blocked by specialty/diesel filter: 92; passing: 18
[DEBUG] [Proxibid] parsed 30 rows across 1 page(s)
[DEBUG] [Renebates] found 54 events on index
[DEBUG] [Renebates] event: City Of Plano, Texas secs=42167
[DEBUG] [Renebates] City Of Plano, Texas -> 3 lots via https://renebates.com/a_list_2.php?id=265&cat=all
[DEBUG] [Renebates] event: Tatum Independent School District - Tatum, Texas secs=45764
[DEBUG] [Renebates] Tatum Independent School District - Tatum, Texas -> 6 lots via https://renebates.com/a_list_2.php?id=117&cat=all
[DEBUG] [DEBUG] collected 27 listings from all sites (after filter)
[DEBUG] [GD] HTTP 200 | CT=application/json; charset=utf-8 | page=1
[DEBUG] [GD] page 1: 24 items
[DEBUG] [GD] HTTP 200 | CT=application/json; charset=utf-8 | page=2
[DEBUG] [GD] page 2: 24 items
[DEBUG] [GD] HTTP 200 | CT=application/json; charset=utf-8 | page=3
[DEBUG] [GD] page 3: 24 items
[DEBUG] [GD] HTTP 200 | CT=application/json; charset=utf-8 | page=4
[DEBUG] [GD] page 4: 24 items
[DEBUG] [GD] HTTP 200 | CT=application/json; charset=utf-8 | page=5
[DEBUG] [GD] page 5: 24 items
[DEBUG] [GD] total raw items before normalize: 120; unique kept: 110
[DEBUG] [GD] normalized rows: 110
[DEBUG] [GD] blocked by specialty/diesel filter: 92; passing: 18
[DEBUG] [Proxibid] parsed 30 rows across 1 page(s)
[DEBUG] [Renebates] found 54 events on index
[DEBUG] [Renebates] event: City Of Plano, Texas secs=41521
[DEBUG] [Renebates] City Of Plano, Texas -> 3 lots via https://renebates.com/a_list_2.php?id=265&cat=all
[DEBUG] [Renebates] event: Tatum Independent School District - Tatum, Texas secs=45117
[DEBUG] [Renebates] Tatum Independent School District - Tatum, Texas -> 6 lots via https://renebates.com/a_list_2.php?id=117&cat=all
[DEBUG] [DEBUG] collected 27 listings from all sites (after filter)
[DEBUG] [GD] HTTP 200 | CT=application/json; charset=utf-8 | page=1
[DEBUG] [GD] page 1: 24 items
[DEBUG] [GD] HTTP 200 | CT=application/json; charset=utf-8 | page=2
[DEBUG] [GD] page 2: 24 items
[DEBUG] [GD] HTTP 200 | CT=application/json; charset=utf-8 | page=3
[DEBUG] [GD] page 3: 24 items
[DEBUG] [GD] HTTP 200 | CT=application/json; charset=utf-8 | page=4
[DEBUG] [GD] page 4: 24 items
[DEBUG] [GD] HTTP 200 | CT=application/json; charset=utf-8 | page=5
[DEBUG] [GD] page 5: 24 items
[DEBUG] [GD] total raw items before normalize: 120; unique kept: 110
[DEBUG] [GD] normalized rows: 110
[DEBUG] [GD] blocked by specialty/diesel filter: 92; passing: 18
[DEBUG] [Proxibid] parsed 30 rows across 1 page(s)
[DEBUG] [Renebates] found 54 events on index
[DEBUG] [Renebates] event: City Of Plano, Texas secs=40866
[DEBUG] [Renebates] City Of Plano, Texas -> 3 lots via https://renebates.com/a_list_2.php?id=265&cat=all
[DEBUG] [Renebates] event: Tatum Independent School District - Tatum, Texas secs=44465
[DEBUG] [Renebates] Tatum Independent School District - Tatum, Texas -> 6 lots via https://renebates.com/a_list_2.php?id=117&cat=all
[DEBUG] [DEBUG] collected 27 listings from all sites (after filter)
[DEBUG] [GD] HTTP 200 | CT=application/json; charset=utf-8 | page=1
[DEBUG] [GD] page 1: 24 items
[DEBUG] [GD] HTTP 200 | CT=application/json; charset=utf-8 | page=2
[DEBUG] [GD] page 2: 24 items
[DEBUG] [GD] HTTP 200 | CT=application/json; charset=utf-8 | page=3
[DEBUG] [GD] page 3: 24 items
[DEBUG] [GD] HTTP 200 | CT=application/json; charset=utf-8 | page=4
[DEBUG] [GD] page 4: 24 items
[DEBUG] [GD] HTTP 200 | CT=application/json; charset=utf-8 | page=5
[DEBUG] [GD] page 5: 24 items
[DEBUG] [GD] total raw items before normalize: 120; unique kept: 110
[DEBUG] [GD] normalized rows: 110
[DEBUG] [GD] blocked by specialty/diesel filter: 92; passing: 18
[DEBUG] [Proxibid] parsed 30 rows across 1 page(s)
[DEBUG] [Renebates] found 54 events on index
[DEBUG] [Renebates] event: City Of Plano, Texas secs=40222
[DEBUG] [Renebates] City Of Plano, Texas -> 3 lots via https://renebates.com/a_list_2.php?id=265&cat=all
[DEBUG] [Renebates] event: Tatum Independent School District - Tatum, Texas secs=43819
[DEBUG] [Renebates] Tatum Independent School District - Tatum, Texas -> 6 lots via https://renebates.com/a_list_2.php?id=117&cat=all
[DEBUG] [DEBUG] collected 27 listings from all sites (after filter)
[DEBUG] [GD] HTTP 200 | CT=application/json; charset=utf-8 | page=1
[DEBUG] [GD] page 1: 24 items
[DEBUG] [GD] HTTP 200 | CT=application/json; charset=utf-8 | page=2
[DEBUG] [GD] page 2: 24 items
[DEBUG] [GD] HTTP 200 | CT=application/json; charset=utf-8 | page=3
[DEBUG] [GD] page 3: 24 items
[DEBUG] [GD] HTTP 200 | CT=application/json; charset=utf-8 | page=4
[DEBUG] [GD] page 4: 24 items
[DEBUG] [GD] HTTP 200 | CT=application/json; charset=utf-8 | page=5
[DEBUG] [GD] page 5: 24 items
[DEBUG] [GD] total raw items before normalize: 120; unique kept: 110
[DEBUG] [GD] normalized rows: 110
[DEBUG] [GD] blocked by specialty/diesel filter: 92; passing: 18
[DEBUG] [Proxibid] parsed 30 rows across 1 page(s)
[DEBUG] [Renebates] found 54 events on index
[DEBUG] [Renebates] event: City Of Plano, Texas secs=39572
[DEBUG] [Renebates] City Of Plano, Texas -> 3 lots via https://renebates.com/a_list_2.php?id=265&cat=all
[DEBUG] [Renebates] event: Tatum Independent School District - Tatum, Texas secs=43169
[DEBUG] [Renebates] Tatum Independent School District - Tatum, Texas -> 6 lots via https://renebates.com/a_list_2.php?id=117&cat=all
[DEBUG] [DEBUG] collected 27 listings from all sites (after filter)
[DEBUG] [GD] HTTP 200 | CT=application/json; charset=utf-8 | page=1
[DEBUG] [GD] page 1: 24 items
[DEBUG] [GD] HTTP 200 | CT=application/json; charset=utf-8 | page=2
[DEBUG] [GD] page 2: 24 items
[DEBUG] [GD] HTTP 200 | CT=application/json; charset=utf-8 | page=3
[DEBUG] [GD] page 3: 24 items
[DEBUG] [GD] HTTP 200 | CT=application/json; charset=utf-8 | page=4
[DEBUG] [GD] page 4: 24 items
[DEBUG] [GD] HTTP 200 | CT=application/json; charset=utf-8 | page=5
[DEBUG] [GD] page 5: 24 items
[DEBUG] [GD] total raw items before normalize: 120; unique kept: 110
[DEBUG] [GD] normalized rows: 110
[DEBUG] [GD] blocked by specialty/diesel filter: 92; passing: 18
[DEBUG] [Proxibid] parsed 30 rows across 1 page(s)
[DEBUG] [Renebates] found 54 events on index
[DEBUG] [Renebates] event: City Of Plano, Texas secs=38926
[DEBUG] [Renebates] City Of Plano, Texas -> 3 lots via https://renebates.com/a_list_2.php?id=265&cat=all
[DEBUG] [Renebates] event: Tatum Independent School District - Tatum, Texas secs=42523
[DEBUG] [Renebates] Tatum Independent School District - Tatum, Texas -> 6 lots via https://renebates.com/a_list_2.php?id=117&cat=all
[DEBUG] [DEBUG] collected 27 listings from all sites (after filter)
[DEBUG] [GD] HTTP 200 | CT=application/json; charset=utf-8 | page=1
[DEBUG] [GD] page 1: 24 items
[DEBUG] [GD] HTTP 200 | CT=application/json; charset=utf-8 | page=2
[DEBUG] [GD] page 2: 24 items
[DEBUG] [GD] HTTP 200 | CT=application/json; charset=utf-8 | page=3
[DEBUG] [GD] page 3: 24 items
[DEBUG] [GD] HTTP 200 | CT=application/json; charset=utf-8 | page=4
[DEBUG] [GD] page 4: 24 items
[DEBUG] [GD] HTTP 200 | CT=application/json; charset=utf-8 | page=5
[DEBUG] [GD] page 5: 24 items
[DEBUG] [GD] total raw items before normalize: 120; unique kept: 110
[DEBUG] [GD] normalized rows: 110
[DEBUG] [GD] blocked by specialty/diesel filter: 92; passing: 18
[DEBUG] [Proxibid] parsed 30 rows across 1 page(s)
[DEBUG] [Renebates] found 54 events on index
[DEBUG] [Renebates] event: City Of Plano, Texas secs=38279
[DEBUG] [Renebates] City Of Plano, Texas -> 3 lots via https://renebates.com/a_list_2.php?id=265&cat=all
[DEBUG] [Renebates] event: Tatum Independent School District - Tatum, Texas secs=41876
[DEBUG] [Renebates] Tatum Independent School District - Tatum, Texas -> 6 lots via https://renebates.com/a_list_2.php?id=117&cat=all
[DEBUG] [DEBUG] collected 27 listings from all sites (after filter)
[DEBUG] [GD] HTTP 200 | CT=application/json; charset=utf-8 | page=1
[DEBUG] [GD] page 1: 24 items
[DEBUG] [GD] HTTP 200 | CT=application/json; charset=utf-8 | page=2
[DEBUG] [GD] page 2: 24 items
[DEBUG] [GD] HTTP 200 | CT=application/json; charset=utf-8 | page=3
[DEBUG] [GD] page 3: 24 items
[DEBUG] [GD] HTTP 200 | CT=application/json; charset=utf-8 | page=4
[DEBUG] [GD] page 4: 24 items
[DEBUG] [GD] HTTP 200 | CT=application/json; charset=utf-8 | page=5
[DEBUG] [GD] page 5: 24 items
[DEBUG] [GD] total raw items before normalize: 120; unique kept: 110
[DEBUG] [GD] normalized rows: 110
[DEBUG] [GD] blocked by specialty/diesel filter: 92; passing: 18
[DEBUG] [Proxibid] parsed 30 rows across 1 page(s)
[DEBUG] [Renebates] found 54 events on index
[DEBUG] [Renebates] event: City Of Plano, Texas secs=37631
[DEBUG] [Renebates] City Of Plano, Texas -> 3 lots via https://renebates.com/a_list_2.php?id=265&cat=all
[DEBUG] [Renebates] event: Tatum Independent School District - Tatum, Texas secs=41228
[DEBUG] [Renebates] Tatum Independent School District - Tatum, Texas -> 6 lots via https://renebates.com/a_list_2.php?id=117&cat=all
[DEBUG] [DEBUG] collected 27 listings from all sites (after filter)
[DEBUG] [GD] HTTP 200 | CT=application/json; charset=utf-8 | page=1
[DEBUG] [GD] page 1: 24 items
[DEBUG] [GD] HTTP 200 | CT=application/json; charset=utf-8 | page=2
[DEBUG] [GD] page 2: 24 items
[DEBUG] [GD] HTTP 200 | CT=application/json; charset=utf-8 | page=3
[DEBUG] [GD] page 3: 24 items
[DEBUG] [GD] HTTP 200 | CT=application/json; charset=utf-8 | page=4
[DEBUG] [GD] page 4: 24 items
[DEBUG] [GD] HTTP 200 | CT=application/json; charset=utf-8 | page=5
[DEBUG] [GD] page 5: 24 items
[DEBUG] [GD] total raw items before normalize: 120; unique kept: 110
[DEBUG] [GD] normalized rows: 110
[DEBUG] [GD] blocked by specialty/diesel filter: 92; passing: 18
[DEBUG] [Proxibid] parsed 30 rows across 1 page(s)
[DEBUG] [Renebates] found 54 events on index
[DEBUG] [Renebates] event: City Of Plano, Texas secs=36980
[DEBUG] [Renebates] City Of Plano, Texas -> 3 lots via https://renebates.com/a_list_2.php?id=265&cat=all
[DEBUG] [Renebates] event: Tatum Independent School District - Tatum, Texas secs=40577
[DEBUG] [Renebates] Tatum Independent School District - Tatum, Texas -> 6 lots via https://renebates.com/a_list_2.php?id=117&cat=all
[DEBUG] [DEBUG] collected 27 listings from all sites (after filter)
[DEBUG] [GD] HTTP 200 | CT=application/json; charset=utf-8 | page=1
[DEBUG] [GD] page 1: 24 items
[DEBUG] [GD] HTTP 200 | CT=application/json; charset=utf-8 | page=2
[DEBUG] [GD] page 2: 24 items
[DEBUG] [GD] HTTP 200 | CT=application/json; charset=utf-8 | page=3
[DEBUG] [GD] page 3: 24 items
[DEBUG] [GD] HTTP 200 | CT=application/json; charset=utf-8 | page=4
[DEBUG] [GD] page 4: 24 items
[DEBUG] [GD] HTTP 200 | CT=application/json; charset=utf-8 | page=5
[DEBUG] [GD] page 5: 24 items
[DEBUG] [GD] total raw items before normalize: 120; unique kept: 110
[DEBUG] [GD] normalized rows: 110
[DEBUG] [GD] blocked by specialty/diesel filter: 92; passing: 18
[DEBUG] [Proxibid] parsed 30 rows across 1 page(s)
[DEBUG] [Renebates] found 54 events on index
[DEBUG] [Renebates] event: City Of Plano, Texas secs=36341
[DEBUG] [Renebates] City Of Plano, Texas -> 3 lots via https://renebates.com/a_list_2.php?id=265&cat=all
[DEBUG] [Renebates] event: Tatum Independent School District - Tatum, Texas secs=39938
[DEBUG] [Renebates] Tatum Independent School District - Tatum, Texas -> 6 lots via https://renebates.com/a_list_2.php?id=117&cat=all
[DEBUG] [DEBUG] collected 27 listings from all sites (after filter)
[DEBUG] [GD] HTTP 200 | CT=application/json; charset=utf-8 | page=1
[DEBUG] [GD] page 1: 24 items
[DEBUG] [GD] HTTP 200 | CT=application/json; charset=utf-8 | page=2
[DEBUG] [GD] page 2: 24 items
[DEBUG] [GD] HTTP 200 | CT=application/json; charset=utf-8 | page=3
[DEBUG] [GD] page 3: 24 items
[DEBUG] [GD] HTTP 200 | CT=application/json; charset=utf-8 | page=4
[DEBUG] [GD] page 4: 24 items
[DEBUG] [GD] HTTP 200 | CT=application/json; charset=utf-8 | page=5
[DEBUG] [GD] page 5: 24 items
[DEBUG] [GD] total raw items before normalize: 120; unique kept: 110
[DEBUG] [GD] normalized rows: 110
[DEBUG] [GD] blocked by specialty/diesel filter: 92; passing: 18
[DEBUG] [Proxibid] parsed 30 rows across 1 page(s)
[DEBUG] [Renebates] found 54 events on index
[DEBUG] [Renebates] event: City Of Plano, Texas secs=35688
[DEBUG] [Renebates] City Of Plano, Texas -> 3 lots via https://renebates.com/a_list_2.php?id=265&cat=all
[DEBUG] [Renebates] event: Tatum Independent School District - Tatum, Texas secs=39285
[DEBUG] [Renebates] Tatum Independent School District - Tatum, Texas -> 6 lots via https://renebates.com/a_list_2.php?id=117&cat=all
[DEBUG] [DEBUG] collected 27 listings from all sites (after filter)
[DEBUG] [GD] HTTP 200 | CT=application/json; charset=utf-8 | page=1
[DEBUG] [GD] page 1: 24 items
[DEBUG] [GD] HTTP 200 | CT=application/json; charset=utf-8 | page=2
[DEBUG] [GD] page 2: 24 items
[DEBUG] [GD] HTTP 200 | CT=application/json; charset=utf-8 | page=3
[DEBUG] [GD] page 3: 24 items
[DEBUG] [GD] HTTP 200 | CT=application/json; charset=utf-8 | page=4
[DEBUG] [GD] page 4: 24 items
[DEBUG] [GD] HTTP 200 | CT=application/json; charset=utf-8 | page=5
[DEBUG] [GD] page 5: 24 items
[DEBUG] [GD] total raw items before normalize: 120; unique kept: 110
[DEBUG] [GD] normalized rows: 110
[DEBUG] [GD] blocked by specialty/diesel filter: 92; passing: 18
[DEBUG] [Proxibid] parsed 30 rows across 1 page(s)
[DEBUG] [Renebates] found 54 events on index
[DEBUG] [Renebates] event: City Of Plano, Texas secs=35045
[DEBUG] [Renebates] City Of Plano, Texas -> 3 lots via https://renebates.com/a_list_2.php?id=265&cat=all
[DEBUG] [Renebates] event: Tatum Independent School District - Tatum, Texas secs=38642
[DEBUG] [Renebates] Tatum Independent School District - Tatum, Texas -> 6 lots via https://renebates.com/a_list_2.php?id=117&cat=all
[DEBUG] [DEBUG] collected 27 listings from all sites (after filter)
[DEBUG] [GD] HTTP 200 | CT=application/json; charset=utf-8 | page=1
[DEBUG] [GD] page 1: 24 items
[DEBUG] [GD] HTTP 200 | CT=application/json; charset=utf-8 | page=2
[DEBUG] [GD] page 2: 24 items
[DEBUG] [GD] HTTP 200 | CT=application/json; charset=utf-8 | page=3
[DEBUG] [GD] page 3: 24 items
[DEBUG] [GD] HTTP 200 | CT=application/json; charset=utf-8 | page=4
[DEBUG] [GD] page 4: 24 items
[DEBUG] [GD] HTTP 200 | CT=application/json; charset=utf-8 | page=5
[DEBUG] [GD] page 5: 24 items
[DEBUG] [GD] total raw items before normalize: 120; unique kept: 110
[DEBUG] [GD] normalized rows: 110
[DEBUG] [GD] blocked by specialty/diesel filter: 92; passing: 18
[DEBUG] [Proxibid] parsed 30 rows across 1 page(s)
[DEBUG] [Renebates] found 54 events on index
[DEBUG] [Renebates] event: City Of Plano, Texas secs=34383
[DEBUG] [Renebates] City Of Plano, Texas -> 3 lots via https://renebates.com/a_list_2.php?id=265&cat=all
[DEBUG] [Renebates] event: Tatum Independent School District - Tatum, Texas secs=37980
[DEBUG] [Renebates] Tatum Independent School District - Tatum, Texas -> 6 lots via https://renebates.com/a_list_2.php?id=117&cat=all
[DEBUG] [DEBUG] collected 27 listings from all sites (after filter)
[DEBUG] [GD] HTTP 200 | CT=application/json; charset=utf-8 | page=1
[DEBUG] [GD] page 1: 24 items
[DEBUG] [GD] HTTP 200 | CT=application/json; charset=utf-8 | page=2
[DEBUG] [GD] page 2: 24 items
[DEBUG] [GD] HTTP 200 | CT=application/json; charset=utf-8 | page=3
[DEBUG] [GD] page 3: 24 items
[DEBUG] [GD] HTTP 200 | CT=application/json; charset=utf-8 | page=4
[DEBUG] [GD] page 4: 24 items
[DEBUG] [GD] HTTP 200 | CT=application/json; charset=utf-8 | page=5
[DEBUG] [GD] page 5: 24 items
[DEBUG] [GD] total raw items before normalize: 120; unique kept: 110
[DEBUG] [GD] normalized rows: 110
[DEBUG] [GD] blocked by specialty/diesel filter: 92; passing: 18
[DEBUG] [Proxibid] parsed 30 rows across 1 page(s)
[DEBUG] [Renebates] found 54 events on index
[DEBUG] [Renebates] event: City Of Plano, Texas secs=33742
[DEBUG] [Renebates] City Of Plano, Texas -> 3 lots via https://renebates.com/a_list_2.php?id=265&cat=all
[DEBUG] [Renebates] event: Tatum Independent School District - Tatum, Texas secs=37339
[DEBUG] [Renebates] Tatum Independent School District - Tatum, Texas -> 6 lots via https://renebates.com/a_list_2.php?id=117&cat=all
[DEBUG] [DEBUG] collected 27 listings from all sites (after filter)
[DEBUG] [GD] HTTP 200 | CT=application/json; charset=utf-8 | page=1
[DEBUG] [GD] page 1: 24 items
[DEBUG] [GD] HTTP 200 | CT=application/json; charset=utf-8 | page=2
[DEBUG] [GD] page 2: 24 items
[DEBUG] [GD] HTTP 200 | CT=application/json; charset=utf-8 | page=3
[DEBUG] [GD] page 3: 24 items
[DEBUG] [GD] HTTP 200 | CT=application/json; charset=utf-8 | page=4
[DEBUG] [GD] page 4: 24 items
[DEBUG] [GD] HTTP 200 | CT=application/json; charset=utf-8 | page=5
[DEBUG] [GD] page 5: 24 items
[DEBUG] [GD] total raw items before normalize: 120; unique kept: 110
[DEBUG] [GD] normalized rows: 110
[DEBUG] [GD] blocked by specialty/diesel filter: 92; passing: 18
[DEBUG] [Proxibid] parsed 30 rows across 1 page(s)
[DEBUG] [Renebates] found 54 events on index
[DEBUG] [Renebates] event: City Of Plano, Texas secs=33100
[DEBUG] [Renebates] City Of Plano, Texas -> 3 lots via https://renebates.com/a_list_2.php?id=265&cat=all
[DEBUG] [Renebates] event: Tatum Independent School District - Tatum, Texas secs=36697
[DEBUG] [Renebates] Tatum Independent School District - Tatum, Texas -> 6 lots via https://renebates.com/a_list_2.php?id=117&cat=all
[DEBUG] [DEBUG] collected 27 listings from all sites (after filter)
[DEBUG] [GD] HTTP 200 | CT=application/json; charset=utf-8 | page=1
[DEBUG] [GD] page 1: 24 items
[DEBUG] [GD] HTTP 200 | CT=application/json; charset=utf-8 | page=2
[DEBUG] [GD] page 2: 24 items
[DEBUG] [GD] HTTP 200 | CT=application/json; charset=utf-8 | page=3
[DEBUG] [GD] page 3: 24 items
[DEBUG] [GD] HTTP 200 | CT=application/json; charset=utf-8 | page=4
[DEBUG] [GD] page 4: 24 items
[DEBUG] [GD] HTTP 200 | CT=application/json; charset=utf-8 | page=5
[DEBUG] [GD] page 5: 24 items
[DEBUG] [GD] total raw items before normalize: 120; unique kept: 110
[DEBUG] [GD] normalized rows: 110
[DEBUG] [GD] blocked by specialty/diesel filter: 92; passing: 18
[DEBUG] [Proxibid] parsed 30 rows across 1 page(s)
[DEBUG] [Renebates] found 54 events on index
[DEBUG] [Renebates] event: City Of Plano, Texas secs=32456
[DEBUG] [Renebates] City Of Plano, Texas -> 3 lots via https://renebates.com/a_list_2.php?id=265&cat=all
[DEBUG] [Renebates] event: Tatum Independent School District - Tatum, Texas secs=36053
[DEBUG] [Renebates] Tatum Independent School District - Tatum, Texas -> 6 lots via https://renebates.com/a_list_2.php?id=117&cat=all
[DEBUG] [DEBUG] collected 27 listings from all sites (after filter)
[DEBUG] [GD] HTTP 200 | CT=application/json; charset=utf-8 | page=1
[DEBUG] [GD] page 1: 24 items
[DEBUG] [GD] HTTP 200 | CT=application/json; charset=utf-8 | page=2
[DEBUG] [GD] page 2: 24 items
[DEBUG] [GD] HTTP 200 | CT=application/json; charset=utf-8 | page=3
[DEBUG] [GD] page 3: 24 items
[DEBUG] [GD] HTTP 200 | CT=application/json; charset=utf-8 | page=4
[DEBUG] [GD] page 4: 24 items
[DEBUG] [GD] HTTP 200 | CT=application/json; charset=utf-8 | page=5
[DEBUG] [GD] page 5: 24 items
[DEBUG] [GD] total raw items before normalize: 120; unique kept: 110
[DEBUG] [GD] normalized rows: 110
[DEBUG] [GD] blocked by specialty/diesel filter: 92; passing: 18
[DEBUG] [Proxibid] parsed 30 rows across 1 page(s)
[DEBUG] [Renebates] found 54 events on index
[DEBUG] [Renebates] event: City Of Plano, Texas secs=31809
[DEBUG] [Renebates] City Of Plano, Texas -> 3 lots via https://renebates.com/a_list_2.php?id=265&cat=all
[DEBUG] [Renebates] event: Tatum Independent School District - Tatum, Texas secs=35405
[DEBUG] [Renebates] Tatum Independent School District - Tatum, Texas -> 6 lots via https://renebates.com/a_list_2.php?id=117&cat=all
[DEBUG] [DEBUG] collected 27 listings from all sites (after filter)
❌ SMS failed: HTTP 401 error: Unable to create record: Authenticate
💓 Healthcheck SMS sent.
[DEBUG] [GD] HTTP 200 | CT=application/json; charset=utf-8 | page=1
[DEBUG] [GD] page 1: 24 items
[DEBUG] [GD] HTTP 200 | CT=application/json; charset=utf-8 | page=2
[DEBUG] [GD] page 2: 24 items
[DEBUG] [GD] HTTP 200 | CT=application/json; charset=utf-8 | page=3
[DEBUG] [GD] page 3: 24 items
[DEBUG] [GD] HTTP 200 | CT=application/json; charset=utf-8 | page=4
[DEBUG] [GD] page 4: 24 items
[DEBUG] [GD] HTTP 200 | CT=application/json; charset=utf-8 | page=5
[DEBUG] [GD] page 5: 24 items
[DEBUG] [GD] total raw items before normalize: 120; unique kept: 110
[DEBUG] [GD] normalized rows: 110
[DEBUG] [GD] blocked by specialty/diesel filter: 92; passing: 18
[DEBUG] [Proxibid] parsed 30 rows across 1 page(s)
[DEBUG] [Renebates] found 54 events on index
[DEBUG] [Renebates] event: City Of Plano, Texas secs=31152
[DEBUG] [Renebates] City Of Plano, Texas -> 3 lots via https://renebates.com/a_list_2.php?id=265&cat=all
[DEBUG] [Renebates] event: Tatum Independent School District - Tatum, Texas secs=34750
[DEBUG] [Renebates] Tatum Independent School District - Tatum, Texas -> 6 lots via https://renebates.com/a_list_2.php?id=117&cat=all
[DEBUG] [DEBUG] collected 27 listings from all sites (after filter)
[DEBUG] [GD] HTTP 200 | CT=application/json; charset=utf-8 | page=1
[DEBUG] [GD] page 1: 24 items
[DEBUG] [GD] HTTP 200 | CT=application/json; charset=utf-8 | page=2
[DEBUG] [GD] page 2: 24 items
[DEBUG] [GD] HTTP 200 | CT=application/json; charset=utf-8 | page=3
[DEBUG] [GD] page 3: 24 items
[DEBUG] [GD] HTTP 200 | CT=application/json; charset=utf-8 | page=4
[DEBUG] [GD] page 4: 24 items
[DEBUG] [GD] HTTP 200 | CT=application/json; charset=utf-8 | page=5
[DEBUG] [GD] page 5: 24 items
[DEBUG] [GD] total raw items before normalize: 120; unique kept: 110
[DEBUG] [GD] normalized rows: 110
[DEBUG] [GD] blocked by specialty/diesel filter: 92; passing: 18
[DEBUG] [Proxibid] parsed 30 rows across 1 page(s)
[DEBUG] [Renebates] found 54 events on index
[DEBUG] [Renebates] event: City Of Plano, Texas secs=30512
[DEBUG] [Renebates] City Of Plano, Texas -> 3 lots via https://renebates.com/a_list_2.php?id=265&cat=all
[DEBUG] [Renebates] event: Tatum Independent School District - Tatum, Texas secs=34110
[DEBUG] [Renebates] Tatum Independent School District - Tatum, Texas -> 6 lots via https://renebates.com/a_list_2.php?id=117&cat=all
[DEBUG] [DEBUG] collected 27 listings from all sites (after filter)
[DEBUG] [GD] HTTP 200 | CT=application/json; charset=utf-8 | page=1
[DEBUG] [GD] page 1: 24 items
[DEBUG] [GD] HTTP 200 | CT=application/json; charset=utf-8 | page=2
[DEBUG] [GD] page 2: 24 items
[DEBUG] [GD] HTTP 200 | CT=application/json; charset=utf-8 | page=3
[DEBUG] [GD] page 3: 24 items
[DEBUG] [GD] HTTP 200 | CT=application/json; charset=utf-8 | page=4
[DEBUG] [GD] page 4: 24 items
[DEBUG] [GD] HTTP 200 | CT=application/json; charset=utf-8 | page=5
[DEBUG] [GD] page 5: 24 items
[DEBUG] [GD] total raw items before normalize: 120; unique kept: 110
[DEBUG] [GD] normalized rows: 110
[DEBUG] [GD] blocked by specialty/diesel filter: 92; passing: 18
[DEBUG] [Proxibid] parsed 30 rows across 1 page(s)
[DEBUG] [Renebates] found 54 events on index
[DEBUG] [Renebates] event: City Of Plano, Texas secs=29864
[DEBUG] [Renebates] City Of Plano, Texas -> 3 lots via https://renebates.com/a_list_2.php?id=265&cat=all
[DEBUG] [Renebates] event: Tatum Independent School District - Tatum, Texas secs=33460
[DEBUG] [Renebates] Tatum Independent School District - Tatum, Texas -> 6 lots via https://renebates.com/a_list_2.php?id=117&cat=all
[DEBUG] [DEBUG] collected 27 listings from all sites (after filter)
[DEBUG] [GD] HTTP 200 | CT=application/json; charset=utf-8 | page=1
[DEBUG] [GD] page 1: 24 items
[DEBUG] [GD] HTTP 200 | CT=application/json; charset=utf-8 | page=2
[DEBUG] [GD] page 2: 24 items
[DEBUG] [GD] HTTP 200 | CT=application/json; charset=utf-8 | page=3
[DEBUG] [GD] page 3: 24 items
[DEBUG] [GD] HTTP 200 | CT=application/json; charset=utf-8 | page=4
[DEBUG] [GD] page 4: 24 items
[DEBUG] [GD] HTTP 200 | CT=application/json; charset=utf-8 | page=5
[DEBUG] [GD] page 5: 24 items
[DEBUG] [GD] total raw items before normalize: 120; unique kept: 110
[DEBUG] [GD] normalized rows: 110
[DEBUG] [GD] blocked by specialty/diesel filter: 92; passing: 18
[DEBUG] [Proxibid] parsed 30 rows across 1 page(s)
[DEBUG] [Renebates] found 54 events on index
[DEBUG] [Renebates] event: City Of Plano, Texas secs=29224
[DEBUG] [Renebates] City Of Plano, Texas -> 3 lots via https://renebates.com/a_list_2.php?id=265&cat=all
[DEBUG] [Renebates] event: Tatum Independent School District - Tatum, Texas secs=32821
[DEBUG] [Renebates] Tatum Independent School District - Tatum, Texas -> 6 lots via https://renebates.com/a_list_2.php?id=117&cat=all
[DEBUG] [DEBUG] collected 27 listings from all sites (after filter)
[DEBUG] [GD] HTTP 200 | CT=application/json; charset=utf-8 | page=1
[DEBUG] [GD] page 1: 24 items
[DEBUG] [GD] HTTP 200 | CT=application/json; charset=utf-8 | page=2
[DEBUG] [GD] page 2: 24 items
[DEBUG] [GD] HTTP 200 | CT=application/json; charset=utf-8 | page=3
[DEBUG] [GD] page 3: 24 items
[DEBUG] [GD] HTTP 200 | CT=application/json; charset=utf-8 | page=4
[DEBUG] [GD] page 4: 24 items
[DEBUG] [GD] HTTP 200 | CT=application/json; charset=utf-8 | page=5
[DEBUG] [GD] page 5: 24 items
[DEBUG] [GD] total raw items before normalize: 120; unique kept: 110
[DEBUG] [GD] normalized rows: 110
[DEBUG] [GD] blocked by specialty/diesel filter: 92; passing: 18
[DEBUG] [Proxibid] parsed 30 rows across 1 page(s)
[DEBUG] [Renebates] found 54 events on index
[DEBUG] [Renebates] event: City Of Plano, Texas secs=28578
[DEBUG] [Renebates] City Of Plano, Texas -> 3 lots via https://renebates.com/a_list_2.php?id=265&cat=all
[DEBUG] [Renebates] event: Tatum Independent School District - Tatum, Texas secs=32174
[DEBUG] [Renebates] Tatum Independent School District - Tatum, Texas -> 6 lots via https://renebates.com/a_list_2.php?id=117&cat=all
[DEBUG] [DEBUG] collected 27 listings from all sites (after filter)
[DEBUG] [GD] HTTP 200 | CT=application/json; charset=utf-8 | page=1
[DEBUG] [GD] page 1: 24 items
[DEBUG] [GD] HTTP 200 | CT=application/json; charset=utf-8 | page=2
[DEBUG] [GD] page 2: 24 items
[DEBUG] [GD] HTTP 200 | CT=application/json; charset=utf-8 | page=3
[DEBUG] [GD] page 3: 24 items
[DEBUG] [GD] HTTP 200 | CT=application/json; charset=utf-8 | page=4
[DEBUG] [GD] page 4: 24 items
[DEBUG] [GD] HTTP 200 | CT=application/json; charset=utf-8 | page=5
[DEBUG] [GD] page 5: 24 items
[DEBUG] [GD] total raw items before normalize: 120; unique kept: 110
[DEBUG] [GD] normalized rows: 110
[DEBUG] [GD] blocked by specialty/diesel filter: 92; passing: 18
[DEBUG] [Proxibid] parsed 30 rows across 1 page(s)
[DEBUG] [Renebates] found 54 events on index
[DEBUG] [Renebates] event: City Of Plano, Texas secs=27925
[DEBUG] [Renebates] City Of Plano, Texas -> 3 lots via https://renebates.com/a_list_2.php?id=265&cat=all
[DEBUG] [Renebates] event: Tatum Independent School District - Tatum, Texas secs=31523
[DEBUG] [Renebates] Tatum Independent School District - Tatum, Texas -> 6 lots via https://renebates.com/a_list_2.php?id=117&cat=all
[DEBUG] [DEBUG] collected 27 listings from all sites (after filter)
[DEBUG] [GD] HTTP 200 | CT=application/json; charset=utf-8 | page=1
[DEBUG] [GD] page 1: 24 items
[DEBUG] [GD] HTTP 200 | CT=application/json; charset=utf-8 | page=2
[DEBUG] [GD] page 2: 24 items
[DEBUG] [GD] HTTP 200 | CT=application/json; charset=utf-8 | page=3
[DEBUG] [GD] page 3: 24 items
[DEBUG] [GD] HTTP 200 | CT=application/json; charset=utf-8 | page=4
[DEBUG] [GD] page 4: 24 items
[DEBUG] [GD] HTTP 200 | CT=application/json; charset=utf-8 | page=5
[DEBUG] [GD] page 5: 24 items
[DEBUG] [GD] total raw items before normalize: 120; unique kept: 110
[DEBUG] [GD] normalized rows: 110
[DEBUG] [GD] blocked by specialty/diesel filter: 92; passing: 18
[DEBUG] [Proxibid] parsed 30 rows across 1 page(s)
[DEBUG] [Renebates] found 54 events on index
[DEBUG] [Renebates] event: City Of Plano, Texas secs=27284
[DEBUG] [Renebates] City Of Plano, Texas -> 3 lots via https://renebates.com/a_list_2.php?id=265&cat=all
[DEBUG] [Renebates] event: Tatum Independent School District - Tatum, Texas secs=30881
[DEBUG] [Renebates] Tatum Independent School District - Tatum, Texas -> 6 lots via https://renebates.com/a_list_2.php?id=117&cat=all
[DEBUG] [DEBUG] collected 27 listings from all sites (after filter)
[DEBUG] [GD] HTTP 200 | CT=application/json; charset=utf-8 | page=1
[DEBUG] [GD] page 1: 24 items
[DEBUG] [GD] HTTP 200 | CT=application/json; charset=utf-8 | page=2
[DEBUG] [GD] page 2: 24 items
[DEBUG] [GD] HTTP 200 | CT=application/json; charset=utf-8 | page=3
[DEBUG] [GD] page 3: 24 items
[DEBUG] [GD] HTTP 200 | CT=application/json; charset=utf-8 | page=4
[DEBUG] [GD] page 4: 24 items
[DEBUG] [GD] HTTP 200 | CT=application/json; charset=utf-8 | page=5
[DEBUG] [GD] page 5: 24 items
[DEBUG] [GD] total raw items before normalize: 120; unique kept: 110
[DEBUG] [GD] normalized rows: 110
[DEBUG] [GD] blocked by specialty/diesel filter: 92; passing: 18
[DEBUG] [Proxibid] parsed 30 rows across 1 page(s)
[DEBUG] [Renebates] found 54 events on index
[DEBUG] [Renebates] event: City Of Plano, Texas secs=26640
[DEBUG] [Renebates] City Of Plano, Texas -> 3 lots via https://renebates.com/a_list_2.php?id=265&cat=all
[DEBUG] [Renebates] event: Tatum Independent School District - Tatum, Texas secs=30237
[DEBUG] [Renebates] Tatum Independent School District - Tatum, Texas -> 6 lots via https://renebates.com/a_list_2.php?id=117&cat=all
[DEBUG] [DEBUG] collected 27 listings from all sites (after filter)
[DEBUG] [GD] HTTP 200 | CT=application/json; charset=utf-8 | page=1
[DEBUG] [GD] page 1: 24 items
[DEBUG] [GD] HTTP 200 | CT=application/json; charset=utf-8 | page=2
[DEBUG] [GD] page 2: 24 items
[DEBUG] [GD] HTTP 200 | CT=application/json; charset=utf-8 | page=3
[DEBUG] [GD] page 3: 24 items
[DEBUG] [GD] HTTP 200 | CT=application/json; charset=utf-8 | page=4
[DEBUG] [GD] page 4: 24 items
[DEBUG] [GD] HTTP 200 | CT=application/json; charset=utf-8 | page=5
[DEBUG] [GD] page 5: 24 items
[DEBUG] [GD] total raw items before normalize: 120; unique kept: 110
[DEBUG] [GD] normalized rows: 110
[DEBUG] [GD] blocked by specialty/diesel filter: 92; passing: 18
[DEBUG] [Proxibid] parsed 30 rows across 1 page(s)
[DEBUG] [Renebates] found 54 events on index
[DEBUG] [Renebates] event: City Of Plano, Texas secs=25988
[DEBUG] [Renebates] City Of Plano, Texas -> 3 lots via https://renebates.com/a_list_2.php?id=265&cat=all
[DEBUG] [Renebates] event: Tatum Independent School District - Tatum, Texas secs=29586
[DEBUG] [Renebates] Tatum Independent School District - Tatum, Texas -> 6 lots via https://renebates.com/a_list_2.php?id=117&cat=all
[DEBUG] [DEBUG] collected 27 listings from all sites (after filter)
[DEBUG] [GD] HTTP 200 | CT=application/json; charset=utf-8 | page=1
[DEBUG] [GD] page 1: 24 items
[DEBUG] [GD] HTTP 200 | CT=application/json; charset=utf-8 | page=2
[DEBUG] [GD] page 2: 24 items
[DEBUG] [GD] HTTP 200 | CT=application/json; charset=utf-8 | page=3
[DEBUG] [GD] page 3: 24 items
[DEBUG] [GD] HTTP 200 | CT=application/json; charset=utf-8 | page=4
[DEBUG] [GD] page 4: 24 items
[DEBUG] [GD] HTTP 200 | CT=application/json; charset=utf-8 | page=5
[DEBUG] [GD] page 5: 24 items
[DEBUG] [GD] total raw items before normalize: 120; unique kept: 110
[DEBUG] [GD] normalized rows: 110
[DEBUG] [GD] blocked by specialty/diesel filter: 92; passing: 18
[DEBUG] [Proxibid] parsed 30 rows across 1 page(s)
[DEBUG] [Renebates] found 54 events on index
[DEBUG] [Renebates] event: City Of Plano, Texas secs=25335
[DEBUG] [Renebates] City Of Plano, Texas -> 3 lots via https://renebates.com/a_list_2.php?id=265&cat=all
[DEBUG] [Renebates] event: Tatum Independent School District - Tatum, Texas secs=28932
[DEBUG] [Renebates] Tatum Independent School District - Tatum, Texas -> 6 lots via https://renebates.com/a_list_2.php?id=117&cat=all
[DEBUG] [DEBUG] collected 27 listings from all sites (after filter)
[DEBUG] [GD] HTTP 200 | CT=application/json; charset=utf-8 | page=1
[DEBUG] [GD] page 1: 24 items
[DEBUG] [GD] HTTP 200 | CT=application/json; charset=utf-8 | page=2
[DEBUG] [GD] page 2: 24 items
[DEBUG] [GD] HTTP 200 | CT=application/json; charset=utf-8 | page=3
[DEBUG] [GD] page 3: 24 items
[DEBUG] [GD] HTTP 200 | CT=application/json; charset=utf-8 | page=4
[DEBUG] [GD] page 4: 24 items
[DEBUG] [GD] HTTP 200 | CT=application/json; charset=utf-8 | page=5
[DEBUG] [GD] page 5: 24 items
[DEBUG] [GD] total raw items before normalize: 120; unique kept: 110
[DEBUG] [GD] normalized rows: 110
[DEBUG] [GD] blocked by specialty/diesel filter: 92; passing: 18
[DEBUG] [Proxibid] parsed 30 rows across 1 page(s)
[DEBUG] [Renebates] found 54 events on index
[DEBUG] [Renebates] event: City Of Plano, Texas secs=24685
[DEBUG] [Renebates] City Of Plano, Texas -> 3 lots via https://renebates.com/a_list_2.php?id=265&cat=all
[DEBUG] [Renebates] event: Tatum Independent School District - Tatum, Texas secs=28281
[DEBUG] [Renebates] Tatum Independent School District - Tatum, Texas -> 6 lots via https://renebates.com/a_list_2.php?id=117&cat=all
[DEBUG] [DEBUG] collected 27 listings from all sites (after filter)
[DEBUG] [GD] HTTP 200 | CT=application/json; charset=utf-8 | page=1
[DEBUG] [GD] page 1: 24 items
[DEBUG] [GD] HTTP 200 | CT=application/json; charset=utf-8 | page=2
[DEBUG] [GD] page 2: 24 items
[DEBUG] [GD] HTTP 200 | CT=application/json; charset=utf-8 | page=3
[DEBUG] [GD] page 3: 24 items
[DEBUG] [GD] HTTP 200 | CT=application/json; charset=utf-8 | page=4
[DEBUG] [GD] page 4: 24 items
[DEBUG] [GD] HTTP 200 | CT=application/json; charset=utf-8 | page=5
[DEBUG] [GD] page 5: 24 items
[DEBUG] [GD] total raw items before normalize: 120; unique kept: 110
[DEBUG] [GD] normalized rows: 110
[DEBUG] [GD] blocked by specialty/diesel filter: 92; passing: 18
[DEBUG] [Proxibid] parsed 30 rows across 1 page(s)
[DEBUG] [Renebates] found 54 events on index
[DEBUG] [Renebates] event: City Of Plano, Texas secs=24034
[DEBUG] [Renebates] City Of Plano, Texas -> 3 lots via https://renebates.com/a_list_2.php?id=265&cat=all
[DEBUG] [Renebates] event: Tatum Independent School District - Tatum, Texas secs=27630
[DEBUG] [Renebates] Tatum Independent School District - Tatum, Texas -> 6 lots via https://renebates.com/a_list_2.php?id=117&cat=all
[DEBUG] [DEBUG] collected 27 listings from all sites (after filter)
[DEBUG] [GD] HTTP 200 | CT=application/json; charset=utf-8 | page=1
[DEBUG] [GD] page 1: 24 items
[DEBUG] [GD] HTTP 200 | CT=application/json; charset=utf-8 | page=2
[DEBUG] [GD] page 2: 24 items
[DEBUG] [GD] HTTP 200 | CT=application/json; charset=utf-8 | page=3
[DEBUG] [GD] page 3: 24 items
[DEBUG] [GD] HTTP 200 | CT=application/json; charset=utf-8 | page=4
[DEBUG] [GD] page 4: 24 items
[DEBUG] [GD] HTTP 200 | CT=application/json; charset=utf-8 | page=5
[DEBUG] [GD] page 5: 24 items
[DEBUG] [GD] total raw items before normalize: 120; unique kept: 110
[DEBUG] [GD] normalized rows: 110
[DEBUG] [GD] blocked by specialty/diesel filter: 92; passing: 18
[DEBUG] [Proxibid] parsed 30 rows across 1 page(s)
[DEBUG] [Renebates] found 54 events on index
[DEBUG] [Renebates] event: City Of Plano, Texas secs=23387
[DEBUG] [Renebates] City Of Plano, Texas -> 3 lots via https://renebates.com/a_list_2.php?id=265&cat=all
[DEBUG] [Renebates] event: Tatum Independent School District - Tatum, Texas secs=26983
[DEBUG] [Renebates] Tatum Independent School District - Tatum, Texas -> 6 lots via https://renebates.com/a_list_2.php?id=117&cat=all
[DEBUG] [DEBUG] collected 27 listings from all sites (after filter)
[DEBUG] [GD] HTTP 200 | CT=application/json; charset=utf-8 | page=1
[DEBUG] [GD] page 1: 24 items
[DEBUG] [GD] HTTP 200 | CT=application/json; charset=utf-8 | page=2
[DEBUG] [GD] page 2: 24 items
[DEBUG] [GD] HTTP 200 | CT=application/json; charset=utf-8 | page=3
[DEBUG] [GD] page 3: 24 items
[DEBUG] [GD] HTTP 200 | CT=application/json; charset=utf-8 | page=4
[DEBUG] [GD] page 4: 24 items
[DEBUG] [GD] HTTP 200 | CT=application/json; charset=utf-8 | page=5
[DEBUG] [GD] page 5: 24 items
[DEBUG] [GD] total raw items before normalize: 120; unique kept: 110
[DEBUG] [GD] normalized rows: 110
[DEBUG] [GD] blocked by specialty/diesel filter: 92; passing: 18
[DEBUG] [Proxibid] parsed 30 rows across 1 page(s)
[DEBUG] [Renebates] found 54 events on index
[DEBUG] [Renebates] event: City Of Plano, Texas secs=22742
[DEBUG] [Renebates] City Of Plano, Texas -> 3 lots via https://renebates.com/a_list_2.php?id=265&cat=all
[DEBUG] [Renebates] event: Tatum Independent School District - Tatum, Texas secs=26338
[DEBUG] [Renebates] Tatum Independent School District - Tatum, Texas -> 6 lots via https://renebates.com/a_list_2.php?id=117&cat=all
[DEBUG] [DEBUG] collected 27 listings from all sites (after filter)
[DEBUG] [GD] HTTP 200 | CT=application/json; charset=utf-8 | page=1
[DEBUG] [GD] page 1: 24 items
[DEBUG] [GD] HTTP 200 | CT=application/json; charset=utf-8 | page=2
[DEBUG] [GD] page 2: 24 items
[DEBUG] [GD] HTTP 200 | CT=application/json; charset=utf-8 | page=3
[DEBUG] [GD] page 3: 24 items
[DEBUG] [GD] HTTP 200 | CT=application/json; charset=utf-8 | page=4
[DEBUG] [GD] page 4: 24 items
[DEBUG] [GD] HTTP 200 | CT=application/json; charset=utf-8 | page=5
[DEBUG] [GD] page 5: 24 items
[DEBUG] [GD] total raw items before normalize: 120; unique kept: 110
[DEBUG] [GD] normalized rows: 110
[DEBUG] [GD] blocked by specialty/diesel filter: 92; passing: 18
[DEBUG] [Proxibid] parsed 30 rows across 1 page(s)
[DEBUG] [Renebates] found 54 events on index
[DEBUG] [Renebates] event: City Of Plano, Texas secs=22096
[DEBUG] [Renebates] City Of Plano, Texas -> 3 lots via https://renebates.com/a_list_2.php?id=265&cat=all
[DEBUG] [Renebates] event: Tatum Independent School District - Tatum, Texas secs=25692
[DEBUG] [Renebates] Tatum Independent School District - Tatum, Texas -> 6 lots via https://renebates.com/a_list_2.php?id=117&cat=all
[DEBUG] [DEBUG] collected 27 listings from all sites (after filter)
[DEBUG] [GD] HTTP 200 | CT=application/json; charset=utf-8 | page=1
[DEBUG] [GD] page 1: 24 items
[DEBUG] [GD] HTTP 200 | CT=application/json; charset=utf-8 | page=2
[DEBUG] [GD] page 2: 24 items
[DEBUG] [GD] HTTP 200 | CT=application/json; charset=utf-8 | page=3
[DEBUG] [GD] page 3: 24 items
[DEBUG] [GD] HTTP 200 | CT=application/json; charset=utf-8 | page=4
[DEBUG] [GD] page 4: 24 items
[DEBUG] [GD] HTTP 200 | CT=application/json; charset=utf-8 | page=5
[DEBUG] [GD] page 5: 24 items
[DEBUG] [GD] total raw items before normalize: 120; unique kept: 110
[DEBUG] [GD] normalized rows: 110
[DEBUG] [GD] blocked by specialty/diesel filter: 92; passing: 18
[DEBUG] [Proxibid] parsed 30 rows across 1 page(s)
[DEBUG] [Renebates] found 54 events on index
[DEBUG] [Renebates] event: City Of Plano, Texas secs=21449
[DEBUG] [Renebates] City Of Plano, Texas -> 3 lots via https://renebates.com/a_list_2.php?id=265&cat=all
[DEBUG] [Renebates] event: Tatum Independent School District - Tatum, Texas secs=25046
[DEBUG] [Renebates] Tatum Independent School District - Tatum, Texas -> 6 lots via https://renebates.com/a_list_2.php?id=117&cat=all
[DEBUG] [DEBUG] collected 27 listings from all sites (after filter)
[DEBUG] [GD] HTTP 200 | CT=application/json; charset=utf-8 | page=1
[DEBUG] [GD] page 1: 24 items
[DEBUG] [GD] HTTP 200 | CT=application/json; charset=utf-8 | page=2
[DEBUG] [GD] page 2: 24 items
[DEBUG] [GD] HTTP 200 | CT=application/json; charset=utf-8 | page=3
[DEBUG] [GD] page 3: 24 items
[DEBUG] [GD] HTTP 200 | CT=application/json; charset=utf-8 | page=4
[DEBUG] [GD] page 4: 24 items
[DEBUG] [GD] HTTP 200 | CT=application/json; charset=utf-8 | page=5
[DEBUG] [GD] page 5: 24 items
[DEBUG] [GD] total raw items before normalize: 120; unique kept: 110
[DEBUG] [GD] normalized rows: 110
[DEBUG] [GD] blocked by specialty/diesel filter: 92; passing: 18
[DEBUG] [Proxibid] parsed 30 rows across 1 page(s)
[DEBUG] [Renebates] found 54 events on index
[DEBUG] [Renebates] event: City Of Plano, Texas secs=20805
[DEBUG] [Renebates] City Of Plano, Texas -> 3 lots via https://renebates.com/a_list_2.php?id=265&cat=all
[DEBUG] [Renebates] event: Tatum Independent School District - Tatum, Texas secs=24403
[DEBUG] [Renebates] Tatum Independent School District - Tatum, Texas -> 6 lots via https://renebates.com/a_list_2.php?id=117&cat=all
[DEBUG] [DEBUG] collected 27 listings from all sites (after filter)
[DEBUG] [GD] HTTP 200 | CT=application/json; charset=utf-8 | page=1
[DEBUG] [GD] page 1: 24 items
[DEBUG] [GD] HTTP 200 | CT=application/json; charset=utf-8 | page=2
[DEBUG] [GD] page 2: 24 items
[DEBUG] [GD] HTTP 200 | CT=application/json; charset=utf-8 | page=3
[DEBUG] [GD] page 3: 24 items
[DEBUG] [GD] HTTP 200 | CT=application/json; charset=utf-8 | page=4
[DEBUG] [GD] page 4: 24 items
[DEBUG] [GD] HTTP 200 | CT=application/json; charset=utf-8 | page=5
[DEBUG] [GD] page 5: 24 items
[DEBUG] [GD] total raw items before normalize: 120; unique kept: 110
[DEBUG] [GD] normalized rows: 110
[DEBUG] [GD] blocked by specialty/diesel filter: 92; passing: 18
[DEBUG] [Proxibid] parsed 30 rows across 1 page(s)
[DEBUG] [Renebates] found 54 events on index
[DEBUG] [Renebates] event: City Of Plano, Texas secs=20158
[DEBUG] [Renebates] City Of Plano, Texas -> 3 lots via https://renebates.com/a_list_2.php?id=265&cat=all
[DEBUG] [Renebates] event: Tatum Independent School District - Tatum, Texas secs=23755
[DEBUG] [Renebates] Tatum Independent School District - Tatum, Texas -> 6 lots via https://renebates.com/a_list_2.php?id=117&cat=all
[DEBUG] [DEBUG] collected 27 listings from all sites (after filter)
[DEBUG] [GD] HTTP 200 | CT=application/json; charset=utf-8 | page=1
[DEBUG] [GD] page 1: 24 items
[DEBUG] [GD] HTTP 200 | CT=application/json; charset=utf-8 | page=2
[DEBUG] [GD] page 2: 24 items
[DEBUG] [GD] HTTP 200 | CT=application/json; charset=utf-8 | page=3
[DEBUG] [GD] page 3: 24 items
[DEBUG] [GD] HTTP 200 | CT=application/json; charset=utf-8 | page=4
[DEBUG] [GD] page 4: 24 items
[DEBUG] [GD] HTTP 200 | CT=application/json; charset=utf-8 | page=5
[DEBUG] [GD] page 5: 24 items
[DEBUG] [GD] total raw items before normalize: 120; unique kept: 110
[DEBUG] [GD] normalized rows: 110
[DEBUG] [GD] blocked by specialty/diesel filter: 92; passing: 18
[DEBUG] [Proxibid] parsed 30 rows across 1 page(s)
[DEBUG] [Renebates] found 54 events on index
[DEBUG] [Renebates] event: City Of Plano, Texas secs=19519
[DEBUG] [Renebates] City Of Plano, Texas -> 3 lots via https://renebates.com/a_list_2.php?id=265&cat=all
[DEBUG] [Renebates] event: Tatum Independent School District - Tatum, Texas secs=23115
[DEBUG] [Renebates] Tatum Independent School District - Tatum, Texas -> 6 lots via https://renebates.com/a_list_2.php?id=117&cat=all
[DEBUG] [DEBUG] collected 27 listings from all sites (after filter)
[DEBUG] [GD] HTTP 200 | CT=application/json; charset=utf-8 | page=1
[DEBUG] [GD] page 1: 24 items
[DEBUG] [GD] HTTP 200 | CT=application/json; charset=utf-8 | page=2
[DEBUG] [GD] page 2: 24 items
[DEBUG] [GD] HTTP 200 | CT=application/json; charset=utf-8 | page=3
[DEBUG] [GD] page 3: 24 items
[DEBUG] [GD] HTTP 200 | CT=application/json; charset=utf-8 | page=4
[DEBUG] [GD] page 4: 24 items
[DEBUG] [GD] HTTP 200 | CT=application/json; charset=utf-8 | page=5
[DEBUG] [GD] page 5: 24 items
[DEBUG] [GD] total raw items before normalize: 120; unique kept: 110
[DEBUG] [GD] normalized rows: 110
[DEBUG] [GD] blocked by specialty/diesel filter: 92; passing: 18
[DEBUG] [Proxibid] parsed 30 rows across 1 page(s)
[DEBUG] [Renebates] found 54 events on index
[DEBUG] [Renebates] event: City Of Plano, Texas secs=18878
[DEBUG] [Renebates] City Of Plano, Texas -> 3 lots via https://renebates.com/a_list_2.php?id=265&cat=all
[DEBUG] [Renebates] event: Tatum Independent School District - Tatum, Texas secs=22474
[DEBUG] [Renebates] Tatum Independent School District - Tatum, Texas -> 6 lots via https://renebates.com/a_list_2.php?id=117&cat=all
[DEBUG] [DEBUG] collected 27 listings from all sites (after filter)
[DEBUG] [GD] HTTP 200 | CT=application/json; charset=utf-8 | page=1
[DEBUG] [GD] page 1: 24 items
[DEBUG] [GD] HTTP 200 | CT=application/json; charset=utf-8 | page=2
[DEBUG] [GD] page 2: 24 items
[DEBUG] [GD] HTTP 200 | CT=application/json; charset=utf-8 | page=3
[DEBUG] [GD] page 3: 24 items
[DEBUG] [GD] HTTP 200 | CT=application/json; charset=utf-8 | page=4
[DEBUG] [GD] page 4: 24 items
[DEBUG] [GD] HTTP 200 | CT=application/json; charset=utf-8 | page=5
[DEBUG] [GD] page 5: 24 items
[DEBUG] [GD] total raw items before normalize: 120; unique kept: 110
[DEBUG] [GD] normalized rows: 110
[DEBUG] [GD] blocked by specialty/diesel filter: 92; passing: 18
[DEBUG] [Proxibid] parsed 30 rows across 1 page(s)
[DEBUG] [Renebates] found 54 events on index
[DEBUG] [Renebates] event: City Of Plano, Texas secs=18222
[DEBUG] [Renebates] City Of Plano, Texas -> 3 lots via https://renebates.com/a_list_2.php?id=265&cat=all
[DEBUG] [Renebates] event: Tatum Independent School District - Tatum, Texas secs=21819
[DEBUG] [Renebates] Tatum Independent School District - Tatum, Texas -> 6 lots via https://renebates.com/a_list_2.php?id=117&cat=all
[DEBUG] [DEBUG] collected 27 listings from all sites (after filter)
[DEBUG] [GD] HTTP 200 | CT=application/json; charset=utf-8 | page=1
[DEBUG] [GD] page 1: 24 items
[DEBUG] [GD] HTTP 200 | CT=application/json; charset=utf-8 | page=2
[DEBUG] [GD] page 2: 24 items
[DEBUG] [GD] HTTP 200 | CT=application/json; charset=utf-8 | page=3
[DEBUG] [GD] page 3: 24 items
[DEBUG] [GD] HTTP 200 | CT=application/json; charset=utf-8 | page=4
[DEBUG] [GD] page 4: 24 items
[DEBUG] [GD] HTTP 200 | CT=application/json; charset=utf-8 | page=5
[DEBUG] [GD] page 5: 24 items
[DEBUG] [GD] total raw items before normalize: 120; unique kept: 110
[DEBUG] [GD] normalized rows: 110
[DEBUG] [GD] blocked by specialty/diesel filter: 92; passing: 18
[DEBUG] [Proxibid] parsed 30 rows across 1 page(s)
[DEBUG] [Renebates] found 54 events on index
[DEBUG] [Renebates] event: City Of Plano, Texas secs=17574
[DEBUG] [Renebates] City Of Plano, Texas -> 3 lots via https://renebates.com/a_list_2.php?id=265&cat=all
[DEBUG] [Renebates] event: Tatum Independent School District - Tatum, Texas secs=21172
[DEBUG] [Renebates] Tatum Independent School District - Tatum, Texas -> 6 lots via https://renebates.com/a_list_2.php?id=117&cat=all
[DEBUG] [DEBUG] collected 27 listings from all sites (after filter)
[DEBUG] [GD] HTTP 200 | CT=application/json; charset=utf-8 | page=1
[DEBUG] [GD] page 1: 24 items
[DEBUG] [GD] HTTP 200 | CT=application/json; charset=utf-8 | page=2
[DEBUG] [GD] page 2: 24 items
[DEBUG] [GD] HTTP 200 | CT=application/json; charset=utf-8 | page=3
[DEBUG] [GD] page 3: 24 items
[DEBUG] [GD] HTTP 200 | CT=application/json; charset=utf-8 | page=4
[DEBUG] [GD] page 4: 24 items
[DEBUG] [GD] HTTP 200 | CT=application/json; charset=utf-8 | page=5
[DEBUG] [GD] page 5: 24 items
[DEBUG] [GD] total raw items before normalize: 120; unique kept: 110
[DEBUG] [GD] normalized rows: 110
[DEBUG] [GD] blocked by specialty/diesel filter: 92; passing: 18
[DEBUG] [Proxibid] parsed 30 rows across 1 page(s)
[DEBUG] [Renebates] found 54 events on index
[DEBUG] [Renebates] event: City Of Plano, Texas secs=16928
[DEBUG] [Renebates] City Of Plano, Texas -> 3 lots via https://renebates.com/a_list_2.php?id=265&cat=all
[DEBUG] [Renebates] event: Tatum Independent School District - Tatum, Texas secs=20525
[DEBUG] [Renebates] Tatum Independent School District - Tatum, Texas -> 6 lots via https://renebates.com/a_list_2.php?id=117&cat=all
[DEBUG] [DEBUG] collected 27 listings from all sites (after filter)
[DEBUG] [GD] HTTP 200 | CT=application/json; charset=utf-8 | page=1
[DEBUG] [GD] page 1: 24 items
[DEBUG] [GD] HTTP 200 | CT=application/json; charset=utf-8 | page=2
[DEBUG] [GD] page 2: 24 items
[DEBUG] [GD] HTTP 200 | CT=application/json; charset=utf-8 | page=3
[DEBUG] [GD] page 3: 24 items
[DEBUG] [GD] HTTP 200 | CT=application/json; charset=utf-8 | page=4
[DEBUG] [GD] page 4: 24 items
[DEBUG] [GD] HTTP 200 | CT=application/json; charset=utf-8 | page=5
[DEBUG] [GD] page 5: 24 items
[DEBUG] [GD] total raw items before normalize: 120; unique kept: 110
[DEBUG] [GD] normalized rows: 110
[DEBUG] [GD] blocked by specialty/diesel filter: 92; passing: 18
[DEBUG] [Proxibid] parsed 30 rows across 1 page(s)
[DEBUG] [Renebates] found 54 events on index
[DEBUG] [Renebates] event: City Of Plano, Texas secs=16274
[DEBUG] [Renebates] City Of Plano, Texas -> 3 lots via https://renebates.com/a_list_2.php?id=265&cat=all
[DEBUG] [Renebates] event: Tatum Independent School District - Tatum, Texas secs=19871
[DEBUG] [Renebates] Tatum Independent School District - Tatum, Texas -> 6 lots via https://renebates.com/a_list_2.php?id=117&cat=all
[DEBUG] [DEBUG] collected 27 listings from all sites (after filter)
[DEBUG] [GD] HTTP 200 | CT=application/json; charset=utf-8 | page=1
[DEBUG] [GD] page 1: 24 items
[DEBUG] [GD] HTTP 200 | CT=application/json; charset=utf-8 | page=2
[DEBUG] [GD] page 2: 24 items
[DEBUG] [GD] HTTP 200 | CT=application/json; charset=utf-8 | page=3
[DEBUG] [GD] page 3: 24 items
[DEBUG] [GD] HTTP 200 | CT=application/json; charset=utf-8 | page=4
[DEBUG] [GD] page 4: 24 items
[DEBUG] [GD] HTTP 200 | CT=application/json; charset=utf-8 | page=5
[DEBUG] [GD] page 5: 24 items
[DEBUG] [GD] total raw items before normalize: 120; unique kept: 110
[DEBUG] [GD] normalized rows: 110
[DEBUG] [GD] blocked by specialty/diesel filter: 92; passing: 18
[DEBUG] [Proxibid] parsed 30 rows across 1 page(s)
[DEBUG] [Renebates] found 54 events on index
[DEBUG] [Renebates] event: City Of Plano, Texas secs=15635
[DEBUG] [Renebates] City Of Plano, Texas -> 3 lots via https://renebates.com/a_list_2.php?id=265&cat=all
[DEBUG] [Renebates] event: Tatum Independent School District - Tatum, Texas secs=19232
[DEBUG] [Renebates] Tatum Independent School District - Tatum, Texas -> 6 lots via https://renebates.com/a_list_2.php?id=117&cat=all
[DEBUG] [DEBUG] collected 27 listings from all sites (after filter)
[DEBUG] [GD] HTTP 200 | CT=application/json; charset=utf-8 | page=1
[DEBUG] [GD] page 1: 24 items
[DEBUG] [GD] HTTP 200 | CT=application/json; charset=utf-8 | page=2
[DEBUG] [GD] page 2: 24 items
[DEBUG] [GD] HTTP 200 | CT=application/json; charset=utf-8 | page=3
[DEBUG] [GD] page 3: 24 items
[DEBUG] [GD] HTTP 200 | CT=application/json; charset=utf-8 | page=4
[DEBUG] [GD] page 4: 24 items
[DEBUG] [GD] HTTP 200 | CT=application/json; charset=utf-8 | page=5
[DEBUG] [GD] page 5: 24 items
[DEBUG] [GD] total raw items before normalize: 120; unique kept: 110
[DEBUG] [GD] normalized rows: 110
[DEBUG] [GD] blocked by specialty/diesel filter: 92; passing: 18
[DEBUG] [Proxibid] parsed 30 rows across 1 page(s)
[DEBUG] [Renebates] found 54 events on index
[DEBUG] [Renebates] event: City Of Plano, Texas secs=14980
[DEBUG] [Renebates] City Of Plano, Texas -> 3 lots via https://renebates.com/a_list_2.php?id=265&cat=all
[DEBUG] [Renebates] event: Tatum Independent School District - Tatum, Texas secs=18577
[DEBUG] [Renebates] Tatum Independent School District - Tatum, Texas -> 6 lots via https://renebates.com/a_list_2.php?id=117&cat=all
[DEBUG] [DEBUG] collected 27 listings from all sites (after filter)
[DEBUG] [GD] HTTP 200 | CT=application/json; charset=utf-8 | page=1
[DEBUG] [GD] page 1: 24 items
[DEBUG] [GD] HTTP 200 | CT=application/json; charset=utf-8 | page=2
[DEBUG] [GD] page 2: 24 items
[DEBUG] [GD] HTTP 200 | CT=application/json; charset=utf-8 | page=3
[DEBUG] [GD] page 3: 24 items
[DEBUG] [GD] HTTP 200 | CT=application/json; charset=utf-8 | page=4
[DEBUG] [GD] page 4: 24 items
[DEBUG] [GD] HTTP 200 | CT=application/json; charset=utf-8 | page=5
[DEBUG] [GD] page 5: 24 items
[DEBUG] [GD] total raw items before normalize: 120; unique kept: 110
[DEBUG] [GD] normalized rows: 110
[DEBUG] [GD] blocked by specialty/diesel filter: 92; passing: 18
[DEBUG] [Proxibid] parsed 30 rows across 1 page(s)
[DEBUG] [Renebates] found 54 events on index
[DEBUG] [Renebates] event: City Of Plano, Texas secs=14338
[DEBUG] [Renebates] City Of Plano, Texas -> 3 lots via https://renebates.com/a_list_2.php?id=265&cat=all
[DEBUG] [Renebates] event: Tatum Independent School District - Tatum, Texas secs=17935
[DEBUG] [Renebates] Tatum Independent School District - Tatum, Texas -> 6 lots via https://renebates.com/a_list_2.php?id=117&cat=all
[DEBUG] [DEBUG] collected 27 listings from all sites (after filter)
[DEBUG] [GD] HTTP 200 | CT=application/json; charset=utf-8 | page=1
[DEBUG] [GD] page 1: 24 items
[DEBUG] [GD] HTTP 200 | CT=application/json; charset=utf-8 | page=2
[DEBUG] [GD] page 2: 24 items
[DEBUG] [GD] HTTP 200 | CT=application/json; charset=utf-8 | page=3
[DEBUG] [GD] page 3: 24 items
[DEBUG] [GD] HTTP 200 | CT=application/json; charset=utf-8 | page=4
[DEBUG] [GD] page 4: 24 items
[DEBUG] [GD] HTTP 200 | CT=application/json; charset=utf-8 | page=5
[DEBUG] [GD] page 5: 24 items
[DEBUG] [GD] total raw items before normalize: 120; unique kept: 110
[DEBUG] [GD] normalized rows: 110
[DEBUG] [GD] blocked by specialty/diesel filter: 92; passing: 18
[DEBUG] [Proxibid] parsed 30 rows across 1 page(s)
[DEBUG] [Renebates] found 54 events on index
[DEBUG] [Renebates] event: City Of Plano, Texas secs=13688
[DEBUG] [Renebates] City Of Plano, Texas -> 3 lots via https://renebates.com/a_list_2.php?id=265&cat=all
[DEBUG] [Renebates] event: Tatum Independent School District - Tatum, Texas secs=17285
[DEBUG] [Renebates] Tatum Independent School District - Tatum, Texas -> 6 lots via https://renebates.com/a_list_2.php?id=117&cat=all
[DEBUG] [DEBUG] collected 27 listings from all sites (after filter)
[DEBUG] [GD] HTTP 200 | CT=application/json; charset=utf-8 | page=1
[DEBUG] [GD] page 1: 24 items
[DEBUG] [GD] HTTP 200 | CT=application/json; charset=utf-8 | page=2
[DEBUG] [GD] page 2: 24 items
[DEBUG] [GD] HTTP 200 | CT=application/json; charset=utf-8 | page=3
[DEBUG] [GD] page 3: 24 items
[DEBUG] [GD] HTTP 200 | CT=application/json; charset=utf-8 | page=4
[DEBUG] [GD] page 4: 24 items
[DEBUG] [GD] HTTP 200 | CT=application/json; charset=utf-8 | page=5
[DEBUG] [GD] page 5: 24 items
[DEBUG] [GD] total raw items before normalize: 120; unique kept: 110
[DEBUG] [GD] normalized rows: 110
[DEBUG] [GD] blocked by specialty/diesel filter: 92; passing: 18
[DEBUG] [Proxibid] parsed 30 rows across 1 page(s)
[DEBUG] [Renebates] found 54 events on index
[DEBUG] [Renebates] event: City Of Plano, Texas secs=13037
[DEBUG] [Renebates] City Of Plano, Texas -> 3 lots via https://renebates.com/a_list_2.php?id=265&cat=all
[DEBUG] [Renebates] event: Tatum Independent School District - Tatum, Texas secs=16634
[DEBUG] [Renebates] Tatum Independent School District - Tatum, Texas -> 6 lots via https://renebates.com/a_list_2.php?id=117&cat=all
[DEBUG] [DEBUG] collected 27 listings from all sites (after filter)
[DEBUG] [GD] HTTP 200 | CT=application/json; charset=utf-8 | page=1
[DEBUG] [GD] page 1: 24 items
[DEBUG] [GD] HTTP 200 | CT=application/json; charset=utf-8 | page=2
[DEBUG] [GD] page 2: 24 items
[DEBUG] [GD] HTTP 200 | CT=application/json; charset=utf-8 | page=3
[DEBUG] [GD] page 3: 24 items
[DEBUG] [GD] HTTP 200 | CT=application/json; charset=utf-8 | page=4
[DEBUG] [GD] page 4: 24 items
[DEBUG] [GD] HTTP 200 | CT=application/json; charset=utf-8 | page=5
[DEBUG] [GD] page 5: 24 items
[DEBUG] [GD] total raw items before normalize: 120; unique kept: 110
[DEBUG] [GD] normalized rows: 110
[DEBUG] [GD] blocked by specialty/diesel filter: 92; passing: 18
[DEBUG] [Proxibid] parsed 30 rows across 1 page(s)
[DEBUG] [Renebates] found 54 events on index
[DEBUG] [Renebates] event: City Of Plano, Texas secs=12384
[DEBUG] [Renebates] City Of Plano, Texas -> 3 lots via https://renebates.com/a_list_2.php?id=265&cat=all
[DEBUG] [Renebates] event: Tatum Independent School District - Tatum, Texas secs=15981
[DEBUG] [Renebates] Tatum Independent School District - Tatum, Texas -> 6 lots via https://renebates.com/a_list_2.php?id=117&cat=all
[DEBUG] [DEBUG] collected 27 listings from all sites (after filter)
[DEBUG] [GD] HTTP 200 | CT=application/json; charset=utf-8 | page=1
[DEBUG] [GD] page 1: 24 items
[DEBUG] [GD] HTTP 200 | CT=application/json; charset=utf-8 | page=2
[DEBUG] [GD] page 2: 24 items
[DEBUG] [GD] HTTP 200 | CT=application/json; charset=utf-8 | page=3
[DEBUG] [GD] page 3: 24 items
[DEBUG] [GD] HTTP 200 | CT=application/json; charset=utf-8 | page=4
[DEBUG] [GD] page 4: 24 items
[DEBUG] [GD] HTTP 200 | CT=application/json; charset=utf-8 | page=5
[DEBUG] [GD] page 5: 24 items
[DEBUG] [GD] total raw items before normalize: 120; unique kept: 110
[DEBUG] [GD] normalized rows: 110
[DEBUG] [GD] blocked by specialty/diesel filter: 92; passing: 18
[DEBUG] [Proxibid] parsed 30 rows across 1 page(s)
[DEBUG] [Renebates] found 54 events on index
[DEBUG] [Renebates] event: City Of Plano, Texas secs=11743
[DEBUG] [Renebates] City Of Plano, Texas -> 3 lots via https://renebates.com/a_list_2.php?id=265&cat=all
[DEBUG] [Renebates] event: Tatum Independent School District - Tatum, Texas secs=15341
[DEBUG] [Renebates] Tatum Independent School District - Tatum, Texas -> 6 lots via https://renebates.com/a_list_2.php?id=117&cat=all
[DEBUG] [DEBUG] collected 27 listings from all sites (after filter)
[DEBUG] [GD] HTTP 200 | CT=application/json; charset=utf-8 | page=1
[DEBUG] [GD] page 1: 24 items
[DEBUG] [GD] HTTP 200 | CT=application/json; charset=utf-8 | page=2
[DEBUG] [GD] page 2: 24 items
[DEBUG] [GD] HTTP 200 | CT=application/json; charset=utf-8 | page=3
[DEBUG] [GD] page 3: 24 items
[DEBUG] [GD] HTTP 200 | CT=application/json; charset=utf-8 | page=4
[DEBUG] [GD] page 4: 24 items
[DEBUG] [GD] HTTP 200 | CT=application/json; charset=utf-8 | page=5
[DEBUG] [GD] page 5: 24 items
[DEBUG] [GD] total raw items before normalize: 120; unique kept: 110
[DEBUG] [GD] normalized rows: 110
[DEBUG] [GD] blocked by specialty/diesel filter: 92; passing: 18
[DEBUG] [Proxibid] parsed 30 rows across 1 page(s)
[DEBUG] [Renebates] found 54 events on index
[DEBUG] [Renebates] event: City Of Plano, Texas secs=11102
[DEBUG] [Renebates] City Of Plano, Texas -> 3 lots via https://renebates.com/a_list_2.php?id=265&cat=all
[DEBUG] [Renebates] event: Tatum Independent School District - Tatum, Texas secs=14698
[DEBUG] [Renebates] Tatum Independent School District - Tatum, Texas -> 6 lots via https://renebates.com/a_list_2.php?id=117&cat=all
[DEBUG] [DEBUG] collected 27 listings from all sites (after filter)
[DEBUG] [GD] HTTP 200 | CT=application/json; charset=utf-8 | page=1
[DEBUG] [GD] page 1: 24 items
[DEBUG] [GD] HTTP 200 | CT=application/json; charset=utf-8 | page=2
[DEBUG] [GD] page 2: 24 items
[DEBUG] [GD] HTTP 200 | CT=application/json; charset=utf-8 | page=3
[DEBUG] [GD] page 3: 24 items
[DEBUG] [GD] HTTP 200 | CT=application/json; charset=utf-8 | page=4
[DEBUG] [GD] page 4: 24 items
[DEBUG] [GD] HTTP 200 | CT=application/json; charset=utf-8 | page=5
[DEBUG] [GD] page 5: 24 items
[DEBUG] [GD] total raw items before normalize: 120; unique kept: 111
[DEBUG] [GD] normalized rows: 111
[DEBUG] [GD] blocked by specialty/diesel filter: 92; passing: 19
[DEBUG] [Proxibid] parsed 30 rows across 1 page(s)
[DEBUG] [Renebates] found 54 events on index
[DEBUG] [Renebates] event: City Of Plano, Texas secs=10453
[DEBUG] [Renebates] City Of Plano, Texas -> 3 lots via https://renebates.com/a_list_2.php?id=265&cat=all
[DEBUG] [Renebates] event: Tatum Independent School District - Tatum, Texas secs=14050
[DEBUG] [Renebates] Tatum Independent School District - Tatum, Texas -> 6 lots via https://renebates.com/a_list_2.php?id=117&cat=all
[DEBUG] [DEBUG] collected 28 listings from all sites (after filter)
[DEBUG] [GD] HTTP 200 | CT=application/json; charset=utf-8 | page=1
[DEBUG] [GD] page 1: 24 items
[DEBUG] [GD] HTTP 200 | CT=application/json; charset=utf-8 | page=2
[DEBUG] [GD] page 2: 24 items
[DEBUG] [GD] HTTP 200 | CT=application/json; charset=utf-8 | page=3
[DEBUG] [GD] page 3: 24 items
[DEBUG] [GD] HTTP 200 | CT=application/json; charset=utf-8 | page=4
[DEBUG] [GD] page 4: 24 items
[DEBUG] [GD] HTTP 200 | CT=application/json; charset=utf-8 | page=5
[DEBUG] [GD] page 5: 24 items
[DEBUG] [GD] total raw items before normalize: 120; unique kept: 111
[DEBUG] [GD] normalized rows: 111
[DEBUG] [GD] blocked by specialty/diesel filter: 92; passing: 19
[DEBUG] [Proxibid] parsed 30 rows across 1 page(s)
[DEBUG] [Renebates] found 54 events on index
[DEBUG] [Renebates] event: City Of Plano, Texas secs=9805
[DEBUG] [Renebates] City Of Plano, Texas -> 3 lots via https://renebates.com/a_list_2.php?id=265&cat=all
[DEBUG] [Renebates] event: Tatum Independent School District - Tatum, Texas secs=13401
[DEBUG] [Renebates] Tatum Independent School District - Tatum, Texas -> 6 lots via https://renebates.com/a_list_2.php?id=117&cat=all
[DEBUG] [DEBUG] collected 28 listings from all sites (after filter)
[DEBUG] [GD] HTTP 200 | CT=application/json; charset=utf-8 | page=1
[DEBUG] [GD] page 1: 24 items
[DEBUG] [GD] HTTP 200 | CT=application/json; charset=utf-8 | page=2
[DEBUG] [GD] page 2: 24 items
[DEBUG] [GD] HTTP 200 | CT=application/json; charset=utf-8 | page=3
[DEBUG] [GD] page 3: 24 items
[DEBUG] [GD] HTTP 200 | CT=application/json; charset=utf-8 | page=4
[DEBUG] [GD] page 4: 24 items
[DEBUG] [GD] HTTP 200 | CT=application/json; charset=utf-8 | page=5
[DEBUG] [GD] page 5: 24 items
[DEBUG] [GD] total raw items before normalize: 120; unique kept: 111
[DEBUG] [GD] normalized rows: 111
[DEBUG] [GD] blocked by specialty/diesel filter: 91; passing: 20
[DEBUG] [Proxibid] parsed 30 rows across 1 page(s)
[DEBUG] [Renebates] found 54 events on index
[DEBUG] [Renebates] event: City Of Plano, Texas secs=9146
[DEBUG] [Renebates] City Of Plano, Texas -> 3 lots via https://renebates.com/a_list_2.php?id=265&cat=all
[DEBUG] [Renebates] event: Tatum Independent School District - Tatum, Texas secs=12742
[DEBUG] [Renebates] Tatum Independent School District - Tatum, Texas -> 6 lots via https://renebates.com/a_list_2.php?id=117&cat=all
[DEBUG] [DEBUG] collected 29 listings from all sites (after filter)
[DEBUG] [GD] HTTP 200 | CT=application/json; charset=utf-8 | page=1
[DEBUG] [GD] page 1: 24 items
[DEBUG] [GD] HTTP 200 | CT=application/json; charset=utf-8 | page=2
[DEBUG] [GD] page 2: 24 items
[DEBUG] [GD] HTTP 200 | CT=application/json; charset=utf-8 | page=3
[DEBUG] [GD] page 3: 24 items
[DEBUG] [GD] HTTP 200 | CT=application/json; charset=utf-8 | page=4
[DEBUG] [GD] page 4: 24 items
[DEBUG] [GD] HTTP 200 | CT=application/json; charset=utf-8 | page=5
[DEBUG] [GD] page 5: 24 items
[DEBUG] [GD] total raw items before normalize: 120; unique kept: 111
[DEBUG] [GD] normalized rows: 111
[DEBUG] [GD] blocked by specialty/diesel filter: 91; passing: 20
[DEBUG] [Proxibid] parsed 30 rows across 1 page(s)
[DEBUG] [Renebates] found 54 events on index
[DEBUG] [Renebates] event: City Of Plano, Texas secs=8507
[DEBUG] [Renebates] City Of Plano, Texas -> 3 lots via https://renebates.com/a_list_2.php?id=265&cat=all
[DEBUG] [Renebates] event: Tatum Independent School District - Tatum, Texas secs=12103
[DEBUG] [Renebates] Tatum Independent School District - Tatum, Texas -> 6 lots via https://renebates.com/a_list_2.php?id=117&cat=all
[DEBUG] [DEBUG] collected 29 listings from all sites (after filter)
[DEBUG] [GD] HTTP 200 | CT=application/json; charset=utf-8 | page=1
[DEBUG] [GD] page 1: 24 items
[DEBUG] [GD] HTTP 200 | CT=application/json; charset=utf-8 | page=2
[DEBUG] [GD] page 2: 24 items
[DEBUG] [GD] HTTP 200 | CT=application/json; charset=utf-8 | page=3
[DEBUG] [GD] page 3: 24 items
[DEBUG] [GD] HTTP 200 | CT=application/json; charset=utf-8 | page=4
[DEBUG] [GD] page 4: 24 items
[DEBUG] [GD] HTTP 200 | CT=application/json; charset=utf-8 | page=5
[DEBUG] [GD] page 5: 24 items
[DEBUG] [GD] total raw items before normalize: 120; unique kept: 111
[DEBUG] [GD] normalized rows: 111
[DEBUG] [GD] blocked by specialty/diesel filter: 91; passing: 20
[DEBUG] [Proxibid] parsed 30 rows across 1 page(s)
[DEBUG] [Renebates] found 54 events on index
[DEBUG] [Renebates] event: City Of Plano, Texas secs=7851
[DEBUG] [Renebates] City Of Plano, Texas -> 3 lots via https://renebates.com/a_list_2.php?id=265&cat=all
[DEBUG] [Renebates] event: Tatum Independent School District - Tatum, Texas secs=11448
[DEBUG] [Renebates] Tatum Independent School District - Tatum, Texas -> 6 lots via https://renebates.com/a_list_2.php?id=117&cat=all
[DEBUG] [DEBUG] collected 29 listings from all sites (after filter)
[DEBUG] [GD] HTTP 200 | CT=application/json; charset=utf-8 | page=1
[DEBUG] [GD] page 1: 24 items
[DEBUG] [GD] HTTP 200 | CT=application/json; charset=utf-8 | page=2
[DEBUG] [GD] page 2: 24 items
[DEBUG] [GD] HTTP 200 | CT=application/json; charset=utf-8 | page=3
[DEBUG] [GD] page 3: 24 items
[DEBUG] [GD] HTTP 200 | CT=application/json; charset=utf-8 | page=4
[DEBUG] [GD] page 4: 24 items
[DEBUG] [GD] HTTP 200 | CT=application/json; charset=utf-8 | page=5
[DEBUG] [GD] page 5: 24 items
[DEBUG] [GD] total raw items before normalize: 120; unique kept: 111
[DEBUG] [GD] normalized rows: 111
[DEBUG] [GD] blocked by specialty/diesel filter: 91; passing: 20
[DEBUG] [Proxibid] parsed 30 rows across 1 page(s)
[DEBUG] [Renebates] found 54 events on index
[DEBUG] [Renebates] event: City Of Plano, Texas secs=7200
[DEBUG] [Renebates] City Of Plano, Texas -> 3 lots via https://renebates.com/a_list_2.php?id=265&cat=all
[DEBUG] [Renebates] event: Tatum Independent School District - Tatum, Texas secs=10799
[DEBUG] [Renebates] Tatum Independent School District - Tatum, Texas -> 6 lots via https://renebates.com/a_list_2.php?id=117&cat=all
[DEBUG] [DEBUG] collected 29 listings from all sites (after filter)
[DEBUG] [GD] HTTP 200 | CT=application/json; charset=utf-8 | page=1
[DEBUG] [GD] page 1: 24 items
[DEBUG] [GD] HTTP 200 | CT=application/json; charset=utf-8 | page=2
[DEBUG] [GD] page 2: 24 items
[DEBUG] [GD] HTTP 200 | CT=application/json; charset=utf-8 | page=3
[DEBUG] [GD] page 3: 24 items
[DEBUG] [GD] HTTP 200 | CT=application/json; charset=utf-8 | page=4
[DEBUG] [GD] page 4: 24 items
[DEBUG] [GD] HTTP 200 | CT=application/json; charset=utf-8 | page=5
[DEBUG] [GD] page 5: 24 items
[DEBUG] [GD] total raw items before normalize: 120; unique kept: 111
[DEBUG] [GD] normalized rows: 111
[DEBUG] [GD] blocked by specialty/diesel filter: 91; passing: 20
[DEBUG] [Proxibid] parsed 30 rows across 1 page(s)
[DEBUG] [Renebates] found 54 events on index
[DEBUG] [Renebates] event: City Of Plano, Texas secs=6551
[DEBUG] [Renebates] City Of Plano, Texas -> 3 lots via https://renebates.com/a_list_2.php?id=265&cat=all
[DEBUG] [Renebates] event: Tatum Independent School District - Tatum, Texas secs=10147
[DEBUG] [Renebates] Tatum Independent School District - Tatum, Texas -> 6 lots via https://renebates.com/a_list_2.php?id=117&cat=all
[DEBUG] [DEBUG] collected 30 listings from all sites (after filter)
[DEBUG] [GD] HTTP 200 | CT=application/json; charset=utf-8 | page=1
[DEBUG] [GD] page 1: 24 items
[DEBUG] [GD] HTTP 200 | CT=application/json; charset=utf-8 | page=2
[DEBUG] [GD] page 2: 24 items
[DEBUG] [GD] HTTP 200 | CT=application/json; charset=utf-8 | page=3
[DEBUG] [GD] page 3: 24 items
[DEBUG] [GD] HTTP 200 | CT=application/json; charset=utf-8 | page=4
[DEBUG] [GD] page 4: 24 items
[DEBUG] [GD] HTTP 200 | CT=application/json; charset=utf-8 | page=5
[DEBUG] [GD] page 5: 24 items
[DEBUG] [GD] total raw items before normalize: 120; unique kept: 111
[DEBUG] [GD] normalized rows: 111
[DEBUG] [GD] blocked by specialty/diesel filter: 91; passing: 20
[DEBUG] [Proxibid] parsed 30 rows across 1 page(s)
[DEBUG] [Renebates] found 54 events on index
[DEBUG] [Renebates] event: City Of Plano, Texas secs=5907
[DEBUG] [Renebates] City Of Plano, Texas -> 3 lots via https://renebates.com/a_list_2.php?id=265&cat=all
[DEBUG] [Renebates] event: Tatum Independent School District - Tatum, Texas secs=9504
[DEBUG] [Renebates] Tatum Independent School District - Tatum, Texas -> 6 lots via https://renebates.com/a_list_2.php?id=117&cat=all
[DEBUG] [DEBUG] collected 37 listings from all sites (after filter)
[DEBUG] [GD] HTTP 200 | CT=application/json; charset=utf-8 | page=1
[DEBUG] [GD] page 1: 24 items
[DEBUG] [GD] HTTP 200 | CT=application/json; charset=utf-8 | page=2
[DEBUG] [GD] page 2: 24 items
[DEBUG] [GD] HTTP 200 | CT=application/json; charset=utf-8 | page=3
[DEBUG] [GD] page 3: 24 items
[DEBUG] [GD] HTTP 200 | CT=application/json; charset=utf-8 | page=4
[DEBUG] [GD] page 4: 24 items
[DEBUG] [GD] HTTP 200 | CT=application/json; charset=utf-8 | page=5
[DEBUG] [GD] page 5: 24 items
[DEBUG] [GD] total raw items before normalize: 120; unique kept: 111
[DEBUG] [GD] normalized rows: 111
[DEBUG] [GD] blocked by specialty/diesel filter: 91; passing: 20
[DEBUG] [Proxibid] parsed 30 rows across 1 page(s)
[DEBUG] [Renebates] found 54 events on index
[DEBUG] [Renebates] event: City Of Plano, Texas secs=5258
[DEBUG] [Renebates] City Of Plano, Texas -> 3 lots via https://renebates.com/a_list_2.php?id=265&cat=all
[DEBUG] [Renebates] event: Tatum Independent School District - Tatum, Texas secs=8854
[DEBUG] [Renebates] Tatum Independent School District - Tatum, Texas -> 6 lots via https://renebates.com/a_list_2.php?id=117&cat=all
[DEBUG] [DEBUG] collected 38 listings from all sites (after filter)
[DEBUG] [GD] HTTP 200 | CT=application/json; charset=utf-8 | page=1
[DEBUG] [GD] page 1: 24 items
[DEBUG] [GD] HTTP 200 | CT=application/json; charset=utf-8 | page=2
[DEBUG] [GD] page 2: 24 items
[DEBUG] [GD] HTTP 200 | CT=application/json; charset=utf-8 | page=3
[DEBUG] [GD] page 3: 24 items
[DEBUG] [GD] HTTP 200 | CT=application/json; charset=utf-8 | page=4
[DEBUG] [GD] page 4: 24 items
[DEBUG] [GD] HTTP 200 | CT=application/json; charset=utf-8 | page=5
[DEBUG] [GD] page 5: 24 items
[DEBUG] [GD] total raw items before normalize: 120; unique kept: 111
[DEBUG] [GD] normalized rows: 111
[DEBUG] [GD] blocked by specialty/diesel filter: 91; passing: 20
[DEBUG] [Proxibid] parsed 30 rows across 1 page(s)
[DEBUG] [Renebates] found 54 events on index
[DEBUG] [Renebates] event: City Of Plano, Texas secs=4603
[DEBUG] [Renebates] City Of Plano, Texas -> 3 lots via https://renebates.com/a_list_2.php?id=265&cat=all
[DEBUG] [Renebates] event: Tatum Independent School District - Tatum, Texas secs=8199
[DEBUG] [Renebates] Tatum Independent School District - Tatum, Texas -> 6 lots via https://renebates.com/a_list_2.php?id=117&cat=all
[DEBUG] [DEBUG] collected 46 listings from all sites (after filter)
[DEBUG] [GD] HTTP 200 | CT=application/json; charset=utf-8 | page=1
[DEBUG] [GD] page 1: 24 items
[DEBUG] [GD] HTTP 200 | CT=application/json; charset=utf-8 | page=2
[DEBUG] [GD] page 2: 24 items
[DEBUG] [GD] HTTP 200 | CT=application/json; charset=utf-8 | page=3
[DEBUG] [GD] page 3: 24 items
[DEBUG] [GD] HTTP 200 | CT=application/json; charset=utf-8 | page=4
[DEBUG] [GD] page 4: 24 items
[DEBUG] [GD] HTTP 200 | CT=application/json; charset=utf-8 | page=5
[DEBUG] [GD] page 5: 24 items
[DEBUG] [GD] total raw items before normalize: 120; unique kept: 111
[DEBUG] [GD] normalized rows: 111
[DEBUG] [GD] blocked by specialty/diesel filter: 91; passing: 20
[DEBUG] [Proxibid] parsed 30 rows across 1 page(s)
[DEBUG] [Renebates] found 54 events on index
[DEBUG] [Renebates] event: City Of Plano, Texas secs=3947
[DEBUG] [Renebates] City Of Plano, Texas -> 3 lots via https://renebates.com/a_list_2.php?id=265&cat=all
[DEBUG] [Renebates] event: Tatum Independent School District - Tatum, Texas secs=7544
[DEBUG] [Renebates] Tatum Independent School District - Tatum, Texas -> 6 lots via https://renebates.com/a_list_2.php?id=117&cat=all
[DEBUG] [DEBUG] collected 47 listings from all sites (after filter)
[DEBUG] [GD] HTTP 200 | CT=application/json; charset=utf-8 | page=1
[DEBUG] [GD] page 1: 24 items
[DEBUG] [GD] HTTP 200 | CT=application/json; charset=utf-8 | page=2
[DEBUG] [GD] page 2: 24 items
[DEBUG] [GD] HTTP 200 | CT=application/json; charset=utf-8 | page=3
[DEBUG] [GD] page 3: 24 items
[DEBUG] [GD] HTTP 200 | CT=application/json; charset=utf-8 | page=4
[DEBUG] [GD] page 4: 24 items
[DEBUG] [GD] HTTP 200 | CT=application/json; charset=utf-8 | page=5
[DEBUG] [GD] page 5: 24 items
[DEBUG] [GD] total raw items before normalize: 120; unique kept: 111
[DEBUG] [GD] normalized rows: 111
[DEBUG] [GD] blocked by specialty/diesel filter: 92; passing: 19
[DEBUG] [Proxibid] parsed 30 rows across 1 page(s)
[DEBUG] [Renebates] found 54 events on index
[DEBUG] [Renebates] event: City Of Plano, Texas secs=3297
[DEBUG] [Renebates] City Of Plano, Texas -> 3 lots via https://renebates.com/a_list_2.php?id=265&cat=all
[DEBUG] [Renebates] event: Tatum Independent School District - Tatum, Texas secs=6894
[DEBUG] [Renebates] Tatum Independent School District - Tatum, Texas -> 6 lots via https://renebates.com/a_list_2.php?id=117&cat=all
[DEBUG] [DEBUG] collected 43 listings from all sites (after filter)
❌ Digest SMS failed: HTTP 401 error: Unable to create record: Authenticate
📬 Daily digest SMS sent.
[DEBUG] [GD] HTTP 200 | CT=application/json; charset=utf-8 | page=1
[DEBUG] [GD] page 1: 24 items
[DEBUG] [GD] HTTP 200 | CT=application/json; charset=utf-8 | page=2
[DEBUG] [GD] page 2: 24 items
[DEBUG] [GD] HTTP 200 | CT=application/json; charset=utf-8 | page=3
[DEBUG] [GD] page 3: 24 items
[DEBUG] [GD] HTTP 200 | CT=application/json; charset=utf-8 | page=4
[DEBUG] [GD] page 4: 24 items
[DEBUG] [GD] HTTP 200 | CT=application/json; charset=utf-8 | page=5
[DEBUG] [GD] page 5: 24 items
[DEBUG] [GD] total raw items before normalize: 120; unique kept: 111
[DEBUG] [GD] normalized rows: 111
[DEBUG] [GD] blocked by specialty/diesel filter: 92; passing: 19
[DEBUG] [Proxibid] parsed 30 rows across 1 page(s)
[DEBUG] [Renebates] found 54 events on index
[DEBUG] [Renebates] event: City Of Plano, Texas secs=2645
[DEBUG] [Renebates] City Of Plano, Texas -> 3 lots via https://renebates.com/a_list_2.php?id=265&cat=all
[DEBUG] [Renebates] event: Tatum Independent School District - Tatum, Texas secs=6241
[DEBUG] [Renebates] Tatum Independent School District - Tatum, Texas -> 6 lots via https://renebates.com/a_list_2.php?id=117&cat=all
[DEBUG] [DEBUG] collected 41 listings from all sites (after filter)
[DEBUG] [GD] HTTP 200 | CT=application/json; charset=utf-8 | page=1
[DEBUG] [GD] page 1: 24 items
[DEBUG] [GD] HTTP 200 | CT=application/json; charset=utf-8 | page=2
[DEBUG] [GD] page 2: 24 items
[DEBUG] [GD] HTTP 200 | CT=application/json; charset=utf-8 | page=3
[DEBUG] [GD] page 3: 24 items
[DEBUG] [GD] HTTP 200 | CT=application/json; charset=utf-8 | page=4
[DEBUG] [GD] page 4: 24 items
[DEBUG] [GD] HTTP 200 | CT=application/json; charset=utf-8 | page=5
[DEBUG] [GD] page 5: 24 items
[DEBUG] [GD] total raw items before normalize: 120; unique kept: 111
[DEBUG] [GD] normalized rows: 111
[DEBUG] [GD] blocked by specialty/diesel filter: 92; passing: 19
[DEBUG] [Proxibid] parsed 30 rows across 1 page(s)
[DEBUG] [Renebates] found 54 events on index
[DEBUG] [Renebates] event: City Of Plano, Texas secs=1996
[DEBUG] [Renebates] City Of Plano, Texas -> 3 lots via https://renebates.com/a_list_2.php?id=265&cat=all
[DEBUG] [Renebates] event: Tatum Independent School District - Tatum, Texas secs=5592
[DEBUG] [Renebates] Tatum Independent School District - Tatum, Texas -> 6 lots via https://renebates.com/a_list_2.php?id=117&cat=all
[DEBUG] [DEBUG] collected 31 listings from all sites (after filter)
[DEBUG] [GD] HTTP 200 | CT=application/json; charset=utf-8 | page=1
[DEBUG] [GD] page 1: 24 items
[DEBUG] [GD] HTTP 200 | CT=application/json; charset=utf-8 | page=2
[DEBUG] [GD] page 2: 24 items
[DEBUG] [GD] HTTP 200 | CT=application/json; charset=utf-8 | page=3
[DEBUG] [GD] page 3: 24 items
[DEBUG] [GD] HTTP 200 | CT=application/json; charset=utf-8 | page=4
[DEBUG] [GD] page 4: 24 items
[DEBUG] [GD] HTTP 200 | CT=application/json; charset=utf-8 | page=5
[DEBUG] [GD] page 5: 24 items
[DEBUG] [GD] total raw items before normalize: 120; unique kept: 111
[DEBUG] [GD] normalized rows: 111
[DEBUG] [GD] blocked by specialty/diesel filter: 91; passing: 20
[DEBUG] [Proxibid] parsed 30 rows across 1 page(s)
[DEBUG] [Renebates] found 54 events on index
[DEBUG] [Renebates] event: City Of Plano, Texas secs=1343
[DEBUG] [Renebates] City Of Plano, Texas -> 3 lots via https://renebates.com/a_list_2.php?id=265&cat=all
[DEBUG] [Renebates] event: Tatum Independent School District - Tatum, Texas secs=4940
[DEBUG] [Renebates] Tatum Independent School District - Tatum, Texas -> 6 lots via https://renebates.com/a_list_2.php?id=117&cat=all
[DEBUG] [DEBUG] collected 31 listings from all sites (after filter)
[DEBUG] [GD] HTTP 200 | CT=application/json; charset=utf-8 | page=1
[DEBUG] [GD] page 1: 24 items
[DEBUG] [GD] HTTP 200 | CT=application/json; charset=utf-8 | page=2
[DEBUG] [GD] page 2: 24 items
[DEBUG] [GD] HTTP 200 | CT=application/json; charset=utf-8 | page=3
[DEBUG] [GD] page 3: 24 items
[DEBUG] [GD] HTTP 200 | CT=application/json; charset=utf-8 | page=4
[DEBUG] [GD] page 4: 24 items
[DEBUG] [GD] HTTP 200 | CT=application/json; charset=utf-8 | page=5
[DEBUG] [GD] page 5: 24 items
[DEBUG] [GD] total raw items before normalize: 120; unique kept: 110
[DEBUG] [GD] normalized rows: 110
[DEBUG] [GD] blocked by specialty/diesel filter: 90; passing: 20
[DEBUG] [Proxibid] parsed 30 rows across 1 page(s)
[DEBUG] [Renebates] found 55 events on index
[DEBUG] [Renebates] event: City Of Plano, Texas secs=694
[DEBUG] [Renebates] City Of Plano, Texas -> 3 lots via https://renebates.com/a_list_2.php?id=265&cat=all
[DEBUG] [Renebates] event: Tatum Independent School District - Tatum, Texas secs=4291
[DEBUG] [Renebates] Tatum Independent School District - Tatum, Texas -> 6 lots via https://renebates.com/a_list_2.php?id=117&cat=all
[DEBUG] [DEBUG] collected 36 listings from all sites (after filter)
[DEBUG] [GD] HTTP 200 | CT=application/json; charset=utf-8 | page=1
[DEBUG] [GD] page 1: 24 items
[DEBUG] [GD] HTTP 200 | CT=application/json; charset=utf-8 | page=2
[DEBUG] [GD] page 2: 24 items
[DEBUG] [GD] HTTP 200 | CT=application/json; charset=utf-8 | page=3
[DEBUG] [GD] page 3: 24 items
[DEBUG] [GD] HTTP 200 | CT=application/json; charset=utf-8 | page=4
[DEBUG] [GD] page 4: 24 items
[DEBUG] [GD] HTTP 200 | CT=application/json; charset=utf-8 | page=5
[DEBUG] [GD] page 5: 24 items
[DEBUG] [GD] total raw items before normalize: 120; unique kept: 110
[DEBUG] [GD] normalized rows: 110
[DEBUG] [GD] blocked by specialty/diesel filter: 90; passing: 20
[DEBUG] [Proxibid] parsed 30 rows across 1 page(s)
[DEBUG] [Renebates] found 57 events on index
[DEBUG] [Renebates] event: City Of Plano, Texas secs=48
[DEBUG] [Renebates] City Of Plano, Texas -> 3 lots via https://renebates.com/a_list_2.php?id=265&cat=all
[DEBUG] [Renebates] event: Tatum Independent School District - Tatum, Texas secs=3645
[DEBUG] [Renebates] Tatum Independent School District - Tatum, Texas -> 6 lots via https://renebates.com/a_list_2.php?id=117&cat=all
[DEBUG] [DEBUG] collected 33 listings from all sites (after filter)
[DEBUG] [GD] HTTP 200 | CT=application/json; charset=utf-8 | page=1
[DEBUG] [GD] page 1: 24 items
[DEBUG] [GD] HTTP 200 | CT=application/json; charset=utf-8 | page=2
[DEBUG] [GD] page 2: 24 items
[DEBUG] [GD] HTTP 200 | CT=application/json; charset=utf-8 | page=3
[DEBUG] [GD] page 3: 24 items
[DEBUG] [GD] HTTP 200 | CT=application/json; charset=utf-8 | page=4
[DEBUG] [GD] page 4: 24 items
[DEBUG] [GD] HTTP 200 | CT=application/json; charset=utf-8 | page=5
[DEBUG] [GD] page 5: 24 items
[DEBUG] [GD] total raw items before normalize: 120; unique kept: 111
[DEBUG] [GD] normalized rows: 111
[DEBUG] [GD] blocked by specialty/diesel filter: 90; passing: 21
[DEBUG] [Proxibid] parsed 30 rows across 1 page(s)
[DEBUG] [Renebates] found 57 events on index
[DEBUG] [Renebates] event: Tatum Independent School District - Tatum, Texas secs=2999
[DEBUG] [Renebates] Tatum Independent School District - Tatum, Texas -> 6 lots via https://renebates.com/a_list_2.php?id=117&cat=all
[DEBUG] [Renebates] event: Denton County, Texas (Denton) secs=6595
[DEBUG] [Renebates] Denton County, Texas (Denton) -> 60 lots via https://renebates.com/a_list_2.php?id=221&cat=all
[DEBUG] [DEBUG] collected 37 listings from all sites (after filter)
[DEBUG] [GD] HTTP 200 | CT=application/json; charset=utf-8 | page=1
[DEBUG] [GD] page 1: 24 items
[DEBUG] [GD] HTTP 200 | CT=application/json; charset=utf-8 | page=2
[DEBUG] [GD] page 2: 24 items
[DEBUG] [GD] HTTP 200 | CT=application/json; charset=utf-8 | page=3
[DEBUG] [GD] page 3: 24 items
[DEBUG] [GD] HTTP 200 | CT=application/json; charset=utf-8 | page=4
[DEBUG] [GD] page 4: 24 items
[DEBUG] [GD] HTTP 200 | CT=application/json; charset=utf-8 | page=5
[DEBUG] [GD] page 5: 24 items
[DEBUG] [GD] total raw items before normalize: 120; unique kept: 111
[DEBUG] [GD] normalized rows: 111
[DEBUG] [GD] blocked by specialty/diesel filter: 90; passing: 21
[DEBUG] [Proxibid] parsed 30 rows across 1 page(s)
[DEBUG] [Renebates] found 58 events on index
[DEBUG] [Renebates] event: Tatum Independent School District - Tatum, Texas secs=2355
[DEBUG] [Renebates] Tatum Independent School District - Tatum, Texas -> 6 lots via https://renebates.com/a_list_2.php?id=117&cat=all
[DEBUG] [Renebates] event: Denton County, Texas (Denton) secs=5951
[DEBUG] [Renebates] Denton County, Texas (Denton) -> 60 lots via https://renebates.com/a_list_2.php?id=221&cat=all
[DEBUG] [DEBUG] collected 37 listings from all sites (after filter)
[DEBUG] [GD] HTTP 200 | CT=application/json; charset=utf-8 | page=1
[DEBUG] [GD] page 1: 24 items
[DEBUG] [GD] HTTP 200 | CT=application/json; charset=utf-8 | page=2
[DEBUG] [GD] page 2: 24 items
[DEBUG] [GD] HTTP 200 | CT=application/json; charset=utf-8 | page=3
[DEBUG] [GD] page 3: 24 items
[DEBUG] [GD] HTTP 200 | CT=application/json; charset=utf-8 | page=4
[DEBUG] [GD] page 4: 24 items
[DEBUG] [GD] HTTP 200 | CT=application/json; charset=utf-8 | page=5
[DEBUG] [GD] page 5: 24 items
[DEBUG] [GD] total raw items before normalize: 120; unique kept: 111
[DEBUG] [GD] normalized rows: 111
[DEBUG] [GD] blocked by specialty/diesel filter: 92; passing: 19
[DEBUG] [Proxibid] parsed 30 rows across 1 page(s)
[DEBUG] [Renebates] found 58 events on index
[DEBUG] [Renebates] event: Tatum Independent School District - Tatum, Texas secs=1715
[DEBUG] [Renebates] Tatum Independent School District - Tatum, Texas -> 6 lots via https://renebates.com/a_list_2.php?id=117&cat=all
[DEBUG] [Renebates] event: Denton County, Texas (Denton) secs=5311
[DEBUG] [Renebates] Denton County, Texas (Denton) -> 60 lots via https://renebates.com/a_list_2.php?id=221&cat=all
[DEBUG] [DEBUG] collected 35 listings from all sites (after filter)
[DEBUG] [GD] HTTP 200 | CT=application/json; charset=utf-8 | page=1
[DEBUG] [GD] page 1: 24 items
[DEBUG] [GD] HTTP 200 | CT=application/json; charset=utf-8 | page=2
[DEBUG] [GD] page 2: 24 items
[DEBUG] [GD] HTTP 200 | CT=application/json; charset=utf-8 | page=3
[DEBUG] [GD] page 3: 24 items
[DEBUG] [GD] HTTP 200 | CT=application/json; charset=utf-8 | page=4
[DEBUG] [GD] page 4: 24 items
[DEBUG] [GD] HTTP 200 | CT=application/json; charset=utf-8 | page=5
[DEBUG] [GD] page 5: 24 items
[DEBUG] [GD] total raw items before normalize: 120; unique kept: 111
[DEBUG] [GD] normalized rows: 111
[DEBUG] [GD] blocked by specialty/diesel filter: 92; passing: 19
[DEBUG] [Proxibid] parsed 30 rows across 1 page(s)
[DEBUG] [Renebates] found 58 events on index
[DEBUG] [Renebates] event: Tatum Independent School District - Tatum, Texas secs=1060
[DEBUG] [Renebates] Tatum Independent School District - Tatum, Texas -> 6 lots via https://renebates.com/a_list_2.php?id=117&cat=all
[DEBUG] [Renebates] event: Denton County, Texas (Denton) secs=4656
[DEBUG] [Renebates] Denton County, Texas (Denton) -> 60 lots via https://renebates.com/a_list_2.php?id=221&cat=all
[DEBUG] [DEBUG] collected 36 listings from all sites (after filter)
[DEBUG] [GD] HTTP 200 | CT=application/json; charset=utf-8 | page=1
[DEBUG] [GD] page 1: 24 items
[DEBUG] [GD] HTTP 200 | CT=application/json; charset=utf-8 | page=2
[DEBUG] [GD] page 2: 24 items
[DEBUG] [GD] HTTP 200 | CT=application/json; charset=utf-8 | page=3
[DEBUG] [GD] page 3: 24 items
[DEBUG] [GD] HTTP 200 | CT=application/json; charset=utf-8 | page=4
[DEBUG] [GD] page 4: 24 items
[DEBUG] [GD] HTTP 200 | CT=application/json; charset=utf-8 | page=5
[DEBUG] [GD] page 5: 24 items
[DEBUG] [GD] total raw items before normalize: 120; unique kept: 112
[DEBUG] [GD] normalized rows: 112
[DEBUG] [GD] blocked by specialty/diesel filter: 93; passing: 19
[DEBUG] [Proxibid] parsed 30 rows across 1 page(s)
[DEBUG] [Renebates] found 58 events on index
[DEBUG] [Renebates] event: Tatum Independent School District - Tatum, Texas secs=414
[DEBUG] [Renebates] Tatum Independent School District - Tatum, Texas -> 6 lots via https://renebates.com/a_list_2.php?id=117&cat=all
[DEBUG] [Renebates] event: Denton County, Texas (Denton) secs=4010
[DEBUG] [Renebates] Denton County, Texas (Denton) -> 60 lots via https://renebates.com/a_list_2.php?id=221&cat=all
[DEBUG] [DEBUG] collected 33 listings from all sites (after filter)
[DEBUG] [GD] HTTP 200 | CT=application/json; charset=utf-8 | page=1
[DEBUG] [GD] page 1: 24 items
[DEBUG] [GD] HTTP 200 | CT=application/json; charset=utf-8 | page=2
[DEBUG] [GD] page 2: 24 items
[DEBUG] [GD] HTTP 200 | CT=application/json; charset=utf-8 | page=3
[DEBUG] [GD] page 3: 24 items
[DEBUG] [GD] HTTP 200 | CT=application/json; charset=utf-8 | page=4
[DEBUG] [GD] page 4: 24 items
[DEBUG] [GD] HTTP 200 | CT=application/json; charset=utf-8 | page=5
[DEBUG] [GD] page 5: 24 items
[DEBUG] [GD] total raw items before normalize: 120; unique kept: 112
[DEBUG] [GD] normalized rows: 112
[DEBUG] [GD] blocked by specialty/diesel filter: 93; passing: 19
[DEBUG] [Proxibid] parsed 30 rows across 1 page(s)
[DEBUG] [Renebates] found 58 events on index
[DEBUG] [Renebates] event: Tatum Independent School District - Tatum, Texas secs=0
[DEBUG] [Renebates] Tatum Independent School District - Tatum, Texas -> 5 lots via https://renebates.com/a_list_2.php?id=117&cat=all
[DEBUG] [Renebates] event: Denton County, Texas (Denton) secs=3364
[DEBUG] [Renebates] Denton County, Texas (Denton) -> 60 lots via https://renebates.com/a_list_2.php?id=221&cat=all
[DEBUG] [DEBUG] collected 32 listings from all sites (after filter)
[DEBUG] [GD] HTTP 200 | CT=application/json; charset=utf-8 | page=1
[DEBUG] [GD] page 1: 24 items
[DEBUG] [GD] HTTP 200 | CT=application/json; charset=utf-8 | page=2
[DEBUG] [GD] page 2: 24 items
[DEBUG] [GD] HTTP 200 | CT=application/json; charset=utf-8 | page=3
[DEBUG] [GD] page 3: 24 items
[DEBUG] [GD] HTTP 200 | CT=application/json; charset=utf-8 | page=4
[DEBUG] [GD] page 4: 24 items
[DEBUG] [GD] HTTP 200 | CT=application/json; charset=utf-8 | page=5
[DEBUG] [GD] page 5: 24 items
[DEBUG] [GD] total raw items before normalize: 120; unique kept: 112
[DEBUG] [GD] normalized rows: 112
[DEBUG] [GD] blocked by specialty/diesel filter: 92; passing: 20
[DEBUG] [Proxibid] parsed 30 rows across 1 page(s)
[DEBUG] [Renebates] found 58 events on index
[DEBUG] [Renebates] event: Denton County, Texas (Denton) secs=2711
[DEBUG] [Renebates] Denton County, Texas (Denton) -> 60 lots via https://renebates.com/a_list_2.php?id=221&cat=all
[DEBUG] [Renebates] event: Mesquite Independent School District - Mesquite, Texas secs=6308
[DEBUG] [Renebates] Mesquite Independent School District - Mesquite, Texas -> 6 lots via https://renebates.com/a_list_2.php?id=141&cat=all
[DEBUG] [DEBUG] collected 34 listings from all sites (after filter)
[DEBUG] [GD] HTTP 200 | CT=application/json; charset=utf-8 | page=1
[DEBUG] [GD] page 1: 24 items
[DEBUG] [GD] HTTP 200 | CT=application/json; charset=utf-8 | page=2
[DEBUG] [GD] page 2: 24 items
[DEBUG] [GD] HTTP 200 | CT=application/json; charset=utf-8 | page=3
[DEBUG] [GD] page 3: 24 items
[DEBUG] [GD] HTTP 200 | CT=application/json; charset=utf-8 | page=4
[DEBUG] [GD] page 4: 24 items
[DEBUG] [GD] HTTP 200 | CT=application/json; charset=utf-8 | page=5
[DEBUG] [GD] page 5: 24 items
[DEBUG] [GD] total raw items before normalize: 120; unique kept: 112
[DEBUG] [GD] normalized rows: 112
[DEBUG] [GD] blocked by specialty/diesel filter: 92; passing: 20
[DEBUG] [Proxibid] parsed 30 rows across 1 page(s)
[DEBUG] [Renebates] found 58 events on index
[DEBUG] [Renebates] event: Denton County, Texas (Denton) secs=2071
[DEBUG] [Renebates] Denton County, Texas (Denton) -> 60 lots via https://renebates.com/a_list_2.php?id=221&cat=all
[DEBUG] [Renebates] event: Mesquite Independent School District - Mesquite, Texas secs=5669
[DEBUG] [Renebates] Mesquite Independent School District - Mesquite, Texas -> 6 lots via https://renebates.com/a_list_2.php?id=141&cat=all
[DEBUG] [DEBUG] collected 33 listings from all sites (after filter)
[DEBUG] [GD] HTTP 200 | CT=application/json; charset=utf-8 | page=1
[DEBUG] [GD] page 1: 24 items
[DEBUG] [GD] HTTP 200 | CT=application/json; charset=utf-8 | page=2
[DEBUG] [GD] page 2: 24 items
[DEBUG] [GD] HTTP 200 | CT=application/json; charset=utf-8 | page=3
[DEBUG] [GD] page 3: 24 items
[DEBUG] [GD] HTTP 200 | CT=application/json; charset=utf-8 | page=4
[DEBUG] [GD] page 4: 24 items
[DEBUG] [GD] HTTP 200 | CT=application/json; charset=utf-8 | page=5
[DEBUG] [GD] page 5: 24 items
[DEBUG] [GD] total raw items before normalize: 120; unique kept: 112
[DEBUG] [GD] normalized rows: 112
[DEBUG] [GD] blocked by specialty/diesel filter: 92; passing: 20
[DEBUG] [Proxibid] parsed 30 rows across 1 page(s)
[DEBUG] [Renebates] found 58 events on index
[DEBUG] [Renebates] event: Denton County, Texas (Denton) secs=1418
[DEBUG] [Renebates] Denton County, Texas (Denton) -> 60 lots via https://renebates.com/a_list_2.php?id=221&cat=all
[DEBUG] [Renebates] event: Mesquite Independent School District - Mesquite, Texas secs=5015
[DEBUG] [Renebates] Mesquite Independent School District - Mesquite, Texas -> 6 lots via https://renebates.com/a_list_2.php?id=141&cat=all
[DEBUG] [DEBUG] collected 35 listings from all sites (after filter)
[DEBUG] [GD] HTTP 200 | CT=application/json; charset=utf-8 | page=1
[DEBUG] [GD] page 1: 24 items
[DEBUG] [GD] HTTP 200 | CT=application/json; charset=utf-8 | page=2
[DEBUG] [GD] page 2: 24 items
[DEBUG] [GD] HTTP 200 | CT=application/json; charset=utf-8 | page=3
[DEBUG] [GD] page 3: 24 items
[DEBUG] [GD] HTTP 200 | CT=application/json; charset=utf-8 | page=4
[DEBUG] [GD] page 4: 24 items
[DEBUG] [GD] HTTP 200 | CT=application/json; charset=utf-8 | page=5
[DEBUG] [GD] page 5: 24 items
[DEBUG] [GD] total raw items before normalize: 120; unique kept: 112
[DEBUG] [GD] normalized rows: 112
[DEBUG] [GD] blocked by specialty/diesel filter: 92; passing: 20
[DEBUG] [Proxibid] parsed 30 rows across 1 page(s)
[DEBUG] [Renebates] found 58 events on index
[DEBUG] [Renebates] event: Denton County, Texas (Denton) secs=768
[DEBUG] [Renebates] Denton County, Texas (Denton) -> 60 lots via https://renebates.com/a_list_2.php?id=221&cat=all
[DEBUG] [Renebates] event: Mesquite Independent School District - Mesquite, Texas secs=4364
[DEBUG] [Renebates] Mesquite Independent School District - Mesquite, Texas -> 6 lots via https://renebates.com/a_list_2.php?id=141&cat=all
[DEBUG] [DEBUG] collected 38 listings from all sites (after filter)
[DEBUG] [GD] HTTP 200 | CT=application/json; charset=utf-8 | page=1
[DEBUG] [GD] page 1: 24 items
[DEBUG] [GD] HTTP 200 | CT=application/json; charset=utf-8 | page=2
[DEBUG] [GD] page 2: 24 items
[DEBUG] [GD] HTTP 200 | CT=application/json; charset=utf-8 | page=3
[DEBUG] [GD] page 3: 24 items
[DEBUG] [GD] HTTP 200 | CT=application/json; charset=utf-8 | page=4
[DEBUG] [GD] page 4: 24 items
[DEBUG] [GD] HTTP 200 | CT=application/json; charset=utf-8 | page=5
[DEBUG] [GD] page 5: 24 items
[DEBUG] [GD] total raw items before normalize: 120; unique kept: 112
[DEBUG] [GD] normalized rows: 112
[DEBUG] [GD] blocked by specialty/diesel filter: 92; passing: 20
[DEBUG] [Proxibid] parsed 30 rows across 1 page(s)
[DEBUG] [Renebates] found 58 events on index
[DEBUG] [Renebates] event: Denton County, Texas (Denton) secs=117
[DEBUG] [Renebates] Denton County, Texas (Denton) -> 60 lots via https://renebates.com/a_list_2.php?id=221&cat=all
[DEBUG] [Renebates] event: Mesquite Independent School District - Mesquite, Texas secs=3713
[DEBUG] [Renebates] Mesquite Independent School District - Mesquite, Texas -> 6 lots via https://renebates.com/a_list_2.php?id=141&cat=all
[DEBUG] [DEBUG] collected 36 listings from all sites (after filter)
[DEBUG] [GD] HTTP 200 | CT=application/json; charset=utf-8 | page=1
[DEBUG] [GD] page 1: 24 items
[DEBUG] [GD] HTTP 200 | CT=application/json; charset=utf-8 | page=2
[DEBUG] [GD] page 2: 24 items
[DEBUG] [GD] HTTP 200 | CT=application/json; charset=utf-8 | page=3
[DEBUG] [GD] page 3: 24 items
[DEBUG] [GD] HTTP 200 | CT=application/json; charset=utf-8 | page=4
[DEBUG] [GD] page 4: 24 items
[DEBUG] [GD] HTTP 200 | CT=application/json; charset=utf-8 | page=5
[DEBUG] [GD] page 5: 24 items
[DEBUG] [GD] total raw items before normalize: 120; unique kept: 112
[DEBUG] [GD] normalized rows: 112
[DEBUG] [GD] blocked by specialty/diesel filter: 92; passing: 20
[DEBUG] [Proxibid] parsed 30 rows across 1 page(s)
[DEBUG] [Renebates] found 59 events on index
[DEBUG] [Renebates] event: Denton County, Texas (Denton) secs=0
[DEBUG] [Renebates] Denton County, Texas (Denton) -> 54 lots via https://renebates.com/a_list_2.php?id=221&cat=all
[DEBUG] [Renebates] event: Mesquite Independent School District - Mesquite, Texas secs=3061
[DEBUG] [Renebates] Mesquite Independent School District - Mesquite, Texas -> 6 lots via https://renebates.com/a_list_2.php?id=141&cat=all
[DEBUG] [DEBUG] collected 40 listings from all sites (after filter)
[DEBUG] [GD] HTTP 200 | CT=application/json; charset=utf-8 | page=1
[DEBUG] [GD] page 1: 24 items
[DEBUG] [GD] HTTP 200 | CT=application/json; charset=utf-8 | page=2
[DEBUG] [GD] page 2: 24 items
[DEBUG] [GD] HTTP 200 | CT=application/json; charset=utf-8 | page=3
[DEBUG] [GD] page 3: 24 items
[DEBUG] [GD] HTTP 200 | CT=application/json; charset=utf-8 | page=4
[DEBUG] [GD] page 4: 24 items
[DEBUG] [GD] HTTP 200 | CT=application/json; charset=utf-8 | page=5
[DEBUG] [GD] page 5: 24 items
[DEBUG] [GD] total raw items before normalize: 120; unique kept: 112
[DEBUG] [GD] normalized rows: 112
[DEBUG] [GD] blocked by specialty/diesel filter: 92; passing: 20
[DEBUG] [Proxibid] parsed 30 rows across 1 page(s)
[DEBUG] [Renebates] found 59 events on index
[DEBUG] [Renebates] event: Denton County, Texas (Denton) secs=0
[DEBUG] [Renebates] Denton County, Texas (Denton) -> 41 lots via https://renebates.com/a_list_2.php?id=221&cat=all
[DEBUG] [Renebates] event: Mesquite Independent School District - Mesquite, Texas secs=2415
[DEBUG] [Renebates] Mesquite Independent School District - Mesquite, Texas -> 6 lots via https://renebates.com/a_list_2.php?id=141&cat=all
[DEBUG] [DEBUG] collected 41 listings from all sites (after filter)
[DEBUG] [GD] HTTP 200 | CT=application/json; charset=utf-8 | page=1
[DEBUG] [GD] page 1: 24 items
[DEBUG] [GD] HTTP 200 | CT=application/json; charset=utf-8 | page=2
[DEBUG] [GD] page 2: 24 items
[DEBUG] [GD] HTTP 200 | CT=application/json; charset=utf-8 | page=3
[DEBUG] [GD] page 3: 24 items
[DEBUG] [GD] HTTP 200 | CT=application/json; charset=utf-8 | page=4
[DEBUG] [GD] page 4: 24 items
[DEBUG] [GD] HTTP 200 | CT=application/json; charset=utf-8 | page=5
[DEBUG] [GD] page 5: 24 items
[DEBUG] [GD] total raw items before normalize: 120; unique kept: 112
[DEBUG] [GD] normalized rows: 112
[DEBUG] [GD] blocked by specialty/diesel filter: 93; passing: 19
[DEBUG] [Proxibid] parsed 30 rows across 1 page(s)
[DEBUG] [Renebates] found 59 events on index
[DEBUG] [Renebates] event: Denton County, Texas (Denton) secs=0
[DEBUG] [Renebates] Denton County, Texas (Denton) -> 40 lots via https://renebates.com/a_list_2.php?id=221&cat=all
[DEBUG] [Renebates] event: Mesquite Independent School District - Mesquite, Texas secs=1769
[DEBUG] [Renebates] Mesquite Independent School District - Mesquite, Texas -> 6 lots via https://renebates.com/a_list_2.php?id=141&cat=all
[DEBUG] [DEBUG] collected 39 listings from all sites (after filter)
[DEBUG] [GD] HTTP 200 | CT=application/json; charset=utf-8 | page=1
[DEBUG] [GD] page 1: 24 items
[DEBUG] [GD] HTTP 200 | CT=application/json; charset=utf-8 | page=2
[DEBUG] [GD] page 2: 24 items
[DEBUG] [GD] HTTP 200 | CT=application/json; charset=utf-8 | page=3
[DEBUG] [GD] page 3: 24 items
[DEBUG] [GD] HTTP 200 | CT=application/json; charset=utf-8 | page=4
[DEBUG] [GD] page 4: 24 items
[DEBUG] [GD] HTTP 200 | CT=application/json; charset=utf-8 | page=5
[DEBUG] [GD] page 5: 24 items
[DEBUG] [GD] total raw items before normalize: 120; unique kept: 114
[DEBUG] [GD] normalized rows: 114
[DEBUG] [GD] blocked by specialty/diesel filter: 93; passing: 21
[DEBUG] [Proxibid] parsed 30 rows across 1 page(s)
[DEBUG] [Renebates] found 59 events on index
[DEBUG] [Renebates] event: Denton County, Texas (Denton) secs=0
[DEBUG] [Renebates] Denton County, Texas (Denton) -> 40 lots via https://renebates.com/a_list_2.php?id=221&cat=all
[DEBUG] [Renebates] event: Mesquite Independent School District - Mesquite, Texas secs=1113
[DEBUG] [Renebates] Mesquite Independent School District - Mesquite, Texas -> 6 lots via https://renebates.com/a_list_2.php?id=141&cat=all
[DEBUG] [DEBUG] collected 45 listings from all sites (after filter)
[DEBUG] [GD] HTTP 200 | CT=application/json; charset=utf-8 | page=1
[DEBUG] [GD] page 1: 24 items
[DEBUG] [GD] HTTP 200 | CT=application/json; charset=utf-8 | page=2
[DEBUG] [GD] page 2: 24 items
[DEBUG] [GD] HTTP 200 | CT=application/json; charset=utf-8 | page=3
[DEBUG] [GD] page 3: 24 items
[DEBUG] [GD] HTTP 200 | CT=application/json; charset=utf-8 | page=4
[DEBUG] [GD] page 4: 24 items
[DEBUG] [GD] HTTP 200 | CT=application/json; charset=utf-8 | page=5
[DEBUG] [GD] page 5: 24 items
[DEBUG] [GD] total raw items before normalize: 120; unique kept: 114
[DEBUG] [GD] normalized rows: 114
[DEBUG] [GD] blocked by specialty/diesel filter: 93; passing: 21
[DEBUG] [Proxibid] parsed 30 rows across 1 page(s)
[DEBUG] [Renebates] found 59 events on index
[DEBUG] [Renebates] event: Denton County, Texas (Denton) secs=0
[DEBUG] [Renebates] Denton County, Texas (Denton) -> 40 lots via https://renebates.com/a_list_2.php?id=221&cat=all
[DEBUG] [Renebates] event: Mesquite Independent School District - Mesquite, Texas secs=463
[DEBUG] [Renebates] Mesquite Independent School District - Mesquite, Texas -> 6 lots via https://renebates.com/a_list_2.php?id=141&cat=all
[DEBUG] [DEBUG] collected 43 listings from all sites (after filter)
[DEBUG] [GD] HTTP 200 | CT=application/json; charset=utf-8 | page=1
[DEBUG] [GD] page 1: 24 items
[DEBUG] [GD] HTTP 200 | CT=application/json; charset=utf-8 | page=2
[DEBUG] [GD] page 2: 24 items
[DEBUG] [GD] HTTP 200 | CT=application/json; charset=utf-8 | page=3
[DEBUG] [GD] page 3: 24 items
[DEBUG] [GD] HTTP 200 | CT=application/json; charset=utf-8 | page=4
[DEBUG] [GD] page 4: 24 items
[DEBUG] [GD] HTTP 200 | CT=application/json; charset=utf-8 | page=5
[DEBUG] [GD] page 5: 24 items
[DEBUG] [GD] total raw items before normalize: 120; unique kept: 115
[DEBUG] [GD] normalized rows: 115
[DEBUG] [GD] blocked by specialty/diesel filter: 96; passing: 19
[DEBUG] [Proxibid] parsed 30 rows across 1 page(s)
[DEBUG] [Renebates] found 59 events on index
[DEBUG] [Renebates] event: Denton County, Texas (Denton) secs=0
[DEBUG] [Renebates] Denton County, Texas (Denton) -> 40 lots via https://renebates.com/a_list_2.php?id=221&cat=all
[DEBUG] [Renebates] event: Mesquite Independent School District - Mesquite, Texas secs=0
[DEBUG] [Renebates] Mesquite Independent School District - Mesquite, Texas -> 6 lots via https://renebates.com/a_list_2.php?id=141&cat=all
[DEBUG] [DEBUG] collected 39 listings from all sites (after filter)
[DEBUG] [GD] HTTP 200 | CT=application/json; charset=utf-8 | page=1
[DEBUG] [GD] page 1: 24 items
[DEBUG] [GD] HTTP 200 | CT=application/json; charset=utf-8 | page=2
[DEBUG] [GD] page 2: 24 items
[DEBUG] [GD] HTTP 200 | CT=application/json; charset=utf-8 | page=3
[DEBUG] [GD] page 3: 24 items
[DEBUG] [GD] HTTP 200 | CT=application/json; charset=utf-8 | page=4
[DEBUG] [GD] page 4: 24 items
[DEBUG] [GD] HTTP 200 | CT=application/json; charset=utf-8 | page=5
[DEBUG] [GD] page 5: 24 items
[DEBUG] [GD] total raw items before normalize: 120; unique kept: 115
[DEBUG] [GD] normalized rows: 115
[DEBUG] [GD] blocked by specialty/diesel filter: 95; passing: 20
[DEBUG] [Proxibid] parsed 30 rows across 1 page(s)
[DEBUG] [Renebates] found 60 events on index
[DEBUG] [Renebates] event: Denton County, Texas (Denton) secs=0
[DEBUG] [Renebates] Denton County, Texas (Denton) -> 40 lots via https://renebates.com/a_list_2.php?id=221&cat=all
[DEBUG] [Renebates] event: Mesquite Independent School District - Mesquite, Texas secs=0
[DEBUG] [Renebates] Mesquite Independent School District - Mesquite, Texas -> 5 lots via https://renebates.com/a_list_2.php?id=141&cat=all
[DEBUG] [DEBUG] collected 39 listings from all sites (after filter)
[DEBUG] [GD] HTTP 200 | CT=application/json; charset=utf-8 | page=1
[DEBUG] [GD] page 1: 24 items
[DEBUG] [GD] HTTP 200 | CT=application/json; charset=utf-8 | page=2
[DEBUG] [GD] page 2: 24 items
[DEBUG] [GD] HTTP 200 | CT=application/json; charset=utf-8 | page=3
[DEBUG] [GD] page 3: 24 items
[DEBUG] [GD] HTTP 200 | CT=application/json; charset=utf-8 | page=4
[DEBUG] [GD] page 4: 24 items
[DEBUG] [GD] HTTP 200 | CT=application/json; charset=utf-8 | page=5
[DEBUG] [GD] page 5: 24 items
[DEBUG] [GD] total raw items before normalize: 120; unique kept: 116
[DEBUG] [GD] normalized rows: 116
[DEBUG] [GD] blocked by specialty/diesel filter: 98; passing: 18
[DEBUG] [Proxibid] parsed 30 rows across 1 page(s)
[DEBUG] [Renebates] found 60 events on index
[DEBUG] [Renebates] event: Denton County, Texas (Denton) secs=0
[DEBUG] [Renebates] Denton County, Texas (Denton) -> 40 lots via https://renebates.com/a_list_2.php?id=221&cat=all
[DEBUG] [Renebates] event: Mesquite Independent School District - Mesquite, Texas secs=0
[DEBUG] [Renebates] Mesquite Independent School District - Mesquite, Texas -> 5 lots via https://renebates.com/a_list_2.php?id=141&cat=all
[DEBUG] [DEBUG] collected 41 listings from all sites (after filter)
[DEBUG] [GD] HTTP 200 | CT=application/json; charset=utf-8 | page=1
[DEBUG] [GD] page 1: 24 items
[DEBUG] [GD] HTTP 200 | CT=application/json; charset=utf-8 | page=2
[DEBUG] [GD] page 2: 24 items
[DEBUG] [GD] HTTP 200 | CT=application/json; charset=utf-8 | page=3
[DEBUG] [GD] page 3: 24 items
[DEBUG] [GD] HTTP 200 | CT=application/json; charset=utf-8 | page=4
[DEBUG] [GD] page 4: 24 items
[DEBUG] [GD] HTTP 200 | CT=application/json; charset=utf-8 | page=5
[DEBUG] [GD] page 5: 24 items
[DEBUG] [GD] total raw items before normalize: 120; unique kept: 116
[DEBUG] [GD] normalized rows: 116
[DEBUG] [GD] blocked by specialty/diesel filter: 98; passing: 18
[DEBUG] [Proxibid] parsed 30 rows across 1 page(s)
[DEBUG] [Renebates] found 60 events on index
[DEBUG] [Renebates] event: Denton County, Texas (Denton) secs=0
[DEBUG] [Renebates] Denton County, Texas (Denton) -> 40 lots via https://renebates.com/a_list_2.php?id=221&cat=all
[DEBUG] [Renebates] event: Mesquite Independent School District - Mesquite, Texas secs=0
[DEBUG] [Renebates] Mesquite Independent School District - Mesquite, Texas -> 5 lots via https://renebates.com/a_list_2.php?id=141&cat=all
[DEBUG] [DEBUG] collected 39 listings from all sites (after filter)
[DEBUG] [GD] HTTP 200 | CT=application/json; charset=utf-8 | page=1
[DEBUG] [GD] page 1: 24 items
[DEBUG] [GD] HTTP 200 | CT=application/json; charset=utf-8 | page=2
[DEBUG] [GD] page 2: 24 items
[DEBUG] [GD] HTTP 200 | CT=application/json; charset=utf-8 | page=3
[DEBUG] [GD] page 3: 24 items
[DEBUG] [GD] HTTP 200 | CT=application/json; charset=utf-8 | page=4
[DEBUG] [GD] page 4: 24 items
[DEBUG] [GD] HTTP 200 | CT=application/json; charset=utf-8 | page=5
[DEBUG] [GD] page 5: 24 items
[DEBUG] [GD] total raw items before normalize: 120; unique kept: 115
[DEBUG] [GD] normalized rows: 115
[DEBUG] [GD] blocked by specialty/diesel filter: 97; passing: 18
[DEBUG] [Proxibid] parsed 30 rows across 1 page(s)
[DEBUG] [Renebates] found 60 events on index
[DEBUG] [Renebates] event: Denton County, Texas (Denton) secs=0
[DEBUG] [Renebates] Denton County, Texas (Denton) -> 40 lots via https://renebates.com/a_list_2.php?id=221&cat=all
[DEBUG] [Renebates] event: Grayson County, Texas (Sherman) secs=821
[DEBUG] [Renebates] Grayson County, Texas (Sherman) -> 3 lots via https://renebates.com/a_list_2.php?id=295&cat=all
[DEBUG] [DEBUG] collected 39 listings from all sites (after filter)
[DEBUG] [GD] HTTP 200 | CT=application/json; charset=utf-8 | page=1
[DEBUG] [GD] page 1: 24 items
[DEBUG] [GD] HTTP 200 | CT=application/json; charset=utf-8 | page=2
[DEBUG] [GD] page 2: 24 items
[DEBUG] [GD] HTTP 200 | CT=application/json; charset=utf-8 | page=3
[DEBUG] [GD] page 3: 24 items
[DEBUG] [GD] HTTP 200 | CT=application/json; charset=utf-8 | page=4
[DEBUG] [GD] page 4: 24 items
[DEBUG] [GD] HTTP 200 | CT=application/json; charset=utf-8 | page=5
[DEBUG] [GD] page 5: 24 items
[DEBUG] [GD] total raw items before normalize: 120; unique kept: 115
[DEBUG] [GD] normalized rows: 115
[DEBUG] [GD] blocked by specialty/diesel filter: 97; passing: 18
[DEBUG] [Proxibid] parsed 30 rows across 1 page(s)
[DEBUG] [Renebates] found 60 events on index
[DEBUG] [Renebates] event: Grayson County, Texas (Sherman) secs=178
[DEBUG] [Renebates] Grayson County, Texas (Sherman) -> 3 lots via https://renebates.com/a_list_2.php?id=295&cat=all
[DEBUG] [Renebates] event: Tarrant County, Texas (Fort Worth) secs=3775
[DEBUG] [Renebates] Tarrant County, Texas (Fort Worth) -> 3 lots via https://renebates.com/a_list_2.php?id=1&cat=all
[DEBUG] [DEBUG] collected 36 listings from all sites (after filter)
[DEBUG] [GD] HTTP 200 | CT=application/json; charset=utf-8 | page=1
[DEBUG] [GD] page 1: 24 items
[DEBUG] [GD] HTTP 200 | CT=application/json; charset=utf-8 | page=2
[DEBUG] [GD] page 2: 24 items
[DEBUG] [GD] HTTP 200 | CT=application/json; charset=utf-8 | page=3
[DEBUG] [GD] page 3: 24 items
[DEBUG] [GD] HTTP 200 | CT=application/json; charset=utf-8 | page=4
[DEBUG] [GD] page 4: 24 items
[DEBUG] [GD] HTTP 200 | CT=application/json; charset=utf-8 | page=5
[DEBUG] [GD] page 5: 24 items
[DEBUG] [GD] total raw items before normalize: 120; unique kept: 115
[DEBUG] [GD] normalized rows: 115
[DEBUG] [GD] blocked by specialty/diesel filter: 97; passing: 18
[DEBUG] [Proxibid] parsed 30 rows across 1 page(s)
[DEBUG] [Renebates] found 60 events on index
[DEBUG] [Renebates] event: Tarrant County, Texas (Fort Worth) secs=3130
[DEBUG] [Renebates] Tarrant County, Texas (Fort Worth) -> 3 lots via https://renebates.com/a_list_2.php?id=1&cat=all
[DEBUG] [Renebates] event: Canadian River Municipal Water Authority - Sanford, Texas secs=71526
[DEBUG] [Renebates] Canadian River Municipal Water Authority - Sanford, Texas -> 48 lots via https://renebates.com/a_list_2.php?id=280&cat=all
[DEBUG] [DEBUG] collected 32 listings from all sites (after filter)
[DEBUG] [GD] HTTP 200 | CT=application/json; charset=utf-8 | page=1
[DEBUG] [GD] page 1: 24 items
[DEBUG] [GD] HTTP 200 | CT=application/json; charset=utf-8 | page=2
[DEBUG] [GD] page 2: 24 items
[DEBUG] [GD] HTTP 200 | CT=application/json; charset=utf-8 | page=3
[DEBUG] [GD] page 3: 24 items
[DEBUG] [GD] HTTP 200 | CT=application/json; charset=utf-8 | page=4
[DEBUG] [GD] page 4: 24 items
[DEBUG] [GD] HTTP 200 | CT=application/json; charset=utf-8 | page=5
[DEBUG] [GD] page 5: 24 items
[DEBUG] [GD] total raw items before normalize: 120; unique kept: 115
[DEBUG] [GD] normalized rows: 115
[DEBUG] [GD] blocked by specialty/diesel filter: 96; passing: 19
[DEBUG] [Proxibid] parsed 30 rows across 1 page(s)
[DEBUG] [Renebates] found 60 events on index
[DEBUG] [Renebates] event: Tarrant County, Texas (Fort Worth) secs=2484
[DEBUG] [Renebates] Tarrant County, Texas (Fort Worth) -> 3 lots via https://renebates.com/a_list_2.php?id=1&cat=all
[DEBUG] [Renebates] event: Canadian River Municipal Water Authority - Sanford, Texas secs=70881
[DEBUG] [Renebates] Canadian River Municipal Water Authority - Sanford, Texas -> 48 lots via https://renebates.com/a_list_2.php?id=280&cat=all
[DEBUG] [DEBUG] collected 33 listings from all sites (after filter)
[DEBUG] [GD] HTTP 200 | CT=application/json; charset=utf-8 | page=1
[DEBUG] [GD] page 1: 24 items
[DEBUG] [GD] HTTP 200 | CT=application/json; charset=utf-8 | page=2
[DEBUG] [GD] page 2: 24 items
[DEBUG] [GD] HTTP 200 | CT=application/json; charset=utf-8 | page=3
[DEBUG] [GD] page 3: 24 items
[DEBUG] [GD] HTTP 200 | CT=application/json; charset=utf-8 | page=4
[DEBUG] [GD] page 4: 24 items
[DEBUG] [GD] HTTP 200 | CT=application/json; charset=utf-8 | page=5
[DEBUG] [GD] page 5: 24 items
[DEBUG] [GD] total raw items before normalize: 120; unique kept: 115
[DEBUG] [GD] normalized rows: 115
[DEBUG] [GD] blocked by specialty/diesel filter: 95; passing: 20
[DEBUG] [Proxibid] parsed 30 rows across 1 page(s)
[DEBUG] [Renebates] found 60 events on index
[DEBUG] [Renebates] event: Tarrant County, Texas (Fort Worth) secs=1835
[DEBUG] [Renebates] Tarrant County, Texas (Fort Worth) -> 3 lots via https://renebates.com/a_list_2.php?id=1&cat=all
[DEBUG] [Renebates] event: Canadian River Municipal Water Authority - Sanford, Texas secs=70231
[DEBUG] [Renebates] Canadian River Municipal Water Authority - Sanford, Texas -> 48 lots via https://renebates.com/a_list_2.php?id=280&cat=all
[DEBUG] [DEBUG] collected 42 listings from all sites (after filter)
[DEBUG] [GD] HTTP 200 | CT=application/json; charset=utf-8 | page=1
[DEBUG] [GD] page 1: 24 items
[DEBUG] [GD] HTTP 200 | CT=application/json; charset=utf-8 | page=2
[DEBUG] [GD] page 2: 24 items
[DEBUG] [GD] HTTP 200 | CT=application/json; charset=utf-8 | page=3
[DEBUG] [GD] page 3: 24 items
[DEBUG] [GD] HTTP 200 | CT=application/json; charset=utf-8 | page=4
[DEBUG] [GD] page 4: 24 items
[DEBUG] [GD] HTTP 200 | CT=application/json; charset=utf-8 | page=5
[DEBUG] [GD] page 5: 24 items
[DEBUG] [GD] total raw items before normalize: 120; unique kept: 115
[DEBUG] [GD] normalized rows: 115
[DEBUG] [GD] blocked by specialty/diesel filter: 96; passing: 19
[DEBUG] [Proxibid] parsed 30 rows across 1 page(s)
[DEBUG] [Renebates] found 60 events on index
[DEBUG] [Renebates] event: Tarrant County, Texas (Fort Worth) secs=1184
[DEBUG] [Renebates] Tarrant County, Texas (Fort Worth) -> 3 lots via https://renebates.com/a_list_2.php?id=1&cat=all
[DEBUG] [Renebates] event: Canadian River Municipal Water Authority - Sanford, Texas secs=69581
[DEBUG] [Renebates] Canadian River Municipal Water Authority - Sanford, Texas -> 48 lots via https://renebates.com/a_list_2.php?id=280&cat=all
[DEBUG] [DEBUG] collected 42 listings from all sites (after filter)
[DEBUG] [GD] HTTP 200 | CT=application/json; charset=utf-8 | page=1
[DEBUG] [GD] page 1: 24 items
[DEBUG] [GD] HTTP 200 | CT=application/json; charset=utf-8 | page=2
[DEBUG] [GD] page 2: 24 items
[DEBUG] [GD] HTTP 200 | CT=application/json; charset=utf-8 | page=3
[DEBUG] [GD] page 3: 24 items
[DEBUG] [GD] HTTP 200 | CT=application/json; charset=utf-8 | page=4
[DEBUG] [GD] page 4: 24 items
[DEBUG] [GD] HTTP 200 | CT=application/json; charset=utf-8 | page=5
[DEBUG] [GD] page 5: 24 items
[DEBUG] [GD] total raw items before normalize: 120; unique kept: 115
[DEBUG] [GD] normalized rows: 115
[DEBUG] [GD] blocked by specialty/diesel filter: 96; passing: 19
[DEBUG] [Proxibid] parsed 30 rows across 1 page(s)
[DEBUG] [Renebates] found 60 events on index
[DEBUG] [Renebates] event: Tarrant County, Texas (Fort Worth) secs=532
[DEBUG] [Renebates] Tarrant County, Texas (Fort Worth) -> 3 lots via https://renebates.com/a_list_2.php?id=1&cat=all
[DEBUG] [Renebates] event: Canadian River Municipal Water Authority - Sanford, Texas secs=68930
[DEBUG] [Renebates] Canadian River Municipal Water Authority - Sanford, Texas -> 48 lots via https://renebates.com/a_list_2.php?id=280&cat=all
[DEBUG] [DEBUG] collected 41 listings from all sites (after filter)
[DEBUG] [GD] HTTP 200 | CT=application/json; charset=utf-8 | page=1
[DEBUG] [GD] page 1: 24 items
[DEBUG] [GD] HTTP 200 | CT=application/json; charset=utf-8 | page=2
[DEBUG] [GD] page 2: 24 items
[DEBUG] [GD] HTTP 200 | CT=application/json; charset=utf-8 | page=3
[DEBUG] [GD] page 3: 24 items
[DEBUG] [GD] HTTP 200 | CT=application/json; charset=utf-8 | page=4
[DEBUG] [GD] page 4: 24 items
[DEBUG] [GD] HTTP 200 | CT=application/json; charset=utf-8 | page=5
[DEBUG] [GD] page 5: 24 items
[DEBUG] [GD] total raw items before normalize: 120; unique kept: 115
[DEBUG] [GD] normalized rows: 115
[DEBUG] [GD] blocked by specialty/diesel filter: 95; passing: 20
[DEBUG] [Proxibid] parsed 30 rows across 1 page(s)
[DEBUG] [Renebates] found 60 events on index
[DEBUG] [Renebates] event: Canadian River Municipal Water Authority - Sanford, Texas secs=68277
[DEBUG] [Renebates] Canadian River Municipal Water Authority - Sanford, Texas -> 48 lots via https://renebates.com/a_list_2.php?id=280&cat=all
[DEBUG] [Renebates] event: Mansfield Independent School District - Mansfield, Texas secs=71874
[DEBUG] [Renebates] Mansfield Independent School District - Mansfield, Texas -> 60 lots via https://renebates.com/a_list_2.php?id=262&cat=all
[DEBUG] [DEBUG] collected 35 listings from all sites (after filter)
[DEBUG] [GD] HTTP 200 | CT=application/json; charset=utf-8 | page=1
[DEBUG] [GD] page 1: 24 items
[DEBUG] [GD] HTTP 200 | CT=application/json; charset=utf-8 | page=2
[DEBUG] [GD] page 2: 24 items
[DEBUG] [GD] HTTP 200 | CT=application/json; charset=utf-8 | page=3
[DEBUG] [GD] page 3: 24 items
[DEBUG] [GD] HTTP 200 | CT=application/json; charset=utf-8 | page=4
[DEBUG] [GD] page 4: 24 items
[DEBUG] [GD] HTTP 200 | CT=application/json; charset=utf-8 | page=5
[DEBUG] [GD] page 5: 24 items
[DEBUG] [GD] total raw items before normalize: 120; unique kept: 114
[DEBUG] [GD] normalized rows: 114
[DEBUG] [GD] blocked by specialty/diesel filter: 94; passing: 20
[DEBUG] [Proxibid] parsed 30 rows across 1 page(s)
[DEBUG] [Renebates] found 60 events on index
[DEBUG] [Renebates] event: Canadian River Municipal Water Authority - Sanford, Texas secs=67633
[DEBUG] [Renebates] Canadian River Municipal Water Authority - Sanford, Texas -> 48 lots via https://renebates.com/a_list_2.php?id=280&cat=all
[DEBUG] [Renebates] event: Mansfield Independent School District - Mansfield, Texas secs=71229
[DEBUG] [Renebates] Mansfield Independent School District - Mansfield, Texas -> 60 lots via https://renebates.com/a_list_2.php?id=262&cat=all
[DEBUG] [DEBUG] collected 32 listings from all sites (after filter)
[DEBUG] [GD] HTTP 200 | CT=application/json; charset=utf-8 | page=1
[DEBUG] [GD] page 1: 24 items
[DEBUG] [GD] HTTP 200 | CT=application/json; charset=utf-8 | page=2
[DEBUG] [GD] page 2: 24 items
[DEBUG] [GD] HTTP 200 | CT=application/json; charset=utf-8 | page=3
[DEBUG] [GD] page 3: 24 items
[DEBUG] [GD] HTTP 200 | CT=application/json; charset=utf-8 | page=4
[DEBUG] [GD] page 4: 24 items
[DEBUG] [GD] HTTP 200 | CT=application/json; charset=utf-8 | page=5
[DEBUG] [GD] page 5: 24 items
[DEBUG] [GD] total raw items before normalize: 120; unique kept: 114
[DEBUG] [GD] normalized rows: 114
[DEBUG] [GD] blocked by specialty/diesel filter: 94; passing: 20
[DEBUG] [Proxibid] parsed 30 rows across 1 page(s)
[DEBUG] [Renebates] found 60 events on index
[DEBUG] [Renebates] event: Canadian River Municipal Water Authority - Sanford, Texas secs=66977
[DEBUG] [Renebates] Canadian River Municipal Water Authority - Sanford, Texas -> 48 lots via https://renebates.com/a_list_2.php?id=280&cat=all
[DEBUG] [Renebates] event: Mansfield Independent School District - Mansfield, Texas secs=70573
[DEBUG] [Renebates] Mansfield Independent School District - Mansfield, Texas -> 60 lots via https://renebates.com/a_list_2.php?id=262&cat=all
[DEBUG] [DEBUG] collected 32 listings from all sites (after filter)
[DEBUG] [GD] HTTP 200 | CT=application/json; charset=utf-8 | page=1
[DEBUG] [GD] page 1: 24 items
[DEBUG] [GD] HTTP 200 | CT=application/json; charset=utf-8 | page=2
[DEBUG] [GD] page 2: 24 items
[DEBUG] [GD] HTTP 200 | CT=application/json; charset=utf-8 | page=3
[DEBUG] [GD] page 3: 24 items
[DEBUG] [GD] HTTP 200 | CT=application/json; charset=utf-8 | page=4
[DEBUG] [GD] page 4: 24 items
[DEBUG] [GD] HTTP 200 | CT=application/json; charset=utf-8 | page=5
[DEBUG] [GD] page 5: 24 items
[DEBUG] [GD] total raw items before normalize: 120; unique kept: 113
[DEBUG] [GD] normalized rows: 113
[DEBUG] [GD] blocked by specialty/diesel filter: 94; passing: 19
[DEBUG] [Proxibid] parsed 30 rows across 1 page(s)
[DEBUG] [Renebates] found 60 events on index
[DEBUG] [Renebates] event: Canadian River Municipal Water Authority - Sanford, Texas secs=66320
[DEBUG] [Renebates] Canadian River Municipal Water Authority - Sanford, Texas -> 48 lots via https://renebates.com/a_list_2.php?id=280&cat=all
[DEBUG] [Renebates] event: Mansfield Independent School District - Mansfield, Texas secs=69917
[DEBUG] [Renebates] Mansfield Independent School District - Mansfield, Texas -> 60 lots via https://renebates.com/a_list_2.php?id=262&cat=all
[DEBUG] [DEBUG] collected 31 listings from all sites (after filter)
[DEBUG] [GD] HTTP 200 | CT=application/json; charset=utf-8 | page=1
[DEBUG] [GD] page 1: 24 items
[DEBUG] [GD] HTTP 200 | CT=application/json; charset=utf-8 | page=2
[DEBUG] [GD] page 2: 24 items
[DEBUG] [GD] HTTP 200 | CT=application/json; charset=utf-8 | page=3
[DEBUG] [GD] page 3: 24 items
[DEBUG] [GD] HTTP 200 | CT=application/json; charset=utf-8 | page=4
[DEBUG] [GD] page 4: 24 items
[DEBUG] [GD] HTTP 200 | CT=application/json; charset=utf-8 | page=5
[DEBUG] [GD] page 5: 24 items
[DEBUG] [GD] total raw items before normalize: 120; unique kept: 114
[DEBUG] [GD] normalized rows: 114
[DEBUG] [GD] blocked by specialty/diesel filter: 95; passing: 19
[DEBUG] [Proxibid] parsed 30 rows across 1 page(s)
[DEBUG] [Renebates] found 60 events on index
[DEBUG] [Renebates] event: Canadian River Municipal Water Authority - Sanford, Texas secs=65679
[DEBUG] [Renebates] Canadian River Municipal Water Authority - Sanford, Texas -> 48 lots via https://renebates.com/a_list_2.php?id=280&cat=all
[DEBUG] [Renebates] event: Mansfield Independent School District - Mansfield, Texas secs=69277
[DEBUG] [Renebates] Mansfield Independent School District - Mansfield, Texas -> 60 lots via https://renebates.com/a_list_2.php?id=262&cat=all
[DEBUG] [DEBUG] collected 31 listings from all sites (after filter)
[DEBUG] [GD] HTTP 200 | CT=application/json; charset=utf-8 | page=1
[DEBUG] [GD] page 1: 24 items
[DEBUG] [GD] HTTP 200 | CT=application/json; charset=utf-8 | page=2
[DEBUG] [GD] page 2: 24 items
[DEBUG] [GD] HTTP 200 | CT=application/json; charset=utf-8 | page=3
[DEBUG] [GD] page 3: 24 items
[DEBUG] [GD] HTTP 200 | CT=application/json; charset=utf-8 | page=4
[DEBUG] [GD] page 4: 24 items
[DEBUG] [GD] HTTP 200 | CT=application/json; charset=utf-8 | page=5
[DEBUG] [GD] page 5: 24 items
[DEBUG] [GD] total raw items before normalize: 120; unique kept: 113
[DEBUG] [GD] normalized rows: 113
[DEBUG] [GD] blocked by specialty/diesel filter: 95; passing: 18
[DEBUG] [Proxibid] parsed 30 rows across 1 page(s)
[DEBUG] [Renebates] found 60 events on index
[DEBUG] [Renebates] event: Canadian River Municipal Water Authority - Sanford, Texas secs=65036
[DEBUG] [Renebates] Canadian River Municipal Water Authority - Sanford, Texas -> 48 lots via https://renebates.com/a_list_2.php?id=280&cat=all
[DEBUG] [Renebates] event: Mansfield Independent School District - Mansfield, Texas secs=68633
[DEBUG] [Renebates] Mansfield Independent School District - Mansfield, Texas -> 60 lots via https://renebates.com/a_list_2.php?id=262&cat=all
[DEBUG] [DEBUG] collected 30 listings from all sites (after filter)
[DEBUG] [GD] HTTP 200 | CT=application/json; charset=utf-8 | page=1
[DEBUG] [GD] page 1: 24 items
[DEBUG] [GD] HTTP 200 | CT=application/json; charset=utf-8 | page=2
[DEBUG] [GD] page 2: 24 items
[DEBUG] [GD] HTTP 200 | CT=application/json; charset=utf-8 | page=3
[DEBUG] [GD] page 3: 24 items
[DEBUG] [GD] HTTP 200 | CT=application/json; charset=utf-8 | page=4
[DEBUG] [GD] page 4: 24 items
[DEBUG] [GD] HTTP 200 | CT=application/json; charset=utf-8 | page=5
[DEBUG] [GD] page 5: 24 items
[DEBUG] [GD] total raw items before normalize: 120; unique kept: 110
[DEBUG] [GD] normalized rows: 110
[DEBUG] [GD] blocked by specialty/diesel filter: 94; passing: 16
[DEBUG] [Proxibid] parsed 30 rows across 1 page(s)
[DEBUG] [Renebates] found 60 events on index
[DEBUG] [Renebates] event: Canadian River Municipal Water Authority - Sanford, Texas secs=64384
[DEBUG] [Renebates] Canadian River Municipal Water Authority - Sanford, Texas -> 48 lots via https://renebates.com/a_list_2.php?id=280&cat=all
[DEBUG] [Renebates] event: Mansfield Independent School District - Mansfield, Texas secs=67980
[DEBUG] [Renebates] Mansfield Independent School District - Mansfield, Texas -> 60 lots via https://renebates.com/a_list_2.php?id=262&cat=all
[DEBUG] [DEBUG] collected 30 listings from all sites (after filter)
[DEBUG] [GD] HTTP 200 | CT=application/json; charset=utf-8 | page=1
[DEBUG] [GD] page 1: 24 items
[DEBUG] [GD] HTTP 200 | CT=application/json; charset=utf-8 | page=2
[DEBUG] [GD] page 2: 24 items
[DEBUG] [GD] HTTP 200 | CT=application/json; charset=utf-8 | page=3
[DEBUG] [GD] page 3: 24 items
[DEBUG] [GD] HTTP 200 | CT=application/json; charset=utf-8 | page=4
[DEBUG] [GD] page 4: 24 items
[DEBUG] [GD] HTTP 200 | CT=application/json; charset=utf-8 | page=5
[DEBUG] [GD] page 5: 24 items
[DEBUG] [GD] total raw items before normalize: 120; unique kept: 111
[DEBUG] [GD] normalized rows: 111
[DEBUG] [GD] blocked by specialty/diesel filter: 94; passing: 17
[DEBUG] [Proxibid] parsed 30 rows across 1 page(s)
[DEBUG] [Renebates] found 60 events on index
[DEBUG] [Renebates] event: Canadian River Municipal Water Authority - Sanford, Texas secs=63736
[DEBUG] [Renebates] Canadian River Municipal Water Authority - Sanford, Texas -> 48 lots via https://renebates.com/a_list_2.php?id=280&cat=all
[DEBUG] [Renebates] event: Mansfield Independent School District - Mansfield, Texas secs=67332
[DEBUG] [Renebates] Mansfield Independent School District - Mansfield, Texas -> 60 lots via https://renebates.com/a_list_2.php?id=262&cat=all
[DEBUG] [DEBUG] collected 31 listings from all sites (after filter)
[DEBUG] [GD] HTTP 200 | CT=application/json; charset=utf-8 | page=1
[DEBUG] [GD] page 1: 24 items
[DEBUG] [GD] HTTP 200 | CT=application/json; charset=utf-8 | page=2
[DEBUG] [GD] page 2: 24 items
[DEBUG] [GD] HTTP 200 | CT=application/json; charset=utf-8 | page=3
[DEBUG] [GD] page 3: 24 items
[DEBUG] [GD] HTTP 200 | CT=application/json; charset=utf-8 | page=4
[DEBUG] [GD] page 4: 24 items
[DEBUG] [GD] HTTP 200 | CT=application/json; charset=utf-8 | page=5
[DEBUG] [GD] page 5: 24 items
[DEBUG] [GD] total raw items before normalize: 120; unique kept: 110
[DEBUG] [GD] normalized rows: 110
[DEBUG] [GD] blocked by specialty/diesel filter: 94; passing: 16
[DEBUG] [Proxibid] parsed 30 rows across 1 page(s)
[DEBUG] [Renebates] found 60 events on index
[DEBUG] [Renebates] event: Canadian River Municipal Water Authority - Sanford, Texas secs=63093
[DEBUG] [Renebates] Canadian River Municipal Water Authority - Sanford, Texas -> 48 lots via https://renebates.com/a_list_2.php?id=280&cat=all
[DEBUG] [Renebates] event: Mansfield Independent School District - Mansfield, Texas secs=66690
[DEBUG] [Renebates] Mansfield Independent School District - Mansfield, Texas -> 60 lots via https://renebates.com/a_list_2.php?id=262&cat=all
[DEBUG] [DEBUG] collected 30 listings from all sites (after filter)
[DEBUG] [GD] HTTP 200 | CT=application/json; charset=utf-8 | page=1
[DEBUG] [GD] page 1: 24 items
[DEBUG] [GD] HTTP 200 | CT=application/json; charset=utf-8 | page=2
[DEBUG] [GD] page 2: 24 items
[DEBUG] [GD] HTTP 200 | CT=application/json; charset=utf-8 | page=3
[DEBUG] [GD] page 3: 24 items
[DEBUG] [GD] HTTP 200 | CT=application/json; charset=utf-8 | page=4
[DEBUG] [GD] page 4: 24 items
[DEBUG] [GD] HTTP 200 | CT=application/json; charset=utf-8 | page=5
[DEBUG] [GD] page 5: 24 items
[DEBUG] [GD] total raw items before normalize: 120; unique kept: 110
[DEBUG] [GD] normalized rows: 110
[DEBUG] [GD] blocked by specialty/diesel filter: 94; passing: 16
[DEBUG] [Proxibid] parsed 30 rows across 1 page(s)
[DEBUG] [Renebates] found 57 events on index
[DEBUG] [Renebates] event: Canadian River Municipal Water Authority - Sanford, Texas secs=62445
[DEBUG] [Renebates] Canadian River Municipal Water Authority - Sanford, Texas -> 48 lots via https://renebates.com/a_list_2.php?id=280&cat=all
[DEBUG] [Renebates] event: Mansfield Independent School District - Mansfield, Texas secs=66041
[DEBUG] [Renebates] Mansfield Independent School District - Mansfield, Texas -> 60 lots via https://renebates.com/a_list_2.php?id=262&cat=all
[DEBUG] [DEBUG] collected 30 listings from all sites (after filter)
[DEBUG] [GD] HTTP 200 | CT=application/json; charset=utf-8 | page=1
[DEBUG] [GD] page 1: 24 items
[DEBUG] [GD] HTTP 200 | CT=application/json; charset=utf-8 | page=2
[DEBUG] [GD] page 2: 24 items
[DEBUG] [GD] HTTP 200 | CT=application/json; charset=utf-8 | page=3
[DEBUG] [GD] page 3: 24 items
[DEBUG] [GD] HTTP 200 | CT=application/json; charset=utf-8 | page=4
[DEBUG] [GD] page 4: 24 items
[DEBUG] [GD] HTTP 200 | CT=application/json; charset=utf-8 | page=5
[DEBUG] [GD] page 5: 24 items
[DEBUG] [GD] total raw items before normalize: 120; unique kept: 110
[DEBUG] [GD] normalized rows: 110
[DEBUG] [GD] blocked by specialty/diesel filter: 94; passing: 16
[DEBUG] [Proxibid] parsed 30 rows across 1 page(s)
[DEBUG] [Renebates] found 57 events on index
[DEBUG] [Renebates] event: Canadian River Municipal Water Authority - Sanford, Texas secs=61795
[DEBUG] [Renebates] Canadian River Municipal Water Authority - Sanford, Texas -> 48 lots via https://renebates.com/a_list_2.php?id=280&cat=all
[DEBUG] [Renebates] event: Mansfield Independent School District - Mansfield, Texas secs=65392
[DEBUG] [Renebates] Mansfield Independent School District - Mansfield, Texas -> 60 lots via https://renebates.com/a_list_2.php?id=262&cat=all
[DEBUG] [DEBUG] collected 30 listings from all sites (after filter)
[DEBUG] [GD] HTTP 200 | CT=application/json; charset=utf-8 | page=1
[DEBUG] [GD] page 1: 24 items
[DEBUG] [GD] HTTP 200 | CT=application/json; charset=utf-8 | page=2
[DEBUG] [GD] page 2: 24 items
[DEBUG] [GD] HTTP 200 | CT=application/json; charset=utf-8 | page=3
[DEBUG] [GD] page 3: 24 items
[DEBUG] [GD] HTTP 200 | CT=application/json; charset=utf-8 | page=4
[DEBUG] [GD] page 4: 24 items
[DEBUG] [GD] HTTP 200 | CT=application/json; charset=utf-8 | page=5
[DEBUG] [GD] page 5: 24 items
[DEBUG] [GD] total raw items before normalize: 120; unique kept: 110
[DEBUG] [GD] normalized rows: 110
[DEBUG] [GD] blocked by specialty/diesel filter: 96; passing: 14
[DEBUG] [Proxibid] parsed 30 rows across 1 page(s)
[DEBUG] [Renebates] found 57 events on index
[DEBUG] [Renebates] event: Canadian River Municipal Water Authority - Sanford, Texas secs=61147
[DEBUG] [Renebates] Canadian River Municipal Water Authority - Sanford, Texas -> 48 lots via https://renebates.com/a_list_2.php?id=280&cat=all
[DEBUG] [Renebates] event: Mansfield Independent School District - Mansfield, Texas secs=64744
[DEBUG] [Renebates] Mansfield Independent School District - Mansfield, Texas -> 60 lots via https://renebates.com/a_list_2.php?id=262&cat=all
[DEBUG] [DEBUG] collected 28 listings from all sites (after filter)
[DEBUG] [GD] HTTP 200 | CT=application/json; charset=utf-8 | page=1
[DEBUG] [GD] page 1: 24 items
[DEBUG] [GD] HTTP 200 | CT=application/json; charset=utf-8 | page=2
[DEBUG] [GD] page 2: 24 items
[DEBUG] [GD] HTTP 200 | CT=application/json; charset=utf-8 | page=3
[DEBUG] [GD] page 3: 24 items
[DEBUG] [GD] HTTP 200 | CT=application/json; charset=utf-8 | page=4
[DEBUG] [GD] page 4: 24 items
[DEBUG] [GD] HTTP 200 | CT=application/json; charset=utf-8 | page=5
[DEBUG] [GD] page 5: 24 items
[DEBUG] [GD] total raw items before normalize: 120; unique kept: 110
[DEBUG] [GD] normalized rows: 110
[DEBUG] [GD] blocked by specialty/diesel filter: 96; passing: 14
[DEBUG] [Proxibid] parsed 30 rows across 1 page(s)
[DEBUG] [Renebates] found 57 events on index
[DEBUG] [Renebates] event: Canadian River Municipal Water Authority - Sanford, Texas secs=60493
[DEBUG] [Renebates] Canadian River Municipal Water Authority - Sanford, Texas -> 48 lots via https://renebates.com/a_list_2.php?id=280&cat=all
[DEBUG] [Renebates] event: Mansfield Independent School District - Mansfield, Texas secs=64088
[DEBUG] [Renebates] Mansfield Independent School District - Mansfield, Texas -> 60 lots via https://renebates.com/a_list_2.php?id=262&cat=all
[DEBUG] [DEBUG] collected 28 listings from all sites (after filter)
[DEBUG] [GD] HTTP 200 | CT=application/json; charset=utf-8 | page=1
[DEBUG] [GD] page 1: 24 items
[DEBUG] [GD] HTTP 200 | CT=application/json; charset=utf-8 | page=2
[DEBUG] [GD] page 2: 24 items
[DEBUG] [GD] HTTP 200 | CT=application/json; charset=utf-8 | page=3
[DEBUG] [GD] page 3: 24 items
[DEBUG] [GD] HTTP 200 | CT=application/json; charset=utf-8 | page=4
[DEBUG] [GD] page 4: 24 items
[DEBUG] [GD] HTTP 200 | CT=application/json; charset=utf-8 | page=5
[DEBUG] [GD] page 5: 24 items
[DEBUG] [GD] total raw items before normalize: 120; unique kept: 111
[DEBUG] [GD] normalized rows: 111
[DEBUG] [GD] blocked by specialty/diesel filter: 97; passing: 14
[DEBUG] [Proxibid] parsed 30 rows across 1 page(s)
[DEBUG] [Renebates] found 57 events on index
[DEBUG] [Renebates] event: Canadian River Municipal Water Authority - Sanford, Texas secs=59843
[DEBUG] [Renebates] Canadian River Municipal Water Authority - Sanford, Texas -> 48 lots via https://renebates.com/a_list_2.php?id=280&cat=all
[DEBUG] [Renebates] event: Mansfield Independent School District - Mansfield, Texas secs=63439
[DEBUG] [Renebates] Mansfield Independent School District - Mansfield, Texas -> 60 lots via https://renebates.com/a_list_2.php?id=262&cat=all
[DEBUG] [DEBUG] collected 28 listings from all sites (after filter)
[DEBUG] [GD] HTTP 200 | CT=application/json; charset=utf-8 | page=1
[DEBUG] [GD] page 1: 24 items
[DEBUG] [GD] HTTP 200 | CT=application/json; charset=utf-8 | page=2
[DEBUG] [GD] page 2: 24 items
[DEBUG] [GD] HTTP 200 | CT=application/json; charset=utf-8 | page=3
[DEBUG] [GD] page 3: 24 items
[DEBUG] [GD] HTTP 200 | CT=application/json; charset=utf-8 | page=4
[DEBUG] [GD] page 4: 24 items
[DEBUG] [GD] HTTP 200 | CT=application/json; charset=utf-8 | page=5
[DEBUG] [GD] page 5: 24 items
[DEBUG] [GD] total raw items before normalize: 120; unique kept: 111
[DEBUG] [GD] normalized rows: 111
[DEBUG] [GD] blocked by specialty/diesel filter: 97; passing: 14
[DEBUG] [Proxibid] parsed 30 rows across 1 page(s)
[DEBUG] [Renebates] found 57 events on index
[DEBUG] [Renebates] event: Canadian River Municipal Water Authority - Sanford, Texas secs=59196
[DEBUG] [Renebates] Canadian River Municipal Water Authority - Sanford, Texas -> 48 lots via https://renebates.com/a_list_2.php?id=280&cat=all
[DEBUG] [Renebates] event: Mansfield Independent School District - Mansfield, Texas secs=62792
[DEBUG] [Renebates] Mansfield Independent School District - Mansfield, Texas -> 60 lots via https://renebates.com/a_list_2.php?id=262&cat=all
[DEBUG] [DEBUG] collected 28 listings from all sites (after filter)
[DEBUG] [GD] HTTP 200 | CT=application/json; charset=utf-8 | page=1
[DEBUG] [GD] page 1: 24 items
[DEBUG] [GD] HTTP 200 | CT=application/json; charset=utf-8 | page=2
[DEBUG] [GD] page 2: 24 items
[DEBUG] [GD] HTTP 200 | CT=application/json; charset=utf-8 | page=3
[DEBUG] [GD] page 3: 24 items
[DEBUG] [GD] HTTP 200 | CT=application/json; charset=utf-8 | page=4
[DEBUG] [GD] page 4: 24 items
[DEBUG] [GD] HTTP 200 | CT=application/json; charset=utf-8 | page=5
[DEBUG] [GD] page 5: 24 items
[DEBUG] [GD] total raw items before normalize: 120; unique kept: 111
[DEBUG] [GD] normalized rows: 111
[DEBUG] [GD] blocked by specialty/diesel filter: 97; passing: 14
[DEBUG] [Proxibid] parsed 30 rows across 1 page(s)
[DEBUG] [Renebates] found 57 events on index
[DEBUG] [Renebates] event: Canadian River Municipal Water Authority - Sanford, Texas secs=58554
[DEBUG] [Renebates] Canadian River Municipal Water Authority - Sanford, Texas -> 48 lots via https://renebates.com/a_list_2.php?id=280&cat=all
[DEBUG] [Renebates] event: Mansfield Independent School District - Mansfield, Texas secs=62150
[DEBUG] [Renebates] Mansfield Independent School District - Mansfield, Texas -> 60 lots via https://renebates.com/a_list_2.php?id=262&cat=all
[DEBUG] [DEBUG] collected 28 listings from all sites (after filter)
[DEBUG] [GD] HTTP 200 | CT=application/json; charset=utf-8 | page=1
[DEBUG] [GD] page 1: 24 items
[DEBUG] [GD] HTTP 200 | CT=application/json; charset=utf-8 | page=2
[DEBUG] [GD] page 2: 24 items
[DEBUG] [GD] HTTP 200 | CT=application/json; charset=utf-8 | page=3
[DEBUG] [GD] page 3: 24 items
[DEBUG] [GD] HTTP 200 | CT=application/json; charset=utf-8 | page=4
[DEBUG] [GD] page 4: 24 items
[DEBUG] [GD] HTTP 200 | CT=application/json; charset=utf-8 | page=5
[DEBUG] [GD] page 5: 24 items
[DEBUG] [GD] total raw items before normalize: 120; unique kept: 111
[DEBUG] [GD] normalized rows: 111
[DEBUG] [GD] blocked by specialty/diesel filter: 97; passing: 14
[DEBUG] [Proxibid] parsed 30 rows across 1 page(s)
[DEBUG] [Renebates] found 57 events on index
[DEBUG] [Renebates] event: Canadian River Municipal Water Authority - Sanford, Texas secs=57912
[DEBUG] [Renebates] Canadian River Municipal Water Authority - Sanford, Texas -> 48 lots via https://renebates.com/a_list_2.php?id=280&cat=all
[DEBUG] [Renebates] event: Mansfield Independent School District - Mansfield, Texas secs=61508
[DEBUG] [Renebates] Mansfield Independent School District - Mansfield, Texas -> 60 lots via https://renebates.com/a_list_2.php?id=262&cat=all
[DEBUG] [DEBUG] collected 28 listings from all sites (after filter)
[DEBUG] [GD] HTTP 200 | CT=application/json; charset=utf-8 | page=1
[DEBUG] [GD] page 1: 24 items
[DEBUG] [GD] HTTP 200 | CT=application/json; charset=utf-8 | page=2
[DEBUG] [GD] page 2: 24 items
[DEBUG] [GD] HTTP 200 | CT=application/json; charset=utf-8 | page=3
[DEBUG] [GD] page 3: 24 items
[DEBUG] [GD] HTTP 200 | CT=application/json; charset=utf-8 | page=4
[DEBUG] [GD] page 4: 24 items
[DEBUG] [GD] HTTP 200 | CT=application/json; charset=utf-8 | page=5
[DEBUG] [GD] page 5: 24 items
[DEBUG] [GD] total raw items before normalize: 120; unique kept: 111
[DEBUG] [GD] normalized rows: 111
[DEBUG] [GD] blocked by specialty/diesel filter: 97; passing: 14
[DEBUG] [Proxibid] parsed 30 rows across 1 page(s)
[DEBUG] [Renebates] found 57 events on index
[DEBUG] [Renebates] event: Canadian River Municipal Water Authority - Sanford, Texas secs=57262
[DEBUG] [Renebates] Canadian River Municipal Water Authority - Sanford, Texas -> 48 lots via https://renebates.com/a_list_2.php?id=280&cat=all
[DEBUG] [Renebates] event: Mansfield Independent School District - Mansfield, Texas secs=60857
[DEBUG] [Renebates] Mansfield Independent School District - Mansfield, Texas -> 60 lots via https://renebates.com/a_list_2.php?id=262&cat=all
[DEBUG] [DEBUG] collected 28 listings from all sites (after filter)
[DEBUG] [GD] HTTP 200 | CT=application/json; charset=utf-8 | page=1
[DEBUG] [GD] page 1: 24 items
[DEBUG] [GD] HTTP 200 | CT=application/json; charset=utf-8 | page=2
[DEBUG] [GD] page 2: 24 items
[DEBUG] [GD] HTTP 200 | CT=application/json; charset=utf-8 | page=3
[DEBUG] [GD] page 3: 24 items
[DEBUG] [GD] HTTP 200 | CT=application/json; charset=utf-8 | page=4
[DEBUG] [GD] page 4: 24 items
[DEBUG] [GD] HTTP 200 | CT=application/json; charset=utf-8 | page=5
[DEBUG] [GD] page 5: 24 items
[DEBUG] [GD] total raw items before normalize: 120; unique kept: 110
[DEBUG] [GD] normalized rows: 110
[DEBUG] [GD] blocked by specialty/diesel filter: 96; passing: 14
[DEBUG] [Proxibid] parsed 30 rows across 1 page(s)
[DEBUG] [Renebates] found 57 events on index
[DEBUG] [Renebates] event: Canadian River Municipal Water Authority - Sanford, Texas secs=56607
[DEBUG] [Renebates] Canadian River Municipal Water Authority - Sanford, Texas -> 48 lots via https://renebates.com/a_list_2.php?id=280&cat=all
[DEBUG] [Renebates] event: Mansfield Independent School District - Mansfield, Texas secs=60205
[DEBUG] [Renebates] Mansfield Independent School District - Mansfield, Texas -> 60 lots via https://renebates.com/a_list_2.php?id=262&cat=all
[DEBUG] [DEBUG] collected 28 listings from all sites (after filter)
[DEBUG] [GD] HTTP 200 | CT=application/json; charset=utf-8 | page=1
[DEBUG] [GD] page 1: 24 items
[DEBUG] [GD] HTTP 200 | CT=application/json; charset=utf-8 | page=2
[DEBUG] [GD] page 2: 24 items
[DEBUG] [GD] HTTP 200 | CT=application/json; charset=utf-8 | page=3
[DEBUG] [GD] page 3: 24 items
[DEBUG] [GD] HTTP 200 | CT=application/json; charset=utf-8 | page=4
[DEBUG] [GD] page 4: 24 items
[DEBUG] [GD] HTTP 200 | CT=application/json; charset=utf-8 | page=5
[DEBUG] [GD] page 5: 24 items
[DEBUG] [GD] total raw items before normalize: 120; unique kept: 110
[DEBUG] [GD] normalized rows: 110
[DEBUG] [GD] blocked by specialty/diesel filter: 97; passing: 13
[DEBUG] [Proxibid] parsed 30 rows across 1 page(s)
[DEBUG] [Renebates] found 57 events on index
[DEBUG] [Renebates] event: Canadian River Municipal Water Authority - Sanford, Texas secs=55961
[DEBUG] [Renebates] Canadian River Municipal Water Authority - Sanford, Texas -> 48 lots via https://renebates.com/a_list_2.php?id=280&cat=all
[DEBUG] [Renebates] event: Mansfield Independent School District - Mansfield, Texas secs=59557
[DEBUG] [Renebates] Mansfield Independent School District - Mansfield, Texas -> 60 lots via https://renebates.com/a_list_2.php?id=262&cat=all
[DEBUG] [DEBUG] collected 27 listings from all sites (after filter)
[DEBUG] [GD] HTTP 200 | CT=application/json; charset=utf-8 | page=1
[DEBUG] [GD] page 1: 24 items
[DEBUG] [GD] HTTP 200 | CT=application/json; charset=utf-8 | page=2
[DEBUG] [GD] page 2: 24 items
[DEBUG] [GD] HTTP 200 | CT=application/json; charset=utf-8 | page=3
[DEBUG] [GD] page 3: 24 items
[DEBUG] [GD] HTTP 200 | CT=application/json; charset=utf-8 | page=4
[DEBUG] [GD] page 4: 24 items
[DEBUG] [GD] HTTP 200 | CT=application/json; charset=utf-8 | page=5
[DEBUG] [GD] page 5: 24 items
[DEBUG] [GD] total raw items before normalize: 120; unique kept: 110
[DEBUG] [GD] normalized rows: 110
[DEBUG] [GD] blocked by specialty/diesel filter: 97; passing: 13
[DEBUG] [Proxibid] parsed 30 rows across 1 page(s)
[DEBUG] [Renebates] found 57 events on index
[DEBUG] [Renebates] event: Canadian River Municipal Water Authority - Sanford, Texas secs=55295
[DEBUG] [Renebates] Canadian River Municipal Water Authority - Sanford, Texas -> 48 lots via https://renebates.com/a_list_2.php?id=280&cat=all
[DEBUG] [Renebates] event: Mansfield Independent School District - Mansfield, Texas secs=58890
[DEBUG] [Renebates] Mansfield Independent School District - Mansfield, Texas -> 60 lots via https://renebates.com/a_list_2.php?id=262&cat=all
[DEBUG] [DEBUG] collected 27 listings from all sites (after filter)
[DEBUG] [GD] HTTP 200 | CT=application/json; charset=utf-8 | page=1
[DEBUG] [GD] page 1: 24 items
[DEBUG] [GD] HTTP 200 | CT=application/json; charset=utf-8 | page=2
[DEBUG] [GD] page 2: 24 items
[DEBUG] [GD] HTTP 200 | CT=application/json; charset=utf-8 | page=3
[DEBUG] [GD] page 3: 24 items
[DEBUG] [GD] HTTP 200 | CT=application/json; charset=utf-8 | page=4
[DEBUG] [GD] page 4: 24 items
[DEBUG] [GD] HTTP 200 | CT=application/json; charset=utf-8 | page=5
[DEBUG] [GD] page 5: 24 items
[DEBUG] [GD] total raw items before normalize: 120; unique kept: 110
[DEBUG] [GD] normalized rows: 110
[DEBUG] [GD] blocked by specialty/diesel filter: 97; passing: 13
[DEBUG] [Proxibid] parsed 30 rows across 1 page(s)
[DEBUG] [Renebates] found 57 events on index
[DEBUG] [Renebates] event: Canadian River Municipal Water Authority - Sanford, Texas secs=54649
[DEBUG] [Renebates] Canadian River Municipal Water Authority - Sanford, Texas -> 48 lots via https://renebates.com/a_list_2.php?id=280&cat=all
[DEBUG] [Renebates] event: Mansfield Independent School District - Mansfield, Texas secs=58245
[DEBUG] [Renebates] Mansfield Independent School District - Mansfield, Texas -> 60 lots via https://renebates.com/a_list_2.php?id=262&cat=all
[DEBUG] [DEBUG] collected 27 listings from all sites (after filter)
[DEBUG] [GD] HTTP 200 | CT=application/json; charset=utf-8 | page=1
[DEBUG] [GD] page 1: 24 items
[DEBUG] [GD] HTTP 200 | CT=application/json; charset=utf-8 | page=2
[DEBUG] [GD] page 2: 24 items
[DEBUG] [GD] HTTP 200 | CT=application/json; charset=utf-8 | page=3
[DEBUG] [GD] page 3: 24 items
[DEBUG] [GD] HTTP 200 | CT=application/json; charset=utf-8 | page=4
[DEBUG] [GD] page 4: 24 items
[DEBUG] [GD] HTTP 200 | CT=application/json; charset=utf-8 | page=5
[DEBUG] [GD] page 5: 24 items
[DEBUG] [GD] total raw items before normalize: 120; unique kept: 110
[DEBUG] [GD] normalized rows: 110
[DEBUG] [GD] blocked by specialty/diesel filter: 97; passing: 13
[DEBUG] [Proxibid] parsed 30 rows across 1 page(s)
[DEBUG] [Renebates] found 57 events on index
[DEBUG] [Renebates] event: Canadian River Municipal Water Authority - Sanford, Texas secs=54002
[DEBUG] [Renebates] Canadian River Municipal Water Authority - Sanford, Texas -> 48 lots via https://renebates.com/a_list_2.php?id=280&cat=all
[DEBUG] [Renebates] event: Mansfield Independent School District - Mansfield, Texas secs=57599
[DEBUG] [Renebates] Mansfield Independent School District - Mansfield, Texas -> 60 lots via https://renebates.com/a_list_2.php?id=262&cat=all
[DEBUG] [DEBUG] collected 27 listings from all sites (after filter)
[DEBUG] [GD] HTTP 200 | CT=application/json; charset=utf-8 | page=1
[DEBUG] [GD] page 1: 24 items
[DEBUG] [GD] HTTP 200 | CT=application/json; charset=utf-8 | page=2
[DEBUG] [GD] page 2: 24 items
[DEBUG] [GD] HTTP 200 | CT=application/json; charset=utf-8 | page=3
[DEBUG] [GD] page 3: 24 items
[DEBUG] [GD] HTTP 200 | CT=application/json; charset=utf-8 | page=4
[DEBUG] [GD] page 4: 24 items
[DEBUG] [GD] HTTP 200 | CT=application/json; charset=utf-8 | page=5
[DEBUG] [GD] page 5: 24 items
[DEBUG] [GD] total raw items before normalize: 120; unique kept: 110
[DEBUG] [GD] normalized rows: 110
[DEBUG] [GD] blocked by specialty/diesel filter: 97; passing: 13
[DEBUG] [Proxibid] parsed 30 rows across 1 page(s)
[DEBUG] [Renebates] found 57 events on index
[DEBUG] [Renebates] event: Canadian River Municipal Water Authority - Sanford, Texas secs=53359
[DEBUG] [Renebates] Canadian River Municipal Water Authority - Sanford, Texas -> 48 lots via https://renebates.com/a_list_2.php?id=280&cat=all
[DEBUG] [Renebates] event: Mansfield Independent School District - Mansfield, Texas secs=56955
[DEBUG] [Renebates] Mansfield Independent School District - Mansfield, Texas -> 60 lots via https://renebates.com/a_list_2.php?id=262&cat=all
[DEBUG] [DEBUG] collected 25 listings from all sites (after filter)
[DEBUG] [GD] HTTP 200 | CT=application/json; charset=utf-8 | page=1
[DEBUG] [GD] page 1: 24 items
[DEBUG] [GD] HTTP 200 | CT=application/json; charset=utf-8 | page=2
[DEBUG] [GD] page 2: 24 items
[DEBUG] [GD] HTTP 200 | CT=application/json; charset=utf-8 | page=3
[DEBUG] [GD] page 3: 24 items
[DEBUG] [GD] HTTP 200 | CT=application/json; charset=utf-8 | page=4
[DEBUG] [GD] page 4: 24 items
[DEBUG] [GD] HTTP 200 | CT=application/json; charset=utf-8 | page=5
[DEBUG] [GD] page 5: 24 items
[DEBUG] [GD] total raw items before normalize: 120; unique kept: 110
[DEBUG] [GD] normalized rows: 110
[DEBUG] [GD] blocked by specialty/diesel filter: 97; passing: 13
[DEBUG] [Proxibid] parsed 30 rows across 1 page(s)
[DEBUG] [Renebates] found 57 events on index
[DEBUG] [Renebates] event: Canadian River Municipal Water Authority - Sanford, Texas secs=52700
[DEBUG] [Renebates] Canadian River Municipal Water Authority - Sanford, Texas -> 48 lots via https://renebates.com/a_list_2.php?id=280&cat=all
[DEBUG] [Renebates] event: Mansfield Independent School District - Mansfield, Texas secs=56298
[DEBUG] [Renebates] Mansfield Independent School District - Mansfield, Texas -> 60 lots via https://renebates.com/a_list_2.php?id=262&cat=all
[DEBUG] [DEBUG] collected 25 listings from all sites (after filter)
[DEBUG] [GD] HTTP 200 | CT=application/json; charset=utf-8 | page=1
[DEBUG] [GD] page 1: 24 items
[DEBUG] [GD] HTTP 200 | CT=application/json; charset=utf-8 | page=2
[DEBUG] [GD] page 2: 24 items
[DEBUG] [GD] HTTP 200 | CT=application/json; charset=utf-8 | page=3
[DEBUG] [GD] page 3: 24 items
[DEBUG] [GD] HTTP 200 | CT=application/json; charset=utf-8 | page=4
[DEBUG] [GD] page 4: 24 items
[DEBUG] [GD] HTTP 200 | CT=application/json; charset=utf-8 | page=5
[DEBUG] [GD] page 5: 24 items
[DEBUG] [GD] total raw items before normalize: 120; unique kept: 109
[DEBUG] [GD] normalized rows: 109
[DEBUG] [GD] blocked by specialty/diesel filter: 96; passing: 13
[DEBUG] [Proxibid] parsed 30 rows across 1 page(s)
[DEBUG] [Renebates] found 57 events on index
[DEBUG] [Renebates] event: Canadian River Municipal Water Authority - Sanford, Texas secs=52055
[DEBUG] [Renebates] Canadian River Municipal Water Authority - Sanford, Texas -> 48 lots via https://renebates.com/a_list_2.php?id=280&cat=all
[DEBUG] [Renebates] event: Mansfield Independent School District - Mansfield, Texas secs=55650
[DEBUG] [Renebates] Mansfield Independent School District - Mansfield, Texas -> 60 lots via https://renebates.com/a_list_2.php?id=262&cat=all
[DEBUG] [DEBUG] collected 25 listings from all sites (after filter)
[DEBUG] [GD] HTTP 200 | CT=application/json; charset=utf-8 | page=1
[DEBUG] [GD] page 1: 24 items
[DEBUG] [GD] HTTP 200 | CT=application/json; charset=utf-8 | page=2
[DEBUG] [GD] page 2: 24 items
[DEBUG] [GD] HTTP 200 | CT=application/json; charset=utf-8 | page=3
[DEBUG] [GD] page 3: 24 items
[DEBUG] [GD] HTTP 200 | CT=application/json; charset=utf-8 | page=4
[DEBUG] [GD] page 4: 24 items
[DEBUG] [GD] HTTP 200 | CT=application/json; charset=utf-8 | page=5
[DEBUG] [GD] page 5: 24 items
[DEBUG] [GD] total raw items before normalize: 120; unique kept: 109
[DEBUG] [GD] normalized rows: 109
[DEBUG] [GD] blocked by specialty/diesel filter: 96; passing: 13
[DEBUG] [Proxibid] parsed 30 rows across 1 page(s)
[DEBUG] [Renebates] found 57 events on index
[DEBUG] [Renebates] event: Canadian River Municipal Water Authority - Sanford, Texas secs=51408
[DEBUG] [Renebates] Canadian River Municipal Water Authority - Sanford, Texas -> 48 lots via https://renebates.com/a_list_2.php?id=280&cat=all
[DEBUG] [Renebates] event: Mansfield Independent School District - Mansfield, Texas secs=55004
[DEBUG] [Renebates] Mansfield Independent School District - Mansfield, Texas -> 60 lots via https://renebates.com/a_list_2.php?id=262&cat=all
[DEBUG] [DEBUG] collected 25 listings from all sites (after filter)
[DEBUG] [GD] HTTP 200 | CT=application/json; charset=utf-8 | page=1
[DEBUG] [GD] page 1: 24 items
[DEBUG] [GD] HTTP 200 | CT=application/json; charset=utf-8 | page=2
[DEBUG] [GD] page 2: 24 items
[DEBUG] [GD] HTTP 200 | CT=application/json; charset=utf-8 | page=3
[DEBUG] [GD] page 3: 24 items
[DEBUG] [GD] HTTP 200 | CT=application/json; charset=utf-8 | page=4
[DEBUG] [GD] page 4: 24 items
[DEBUG] [GD] HTTP 200 | CT=application/json; charset=utf-8 | page=5
[DEBUG] [GD] page 5: 24 items
[DEBUG] [GD] total raw items before normalize: 120; unique kept: 109
[DEBUG] [GD] normalized rows: 109
[DEBUG] [GD] blocked by specialty/diesel filter: 96; passing: 13
[DEBUG] [Proxibid] parsed 30 rows across 1 page(s)
[DEBUG] [Renebates] found 57 events on index
[DEBUG] [Renebates] event: Canadian River Municipal Water Authority - Sanford, Texas secs=50761
[DEBUG] [Renebates] Canadian River Municipal Water Authority - Sanford, Texas -> 48 lots via https://renebates.com/a_list_2.php?id=280&cat=all
[DEBUG] [Renebates] event: Mansfield Independent School District - Mansfield, Texas secs=54356
[DEBUG] [Renebates] Mansfield Independent School District - Mansfield, Texas -> 60 lots via https://renebates.com/a_list_2.php?id=262&cat=all
[DEBUG] [DEBUG] collected 25 listings from all sites (after filter)
[DEBUG] [GD] HTTP 200 | CT=application/json; charset=utf-8 | page=1
[DEBUG] [GD] page 1: 24 items
[DEBUG] [GD] HTTP 200 | CT=application/json; charset=utf-8 | page=2
[DEBUG] [GD] page 2: 24 items
[DEBUG] [GD] HTTP 200 | CT=application/json; charset=utf-8 | page=3
[DEBUG] [GD] page 3: 24 items
[DEBUG] [GD] HTTP 200 | CT=application/json; charset=utf-8 | page=4
[DEBUG] [GD] page 4: 24 items
[DEBUG] [GD] HTTP 200 | CT=application/json; charset=utf-8 | page=5
[DEBUG] [GD] page 5: 24 items
[DEBUG] [GD] total raw items before normalize: 120; unique kept: 109
[DEBUG] [GD] normalized rows: 109
[DEBUG] [GD] blocked by specialty/diesel filter: 96; passing: 13
[DEBUG] [Proxibid] parsed 30 rows across 1 page(s)
[DEBUG] [Renebates] found 57 events on index
[DEBUG] [Renebates] event: Canadian River Municipal Water Authority - Sanford, Texas secs=50116
[DEBUG] [Renebates] Canadian River Municipal Water Authority - Sanford, Texas -> 48 lots via https://renebates.com/a_list_2.php?id=280&cat=all
[DEBUG] [Renebates] event: Mansfield Independent School District - Mansfield, Texas secs=53713
[DEBUG] [Renebates] Mansfield Independent School District - Mansfield, Texas -> 60 lots via https://renebates.com/a_list_2.php?id=262&cat=all
[DEBUG] [DEBUG] collected 25 listings from all sites (after filter)
[DEBUG] [GD] HTTP 200 | CT=application/json; charset=utf-8 | page=1
[DEBUG] [GD] page 1: 24 items
[DEBUG] [GD] HTTP 200 | CT=application/json; charset=utf-8 | page=2
[DEBUG] [GD] page 2: 24 items
[DEBUG] [GD] HTTP 200 | CT=application/json; charset=utf-8 | page=3
[DEBUG] [GD] page 3: 24 items
[DEBUG] [GD] HTTP 200 | CT=application/json; charset=utf-8 | page=4
[DEBUG] [GD] page 4: 24 items
[DEBUG] [GD] HTTP 200 | CT=application/json; charset=utf-8 | page=5
[DEBUG] [GD] page 5: 24 items
[DEBUG] [GD] total raw items before normalize: 120; unique kept: 108
[DEBUG] [GD] normalized rows: 108
[DEBUG] [GD] blocked by specialty/diesel filter: 95; passing: 13
[DEBUG] [Proxibid] parsed 30 rows across 1 page(s)
[DEBUG] [Renebates] found 57 events on index
[DEBUG] [Renebates] event: Canadian River Municipal Water Authority - Sanford, Texas secs=49468
[DEBUG] [Renebates] Canadian River Municipal Water Authority - Sanford, Texas -> 48 lots via https://renebates.com/a_list_2.php?id=280&cat=all
[DEBUG] [Renebates] event: Mansfield Independent School District - Mansfield, Texas secs=53066
[DEBUG] [Renebates] Mansfield Independent School District - Mansfield, Texas -> 60 lots via https://renebates.com/a_list_2.php?id=262&cat=all
[DEBUG] [DEBUG] collected 25 listings from all sites (after filter)
[DEBUG] [GD] HTTP 200 | CT=application/json; charset=utf-8 | page=1
[DEBUG] [GD] page 1: 24 items
[DEBUG] [GD] HTTP 200 | CT=application/json; charset=utf-8 | page=2
[DEBUG] [GD] page 2: 24 items
[DEBUG] [GD] HTTP 200 | CT=application/json; charset=utf-8 | page=3
[DEBUG] [GD] page 3: 24 items
[DEBUG] [GD] HTTP 200 | CT=application/json; charset=utf-8 | page=4
[DEBUG] [GD] page 4: 24 items
[DEBUG] [GD] HTTP 200 | CT=application/json; charset=utf-8 | page=5
[DEBUG] [GD] page 5: 24 items
[DEBUG] [GD] total raw items before normalize: 120; unique kept: 108
[DEBUG] [GD] normalized rows: 108
[DEBUG] [GD] blocked by specialty/diesel filter: 95; passing: 13
[DEBUG] [Proxibid] parsed 30 rows across 1 page(s)
[DEBUG] [Renebates] found 57 events on index
[DEBUG] [Renebates] event: Canadian River Municipal Water Authority - Sanford, Texas secs=48821
[DEBUG] [Renebates] Canadian River Municipal Water Authority - Sanford, Texas -> 48 lots via https://renebates.com/a_list_2.php?id=280&cat=all
[DEBUG] [Renebates] event: Mansfield Independent School District - Mansfield, Texas secs=52418
[DEBUG] [Renebates] Mansfield Independent School District - Mansfield, Texas -> 60 lots via https://renebates.com/a_list_2.php?id=262&cat=all
[DEBUG] [DEBUG] collected 25 listings from all sites (after filter)
[DEBUG] [GD] HTTP 200 | CT=application/json; charset=utf-8 | page=1
[DEBUG] [GD] page 1: 24 items
[DEBUG] [GD] HTTP 200 | CT=application/json; charset=utf-8 | page=2
[DEBUG] [GD] page 2: 24 items
[DEBUG] [GD] HTTP 200 | CT=application/json; charset=utf-8 | page=3
[DEBUG] [GD] page 3: 24 items
[DEBUG] [GD] HTTP 200 | CT=application/json; charset=utf-8 | page=4
[DEBUG] [GD] page 4: 24 items
[DEBUG] [GD] HTTP 200 | CT=application/json; charset=utf-8 | page=5
[DEBUG] [GD] page 5: 24 items
[DEBUG] [GD] total raw items before normalize: 120; unique kept: 108
[DEBUG] [GD] normalized rows: 108
[DEBUG] [GD] blocked by specialty/diesel filter: 96; passing: 12
[DEBUG] [Proxibid] parsed 30 rows across 1 page(s)
[DEBUG] [Renebates] found 57 events on index
[DEBUG] [Renebates] event: Canadian River Municipal Water Authority - Sanford, Texas secs=48174
[DEBUG] [Renebates] Canadian River Municipal Water Authority - Sanford, Texas -> 48 lots via https://renebates.com/a_list_2.php?id=280&cat=all
[DEBUG] [Renebates] event: Mansfield Independent School District - Mansfield, Texas secs=51770
[DEBUG] [Renebates] Mansfield Independent School District - Mansfield, Texas -> 60 lots via https://renebates.com/a_list_2.php?id=262&cat=all
[DEBUG] [DEBUG] collected 24 listings from all sites (after filter)
[DEBUG] [GD] HTTP 200 | CT=application/json; charset=utf-8 | page=1
[DEBUG] [GD] page 1: 24 items
[DEBUG] [GD] HTTP 200 | CT=application/json; charset=utf-8 | page=2
[DEBUG] [GD] page 2: 24 items
[DEBUG] [GD] HTTP 200 | CT=application/json; charset=utf-8 | page=3
[DEBUG] [GD] page 3: 24 items
[DEBUG] [GD] HTTP 200 | CT=application/json; charset=utf-8 | page=4
[DEBUG] [GD] page 4: 24 items
[DEBUG] [GD] HTTP 200 | CT=application/json; charset=utf-8 | page=5
[DEBUG] [GD] page 5: 24 items
[DEBUG] [GD] total raw items before normalize: 120; unique kept: 108
[DEBUG] [GD] normalized rows: 108
[DEBUG] [GD] blocked by specialty/diesel filter: 96; passing: 12
[DEBUG] [Proxibid] parsed 30 rows across 1 page(s)
[DEBUG] [Renebates] found 57 events on index
[DEBUG] [Renebates] event: Canadian River Municipal Water Authority - Sanford, Texas secs=47529
[DEBUG] [Renebates] Canadian River Municipal Water Authority - Sanford, Texas -> 48 lots via https://renebates.com/a_list_2.php?id=280&cat=all
[DEBUG] [Renebates] event: Mansfield Independent School District - Mansfield, Texas secs=51124
[DEBUG] [Renebates] Mansfield Independent School District - Mansfield, Texas -> 60 lots via https://renebates.com/a_list_2.php?id=262&cat=all
[DEBUG] [DEBUG] collected 24 listings from all sites (after filter)
[DEBUG] [GD] HTTP 200 | CT=application/json; charset=utf-8 | page=1
[DEBUG] [GD] page 1: 24 items
[DEBUG] [GD] HTTP 200 | CT=application/json; charset=utf-8 | page=2
[DEBUG] [GD] page 2: 24 items
[DEBUG] [GD] HTTP 200 | CT=application/json; charset=utf-8 | page=3
[DEBUG] [GD] page 3: 24 items
[DEBUG] [GD] HTTP 200 | CT=application/json; charset=utf-8 | page=4
[DEBUG] [GD] page 4: 24 items
[DEBUG] [GD] HTTP 200 | CT=application/json; charset=utf-8 | page=5
[DEBUG] [GD] page 5: 24 items
[DEBUG] [GD] total raw items before normalize: 120; unique kept: 108
[DEBUG] [GD] normalized rows: 108
[DEBUG] [GD] blocked by specialty/diesel filter: 96; passing: 12
[DEBUG] [Proxibid] parsed 30 rows across 1 page(s)
[DEBUG] [Renebates] found 57 events on index
[DEBUG] [Renebates] event: Canadian River Municipal Water Authority - Sanford, Texas secs=46882
[DEBUG] [Renebates] Canadian River Municipal Water Authority - Sanford, Texas -> 48 lots via https://renebates.com/a_list_2.php?id=280&cat=all
[DEBUG] [Renebates] event: Mansfield Independent School District - Mansfield, Texas secs=50478
[DEBUG] [Renebates] Mansfield Independent School District - Mansfield, Texas -> 60 lots via https://renebates.com/a_list_2.php?id=262&cat=all
[DEBUG] [DEBUG] collected 24 listings from all sites (after filter)
[DEBUG] [GD] HTTP 200 | CT=application/json; charset=utf-8 | page=1
[DEBUG] [GD] page 1: 24 items
[DEBUG] [GD] HTTP 200 | CT=application/json; charset=utf-8 | page=2
[DEBUG] [GD] page 2: 24 items
[DEBUG] [GD] HTTP 200 | CT=application/json; charset=utf-8 | page=3
[DEBUG] [GD] page 3: 24 items
[DEBUG] [GD] HTTP 200 | CT=application/json; charset=utf-8 | page=4
[DEBUG] [GD] page 4: 24 items
[DEBUG] [GD] HTTP 200 | CT=application/json; charset=utf-8 | page=5
[DEBUG] [GD] page 5: 24 items
[DEBUG] [GD] total raw items before normalize: 120; unique kept: 108
[DEBUG] [GD] normalized rows: 108
[DEBUG] [GD] blocked by specialty/diesel filter: 97; passing: 11
[DEBUG] [Proxibid] parsed 30 rows across 1 page(s)
[DEBUG] [Renebates] found 57 events on index
[DEBUG] [Renebates] event: Canadian River Municipal Water Authority - Sanford, Texas secs=46231
[DEBUG] [Renebates] Canadian River Municipal Water Authority - Sanford, Texas -> 48 lots via https://renebates.com/a_list_2.php?id=280&cat=all
[DEBUG] [Renebates] event: Mansfield Independent School District - Mansfield, Texas secs=49828
[DEBUG] [Renebates] Mansfield Independent School District - Mansfield, Texas -> 60 lots via https://renebates.com/a_list_2.php?id=262&cat=all
[DEBUG] [DEBUG] collected 23 listings from all sites (after filter)
[DEBUG] [GD] HTTP 200 | CT=application/json; charset=utf-8 | page=1
[DEBUG] [GD] page 1: 24 items
[DEBUG] [GD] HTTP 200 | CT=application/json; charset=utf-8 | page=2
[DEBUG] [GD] page 2: 24 items
[DEBUG] [GD] HTTP 200 | CT=application/json; charset=utf-8 | page=3
[DEBUG] [GD] page 3: 24 items
[DEBUG] [GD] HTTP 200 | CT=application/json; charset=utf-8 | page=4
[DEBUG] [GD] page 4: 24 items
[DEBUG] [GD] HTTP 200 | CT=application/json; charset=utf-8 | page=5
[DEBUG] [GD] page 5: 24 items
[DEBUG] [GD] total raw items before normalize: 120; unique kept: 108
[DEBUG] [GD] normalized rows: 108
[DEBUG] [GD] blocked by specialty/diesel filter: 96; passing: 12
[DEBUG] [Proxibid] parsed 30 rows across 1 page(s)
[DEBUG] [Renebates] found 57 events on index
[DEBUG] [Renebates] event: Canadian River Municipal Water Authority - Sanford, Texas secs=45583
[DEBUG] [Renebates] Canadian River Municipal Water Authority - Sanford, Texas -> 48 lots via https://renebates.com/a_list_2.php?id=280&cat=all
[DEBUG] [Renebates] event: Mansfield Independent School District - Mansfield, Texas secs=49180
[DEBUG] [Renebates] Mansfield Independent School District - Mansfield, Texas -> 60 lots via https://renebates.com/a_list_2.php?id=262&cat=all
[DEBUG] [DEBUG] collected 24 listings from all sites (after filter)
[DEBUG] [GD] HTTP 200 | CT=application/json; charset=utf-8 | page=1
[DEBUG] [GD] page 1: 24 items
[DEBUG] [GD] HTTP 200 | CT=application/json; charset=utf-8 | page=2
[DEBUG] [GD] page 2: 24 items
[DEBUG] [GD] HTTP 200 | CT=application/json; charset=utf-8 | page=3
[DEBUG] [GD] page 3: 24 items
[DEBUG] [GD] HTTP 200 | CT=application/json; charset=utf-8 | page=4
[DEBUG] [GD] page 4: 24 items
[DEBUG] [GD] HTTP 200 | CT=application/json; charset=utf-8 | page=5
[DEBUG] [GD] page 5: 24 items
[DEBUG] [GD] total raw items before normalize: 120; unique kept: 108
[DEBUG] [GD] normalized rows: 108
[DEBUG] [GD] blocked by specialty/diesel filter: 96; passing: 12
[DEBUG] [Proxibid] parsed 30 rows across 1 page(s)
[DEBUG] [Renebates] found 57 events on index
[DEBUG] [Renebates] event: Canadian River Municipal Water Authority - Sanford, Texas secs=44934
[DEBUG] [Renebates] Canadian River Municipal Water Authority - Sanford, Texas -> 48 lots via https://renebates.com/a_list_2.php?id=280&cat=all
[DEBUG] [Renebates] event: Mansfield Independent School District - Mansfield, Texas secs=48531
[DEBUG] [Renebates] Mansfield Independent School District - Mansfield, Texas -> 60 lots via https://renebates.com/a_list_2.php?id=262&cat=all
[DEBUG] [DEBUG] collected 24 listings from all sites (after filter)
[DEBUG] [GD] HTTP 200 | CT=application/json; charset=utf-8 | page=1
[DEBUG] [GD] page 1: 24 items
[DEBUG] [GD] HTTP 200 | CT=application/json; charset=utf-8 | page=2
[DEBUG] [GD] page 2: 24 items
[DEBUG] [GD] HTTP 200 | CT=application/json; charset=utf-8 | page=3
[DEBUG] [GD] page 3: 24 items
[DEBUG] [GD] HTTP 200 | CT=application/json; charset=utf-8 | page=4
[DEBUG] [GD] page 4: 24 items
[DEBUG] [GD] HTTP 200 | CT=application/json; charset=utf-8 | page=5
[DEBUG] [GD] page 5: 24 items
[DEBUG] [GD] total raw items before normalize: 120; unique kept: 108
[DEBUG] [GD] normalized rows: 108
[DEBUG] [GD] blocked by specialty/diesel filter: 96; passing: 12
[DEBUG] [Proxibid] parsed 30 rows across 1 page(s)
[DEBUG] [Renebates] found 57 events on index
[DEBUG] [Renebates] event: Canadian River Municipal Water Authority - Sanford, Texas secs=44285
[DEBUG] [Renebates] Canadian River Municipal Water Authority - Sanford, Texas -> 48 lots via https://renebates.com/a_list_2.php?id=280&cat=all
[DEBUG] [Renebates] event: Mansfield Independent School District - Mansfield, Texas secs=47882
[DEBUG] [Renebates] Mansfield Independent School District - Mansfield, Texas -> 60 lots via https://renebates.com/a_list_2.php?id=262&cat=all
[DEBUG] [DEBUG] collected 24 listings from all sites (after filter)
[DEBUG] [GD] HTTP 200 | CT=application/json; charset=utf-8 | page=1
[DEBUG] [GD] page 1: 24 items
[DEBUG] [GD] HTTP 200 | CT=application/json; charset=utf-8 | page=2
[DEBUG] [GD] page 2: 24 items
[DEBUG] [GD] HTTP 200 | CT=application/json; charset=utf-8 | page=3
[DEBUG] [GD] page 3: 24 items
[DEBUG] [GD] HTTP 200 | CT=application/json; charset=utf-8 | page=4
[DEBUG] [GD] page 4: 24 items
[DEBUG] [GD] HTTP 200 | CT=application/json; charset=utf-8 | page=5
[DEBUG] [GD] page 5: 24 items
[DEBUG] [GD] total raw items before normalize: 120; unique kept: 108
[DEBUG] [GD] normalized rows: 108
[DEBUG] [GD] blocked by specialty/diesel filter: 96; passing: 12
[DEBUG] [Proxibid] parsed 30 rows across 1 page(s)
[DEBUG] [Renebates] found 57 events on index
[DEBUG] [Renebates] event: Canadian River Municipal Water Authority - Sanford, Texas secs=43639
[DEBUG] [Renebates] Canadian River Municipal Water Authority - Sanford, Texas -> 48 lots via https://renebates.com/a_list_2.php?id=280&cat=all
[DEBUG] [Renebates] event: Mansfield Independent School District - Mansfield, Texas secs=47236
[DEBUG] [Renebates] Mansfield Independent School District - Mansfield, Texas -> 60 lots via https://renebates.com/a_list_2.php?id=262&cat=all
[DEBUG] [DEBUG] collected 24 listings from all sites (after filter)
[DEBUG] [GD] HTTP 200 | CT=application/json; charset=utf-8 | page=1
[DEBUG] [GD] page 1: 24 items
[DEBUG] [GD] HTTP 200 | CT=application/json; charset=utf-8 | page=2
[DEBUG] [GD] page 2: 24 items
[DEBUG] [GD] HTTP 200 | CT=application/json; charset=utf-8 | page=3
[DEBUG] [GD] page 3: 24 items
[DEBUG] [GD] HTTP 200 | CT=application/json; charset=utf-8 | page=4
[DEBUG] [GD] page 4: 24 items
[DEBUG] [GD] HTTP 200 | CT=application/json; charset=utf-8 | page=5
[DEBUG] [GD] page 5: 24 items
[DEBUG] [GD] total raw items before normalize: 120; unique kept: 107
[DEBUG] [GD] normalized rows: 107
[DEBUG] [GD] blocked by specialty/diesel filter: 95; passing: 12
[DEBUG] [Proxibid] parsed 30 rows across 1 page(s)
[DEBUG] [Renebates] found 57 events on index
[DEBUG] [Renebates] event: Canadian River Municipal Water Authority - Sanford, Texas secs=42994
[DEBUG] [Renebates] Canadian River Municipal Water Authority - Sanford, Texas -> 48 lots via https://renebates.com/a_list_2.php?id=280&cat=all
[DEBUG] [Renebates] event: Mansfield Independent School District - Mansfield, Texas secs=46589
[DEBUG] [Renebates] Mansfield Independent School District - Mansfield, Texas -> 60 lots via https://renebates.com/a_list_2.php?id=262&cat=all
[DEBUG] [DEBUG] collected 24 listings from all sites (after filter)
[DEBUG] [GD] HTTP 200 | CT=application/json; charset=utf-8 | page=1
[DEBUG] [GD] page 1: 24 items
[DEBUG] [GD] HTTP 200 | CT=application/json; charset=utf-8 | page=2
[DEBUG] [GD] page 2: 24 items
[DEBUG] [GD] HTTP 200 | CT=application/json; charset=utf-8 | page=3
[DEBUG] [GD] page 3: 24 items
[DEBUG] [GD] HTTP 200 | CT=application/json; charset=utf-8 | page=4
[DEBUG] [GD] page 4: 24 items
[DEBUG] [GD] HTTP 200 | CT=application/json; charset=utf-8 | page=5
[DEBUG] [GD] page 5: 24 items
[DEBUG] [GD] total raw items before normalize: 120; unique kept: 107
[DEBUG] [GD] normalized rows: 107
[DEBUG] [GD] blocked by specialty/diesel filter: 96; passing: 11
[DEBUG] [Proxibid] parsed 30 rows across 1 page(s)
[DEBUG] [Renebates] found 57 events on index
[DEBUG] [Renebates] event: Canadian River Municipal Water Authority - Sanford, Texas secs=42340
[DEBUG] [Renebates] Canadian River Municipal Water Authority - Sanford, Texas -> 48 lots via https://renebates.com/a_list_2.php?id=280&cat=all
[DEBUG] [Renebates] event: Mansfield Independent School District - Mansfield, Texas secs=45938
[DEBUG] [Renebates] Mansfield Independent School District - Mansfield, Texas -> 60 lots via https://renebates.com/a_list_2.php?id=262&cat=all
[DEBUG] [DEBUG] collected 23 listings from all sites (after filter)
[DEBUG] [GD] HTTP 200 | CT=application/json; charset=utf-8 | page=1
[DEBUG] [GD] page 1: 24 items
[DEBUG] [GD] HTTP 200 | CT=application/json; charset=utf-8 | page=2
[DEBUG] [GD] page 2: 24 items
[DEBUG] [GD] HTTP 200 | CT=application/json; charset=utf-8 | page=3
[DEBUG] [GD] page 3: 24 items
[DEBUG] [GD] HTTP 200 | CT=application/json; charset=utf-8 | page=4
[DEBUG] [GD] page 4: 24 items
[DEBUG] [GD] HTTP 200 | CT=application/json; charset=utf-8 | page=5
[DEBUG] [GD] page 5: 24 items
[DEBUG] [GD] total raw items before normalize: 120; unique kept: 107
[DEBUG] [GD] normalized rows: 107
[DEBUG] [GD] blocked by specialty/diesel filter: 96; passing: 11
[DEBUG] [Proxibid] parsed 30 rows across 1 page(s)
[DEBUG] [Renebates] found 57 events on index
[DEBUG] [Renebates] event: Canadian River Municipal Water Authority - Sanford, Texas secs=41691
[DEBUG] [Renebates] Canadian River Municipal Water Authority - Sanford, Texas -> 48 lots via https://renebates.com/a_list_2.php?id=280&cat=all
[DEBUG] [Renebates] event: Mansfield Independent School District - Mansfield, Texas secs=45289
[DEBUG] [Renebates] Mansfield Independent School District - Mansfield, Texas -> 60 lots via https://renebates.com/a_list_2.php?id=262&cat=all
[DEBUG] [DEBUG] collected 23 listings from all sites (after filter)
[DEBUG] [GD] HTTP 200 | CT=application/json; charset=utf-8 | page=1
[DEBUG] [GD] page 1: 24 items
[DEBUG] [GD] HTTP 200 | CT=application/json; charset=utf-8 | page=2
[DEBUG] [GD] page 2: 24 items
[DEBUG] [GD] HTTP 200 | CT=application/json; charset=utf-8 | page=3
[DEBUG] [GD] page 3: 24 items
[DEBUG] [GD] HTTP 200 | CT=application/json; charset=utf-8 | page=4
[DEBUG] [GD] page 4: 24 items
[DEBUG] [GD] HTTP 200 | CT=application/json; charset=utf-8 | page=5
[DEBUG] [GD] page 5: 24 items
[DEBUG] [GD] total raw items before normalize: 120; unique kept: 107
[DEBUG] [GD] normalized rows: 107
[DEBUG] [GD] blocked by specialty/diesel filter: 96; passing: 11
[DEBUG] [Proxibid] parsed 30 rows across 1 page(s)
[DEBUG] [Renebates] found 57 events on index
[DEBUG] [Renebates] event: Canadian River Municipal Water Authority - Sanford, Texas secs=41046
[DEBUG] [Renebates] Canadian River Municipal Water Authority - Sanford, Texas -> 48 lots via https://renebates.com/a_list_2.php?id=280&cat=all
[DEBUG] [Renebates] event: Mansfield Independent School District - Mansfield, Texas secs=44641
[DEBUG] [Renebates] Mansfield Independent School District - Mansfield, Texas -> 60 lots via https://renebates.com/a_list_2.php?id=262&cat=all
[DEBUG] [DEBUG] collected 23 listings from all sites (after filter)
[DEBUG] [GD] HTTP 200 | CT=application/json; charset=utf-8 | page=1
[DEBUG] [GD] page 1: 24 items
[DEBUG] [GD] HTTP 200 | CT=application/json; charset=utf-8 | page=2
[DEBUG] [GD] page 2: 24 items
[DEBUG] [GD] HTTP 200 | CT=application/json; charset=utf-8 | page=3
[DEBUG] [GD] page 3: 24 items
[DEBUG] [GD] HTTP 200 | CT=application/json; charset=utf-8 | page=4
[DEBUG] [GD] page 4: 24 items
[DEBUG] [GD] HTTP 200 | CT=application/json; charset=utf-8 | page=5
[DEBUG] [GD] page 5: 24 items
[DEBUG] [GD] total raw items before normalize: 120; unique kept: 106
[DEBUG] [GD] normalized rows: 106
[DEBUG] [GD] blocked by specialty/diesel filter: 96; passing: 10
[DEBUG] [Proxibid] parsed 30 rows across 1 page(s)
[DEBUG] [Renebates] found 57 events on index
[DEBUG] [Renebates] event: Canadian River Municipal Water Authority - Sanford, Texas secs=40392
[DEBUG] [Renebates] Canadian River Municipal Water Authority - Sanford, Texas -> 48 lots via https://renebates.com/a_list_2.php?id=280&cat=all
[DEBUG] [Renebates] event: Mansfield Independent School District - Mansfield, Texas secs=43988
[DEBUG] [Renebates] Mansfield Independent School District - Mansfield, Texas -> 60 lots via https://renebates.com/a_list_2.php?id=262&cat=all
[DEBUG] [DEBUG] collected 22 listings from all sites (after filter)
[DEBUG] [GD] HTTP 200 | CT=application/json; charset=utf-8 | page=1
[DEBUG] [GD] page 1: 24 items
[DEBUG] [GD] HTTP 200 | CT=application/json; charset=utf-8 | page=2
[DEBUG] [GD] page 2: 24 items
[DEBUG] [GD] HTTP 200 | CT=application/json; charset=utf-8 | page=3
[DEBUG] [GD] page 3: 24 items
[DEBUG] [GD] HTTP 200 | CT=application/json; charset=utf-8 | page=4
[DEBUG] [GD] page 4: 24 items
[DEBUG] [GD] HTTP 200 | CT=application/json; charset=utf-8 | page=5
[DEBUG] [GD] page 5: 24 items
[DEBUG] [GD] total raw items before normalize: 120; unique kept: 106
[DEBUG] [GD] normalized rows: 106
[DEBUG] [GD] blocked by specialty/diesel filter: 96; passing: 10
[DEBUG] [Proxibid] parsed 30 rows across 1 page(s)
[DEBUG] [Renebates] found 57 events on index
[DEBUG] [Renebates] event: Canadian River Municipal Water Authority - Sanford, Texas secs=39740
[DEBUG] [Renebates] Canadian River Municipal Water Authority - Sanford, Texas -> 48 lots via https://renebates.com/a_list_2.php?id=280&cat=all
[DEBUG] [Renebates] event: Mansfield Independent School District - Mansfield, Texas secs=43336
[DEBUG] [Renebates] Mansfield Independent School District - Mansfield, Texas -> 60 lots via https://renebates.com/a_list_2.php?id=262&cat=all
[DEBUG] [DEBUG] collected 22 listings from all sites (after filter)
[DEBUG] [GD] HTTP 200 | CT=application/json; charset=utf-8 | page=1
[DEBUG] [GD] page 1: 24 items
[DEBUG] [GD] HTTP 200 | CT=application/json; charset=utf-8 | page=2
[DEBUG] [GD] page 2: 24 items
[DEBUG] [GD] HTTP 200 | CT=application/json; charset=utf-8 | page=3
[DEBUG] [GD] page 3: 24 items
[DEBUG] [GD] HTTP 200 | CT=application/json; charset=utf-8 | page=4
[DEBUG] [GD] page 4: 24 items
[DEBUG] [GD] HTTP 200 | CT=application/json; charset=utf-8 | page=5
[DEBUG] [GD] page 5: 24 items
[DEBUG] [GD] total raw items before normalize: 120; unique kept: 106
[DEBUG] [GD] normalized rows: 106
[DEBUG] [GD] blocked by specialty/diesel filter: 96; passing: 10
[DEBUG] [Proxibid] parsed 30 rows across 1 page(s)
[DEBUG] [Renebates] found 57 events on index
[DEBUG] [Renebates] event: Canadian River Municipal Water Authority - Sanford, Texas secs=39085
[DEBUG] [Renebates] Canadian River Municipal Water Authority - Sanford, Texas -> 48 lots via https://renebates.com/a_list_2.php?id=280&cat=all
[DEBUG] [Renebates] event: Mansfield Independent School District - Mansfield, Texas secs=42681
[DEBUG] [Renebates] Mansfield Independent School District - Mansfield, Texas -> 60 lots via https://renebates.com/a_list_2.php?id=262&cat=all
[DEBUG] [DEBUG] collected 22 listings from all sites (after filter)
[DEBUG] [GD] HTTP 200 | CT=application/json; charset=utf-8 | page=1
[DEBUG] [GD] page 1: 24 items
[DEBUG] [GD] HTTP 200 | CT=application/json; charset=utf-8 | page=2
[DEBUG] [GD] page 2: 24 items
[DEBUG] [GD] HTTP 200 | CT=application/json; charset=utf-8 | page=3
[DEBUG] [GD] page 3: 24 items
[DEBUG] [GD] HTTP 200 | CT=application/json; charset=utf-8 | page=4
[DEBUG] [GD] page 4: 24 items
[DEBUG] [GD] HTTP 200 | CT=application/json; charset=utf-8 | page=5
[DEBUG] [GD] page 5: 24 items
[DEBUG] [GD] total raw items before normalize: 120; unique kept: 106
[DEBUG] [GD] normalized rows: 106
[DEBUG] [GD] blocked by specialty/diesel filter: 96; passing: 10
[DEBUG] [Proxibid] parsed 30 rows across 1 page(s)
[DEBUG] [Renebates] found 57 events on index
[DEBUG] [Renebates] event: Canadian River Municipal Water Authority - Sanford, Texas secs=38431
[DEBUG] [Renebates] Canadian River Municipal Water Authority - Sanford, Texas -> 48 lots via https://renebates.com/a_list_2.php?id=280&cat=all
[DEBUG] [Renebates] event: Mansfield Independent School District - Mansfield, Texas secs=42027
[DEBUG] [Renebates] Mansfield Independent School District - Mansfield, Texas -> 60 lots via https://renebates.com/a_list_2.php?id=262&cat=all
[DEBUG] [DEBUG] collected 22 listings from all sites (after filter)
[DEBUG] [GD] HTTP 200 | CT=application/json; charset=utf-8 | page=1
[DEBUG] [GD] page 1: 24 items
[DEBUG] [GD] HTTP 200 | CT=application/json; charset=utf-8 | page=2
[DEBUG] [GD] page 2: 24 items
[DEBUG] [GD] HTTP 200 | CT=application/json; charset=utf-8 | page=3
[DEBUG] [GD] page 3: 24 items
[DEBUG] [GD] HTTP 200 | CT=application/json; charset=utf-8 | page=4
[DEBUG] [GD] page 4: 24 items
[DEBUG] [GD] HTTP 200 | CT=application/json; charset=utf-8 | page=5
[DEBUG] [GD] page 5: 24 items
[DEBUG] [GD] total raw items before normalize: 120; unique kept: 106
[DEBUG] [GD] normalized rows: 106
[DEBUG] [GD] blocked by specialty/diesel filter: 96; passing: 10
[DEBUG] [Proxibid] parsed 30 rows across 1 page(s)
[DEBUG] [Renebates] found 57 events on index
[DEBUG] [Renebates] event: Canadian River Municipal Water Authority - Sanford, Texas secs=37783
[DEBUG] [Renebates] Canadian River Municipal Water Authority - Sanford, Texas -> 48 lots via https://renebates.com/a_list_2.php?id=280&cat=all
[DEBUG] [Renebates] event: Mansfield Independent School District - Mansfield, Texas secs=41380
[DEBUG] [Renebates] Mansfield Independent School District - Mansfield, Texas -> 60 lots via https://renebates.com/a_list_2.php?id=262&cat=all
[DEBUG] [DEBUG] collected 22 listings from all sites (after filter)
[DEBUG] [GD] HTTP 200 | CT=application/json; charset=utf-8 | page=1
[DEBUG] [GD] page 1: 24 items
[DEBUG] [GD] HTTP 200 | CT=application/json; charset=utf-8 | page=2
[DEBUG] [GD] page 2: 24 items
[DEBUG] [GD] HTTP 200 | CT=application/json; charset=utf-8 | page=3
[DEBUG] [GD] page 3: 24 items
[DEBUG] [GD] HTTP 200 | CT=application/json; charset=utf-8 | page=4
[DEBUG] [GD] page 4: 24 items
[DEBUG] [GD] HTTP 200 | CT=application/json; charset=utf-8 | page=5
[DEBUG] [GD] page 5: 24 items
[DEBUG] [GD] total raw items before normalize: 120; unique kept: 106
[DEBUG] [GD] normalized rows: 106
[DEBUG] [GD] blocked by specialty/diesel filter: 96; passing: 10
[DEBUG] [Proxibid] parsed 30 rows across 1 page(s)
[DEBUG] [Renebates] found 57 events on index
[DEBUG] [Renebates] event: Canadian River Municipal Water Authority - Sanford, Texas secs=37138
[DEBUG] [Renebates] Canadian River Municipal Water Authority - Sanford, Texas -> 48 lots via https://renebates.com/a_list_2.php?id=280&cat=all
[DEBUG] [Renebates] event: Mansfield Independent School District - Mansfield, Texas secs=40734
[DEBUG] [Renebates] Mansfield Independent School District - Mansfield, Texas -> 60 lots via https://renebates.com/a_list_2.php?id=262&cat=all
[DEBUG] [DEBUG] collected 22 listings from all sites (after filter)
[DEBUG] [GD] HTTP 200 | CT=application/json; charset=utf-8 | page=1
[DEBUG] [GD] page 1: 24 items
[DEBUG] [GD] HTTP 200 | CT=application/json; charset=utf-8 | page=2
[DEBUG] [GD] page 2: 24 items
[DEBUG] [GD] HTTP 200 | CT=application/json; charset=utf-8 | page=3
[DEBUG] [GD] page 3: 24 items
[DEBUG] [GD] HTTP 200 | CT=application/json; charset=utf-8 | page=4
[DEBUG] [GD] page 4: 24 items
[DEBUG] [GD] HTTP 200 | CT=application/json; charset=utf-8 | page=5
[DEBUG] [GD] page 5: 24 items
[DEBUG] [GD] total raw items before normalize: 120; unique kept: 106
[DEBUG] [GD] normalized rows: 106
[DEBUG] [GD] blocked by specialty/diesel filter: 96; passing: 10
[DEBUG] [Proxibid] parsed 30 rows across 1 page(s)
[DEBUG] [Renebates] found 57 events on index
[DEBUG] [Renebates] event: Canadian River Municipal Water Authority - Sanford, Texas secs=36490
[DEBUG] [Renebates] Canadian River Municipal Water Authority - Sanford, Texas -> 48 lots via https://renebates.com/a_list_2.php?id=280&cat=all
[DEBUG] [Renebates] event: Mansfield Independent School District - Mansfield, Texas secs=40085
[DEBUG] [Renebates] Mansfield Independent School District - Mansfield, Texas -> 60 lots via https://renebates.com/a_list_2.php?id=262&cat=all
[DEBUG] [DEBUG] collected 22 listings from all sites (after filter)
[DEBUG] [GD] HTTP 200 | CT=application/json; charset=utf-8 | page=1
[DEBUG] [GD] page 1: 24 items
[DEBUG] [GD] HTTP 200 | CT=application/json; charset=utf-8 | page=2
[DEBUG] [GD] page 2: 24 items
[DEBUG] [GD] HTTP 200 | CT=application/json; charset=utf-8 | page=3
[DEBUG] [GD] page 3: 24 items
[DEBUG] [GD] HTTP 200 | CT=application/json; charset=utf-8 | page=4
[DEBUG] [GD] page 4: 24 items
[DEBUG] [GD] HTTP 200 | CT=application/json; charset=utf-8 | page=5
[DEBUG] [GD] page 5: 24 items
[DEBUG] [GD] total raw items before normalize: 120; unique kept: 106
[DEBUG] [GD] normalized rows: 106
[DEBUG] [GD] blocked by specialty/diesel filter: 96; passing: 10
[DEBUG] [Proxibid] parsed 30 rows across 1 page(s)
[DEBUG] [Renebates] found 57 events on index
[DEBUG] [Renebates] event: Canadian River Municipal Water Authority - Sanford, Texas secs=35834
[DEBUG] [Renebates] Canadian River Municipal Water Authority - Sanford, Texas -> 48 lots via https://renebates.com/a_list_2.php?id=280&cat=all
[DEBUG] [Renebates] event: Mansfield Independent School District - Mansfield, Texas secs=39432
[DEBUG] [Renebates] Mansfield Independent School District - Mansfield, Texas -> 60 lots via https://renebates.com/a_list_2.php?id=262&cat=all
[DEBUG] [DEBUG] collected 22 listings from all sites (after filter)
[DEBUG] [GD] HTTP 200 | CT=application/json; charset=utf-8 | page=1
[DEBUG] [GD] page 1: 24 items
[DEBUG] [GD] HTTP 200 | CT=application/json; charset=utf-8 | page=2
[DEBUG] [GD] page 2: 24 items
[DEBUG] [GD] HTTP 200 | CT=application/json; charset=utf-8 | page=3
[DEBUG] [GD] page 3: 24 items
[DEBUG] [GD] HTTP 200 | CT=application/json; charset=utf-8 | page=4
[DEBUG] [GD] page 4: 24 items
[DEBUG] [GD] HTTP 200 | CT=application/json; charset=utf-8 | page=5
[DEBUG] [GD] page 5: 24 items
[DEBUG] [GD] total raw items before normalize: 120; unique kept: 106
[DEBUG] [GD] normalized rows: 106
[DEBUG] [GD] blocked by specialty/diesel filter: 96; passing: 10
[DEBUG] [Proxibid] parsed 30 rows across 1 page(s)
[DEBUG] [Renebates] found 57 events on index
[DEBUG] [Renebates] event: Canadian River Municipal Water Authority - Sanford, Texas secs=35191
[DEBUG] [Renebates] Canadian River Municipal Water Authority - Sanford, Texas -> 48 lots via https://renebates.com/a_list_2.php?id=280&cat=all
[DEBUG] [Renebates] event: Mansfield Independent School District - Mansfield, Texas secs=38789
[DEBUG] [Renebates] Mansfield Independent School District - Mansfield, Texas -> 60 lots via https://renebates.com/a_list_2.php?id=262&cat=all
[DEBUG] [DEBUG] collected 22 listings from all sites (after filter)
[DEBUG] [GD] HTTP 200 | CT=application/json; charset=utf-8 | page=1
[DEBUG] [GD] page 1: 24 items
[DEBUG] [GD] HTTP 200 | CT=application/json; charset=utf-8 | page=2
[DEBUG] [GD] page 2: 24 items
[DEBUG] [GD] HTTP 200 | CT=application/json; charset=utf-8 | page=3
[DEBUG] [GD] page 3: 24 items
[DEBUG] [GD] HTTP 200 | CT=application/json; charset=utf-8 | page=4
[DEBUG] [GD] page 4: 24 items
[DEBUG] [GD] HTTP 200 | CT=application/json; charset=utf-8 | page=5
[DEBUG] [GD] page 5: 24 items
[DEBUG] [GD] total raw items before normalize: 120; unique kept: 106
[DEBUG] [GD] normalized rows: 106
[DEBUG] [GD] blocked by specialty/diesel filter: 96; passing: 10
[DEBUG] [Proxibid] parsed 30 rows across 1 page(s)
[DEBUG] [Renebates] found 57 events on index
[DEBUG] [Renebates] event: Canadian River Municipal Water Authority - Sanford, Texas secs=34543
[DEBUG] [Renebates] Canadian River Municipal Water Authority - Sanford, Texas -> 48 lots via https://renebates.com/a_list_2.php?id=280&cat=all
[DEBUG] [Renebates] event: Mansfield Independent School District - Mansfield, Texas secs=38140
[DEBUG] [Renebates] Mansfield Independent School District - Mansfield, Texas -> 60 lots via https://renebates.com/a_list_2.php?id=262&cat=all
[DEBUG] [DEBUG] collected 22 listings from all sites (after filter)
[DEBUG] [GD] HTTP 200 | CT=application/json; charset=utf-8 | page=1
[DEBUG] [GD] page 1: 24 items
[DEBUG] [GD] HTTP 200 | CT=application/json; charset=utf-8 | page=2
[DEBUG] [GD] page 2: 24 items
[DEBUG] [GD] HTTP 200 | CT=application/json; charset=utf-8 | page=3
[DEBUG] [GD] page 3: 24 items
[DEBUG] [GD] HTTP 200 | CT=application/json; charset=utf-8 | page=4
[DEBUG] [GD] page 4: 24 items
[DEBUG] [GD] HTTP 200 | CT=application/json; charset=utf-8 | page=5
[DEBUG] [GD] page 5: 24 items
[DEBUG] [GD] total raw items before normalize: 120; unique kept: 106
[DEBUG] [GD] normalized rows: 106
[DEBUG] [GD] blocked by specialty/diesel filter: 96; passing: 10
[DEBUG] [Proxibid] parsed 30 rows across 1 page(s)
[DEBUG] [Renebates] found 57 events on index
[DEBUG] [Renebates] event: Canadian River Municipal Water Authority - Sanford, Texas secs=33893
[DEBUG] [Renebates] Canadian River Municipal Water Authority - Sanford, Texas -> 48 lots via https://renebates.com/a_list_2.php?id=280&cat=all
[DEBUG] [Renebates] event: Mansfield Independent School District - Mansfield, Texas secs=37490
[DEBUG] [Renebates] Mansfield Independent School District - Mansfield, Texas -> 60 lots via https://renebates.com/a_list_2.php?id=262&cat=all
[DEBUG] [DEBUG] collected 22 listings from all sites (after filter)
[DEBUG] [GD] HTTP 200 | CT=application/json; charset=utf-8 | page=1
[DEBUG] [GD] page 1: 24 items
[DEBUG] [GD] HTTP 200 | CT=application/json; charset=utf-8 | page=2
[DEBUG] [GD] page 2: 24 items
[DEBUG] [GD] HTTP 200 | CT=application/json; charset=utf-8 | page=3
[DEBUG] [GD] page 3: 24 items
[DEBUG] [GD] HTTP 200 | CT=application/json; charset=utf-8 | page=4
[DEBUG] [GD] page 4: 24 items
[DEBUG] [GD] HTTP 200 | CT=application/json; charset=utf-8 | page=5
[DEBUG] [GD] page 5: 24 items
[DEBUG] [GD] total raw items before normalize: 120; unique kept: 106
[DEBUG] [GD] normalized rows: 106
[DEBUG] [GD] blocked by specialty/diesel filter: 96; passing: 10
[DEBUG] [Proxibid] parsed 30 rows across 1 page(s)
[DEBUG] [Renebates] found 57 events on index
[DEBUG] [Renebates] event: Canadian River Municipal Water Authority - Sanford, Texas secs=33250
[DEBUG] [Renebates] Canadian River Municipal Water Authority - Sanford, Texas -> 48 lots via https://renebates.com/a_list_2.php?id=280&cat=all
[DEBUG] [Renebates] event: Mansfield Independent School District - Mansfield, Texas secs=36847
[DEBUG] [Renebates] Mansfield Independent School District - Mansfield, Texas -> 60 lots via https://renebates.com/a_list_2.php?id=262&cat=all
[DEBUG] [DEBUG] collected 22 listings from all sites (after filter)
[DEBUG] [GD] HTTP 200 | CT=application/json; charset=utf-8 | page=1
[DEBUG] [GD] page 1: 24 items
[DEBUG] [GD] HTTP 200 | CT=application/json; charset=utf-8 | page=2
[DEBUG] [GD] page 2: 24 items
[DEBUG] [GD] HTTP 200 | CT=application/json; charset=utf-8 | page=3
[DEBUG] [GD] page 3: 24 items
[DEBUG] [GD] HTTP 200 | CT=application/json; charset=utf-8 | page=4
[DEBUG] [GD] page 4: 24 items
[DEBUG] [GD] HTTP 200 | CT=application/json; charset=utf-8 | page=5
[DEBUG] [GD] page 5: 24 items
[DEBUG] [GD] total raw items before normalize: 120; unique kept: 106
[DEBUG] [GD] normalized rows: 106
[DEBUG] [GD] blocked by specialty/diesel filter: 96; passing: 10
[DEBUG] [Proxibid] parsed 30 rows across 1 page(s)
[DEBUG] [Renebates] found 57 events on index
[DEBUG] [Renebates] event: Canadian River Municipal Water Authority - Sanford, Texas secs=32607
[DEBUG] [Renebates] Canadian River Municipal Water Authority - Sanford, Texas -> 48 lots via https://renebates.com/a_list_2.php?id=280&cat=all
[DEBUG] [Renebates] event: Mansfield Independent School District - Mansfield, Texas secs=36204
[DEBUG] [Renebates] Mansfield Independent School District - Mansfield, Texas -> 60 lots via https://renebates.com/a_list_2.php?id=262&cat=all
[DEBUG] [DEBUG] collected 22 listings from all sites (after filter)
[DEBUG] [GD] HTTP 200 | CT=application/json; charset=utf-8 | page=1
[DEBUG] [GD] page 1: 24 items
[DEBUG] [GD] HTTP 200 | CT=application/json; charset=utf-8 | page=2
[DEBUG] [GD] page 2: 24 items
[DEBUG] [GD] HTTP 200 | CT=application/json; charset=utf-8 | page=3
[DEBUG] [GD] page 3: 24 items
[DEBUG] [GD] HTTP 200 | CT=application/json; charset=utf-8 | page=4
[DEBUG] [GD] page 4: 24 items
[DEBUG] [GD] HTTP 200 | CT=application/json; charset=utf-8 | page=5
[DEBUG] [GD] page 5: 24 items
[DEBUG] [GD] total raw items before normalize: 120; unique kept: 106
[DEBUG] [GD] normalized rows: 106
[DEBUG] [GD] blocked by specialty/diesel filter: 96; passing: 10
[DEBUG] [Proxibid] parsed 30 rows across 1 page(s)
[DEBUG] [Renebates] found 57 events on index
[DEBUG] [Renebates] event: Canadian River Municipal Water Authority - Sanford, Texas secs=31967
[DEBUG] [Renebates] Canadian River Municipal Water Authority - Sanford, Texas -> 48 lots via https://renebates.com/a_list_2.php?id=280&cat=all
[DEBUG] [Renebates] event: Mansfield Independent School District - Mansfield, Texas secs=35565
[DEBUG] [Renebates] Mansfield Independent School District - Mansfield, Texas -> 60 lots via https://renebates.com/a_list_2.php?id=262&cat=all
[DEBUG] [DEBUG] collected 30 listings from all sites (after filter)
[DEBUG] [GD] HTTP 200 | CT=application/json; charset=utf-8 | page=1
[DEBUG] [GD] page 1: 24 items
[DEBUG] [GD] HTTP 200 | CT=application/json; charset=utf-8 | page=2
[DEBUG] [GD] page 2: 24 items
[DEBUG] [GD] HTTP 200 | CT=application/json; charset=utf-8 | page=3
[DEBUG] [GD] page 3: 24 items
[DEBUG] [GD] HTTP 200 | CT=application/json; charset=utf-8 | page=4
[DEBUG] [GD] page 4: 24 items
[DEBUG] [GD] HTTP 200 | CT=application/json; charset=utf-8 | page=5
[DEBUG] [GD] page 5: 24 items
[DEBUG] [GD] total raw items before normalize: 120; unique kept: 106
[DEBUG] [GD] normalized rows: 106
[DEBUG] [GD] blocked by specialty/diesel filter: 96; passing: 10
[DEBUG] [Proxibid] parsed 30 rows across 1 page(s)
[DEBUG] [Renebates] found 57 events on index
[DEBUG] [Renebates] event: Canadian River Municipal Water Authority - Sanford, Texas secs=31320
[DEBUG] [Renebates] Canadian River Municipal Water Authority - Sanford, Texas -> 48 lots via https://renebates.com/a_list_2.php?id=280&cat=all
[DEBUG] [Renebates] event: Mansfield Independent School District - Mansfield, Texas secs=34916
[DEBUG] [Renebates] Mansfield Independent School District - Mansfield, Texas -> 60 lots via https://renebates.com/a_list_2.php?id=262&cat=all
[DEBUG] [DEBUG] collected 30 listings from all sites (after filter)
❌ SMS failed: HTTP 401 error: Unable to create record: Authenticate
💓 Healthcheck SMS sent.
[DEBUG] [GD] HTTP 200 | CT=application/json; charset=utf-8 | page=1
[DEBUG] [GD] page 1: 24 items
[DEBUG] [GD] HTTP 200 | CT=application/json; charset=utf-8 | page=2
[DEBUG] [GD] page 2: 24 items
[DEBUG] [GD] HTTP 200 | CT=application/json; charset=utf-8 | page=3
[DEBUG] [GD] page 3: 24 items
[DEBUG] [GD] HTTP 200 | CT=application/json; charset=utf-8 | page=4
[DEBUG] [GD] page 4: 24 items
[DEBUG] [GD] HTTP 200 | CT=application/json; charset=utf-8 | page=5
[DEBUG] [GD] page 5: 24 items
[DEBUG] [GD] total raw items before normalize: 120; unique kept: 106
[DEBUG] [GD] normalized rows: 106
[DEBUG] [GD] blocked by specialty/diesel filter: 96; passing: 10
[DEBUG] [Proxibid] parsed 30 rows across 1 page(s)
[DEBUG] [Renebates] found 57 events on index
[DEBUG] [Renebates] event: Canadian River Municipal Water Authority - Sanford, Texas secs=30676
[DEBUG] [Renebates] Canadian River Municipal Water Authority - Sanford, Texas -> 48 lots via https://renebates.com/a_list_2.php?id=280&cat=all
[DEBUG] [Renebates] event: Mansfield Independent School District - Mansfield, Texas secs=34273
[DEBUG] [Renebates] Mansfield Independent School District - Mansfield, Texas -> 60 lots via https://renebates.com/a_list_2.php?id=262&cat=all
[DEBUG] [DEBUG] collected 30 listings from all sites (after filter)
[DEBUG] [GD] HTTP 200 | CT=application/json; charset=utf-8 | page=1
[DEBUG] [GD] page 1: 24 items
[DEBUG] [GD] HTTP 200 | CT=application/json; charset=utf-8 | page=2
[DEBUG] [GD] page 2: 24 items
[DEBUG] [GD] HTTP 200 | CT=application/json; charset=utf-8 | page=3
[DEBUG] [GD] page 3: 24 items
[DEBUG] [GD] HTTP 200 | CT=application/json; charset=utf-8 | page=4
[DEBUG] [GD] page 4: 24 items
[DEBUG] [GD] HTTP 200 | CT=application/json; charset=utf-8 | page=5
[DEBUG] [GD] page 5: 24 items
[DEBUG] [GD] total raw items before normalize: 120; unique kept: 106
[DEBUG] [GD] normalized rows: 106
[DEBUG] [GD] blocked by specialty/diesel filter: 96; passing: 10
[DEBUG] [Proxibid] parsed 30 rows across 1 page(s)
[DEBUG] [Renebates] found 57 events on index
[DEBUG] [Renebates] event: Canadian River Municipal Water Authority - Sanford, Texas secs=30027
[DEBUG] [Renebates] Canadian River Municipal Water Authority - Sanford, Texas -> 48 lots via https://renebates.com/a_list_2.php?id=280&cat=all
[DEBUG] [Renebates] event: Mansfield Independent School District - Mansfield, Texas secs=33625
[DEBUG] [Renebates] Mansfield Independent School District - Mansfield, Texas -> 60 lots via https://renebates.com/a_list_2.php?id=262&cat=all
[DEBUG] [DEBUG] collected 30 listings from all sites (after filter)
[DEBUG] [GD] HTTP 200 | CT=application/json; charset=utf-8 | page=1
[DEBUG] [GD] page 1: 24 items
[DEBUG] [GD] HTTP 200 | CT=application/json; charset=utf-8 | page=2
[DEBUG] [GD] page 2: 24 items
[DEBUG] [GD] HTTP 200 | CT=application/json; charset=utf-8 | page=3
[DEBUG] [GD] page 3: 24 items
[DEBUG] [GD] HTTP 200 | CT=application/json; charset=utf-8 | page=4
[DEBUG] [GD] page 4: 24 items
[DEBUG] [GD] HTTP 200 | CT=application/json; charset=utf-8 | page=5
[DEBUG] [GD] page 5: 24 items
[DEBUG] [GD] total raw items before normalize: 120; unique kept: 106
[DEBUG] [GD] normalized rows: 106
[DEBUG] [GD] blocked by specialty/diesel filter: 96; passing: 10
[DEBUG] [Proxibid] parsed 30 rows across 1 page(s)
[DEBUG] [Renebates] found 57 events on index
[DEBUG] [Renebates] event: Canadian River Municipal Water Authority - Sanford, Texas secs=29377
[DEBUG] [Renebates] Canadian River Municipal Water Authority - Sanford, Texas -> 48 lots via https://renebates.com/a_list_2.php?id=280&cat=all
[DEBUG] [Renebates] event: Mansfield Independent School District - Mansfield, Texas secs=32973
[DEBUG] [Renebates] Mansfield Independent School District - Mansfield, Texas -> 60 lots via https://renebates.com/a_list_2.php?id=262&cat=all
[DEBUG] [DEBUG] collected 30 listings from all sites (after filter)
[DEBUG] [GD] HTTP 200 | CT=application/json; charset=utf-8 | page=1
[DEBUG] [GD] page 1: 24 items
[DEBUG] [GD] HTTP 200 | CT=application/json; charset=utf-8 | page=2
[DEBUG] [GD] page 2: 24 items
[DEBUG] [GD] HTTP 200 | CT=application/json; charset=utf-8 | page=3
[DEBUG] [GD] page 3: 24 items
[DEBUG] [GD] HTTP 200 | CT=application/json; charset=utf-8 | page=4
[DEBUG] [GD] page 4: 24 items
[DEBUG] [GD] HTTP 200 | CT=application/json; charset=utf-8 | page=5
[DEBUG] [GD] page 5: 24 items
[DEBUG] [GD] total raw items before normalize: 120; unique kept: 106
[DEBUG] [GD] normalized rows: 106
[DEBUG] [GD] blocked by specialty/diesel filter: 96; passing: 10
[DEBUG] [Proxibid] parsed 30 rows across 1 page(s)
[DEBUG] [Renebates] found 57 events on index
[DEBUG] [Renebates] event: Canadian River Municipal Water Authority - Sanford, Texas secs=28725
[DEBUG] [Renebates] Canadian River Municipal Water Authority - Sanford, Texas -> 48 lots via https://renebates.com/a_list_2.php?id=280&cat=all
[DEBUG] [Renebates] event: Mansfield Independent School District - Mansfield, Texas secs=32321
[DEBUG] [Renebates] Mansfield Independent School District - Mansfield, Texas -> 60 lots via https://renebates.com/a_list_2.php?id=262&cat=all
[DEBUG] [DEBUG] collected 30 listings from all sites (after filter)
[DEBUG] [GD] HTTP 200 | CT=application/json; charset=utf-8 | page=1
[DEBUG] [GD] page 1: 24 items
[DEBUG] [GD] HTTP 200 | CT=application/json; charset=utf-8 | page=2
[DEBUG] [GD] page 2: 24 items
[DEBUG] [GD] HTTP 200 | CT=application/json; charset=utf-8 | page=3
[DEBUG] [GD] page 3: 24 items
[DEBUG] [GD] HTTP 200 | CT=application/json; charset=utf-8 | page=4
[DEBUG] [GD] page 4: 24 items
[DEBUG] [GD] HTTP 200 | CT=application/json; charset=utf-8 | page=5
[DEBUG] [GD] page 5: 24 items
[DEBUG] [GD] total raw items before normalize: 120; unique kept: 106
[DEBUG] [GD] normalized rows: 106
[DEBUG] [GD] blocked by specialty/diesel filter: 96; passing: 10
[DEBUG] [Proxibid] parsed 30 rows across 1 page(s)
[DEBUG] [Renebates] found 57 events on index
[DEBUG] [Renebates] event: Canadian River Municipal Water Authority - Sanford, Texas secs=28086
[DEBUG] [Renebates] Canadian River Municipal Water Authority - Sanford, Texas -> 48 lots via https://renebates.com/a_list_2.php?id=280&cat=all
[DEBUG] [Renebates] event: Mansfield Independent School District - Mansfield, Texas secs=31682
[DEBUG] [Renebates] Mansfield Independent School District - Mansfield, Texas -> 60 lots via https://renebates.com/a_list_2.php?id=262&cat=all
[DEBUG] [DEBUG] collected 30 listings from all sites (after filter)
[DEBUG] [GD] HTTP 200 | CT=application/json; charset=utf-8 | page=1
[DEBUG] [GD] page 1: 24 items
[DEBUG] [GD] HTTP 200 | CT=application/json; charset=utf-8 | page=2
[DEBUG] [GD] page 2: 24 items
[DEBUG] [GD] HTTP 200 | CT=application/json; charset=utf-8 | page=3
[DEBUG] [GD] page 3: 24 items
[DEBUG] [GD] HTTP 200 | CT=application/json; charset=utf-8 | page=4
[DEBUG] [GD] page 4: 24 items
[DEBUG] [GD] HTTP 200 | CT=application/json; charset=utf-8 | page=5
[DEBUG] [GD] page 5: 24 items
[DEBUG] [GD] total raw items before normalize: 120; unique kept: 106
[DEBUG] [GD] normalized rows: 106
[DEBUG] [GD] blocked by specialty/diesel filter: 96; passing: 10
[DEBUG] [Proxibid] parsed 30 rows across 1 page(s)
[DEBUG] [Renebates] found 57 events on index
[DEBUG] [Renebates] event: Canadian River Municipal Water Authority - Sanford, Texas secs=27437
[DEBUG] [Renebates] Canadian River Municipal Water Authority - Sanford, Texas -> 48 lots via https://renebates.com/a_list_2.php?id=280&cat=all
[DEBUG] [Renebates] event: Mansfield Independent School District - Mansfield, Texas secs=31034
[DEBUG] [Renebates] Mansfield Independent School District - Mansfield, Texas -> 60 lots via https://renebates.com/a_list_2.php?id=262&cat=all
[DEBUG] [DEBUG] collected 30 listings from all sites (after filter)
[DEBUG] [GD] HTTP 200 | CT=application/json; charset=utf-8 | page=1
[DEBUG] [GD] page 1: 24 items
[DEBUG] [GD] HTTP 200 | CT=application/json; charset=utf-8 | page=2
[DEBUG] [GD] page 2: 24 items
[DEBUG] [GD] HTTP 200 | CT=application/json; charset=utf-8 | page=3
[DEBUG] [GD] page 3: 24 items
[DEBUG] [GD] HTTP 200 | CT=application/json; charset=utf-8 | page=4
[DEBUG] [GD] page 4: 24 items
[DEBUG] [GD] HTTP 200 | CT=application/json; charset=utf-8 | page=5
[DEBUG] [GD] page 5: 24 items
[DEBUG] [GD] total raw items before normalize: 120; unique kept: 106
[DEBUG] [GD] normalized rows: 106
[DEBUG] [GD] blocked by specialty/diesel filter: 96; passing: 10
[DEBUG] [Proxibid] parsed 30 rows across 1 page(s)
[DEBUG] [Renebates] found 57 events on index
[DEBUG] [Renebates] event: Canadian River Municipal Water Authority - Sanford, Texas secs=26796
[DEBUG] [Renebates] Canadian River Municipal Water Authority - Sanford, Texas -> 48 lots via https://renebates.com/a_list_2.php?id=280&cat=all
[DEBUG] [Renebates] event: Mansfield Independent School District - Mansfield, Texas secs=30393
[DEBUG] [Renebates] Mansfield Independent School District - Mansfield, Texas -> 60 lots via https://renebates.com/a_list_2.php?id=262&cat=all
[DEBUG] [DEBUG] collected 30 listings from all sites (after filter)
[DEBUG] [GD] HTTP 200 | CT=application/json; charset=utf-8 | page=1
[DEBUG] [GD] page 1: 24 items
[DEBUG] [GD] HTTP 200 | CT=application/json; charset=utf-8 | page=2
[DEBUG] [GD] page 2: 24 items
[DEBUG] [GD] HTTP 200 | CT=application/json; charset=utf-8 | page=3
[DEBUG] [GD] page 3: 24 items
[DEBUG] [GD] HTTP 200 | CT=application/json; charset=utf-8 | page=4
[DEBUG] [GD] page 4: 24 items
[DEBUG] [GD] HTTP 200 | CT=application/json; charset=utf-8 | page=5
[DEBUG] [GD] page 5: 24 items
[DEBUG] [GD] total raw items before normalize: 120; unique kept: 106
[DEBUG] [GD] normalized rows: 106
[DEBUG] [GD] blocked by specialty/diesel filter: 96; passing: 10
[DEBUG] [Proxibid] parsed 30 rows across 1 page(s)
[DEBUG] [Renebates] found 57 events on index
[DEBUG] [Renebates] event: Canadian River Municipal Water Authority - Sanford, Texas secs=26154
[DEBUG] [Renebates] Canadian River Municipal Water Authority - Sanford, Texas -> 48 lots via https://renebates.com/a_list_2.php?id=280&cat=all
[DEBUG] [Renebates] event: Mansfield Independent School District - Mansfield, Texas secs=29751
[DEBUG] [Renebates] Mansfield Independent School District - Mansfield, Texas -> 60 lots via https://renebates.com/a_list_2.php?id=262&cat=all
[DEBUG] [DEBUG] collected 30 listings from all sites (after filter)
[DEBUG] [GD] HTTP 200 | CT=application/json; charset=utf-8 | page=1
[DEBUG] [GD] page 1: 24 items
[DEBUG] [GD] HTTP 200 | CT=application/json; charset=utf-8 | page=2
[DEBUG] [GD] page 2: 24 items
[DEBUG] [GD] HTTP 200 | CT=application/json; charset=utf-8 | page=3
[DEBUG] [GD] page 3: 24 items
[DEBUG] [GD] HTTP 200 | CT=application/json; charset=utf-8 | page=4
[DEBUG] [GD] page 4: 24 items
[DEBUG] [GD] HTTP 200 | CT=application/json; charset=utf-8 | page=5
[DEBUG] [GD] page 5: 24 items
[DEBUG] [GD] total raw items before normalize: 120; unique kept: 106
[DEBUG] [GD] normalized rows: 106
[DEBUG] [GD] blocked by specialty/diesel filter: 96; passing: 10
[DEBUG] [Proxibid] parsed 30 rows across 1 page(s)
[DEBUG] [Renebates] found 57 events on index
[DEBUG] [Renebates] event: Canadian River Municipal Water Authority - Sanford, Texas secs=25513
[DEBUG] [Renebates] Canadian River Municipal Water Authority - Sanford, Texas -> 48 lots via https://renebates.com/a_list_2.php?id=280&cat=all
[DEBUG] [Renebates] event: Mansfield Independent School District - Mansfield, Texas secs=29111
[DEBUG] [Renebates] Mansfield Independent School District - Mansfield, Texas -> 60 lots via https://renebates.com/a_list_2.php?id=262&cat=all
[DEBUG] [DEBUG] collected 30 listings from all sites (after filter)
[DEBUG] [GD] HTTP 200 | CT=application/json; charset=utf-8 | page=1
[DEBUG] [GD] page 1: 24 items
[DEBUG] [GD] HTTP 200 | CT=application/json; charset=utf-8 | page=2
[DEBUG] [GD] page 2: 24 items
[DEBUG] [GD] HTTP 200 | CT=application/json; charset=utf-8 | page=3
[DEBUG] [GD] page 3: 24 items
[DEBUG] [GD] HTTP 200 | CT=application/json; charset=utf-8 | page=4
[DEBUG] [GD] page 4: 24 items
[DEBUG] [GD] HTTP 200 | CT=application/json; charset=utf-8 | page=5
[DEBUG] [GD] page 5: 24 items
[DEBUG] [GD] total raw items before normalize: 120; unique kept: 106
[DEBUG] [GD] normalized rows: 106
[DEBUG] [GD] blocked by specialty/diesel filter: 96; passing: 10
[DEBUG] [Proxibid] parsed 30 rows across 1 page(s)
[DEBUG] [Renebates] found 57 events on index
[DEBUG] [Renebates] event: Canadian River Municipal Water Authority - Sanford, Texas secs=24870
[DEBUG] [Renebates] Canadian River Municipal Water Authority - Sanford, Texas -> 48 lots via https://renebates.com/a_list_2.php?id=280&cat=all
[DEBUG] [Renebates] event: Mansfield Independent School District - Mansfield, Texas secs=28466
[DEBUG] [Renebates] Mansfield Independent School District - Mansfield, Texas -> 60 lots via https://renebates.com/a_list_2.php?id=262&cat=all
[DEBUG] [DEBUG] collected 30 listings from all sites (after filter)
[DEBUG] [GD] HTTP 200 | CT=application/json; charset=utf-8 | page=1
[DEBUG] [GD] page 1: 24 items
[DEBUG] [GD] HTTP 200 | CT=application/json; charset=utf-8 | page=2
[DEBUG] [GD] page 2: 24 items
[DEBUG] [GD] HTTP 200 | CT=application/json; charset=utf-8 | page=3
[DEBUG] [GD] page 3: 24 items
[DEBUG] [GD] HTTP 200 | CT=application/json; charset=utf-8 | page=4
[DEBUG] [GD] page 4: 24 items
[DEBUG] [GD] HTTP 200 | CT=application/json; charset=utf-8 | page=5
[DEBUG] [GD] page 5: 24 items
[DEBUG] [GD] total raw items before normalize: 120; unique kept: 106
[DEBUG] [GD] normalized rows: 106
[DEBUG] [GD] blocked by specialty/diesel filter: 96; passing: 10
[DEBUG] [Proxibid] parsed 30 rows across 1 page(s)
[DEBUG] [Renebates] found 57 events on index
[DEBUG] [Renebates] event: Canadian River Municipal Water Authority - Sanford, Texas secs=24222
[DEBUG] [Renebates] Canadian River Municipal Water Authority - Sanford, Texas -> 48 lots via https://renebates.com/a_list_2.php?id=280&cat=all
[DEBUG] [Renebates] event: Mansfield Independent School District - Mansfield, Texas secs=27819
[DEBUG] [Renebates] Mansfield Independent School District - Mansfield, Texas -> 60 lots via https://renebates.com/a_list_2.php?id=262&cat=all
[DEBUG] [DEBUG] collected 30 listings from all sites (after filter)
[DEBUG] [GD] HTTP 200 | CT=application/json; charset=utf-8 | page=1
[DEBUG] [GD] page 1: 24 items
[DEBUG] [GD] HTTP 200 | CT=application/json; charset=utf-8 | page=2
[DEBUG] [GD] page 2: 24 items
[DEBUG] [GD] HTTP 200 | CT=application/json; charset=utf-8 | page=3
[DEBUG] [GD] page 3: 24 items
[DEBUG] [GD] HTTP 200 | CT=application/json; charset=utf-8 | page=4
[DEBUG] [GD] page 4: 24 items
[DEBUG] [GD] HTTP 200 | CT=application/json; charset=utf-8 | page=5
[DEBUG] [GD] page 5: 24 items
[DEBUG] [GD] total raw items before normalize: 120; unique kept: 106
[DEBUG] [GD] normalized rows: 106
[DEBUG] [GD] blocked by specialty/diesel filter: 96; passing: 10
[DEBUG] [Proxibid] parsed 30 rows across 1 page(s)
[DEBUG] [Renebates] found 57 events on index
[DEBUG] [Renebates] event: Canadian River Municipal Water Authority - Sanford, Texas secs=23572
[DEBUG] [Renebates] Canadian River Municipal Water Authority - Sanford, Texas -> 48 lots via https://renebates.com/a_list_2.php?id=280&cat=all
[DEBUG] [Renebates] event: Mansfield Independent School District - Mansfield, Texas secs=27168
[DEBUG] [Renebates] Mansfield Independent School District - Mansfield, Texas -> 60 lots via https://renebates.com/a_list_2.php?id=262&cat=all
[DEBUG] [DEBUG] collected 30 listings from all sites (after filter)
[DEBUG] [GD] HTTP 200 | CT=application/json; charset=utf-8 | page=1
[DEBUG] [GD] page 1: 24 items
[DEBUG] [GD] HTTP 200 | CT=application/json; charset=utf-8 | page=2
[DEBUG] [GD] page 2: 24 items
[DEBUG] [GD] HTTP 200 | CT=application/json; charset=utf-8 | page=3
[DEBUG] [GD] page 3: 24 items
[DEBUG] [GD] HTTP 200 | CT=application/json; charset=utf-8 | page=4
[DEBUG] [GD] page 4: 24 items
[DEBUG] [GD] HTTP 200 | CT=application/json; charset=utf-8 | page=5
[DEBUG] [GD] page 5: 24 items
[DEBUG] [GD] total raw items before normalize: 120; unique kept: 106
[DEBUG] [GD] normalized rows: 106
[DEBUG] [GD] blocked by specialty/diesel filter: 96; passing: 10
[DEBUG] [Proxibid] parsed 30 rows across 1 page(s)
[DEBUG] [Renebates] found 57 events on index
[DEBUG] [Renebates] event: Canadian River Municipal Water Authority - Sanford, Texas secs=22920
[DEBUG] [Renebates] Canadian River Municipal Water Authority - Sanford, Texas -> 48 lots via https://renebates.com/a_list_2.php?id=280&cat=all
[DEBUG] [Renebates] event: Mansfield Independent School District - Mansfield, Texas secs=26517
[DEBUG] [Renebates] Mansfield Independent School District - Mansfield, Texas -> 60 lots via https://renebates.com/a_list_2.php?id=262&cat=all
[DEBUG] [DEBUG] collected 30 listings from all sites (after filter)
[DEBUG] [GD] HTTP 200 | CT=application/json; charset=utf-8 | page=1
[DEBUG] [GD] page 1: 24 items
[DEBUG] [GD] HTTP 200 | CT=application/json; charset=utf-8 | page=2
[DEBUG] [GD] page 2: 24 items
[DEBUG] [GD] HTTP 200 | CT=application/json; charset=utf-8 | page=3
[DEBUG] [GD] page 3: 24 items
[DEBUG] [GD] HTTP 200 | CT=application/json; charset=utf-8 | page=4
[DEBUG] [GD] page 4: 24 items
[DEBUG] [GD] HTTP 200 | CT=application/json; charset=utf-8 | page=5
[DEBUG] [GD] page 5: 24 items
[DEBUG] [GD] total raw items before normalize: 120; unique kept: 106
[DEBUG] [GD] normalized rows: 106
[DEBUG] [GD] blocked by specialty/diesel filter: 96; passing: 10
[DEBUG] [Proxibid] parsed 30 rows across 1 page(s)
[DEBUG] [Renebates] found 57 events on index
[DEBUG] [Renebates] event: Canadian River Municipal Water Authority - Sanford, Texas secs=22271
[DEBUG] [Renebates] Canadian River Municipal Water Authority - Sanford, Texas -> 48 lots via https://renebates.com/a_list_2.php?id=280&cat=all
[DEBUG] [Renebates] event: Mansfield Independent School District - Mansfield, Texas secs=25868
[DEBUG] [Renebates] Mansfield Independent School District - Mansfield, Texas -> 60 lots via https://renebates.com/a_list_2.php?id=262&cat=all
[DEBUG] [DEBUG] collected 30 listings from all sites (after filter)
[DEBUG] [GD] HTTP 200 | CT=application/json; charset=utf-8 | page=1
[DEBUG] [GD] page 1: 24 items
[DEBUG] [GD] HTTP 200 | CT=application/json; charset=utf-8 | page=2
[DEBUG] [GD] page 2: 24 items
[DEBUG] [GD] HTTP 200 | CT=application/json; charset=utf-8 | page=3
[DEBUG] [GD] page 3: 24 items
[DEBUG] [GD] HTTP 200 | CT=application/json; charset=utf-8 | page=4
[DEBUG] [GD] page 4: 24 items
[DEBUG] [GD] HTTP 200 | CT=application/json; charset=utf-8 | page=5
[DEBUG] [GD] page 5: 24 items
[DEBUG] [GD] total raw items before normalize: 120; unique kept: 106
[DEBUG] [GD] normalized rows: 106
[DEBUG] [GD] blocked by specialty/diesel filter: 96; passing: 10
[DEBUG] [Proxibid] parsed 30 rows across 1 page(s)
[DEBUG] [Renebates] found 57 events on index
[DEBUG] [Renebates] event: Canadian River Municipal Water Authority - Sanford, Texas secs=21628
[DEBUG] [Renebates] Canadian River Municipal Water Authority - Sanford, Texas -> 48 lots via https://renebates.com/a_list_2.php?id=280&cat=all
[DEBUG] [Renebates] event: Mansfield Independent School District - Mansfield, Texas secs=25226
[DEBUG] [Renebates] Mansfield Independent School District - Mansfield, Texas -> 60 lots via https://renebates.com/a_list_2.php?id=262&cat=all
[DEBUG] [DEBUG] collected 30 listings from all sites (after filter)
[DEBUG] [GD] HTTP 200 | CT=application/json; charset=utf-8 | page=1
[DEBUG] [GD] page 1: 24 items
[DEBUG] [GD] HTTP 200 | CT=application/json; charset=utf-8 | page=2
[DEBUG] [GD] page 2: 24 items
[DEBUG] [GD] HTTP 200 | CT=application/json; charset=utf-8 | page=3
[DEBUG] [GD] page 3: 24 items
[DEBUG] [GD] HTTP 200 | CT=application/json; charset=utf-8 | page=4
[DEBUG] [GD] page 4: 24 items
[DEBUG] [GD] HTTP 200 | CT=application/json; charset=utf-8 | page=5
[DEBUG] [GD] page 5: 24 items
[DEBUG] [GD] total raw items before normalize: 120; unique kept: 106
[DEBUG] [GD] normalized rows: 106
[DEBUG] [GD] blocked by specialty/diesel filter: 96; passing: 10
[DEBUG] [Proxibid] parsed 30 rows across 1 page(s)
[DEBUG] [Renebates] found 57 events on index
[DEBUG] [Renebates] event: Canadian River Municipal Water Authority - Sanford, Texas secs=20980
[DEBUG] [Renebates] Canadian River Municipal Water Authority - Sanford, Texas -> 48 lots via https://renebates.com/a_list_2.php?id=280&cat=all
[DEBUG] [Renebates] event: Mansfield Independent School District - Mansfield, Texas secs=24578
[DEBUG] [Renebates] Mansfield Independent School District - Mansfield, Texas -> 60 lots via https://renebates.com/a_list_2.php?id=262&cat=all
[DEBUG] [DEBUG] collected 30 listings from all sites (after filter)
[DEBUG] [GD] HTTP 200 | CT=application/json; charset=utf-8 | page=1
[DEBUG] [GD] page 1: 24 items
[DEBUG] [GD] HTTP 200 | CT=application/json; charset=utf-8 | page=2
[DEBUG] [GD] page 2: 24 items
[DEBUG] [GD] HTTP 200 | CT=application/json; charset=utf-8 | page=3
[DEBUG] [GD] page 3: 24 items
[DEBUG] [GD] HTTP 200 | CT=application/json; charset=utf-8 | page=4
[DEBUG] [GD] page 4: 24 items
[DEBUG] [GD] HTTP 200 | CT=application/json; charset=utf-8 | page=5
[DEBUG] [GD] page 5: 24 items
[DEBUG] [GD] total raw items before normalize: 120; unique kept: 106
[DEBUG] [GD] normalized rows: 106
[DEBUG] [GD] blocked by specialty/diesel filter: 96; passing: 10
[DEBUG] [Proxibid] parsed 30 rows across 1 page(s)
[DEBUG] [Renebates] found 57 events on index
[DEBUG] [Renebates] event: Canadian River Municipal Water Authority - Sanford, Texas secs=20327
[DEBUG] [Renebates] Canadian River Municipal Water Authority - Sanford, Texas -> 48 lots via https://renebates.com/a_list_2.php?id=280&cat=all
[DEBUG] [Renebates] event: Mansfield Independent School District - Mansfield, Texas secs=23925
[DEBUG] [Renebates] Mansfield Independent School District - Mansfield, Texas -> 60 lots via https://renebates.com/a_list_2.php?id=262&cat=all
[DEBUG] [DEBUG] collected 30 listings from all sites (after filter)
[DEBUG] [GD] HTTP 200 | CT=application/json; charset=utf-8 | page=1
[DEBUG] [GD] page 1: 24 items
[DEBUG] [GD] HTTP 200 | CT=application/json; charset=utf-8 | page=2
[DEBUG] [GD] page 2: 24 items
[DEBUG] [GD] HTTP 200 | CT=application/json; charset=utf-8 | page=3
[DEBUG] [GD] page 3: 24 items
[DEBUG] [GD] HTTP 200 | CT=application/json; charset=utf-8 | page=4
[DEBUG] [GD] page 4: 24 items
[DEBUG] [GD] HTTP 200 | CT=application/json; charset=utf-8 | page=5
[DEBUG] [GD] page 5: 24 items
[DEBUG] [GD] total raw items before normalize: 120; unique kept: 106
[DEBUG] [GD] normalized rows: 106
[DEBUG] [GD] blocked by specialty/diesel filter: 96; passing: 10
[DEBUG] [Proxibid] parsed 30 rows across 1 page(s)
[DEBUG] [Renebates] found 57 events on index
[DEBUG] [Renebates] event: Canadian River Municipal Water Authority - Sanford, Texas secs=19670
[DEBUG] [Renebates] Canadian River Municipal Water Authority - Sanford, Texas -> 48 lots via https://renebates.com/a_list_2.php?id=280&cat=all
[DEBUG] [Renebates] event: Mansfield Independent School District - Mansfield, Texas secs=23268
[DEBUG] [Renebates] Mansfield Independent School District - Mansfield, Texas -> 60 lots via https://renebates.com/a_list_2.php?id=262&cat=all
[DEBUG] [DEBUG] collected 30 listings from all sites (after filter)
[DEBUG] [GD] HTTP 200 | CT=application/json; charset=utf-8 | page=1
[DEBUG] [GD] page 1: 24 items
[DEBUG] [GD] HTTP 200 | CT=application/json; charset=utf-8 | page=2
[DEBUG] [GD] page 2: 24 items
[DEBUG] [GD] HTTP 200 | CT=application/json; charset=utf-8 | page=3
[DEBUG] [GD] page 3: 24 items
[DEBUG] [GD] HTTP 200 | CT=application/json; charset=utf-8 | page=4
[DEBUG] [GD] page 4: 24 items
[DEBUG] [GD] HTTP 200 | CT=application/json; charset=utf-8 | page=5
[DEBUG] [GD] page 5: 24 items
[DEBUG] [GD] total raw items before normalize: 120; unique kept: 106
[DEBUG] [GD] normalized rows: 106
[DEBUG] [GD] blocked by specialty/diesel filter: 96; passing: 10
[DEBUG] [Proxibid] parsed 30 rows across 1 page(s)
[DEBUG] [Renebates] found 57 events on index
[DEBUG] [Renebates] event: Canadian River Municipal Water Authority - Sanford, Texas secs=19021
[DEBUG] [Renebates] Canadian River Municipal Water Authority - Sanford, Texas -> 48 lots via https://renebates.com/a_list_2.php?id=280&cat=all
[DEBUG] [Renebates] event: Mansfield Independent School District - Mansfield, Texas secs=22619
[DEBUG] [Renebates] Mansfield Independent School District - Mansfield, Texas -> 60 lots via https://renebates.com/a_list_2.php?id=262&cat=all
[DEBUG] [DEBUG] collected 30 listings from all sites (after filter)
[DEBUG] [GD] HTTP 200 | CT=application/json; charset=utf-8 | page=1
[DEBUG] [GD] page 1: 24 items
[DEBUG] [GD] HTTP 200 | CT=application/json; charset=utf-8 | page=2
[DEBUG] [GD] page 2: 24 items
[DEBUG] [GD] HTTP 200 | CT=application/json; charset=utf-8 | page=3
[DEBUG] [GD] page 3: 24 items
[DEBUG] [GD] HTTP 200 | CT=application/json; charset=utf-8 | page=4
[DEBUG] [GD] page 4: 24 items
[DEBUG] [GD] HTTP 200 | CT=application/json; charset=utf-8 | page=5
[DEBUG] [GD] page 5: 24 items
[DEBUG] [GD] total raw items before normalize: 120; unique kept: 106
[DEBUG] [GD] normalized rows: 106
[DEBUG] [GD] blocked by specialty/diesel filter: 96; passing: 10
[DEBUG] [Proxibid] parsed 30 rows across 1 page(s)
[DEBUG] [Renebates] found 57 events on index
[DEBUG] [Renebates] event: Canadian River Municipal Water Authority - Sanford, Texas secs=18374
[DEBUG] [Renebates] Canadian River Municipal Water Authority - Sanford, Texas -> 48 lots via https://renebates.com/a_list_2.php?id=280&cat=all
[DEBUG] [Renebates] event: Mansfield Independent School District - Mansfield, Texas secs=21971
[DEBUG] [Renebates] Mansfield Independent School District - Mansfield, Texas -> 60 lots via https://renebates.com/a_list_2.php?id=262&cat=all
[DEBUG] [DEBUG] collected 30 listings from all sites (after filter)
[DEBUG] [GD] HTTP 200 | CT=application/json; charset=utf-8 | page=1
[DEBUG] [GD] page 1: 24 items
[DEBUG] [GD] HTTP 200 | CT=application/json; charset=utf-8 | page=2
[DEBUG] [GD] page 2: 24 items
[DEBUG] [GD] HTTP 200 | CT=application/json; charset=utf-8 | page=3
[DEBUG] [GD] page 3: 24 items
[DEBUG] [GD] HTTP 200 | CT=application/json; charset=utf-8 | page=4
[DEBUG] [GD] page 4: 24 items
[DEBUG] [GD] HTTP 200 | CT=application/json; charset=utf-8 | page=5
[DEBUG] [GD] page 5: 24 items
[DEBUG] [GD] total raw items before normalize: 120; unique kept: 106
[DEBUG] [GD] normalized rows: 106
[DEBUG] [GD] blocked by specialty/diesel filter: 96; passing: 10
[DEBUG] [Proxibid] parsed 30 rows across 1 page(s)
[DEBUG] [Renebates] found 57 events on index
[DEBUG] [Renebates] event: Canadian River Municipal Water Authority - Sanford, Texas secs=17732
[DEBUG] [Renebates] Canadian River Municipal Water Authority - Sanford, Texas -> 48 lots via https://renebates.com/a_list_2.php?id=280&cat=all
[DEBUG] [Renebates] event: Mansfield Independent School District - Mansfield, Texas secs=21329
[DEBUG] [Renebates] Mansfield Independent School District - Mansfield, Texas -> 60 lots via https://renebates.com/a_list_2.php?id=262&cat=all
[DEBUG] [DEBUG] collected 30 listings from all sites (after filter)
[DEBUG] [GD] HTTP 200 | CT=application/json; charset=utf-8 | page=1
[DEBUG] [GD] page 1: 24 items
[DEBUG] [GD] HTTP 200 | CT=application/json; charset=utf-8 | page=2
[DEBUG] [GD] page 2: 24 items
[DEBUG] [GD] HTTP 200 | CT=application/json; charset=utf-8 | page=3
[DEBUG] [GD] page 3: 24 items
[DEBUG] [GD] HTTP 200 | CT=application/json; charset=utf-8 | page=4
[DEBUG] [GD] page 4: 24 items
[DEBUG] [GD] HTTP 200 | CT=application/json; charset=utf-8 | page=5
[DEBUG] [GD] page 5: 24 items
[DEBUG] [GD] total raw items before normalize: 120; unique kept: 106
[DEBUG] [GD] normalized rows: 106
[DEBUG] [GD] blocked by specialty/diesel filter: 96; passing: 10
[DEBUG] [Proxibid] parsed 30 rows across 1 page(s)
[DEBUG] [Renebates] found 57 events on index
[DEBUG] [Renebates] event: Canadian River Municipal Water Authority - Sanford, Texas secs=17082
[DEBUG] [Renebates] Canadian River Municipal Water Authority - Sanford, Texas -> 48 lots via https://renebates.com/a_list_2.php?id=280&cat=all
[DEBUG] [Renebates] event: Mansfield Independent School District - Mansfield, Texas secs=20679
[DEBUG] [Renebates] Mansfield Independent School District - Mansfield, Texas -> 60 lots via https://renebates.com/a_list_2.php?id=262&cat=all
[DEBUG] [DEBUG] collected 30 listings from all sites (after filter)
[DEBUG] [GD] HTTP 200 | CT=application/json; charset=utf-8 | page=1
[DEBUG] [GD] page 1: 24 items
[DEBUG] [GD] HTTP 200 | CT=application/json; charset=utf-8 | page=2
[DEBUG] [GD] page 2: 24 items
[DEBUG] [GD] HTTP 200 | CT=application/json; charset=utf-8 | page=3
[DEBUG] [GD] page 3: 24 items
[DEBUG] [GD] HTTP 200 | CT=application/json; charset=utf-8 | page=4
[DEBUG] [GD] page 4: 24 items
[DEBUG] [GD] HTTP 200 | CT=application/json; charset=utf-8 | page=5
[DEBUG] [GD] page 5: 24 items
[DEBUG] [GD] total raw items before normalize: 120; unique kept: 106
[DEBUG] [GD] normalized rows: 106
[DEBUG] [GD] blocked by specialty/diesel filter: 96; passing: 10
[DEBUG] [Proxibid] parsed 30 rows across 1 page(s)
[DEBUG] [Renebates] found 57 events on index
[DEBUG] [Renebates] event: Canadian River Municipal Water Authority - Sanford, Texas secs=16435
[DEBUG] [Renebates] Canadian River Municipal Water Authority - Sanford, Texas -> 48 lots via https://renebates.com/a_list_2.php?id=280&cat=all
[DEBUG] [Renebates] event: Mansfield Independent School District - Mansfield, Texas secs=20033
[DEBUG] [Renebates] Mansfield Independent School District - Mansfield, Texas -> 60 lots via https://renebates.com/a_list_2.php?id=262&cat=all
[DEBUG] [DEBUG] collected 30 listings from all sites (after filter)
[DEBUG] [GD] HTTP 200 | CT=application/json; charset=utf-8 | page=1
[DEBUG] [GD] page 1: 24 items
[DEBUG] [GD] HTTP 200 | CT=application/json; charset=utf-8 | page=2
[DEBUG] [GD] page 2: 24 items
[DEBUG] [GD] HTTP 200 | CT=application/json; charset=utf-8 | page=3
[DEBUG] [GD] page 3: 24 items
[DEBUG] [GD] HTTP 200 | CT=application/json; charset=utf-8 | page=4
[DEBUG] [GD] page 4: 24 items
[DEBUG] [GD] HTTP 200 | CT=application/json; charset=utf-8 | page=5
[DEBUG] [GD] page 5: 24 items
[DEBUG] [GD] total raw items before normalize: 120; unique kept: 106
[DEBUG] [GD] normalized rows: 106
[DEBUG] [GD] blocked by specialty/diesel filter: 96; passing: 10
[DEBUG] [Proxibid] parsed 30 rows across 1 page(s)
[DEBUG] [Renebates] found 57 events on index
[DEBUG] [Renebates] event: Canadian River Municipal Water Authority - Sanford, Texas secs=15789
[DEBUG] [Renebates] Canadian River Municipal Water Authority - Sanford, Texas -> 48 lots via https://renebates.com/a_list_2.php?id=280&cat=all
[DEBUG] [Renebates] event: Mansfield Independent School District - Mansfield, Texas secs=19386
[DEBUG] [Renebates] Mansfield Independent School District - Mansfield, Texas -> 60 lots via https://renebates.com/a_list_2.php?id=262&cat=all
[DEBUG] [DEBUG] collected 30 listings from all sites (after filter)
[DEBUG] [GD] HTTP 200 | CT=application/json; charset=utf-8 | page=1
[DEBUG] [GD] page 1: 24 items
[DEBUG] [GD] HTTP 200 | CT=application/json; charset=utf-8 | page=2
[DEBUG] [GD] page 2: 24 items
[DEBUG] [GD] HTTP 200 | CT=application/json; charset=utf-8 | page=3
[DEBUG] [GD] page 3: 24 items
[DEBUG] [GD] HTTP 200 | CT=application/json; charset=utf-8 | page=4
[DEBUG] [GD] page 4: 24 items
[DEBUG] [GD] HTTP 200 | CT=application/json; charset=utf-8 | page=5
[DEBUG] [GD] page 5: 24 items
[DEBUG] [GD] total raw items before normalize: 120; unique kept: 106
[DEBUG] [GD] normalized rows: 106
[DEBUG] [GD] blocked by specialty/diesel filter: 96; passing: 10
[DEBUG] [Proxibid] parsed 30 rows across 1 page(s)
[DEBUG] [Renebates] found 57 events on index
[DEBUG] [Renebates] event: Canadian River Municipal Water Authority - Sanford, Texas secs=15147
[DEBUG] [Renebates] Canadian River Municipal Water Authority - Sanford, Texas -> 48 lots via https://renebates.com/a_list_2.php?id=280&cat=all
[DEBUG] [Renebates] event: Mansfield Independent School District - Mansfield, Texas secs=18743
[DEBUG] [Renebates] Mansfield Independent School District - Mansfield, Texas -> 60 lots via https://renebates.com/a_list_2.php?id=262&cat=all
[DEBUG] [DEBUG] collected 30 listings from all sites (after filter)
[DEBUG] [GD] HTTP 200 | CT=application/json; charset=utf-8 | page=1
[DEBUG] [GD] page 1: 24 items
[DEBUG] [GD] HTTP 200 | CT=application/json; charset=utf-8 | page=2
[DEBUG] [GD] page 2: 24 items
[DEBUG] [GD] HTTP 200 | CT=application/json; charset=utf-8 | page=3
[DEBUG] [GD] page 3: 24 items
[DEBUG] [GD] HTTP 200 | CT=application/json; charset=utf-8 | page=4
[DEBUG] [GD] page 4: 24 items
[DEBUG] [GD] HTTP 200 | CT=application/json; charset=utf-8 | page=5
[DEBUG] [GD] page 5: 24 items
[DEBUG] [GD] total raw items before normalize: 120; unique kept: 106
[DEBUG] [GD] normalized rows: 106
[DEBUG] [GD] blocked by specialty/diesel filter: 96; passing: 10
[DEBUG] [Proxibid] parsed 30 rows across 1 page(s)
[DEBUG] [Renebates] found 57 events on index
[DEBUG] [Renebates] event: Canadian River Municipal Water Authority - Sanford, Texas secs=14500
[DEBUG] [Renebates] Canadian River Municipal Water Authority - Sanford, Texas -> 48 lots via https://renebates.com/a_list_2.php?id=280&cat=all
[DEBUG] [Renebates] event: Mansfield Independent School District - Mansfield, Texas secs=18096
[DEBUG] [Renebates] Mansfield Independent School District - Mansfield, Texas -> 60 lots via https://renebates.com/a_list_2.php?id=262&cat=all
[DEBUG] [DEBUG] collected 30 listings from all sites (after filter)
[DEBUG] [GD] HTTP 200 | CT=application/json; charset=utf-8 | page=1
[DEBUG] [GD] page 1: 24 items
[DEBUG] [GD] HTTP 200 | CT=application/json; charset=utf-8 | page=2
[DEBUG] [GD] page 2: 24 items
[DEBUG] [GD] HTTP 200 | CT=application/json; charset=utf-8 | page=3
[DEBUG] [GD] page 3: 24 items
[DEBUG] [GD] HTTP 200 | CT=application/json; charset=utf-8 | page=4
[DEBUG] [GD] page 4: 24 items
[DEBUG] [GD] HTTP 200 | CT=application/json; charset=utf-8 | page=5
[DEBUG] [GD] page 5: 24 items
[DEBUG] [GD] total raw items before normalize: 120; unique kept: 106
[DEBUG] [GD] normalized rows: 106
[DEBUG] [GD] blocked by specialty/diesel filter: 96; passing: 10
[DEBUG] [Proxibid] parsed 30 rows across 1 page(s)
[DEBUG] [Renebates] found 57 events on index
[DEBUG] [Renebates] event: Canadian River Municipal Water Authority - Sanford, Texas secs=13845
[DEBUG] [Renebates] Canadian River Municipal Water Authority - Sanford, Texas -> 48 lots via https://renebates.com/a_list_2.php?id=280&cat=all
[DEBUG] [Renebates] event: Mansfield Independent School District - Mansfield, Texas secs=17442
[DEBUG] [Renebates] Mansfield Independent School District - Mansfield, Texas -> 60 lots via https://renebates.com/a_list_2.php?id=262&cat=all
[DEBUG] [DEBUG] collected 30 listings from all sites (after filter)
[DEBUG] [GD] HTTP 200 | CT=application/json; charset=utf-8 | page=1
[DEBUG] [GD] page 1: 24 items
[DEBUG] [GD] HTTP 200 | CT=application/json; charset=utf-8 | page=2
[DEBUG] [GD] page 2: 24 items
[DEBUG] [GD] HTTP 200 | CT=application/json; charset=utf-8 | page=3
[DEBUG] [GD] page 3: 24 items
[DEBUG] [GD] HTTP 200 | CT=application/json; charset=utf-8 | page=4
[DEBUG] [GD] page 4: 24 items
[DEBUG] [GD] HTTP 200 | CT=application/json; charset=utf-8 | page=5
[DEBUG] [GD] page 5: 24 items
[DEBUG] [GD] total raw items before normalize: 120; unique kept: 106
[DEBUG] [GD] normalized rows: 106
[DEBUG] [GD] blocked by specialty/diesel filter: 96; passing: 10
[DEBUG] [Proxibid] parsed 30 rows across 1 page(s)
[DEBUG] [Renebates] found 57 events on index
[DEBUG] [Renebates] event: Canadian River Municipal Water Authority - Sanford, Texas secs=13200
[DEBUG] [Renebates] Canadian River Municipal Water Authority - Sanford, Texas -> 48 lots via https://renebates.com/a_list_2.php?id=280&cat=all
[DEBUG] [Renebates] event: Mansfield Independent School District - Mansfield, Texas secs=16796
[DEBUG] [Renebates] Mansfield Independent School District - Mansfield, Texas -> 60 lots via https://renebates.com/a_list_2.php?id=262&cat=all
[DEBUG] [DEBUG] collected 30 listings from all sites (after filter)
[DEBUG] [GD] HTTP 200 | CT=application/json; charset=utf-8 | page=1
[DEBUG] [GD] page 1: 24 items
[DEBUG] [GD] HTTP 200 | CT=application/json; charset=utf-8 | page=2
[DEBUG] [GD] page 2: 24 items
[DEBUG] [GD] HTTP 200 | CT=application/json; charset=utf-8 | page=3
[DEBUG] [GD] page 3: 24 items
[DEBUG] [GD] HTTP 200 | CT=application/json; charset=utf-8 | page=4
[DEBUG] [GD] page 4: 24 items
[DEBUG] [GD] HTTP 200 | CT=application/json; charset=utf-8 | page=5
[DEBUG] [GD] page 5: 24 items
[DEBUG] [GD] total raw items before normalize: 120; unique kept: 106
[DEBUG] [GD] normalized rows: 106
[DEBUG] [GD] blocked by specialty/diesel filter: 96; passing: 10
[DEBUG] [Proxibid] parsed 30 rows across 1 page(s)
[DEBUG] [Renebates] found 57 events on index
[DEBUG] [Renebates] event: Canadian River Municipal Water Authority - Sanford, Texas secs=12544
[DEBUG] [Renebates] Canadian River Municipal Water Authority - Sanford, Texas -> 48 lots via https://renebates.com/a_list_2.php?id=280&cat=all
[DEBUG] [Renebates] event: Mansfield Independent School District - Mansfield, Texas secs=16140
[DEBUG] [Renebates] Mansfield Independent School District - Mansfield, Texas -> 60 lots via https://renebates.com/a_list_2.php?id=262&cat=all
[DEBUG] [DEBUG] collected 30 listings from all sites (after filter)
[DEBUG] [GD] HTTP 200 | CT=application/json; charset=utf-8 | page=1
[DEBUG] [GD] page 1: 24 items
[DEBUG] [GD] HTTP 200 | CT=application/json; charset=utf-8 | page=2
[DEBUG] [GD] page 2: 24 items
[DEBUG] [GD] HTTP 200 | CT=application/json; charset=utf-8 | page=3
[DEBUG] [GD] page 3: 24 items
[DEBUG] [GD] HTTP 200 | CT=application/json; charset=utf-8 | page=4
[DEBUG] [GD] page 4: 24 items
[DEBUG] [GD] HTTP 200 | CT=application/json; charset=utf-8 | page=5
[DEBUG] [GD] page 5: 24 items
[DEBUG] [GD] total raw items before normalize: 120; unique kept: 106
[DEBUG] [GD] normalized rows: 106
[DEBUG] [GD] blocked by specialty/diesel filter: 96; passing: 10
[DEBUG] [Proxibid] parsed 30 rows across 1 page(s)
[DEBUG] [Renebates] found 57 events on index
[DEBUG] [Renebates] event: Canadian River Municipal Water Authority - Sanford, Texas secs=11900
[DEBUG] [Renebates] Canadian River Municipal Water Authority - Sanford, Texas -> 48 lots via https://renebates.com/a_list_2.php?id=280&cat=all
[DEBUG] [Renebates] event: Mansfield Independent School District - Mansfield, Texas secs=15496
[DEBUG] [Renebates] Mansfield Independent School District - Mansfield, Texas -> 60 lots via https://renebates.com/a_list_2.php?id=262&cat=all
[DEBUG] [DEBUG] collected 30 listings from all sites (after filter)
[DEBUG] [GD] HTTP 200 | CT=application/json; charset=utf-8 | page=1
[DEBUG] [GD] page 1: 24 items
[DEBUG] [GD] HTTP 200 | CT=application/json; charset=utf-8 | page=2
[DEBUG] [GD] page 2: 24 items
[DEBUG] [GD] HTTP 200 | CT=application/json; charset=utf-8 | page=3
[DEBUG] [GD] page 3: 24 items
[DEBUG] [GD] HTTP 200 | CT=application/json; charset=utf-8 | page=4
[DEBUG] [GD] page 4: 24 items
[DEBUG] [GD] HTTP 200 | CT=application/json; charset=utf-8 | page=5
[DEBUG] [GD] page 5: 24 items
[DEBUG] [GD] total raw items before normalize: 120; unique kept: 106
[DEBUG] [GD] normalized rows: 106
[DEBUG] [GD] blocked by specialty/diesel filter: 96; passing: 10
[DEBUG] [Proxibid] parsed 30 rows across 1 page(s)
[DEBUG] [Renebates] found 57 events on index
[DEBUG] [Renebates] event: Canadian River Municipal Water Authority - Sanford, Texas secs=11249
[DEBUG] [Renebates] Canadian River Municipal Water Authority - Sanford, Texas -> 48 lots via https://renebates.com/a_list_2.php?id=280&cat=all
[DEBUG] [Renebates] event: Mansfield Independent School District - Mansfield, Texas secs=14847
[DEBUG] [Renebates] Mansfield Independent School District - Mansfield, Texas -> 60 lots via https://renebates.com/a_list_2.php?id=262&cat=all
[DEBUG] [DEBUG] collected 30 listings from all sites (after filter)
[DEBUG] [GD] HTTP 200 | CT=application/json; charset=utf-8 | page=1
[DEBUG] [GD] page 1: 24 items
[DEBUG] [GD] HTTP 200 | CT=application/json; charset=utf-8 | page=2
[DEBUG] [GD] page 2: 24 items
[DEBUG] [GD] HTTP 200 | CT=application/json; charset=utf-8 | page=3
[DEBUG] [GD] page 3: 24 items
[DEBUG] [GD] HTTP 200 | CT=application/json; charset=utf-8 | page=4
[DEBUG] [GD] page 4: 24 items
[DEBUG] [GD] HTTP 200 | CT=application/json; charset=utf-8 | page=5
[DEBUG] [GD] page 5: 24 items
[DEBUG] [GD] total raw items before normalize: 120; unique kept: 106
[DEBUG] [GD] normalized rows: 106
[DEBUG] [GD] blocked by specialty/diesel filter: 96; passing: 10
[DEBUG] [Proxibid] parsed 30 rows across 1 page(s)
[DEBUG] [Renebates] found 57 events on index
[DEBUG] [Renebates] event: Canadian River Municipal Water Authority - Sanford, Texas secs=10579
[DEBUG] [Renebates] Canadian River Municipal Water Authority - Sanford, Texas -> 48 lots via https://renebates.com/a_list_2.php?id=280&cat=all
[DEBUG] [Renebates] event: Mansfield Independent School District - Mansfield, Texas secs=14175
[DEBUG] [Renebates] Mansfield Independent School District - Mansfield, Texas -> 60 lots via https://renebates.com/a_list_2.php?id=262&cat=all
[DEBUG] [DEBUG] collected 30 listings from all sites (after filter)
[DEBUG] [GD] HTTP 200 | CT=application/json; charset=utf-8 | page=1
[DEBUG] [GD] page 1: 24 items
[DEBUG] [GD] HTTP 200 | CT=application/json; charset=utf-8 | page=2
[DEBUG] [GD] page 2: 24 items
[DEBUG] [GD] HTTP 200 | CT=application/json; charset=utf-8 | page=3
[DEBUG] [GD] page 3: 24 items
[DEBUG] [GD] HTTP 200 | CT=application/json; charset=utf-8 | page=4
[DEBUG] [GD] page 4: 24 items
[DEBUG] [GD] HTTP 200 | CT=application/json; charset=utf-8 | page=5
[DEBUG] [GD] page 5: 24 items
[DEBUG] [GD] total raw items before normalize: 120; unique kept: 106
[DEBUG] [GD] normalized rows: 106
[DEBUG] [GD] blocked by specialty/diesel filter: 96; passing: 10
[DEBUG] [Proxibid] parsed 30 rows across 1 page(s)
[DEBUG] [Renebates] found 57 events on index
[DEBUG] [Renebates] event: Canadian River Municipal Water Authority - Sanford, Texas secs=9922
[DEBUG] [Renebates] Canadian River Municipal Water Authority - Sanford, Texas -> 48 lots via https://renebates.com/a_list_2.php?id=280&cat=all
[DEBUG] [Renebates] event: Mansfield Independent School District - Mansfield, Texas secs=13519
[DEBUG] [Renebates] Mansfield Independent School District - Mansfield, Texas -> 60 lots via https://renebates.com/a_list_2.php?id=262&cat=all
[Renebates] time budget exceeded; moving on
[DEBUG] [DEBUG] collected 30 listings from all sites (after filter)
[DEBUG] [GD] HTTP 200 | CT=application/json; charset=utf-8 | page=1
[DEBUG] [GD] page 1: 24 items
[DEBUG] [GD] HTTP 200 | CT=application/json; charset=utf-8 | page=2
[DEBUG] [GD] page 2: 24 items
[DEBUG] [GD] HTTP 200 | CT=application/json; charset=utf-8 | page=3
[DEBUG] [GD] page 3: 24 items
[DEBUG] [GD] HTTP 200 | CT=application/json; charset=utf-8 | page=4
[DEBUG] [GD] page 4: 24 items
[DEBUG] [GD] HTTP 200 | CT=application/json; charset=utf-8 | page=5
[DEBUG] [GD] page 5: 24 items
[DEBUG] [GD] total raw items before normalize: 120; unique kept: 106
[DEBUG] [GD] normalized rows: 106
[DEBUG] [GD] blocked by specialty/diesel filter: 96; passing: 10
[DEBUG] [Proxibid] parsed 30 rows across 1 page(s)
[DEBUG] [Renebates] found 57 events on index
[DEBUG] [Renebates] event: Canadian River Municipal Water Authority - Sanford, Texas secs=9278
[DEBUG] [Renebates] Canadian River Municipal Water Authority - Sanford, Texas -> 48 lots via https://renebates.com/a_list_2.php?id=280&cat=all
[DEBUG] [Renebates] event: Mansfield Independent School District - Mansfield, Texas secs=12875
[DEBUG] [Renebates] Mansfield Independent School District - Mansfield, Texas -> 60 lots via https://renebates.com/a_list_2.php?id=262&cat=all
[DEBUG] [DEBUG] collected 30 listings from all sites (after filter)
[DEBUG] [GD] HTTP 200 | CT=application/json; charset=utf-8 | page=1
[DEBUG] [GD] page 1: 24 items
[DEBUG] [GD] HTTP 200 | CT=application/json; charset=utf-8 | page=2
[DEBUG] [GD] page 2: 24 items
[DEBUG] [GD] HTTP 200 | CT=application/json; charset=utf-8 | page=3
[DEBUG] [GD] page 3: 24 items
[DEBUG] [GD] HTTP 200 | CT=application/json; charset=utf-8 | page=4
[DEBUG] [GD] page 4: 24 items
[DEBUG] [GD] HTTP 200 | CT=application/json; charset=utf-8 | page=5
[DEBUG] [GD] page 5: 24 items
[DEBUG] [GD] total raw items before normalize: 120; unique kept: 106
[DEBUG] [GD] normalized rows: 106
[DEBUG] [GD] blocked by specialty/diesel filter: 96; passing: 10
[DEBUG] [Proxibid] parsed 30 rows across 1 page(s)
[DEBUG] [Renebates] found 57 events on index
[DEBUG] [Renebates] event: Canadian River Municipal Water Authority - Sanford, Texas secs=8631
[DEBUG] [Renebates] Canadian River Municipal Water Authority - Sanford, Texas -> 48 lots via https://renebates.com/a_list_2.php?id=280&cat=all
[DEBUG] [Renebates] event: Mansfield Independent School District - Mansfield, Texas secs=12228
[DEBUG] [Renebates] Mansfield Independent School District - Mansfield, Texas -> 60 lots via https://renebates.com/a_list_2.php?id=262&cat=all
[DEBUG] [DEBUG] collected 30 listings from all sites (after filter)
[DEBUG] [GD] HTTP 200 | CT=application/json; charset=utf-8 | page=1
[DEBUG] [GD] page 1: 24 items
[DEBUG] [GD] HTTP 200 | CT=application/json; charset=utf-8 | page=2
[DEBUG] [GD] page 2: 24 items
[DEBUG] [GD] HTTP 200 | CT=application/json; charset=utf-8 | page=3
[DEBUG] [GD] page 3: 24 items
[DEBUG] [GD] HTTP 200 | CT=application/json; charset=utf-8 | page=4
[DEBUG] [GD] page 4: 24 items
[DEBUG] [GD] HTTP 200 | CT=application/json; charset=utf-8 | page=5
[DEBUG] [GD] page 5: 24 items
[DEBUG] [GD] total raw items before normalize: 120; unique kept: 107
[DEBUG] [GD] normalized rows: 107
[DEBUG] [GD] blocked by specialty/diesel filter: 96; passing: 11
[DEBUG] [Proxibid] parsed 30 rows across 1 page(s)
[DEBUG] [Renebates] found 57 events on index
[DEBUG] [Renebates] event: Canadian River Municipal Water Authority - Sanford, Texas secs=7992
[DEBUG] [Renebates] Canadian River Municipal Water Authority - Sanford, Texas -> 48 lots via https://renebates.com/a_list_2.php?id=280&cat=all
[DEBUG] [Renebates] event: Mansfield Independent School District - Mansfield, Texas secs=11589
[DEBUG] [Renebates] Mansfield Independent School District - Mansfield, Texas -> 60 lots via https://renebates.com/a_list_2.php?id=262&cat=all
[DEBUG] [DEBUG] collected 31 listings from all sites (after filter)
[DEBUG] [GD] HTTP 200 | CT=application/json; charset=utf-8 | page=1
[DEBUG] [GD] page 1: 24 items
[DEBUG] [GD] HTTP 200 | CT=application/json; charset=utf-8 | page=2
[DEBUG] [GD] page 2: 24 items
[DEBUG] [GD] HTTP 200 | CT=application/json; charset=utf-8 | page=3
[DEBUG] [GD] page 3: 24 items
[DEBUG] [GD] HTTP 200 | CT=application/json; charset=utf-8 | page=4
[DEBUG] [GD] page 4: 24 items
[DEBUG] [GD] HTTP 200 | CT=application/json; charset=utf-8 | page=5
[DEBUG] [GD] page 5: 24 items
[DEBUG] [GD] total raw items before normalize: 120; unique kept: 107
[DEBUG] [GD] normalized rows: 107
[DEBUG] [GD] blocked by specialty/diesel filter: 96; passing: 11
[DEBUG] [Proxibid] parsed 30 rows across 1 page(s)
[DEBUG] [Renebates] found 57 events on index
[DEBUG] [Renebates] event: Canadian River Municipal Water Authority - Sanford, Texas secs=7338
[DEBUG] [Renebates] Canadian River Municipal Water Authority - Sanford, Texas -> 48 lots via https://renebates.com/a_list_2.php?id=280&cat=all
[DEBUG] [Renebates] event: Mansfield Independent School District - Mansfield, Texas secs=10935
[DEBUG] [Renebates] Mansfield Independent School District - Mansfield, Texas -> 60 lots via https://renebates.com/a_list_2.php?id=262&cat=all
[DEBUG] [DEBUG] collected 31 listings from all sites (after filter)
[DEBUG] [GD] HTTP 200 | CT=application/json; charset=utf-8 | page=1
[DEBUG] [GD] page 1: 24 items
[DEBUG] [GD] HTTP 200 | CT=application/json; charset=utf-8 | page=2
[DEBUG] [GD] page 2: 24 items
[DEBUG] [GD] HTTP 200 | CT=application/json; charset=utf-8 | page=3
[DEBUG] [GD] page 3: 24 items
[DEBUG] [GD] HTTP 200 | CT=application/json; charset=utf-8 | page=4
[DEBUG] [GD] page 4: 24 items
[DEBUG] [GD] HTTP 200 | CT=application/json; charset=utf-8 | page=5
[DEBUG] [GD] page 5: 24 items
[DEBUG] [GD] total raw items before normalize: 120; unique kept: 107
[DEBUG] [GD] normalized rows: 107
[DEBUG] [GD] blocked by specialty/diesel filter: 96; passing: 11
[DEBUG] [Proxibid] parsed 30 rows across 1 page(s)
[DEBUG] [Renebates] found 58 events on index
[DEBUG] [Renebates] event: Canadian River Municipal Water Authority - Sanford, Texas secs=6701
[DEBUG] [Renebates] Canadian River Municipal Water Authority - Sanford, Texas -> 48 lots via https://renebates.com/a_list_2.php?id=280&cat=all
[DEBUG] [Renebates] event: Mansfield Independent School District - Mansfield, Texas secs=10298
[DEBUG] [Renebates] Mansfield Independent School District - Mansfield, Texas -> 60 lots via https://renebates.com/a_list_2.php?id=262&cat=all
[DEBUG] [DEBUG] collected 31 listings from all sites (after filter)
[DEBUG] [GD] HTTP 200 | CT=application/json; charset=utf-8 | page=1
[DEBUG] [GD] page 1: 24 items
[DEBUG] [GD] HTTP 200 | CT=application/json; charset=utf-8 | page=2
[DEBUG] [GD] page 2: 24 items
[DEBUG] [GD] HTTP 200 | CT=application/json; charset=utf-8 | page=3
[DEBUG] [GD] page 3: 24 items
[DEBUG] [GD] HTTP 200 | CT=application/json; charset=utf-8 | page=4
[DEBUG] [GD] page 4: 24 items
[DEBUG] [GD] HTTP 200 | CT=application/json; charset=utf-8 | page=5
[DEBUG] [GD] page 5: 24 items
[DEBUG] [GD] total raw items before normalize: 120; unique kept: 106
[DEBUG] [GD] normalized rows: 106
[DEBUG] [GD] blocked by specialty/diesel filter: 95; passing: 11
[DEBUG] [Proxibid] parsed 30 rows across 1 page(s)
[DEBUG] [Renebates] found 58 events on index
[DEBUG] [Renebates] event: Canadian River Municipal Water Authority - Sanford, Texas secs=6060
[DEBUG] [Renebates] Canadian River Municipal Water Authority - Sanford, Texas -> 48 lots via https://renebates.com/a_list_2.php?id=280&cat=all
[DEBUG] [Renebates] event: Mansfield Independent School District - Mansfield, Texas secs=9658
[DEBUG] [Renebates] Mansfield Independent School District - Mansfield, Texas -> 60 lots via https://renebates.com/a_list_2.php?id=262&cat=all
[DEBUG] [DEBUG] collected 31 listings from all sites (after filter)
[DEBUG] [GD] HTTP 200 | CT=application/json; charset=utf-8 | page=1
[DEBUG] [GD] page 1: 24 items
[DEBUG] [GD] HTTP 200 | CT=application/json; charset=utf-8 | page=2
[DEBUG] [GD] page 2: 24 items
[DEBUG] [GD] HTTP 200 | CT=application/json; charset=utf-8 | page=3
[DEBUG] [GD] page 3: 24 items
[DEBUG] [GD] HTTP 200 | CT=application/json; charset=utf-8 | page=4
[DEBUG] [GD] page 4: 24 items
[DEBUG] [GD] HTTP 200 | CT=application/json; charset=utf-8 | page=5
[DEBUG] [GD] page 5: 24 items
[DEBUG] [GD] total raw items before normalize: 120; unique kept: 106
[DEBUG] [GD] normalized rows: 106
[DEBUG] [GD] blocked by specialty/diesel filter: 95; passing: 11
[DEBUG] [Proxibid] parsed 30 rows across 1 page(s)
[DEBUG] [Renebates] found 58 events on index
[DEBUG] [Renebates] event: Canadian River Municipal Water Authority - Sanford, Texas secs=5422
[DEBUG] [Renebates] Canadian River Municipal Water Authority - Sanford, Texas -> 48 lots via https://renebates.com/a_list_2.php?id=280&cat=all
[DEBUG] [Renebates] event: Mansfield Independent School District - Mansfield, Texas secs=9018
[DEBUG] [Renebates] Mansfield Independent School District - Mansfield, Texas -> 60 lots via https://renebates.com/a_list_2.php?id=262&cat=all
[DEBUG] [DEBUG] collected 31 listings from all sites (after filter)
[DEBUG] [GD] HTTP 200 | CT=application/json; charset=utf-8 | page=1
[DEBUG] [GD] page 1: 24 items
[DEBUG] [GD] HTTP 200 | CT=application/json; charset=utf-8 | page=2
[DEBUG] [GD] page 2: 24 items
[DEBUG] [GD] HTTP 200 | CT=application/json; charset=utf-8 | page=3
[DEBUG] [GD] page 3: 24 items
[DEBUG] [GD] HTTP 200 | CT=application/json; charset=utf-8 | page=4
[DEBUG] [GD] page 4: 24 items
[DEBUG] [GD] HTTP 200 | CT=application/json; charset=utf-8 | page=5
[DEBUG] [GD] page 5: 24 items
[DEBUG] [GD] total raw items before normalize: 120; unique kept: 106
[DEBUG] [GD] normalized rows: 106
[DEBUG] [GD] blocked by specialty/diesel filter: 95; passing: 11
[DEBUG] [Proxibid] parsed 30 rows across 1 page(s)
[DEBUG] [Renebates] found 58 events on index
[DEBUG] [Renebates] event: Canadian River Municipal Water Authority - Sanford, Texas secs=4772
[DEBUG] [Renebates] Canadian River Municipal Water Authority - Sanford, Texas -> 48 lots via https://renebates.com/a_list_2.php?id=280&cat=all
[DEBUG] [Renebates] event: Mansfield Independent School District - Mansfield, Texas secs=8368
[DEBUG] [Renebates] Mansfield Independent School District - Mansfield, Texas -> 60 lots via https://renebates.com/a_list_2.php?id=262&cat=all
[DEBUG] [DEBUG] collected 20 listings from all sites (after filter)
[DEBUG] [GD] HTTP 200 | CT=application/json; charset=utf-8 | page=1
[DEBUG] [GD] page 1: 24 items
[DEBUG] [GD] HTTP 200 | CT=application/json; charset=utf-8 | page=2
[DEBUG] [GD] page 2: 24 items
[DEBUG] [GD] HTTP 200 | CT=application/json; charset=utf-8 | page=3
[DEBUG] [GD] page 3: 24 items
[DEBUG] [GD] HTTP 200 | CT=application/json; charset=utf-8 | page=4
[DEBUG] [GD] page 4: 24 items
[DEBUG] [GD] HTTP 200 | CT=application/json; charset=utf-8 | page=5
[DEBUG] [GD] page 5: 24 items
[DEBUG] [GD] total raw items before normalize: 120; unique kept: 106
[DEBUG] [GD] normalized rows: 106
[DEBUG] [GD] blocked by specialty/diesel filter: 95; passing: 11
[DEBUG] [Proxibid] parsed 30 rows across 1 page(s)
[DEBUG] [Renebates] found 59 events on index
[DEBUG] [Renebates] event: Canadian River Municipal Water Authority - Sanford, Texas secs=4124
[DEBUG] [Renebates] Canadian River Municipal Water Authority - Sanford, Texas -> 48 lots via https://renebates.com/a_list_2.php?id=280&cat=all
[DEBUG] [Renebates] event: Mansfield Independent School District - Mansfield, Texas secs=7721
[DEBUG] [Renebates] Mansfield Independent School District - Mansfield, Texas -> 60 lots via https://renebates.com/a_list_2.php?id=262&cat=all
[DEBUG] [DEBUG] collected 20 listings from all sites (after filter)
[DEBUG] [GD] HTTP 200 | CT=application/json; charset=utf-8 | page=1
[DEBUG] [GD] page 1: 24 items
[DEBUG] [GD] HTTP 200 | CT=application/json; charset=utf-8 | page=2
[DEBUG] [GD] page 2: 24 items
[DEBUG] [GD] HTTP 200 | CT=application/json; charset=utf-8 | page=3
[DEBUG] [GD] page 3: 24 items
[DEBUG] [GD] HTTP 200 | CT=application/json; charset=utf-8 | page=4
[DEBUG] [GD] page 4: 24 items
[DEBUG] [GD] HTTP 200 | CT=application/json; charset=utf-8 | page=5
[DEBUG] [GD] page 5: 24 items
[DEBUG] [GD] total raw items before normalize: 120; unique kept: 106
[DEBUG] [GD] normalized rows: 106
[DEBUG] [GD] blocked by specialty/diesel filter: 95; passing: 11
[DEBUG] [Proxibid] parsed 30 rows across 1 page(s)
[DEBUG] [Renebates] found 59 events on index
[DEBUG] [Renebates] event: Canadian River Municipal Water Authority - Sanford, Texas secs=3478
[DEBUG] [Renebates] Canadian River Municipal Water Authority - Sanford, Texas -> 48 lots via https://renebates.com/a_list_2.php?id=280&cat=all
[DEBUG] [Renebates] event: Mansfield Independent School District - Mansfield, Texas secs=7075
[DEBUG] [Renebates] Mansfield Independent School District - Mansfield, Texas -> 60 lots via https://renebates.com/a_list_2.php?id=262&cat=all
[DEBUG] [DEBUG] collected 20 listings from all sites (after filter)
❌ Digest SMS failed: HTTP 401 error: Unable to create record: Authenticate
📬 Daily digest SMS sent.
[DEBUG] [GD] HTTP 200 | CT=application/json; charset=utf-8 | page=1
[DEBUG] [GD] page 1: 24 items
[DEBUG] [GD] HTTP 200 | CT=application/json; charset=utf-8 | page=2
[DEBUG] [GD] page 2: 24 items
[DEBUG] [GD] HTTP 200 | CT=application/json; charset=utf-8 | page=3
[DEBUG] [GD] page 3: 24 items
[DEBUG] [GD] HTTP 200 | CT=application/json; charset=utf-8 | page=4
[DEBUG] [GD] page 4: 24 items
[DEBUG] [GD] HTTP 200 | CT=application/json; charset=utf-8 | page=5
[DEBUG] [GD] page 5: 24 items
[DEBUG] [GD] total raw items before normalize: 120; unique kept: 107
[DEBUG] [GD] normalized rows: 107
[DEBUG] [GD] blocked by specialty/diesel filter: 96; passing: 11
[DEBUG] [Proxibid] parsed 30 rows across 1 page(s)
[DEBUG] [Renebates] found 60 events on index
[DEBUG] [Renebates] event: Canadian River Municipal Water Authority - Sanford, Texas secs=2822
[DEBUG] [Renebates] Canadian River Municipal Water Authority - Sanford, Texas -> 48 lots via https://renebates.com/a_list_2.php?id=280&cat=all
[DEBUG] [Renebates] event: Mansfield Independent School District - Mansfield, Texas secs=6419
[DEBUG] [Renebates] Mansfield Independent School District - Mansfield, Texas -> 60 lots via https://renebates.com/a_list_2.php?id=262&cat=all
[DEBUG] [DEBUG] collected 20 listings from all sites (after filter)
[DEBUG] [GD] HTTP 200 | CT=application/json; charset=utf-8 | page=1
[DEBUG] [GD] page 1: 24 items
[DEBUG] [GD] HTTP 200 | CT=application/json; charset=utf-8 | page=2
[DEBUG] [GD] page 2: 24 items
[DEBUG] [GD] HTTP 200 | CT=application/json; charset=utf-8 | page=3
[DEBUG] [GD] page 3: 24 items
[DEBUG] [GD] HTTP 200 | CT=application/json; charset=utf-8 | page=4
[DEBUG] [GD] page 4: 24 items
[DEBUG] [GD] HTTP 200 | CT=application/json; charset=utf-8 | page=5
[DEBUG] [GD] page 5: 24 items
[DEBUG] [GD] total raw items before normalize: 120; unique kept: 107
[DEBUG] [GD] normalized rows: 107
[DEBUG] [GD] blocked by specialty/diesel filter: 95; passing: 12
[DEBUG] [Proxibid] parsed 30 rows across 1 page(s)
[DEBUG] [Renebates] found 61 events on index
[DEBUG] [Renebates] event: Canadian River Municipal Water Authority - Sanford, Texas secs=2166
[DEBUG] [Renebates] Canadian River Municipal Water Authority - Sanford, Texas -> 48 lots via https://renebates.com/a_list_2.php?id=280&cat=all
[DEBUG] [Renebates] event: Mansfield Independent School District - Mansfield, Texas secs=5762
[DEBUG] [Renebates] Mansfield Independent School District - Mansfield, Texas -> 60 lots via https://renebates.com/a_list_2.php?id=262&cat=all
[DEBUG] [DEBUG] collected 21 listings from all sites (after filter)
[DEBUG] [GD] HTTP 200 | CT=application/json; charset=utf-8 | page=1
[DEBUG] [GD] page 1: 24 items
[DEBUG] [GD] HTTP 200 | CT=application/json; charset=utf-8 | page=2
[DEBUG] [GD] page 2: 24 items
[DEBUG] [GD] HTTP 200 | CT=application/json; charset=utf-8 | page=3
[DEBUG] [GD] page 3: 24 items
[DEBUG] [GD] HTTP 200 | CT=application/json; charset=utf-8 | page=4
[DEBUG] [GD] page 4: 24 items
[DEBUG] [GD] HTTP 200 | CT=application/json; charset=utf-8 | page=5
[DEBUG] [GD] page 5: 24 items
[DEBUG] [GD] total raw items before normalize: 120; unique kept: 107
[DEBUG] [GD] normalized rows: 107
[DEBUG] [GD] blocked by specialty/diesel filter: 94; passing: 13
[DEBUG] [Proxibid] parsed 30 rows across 1 page(s)
[DEBUG] [Renebates] found 61 events on index
[DEBUG] [Renebates] event: Canadian River Municipal Water Authority - Sanford, Texas secs=1522
[DEBUG] [Renebates] Canadian River Municipal Water Authority - Sanford, Texas -> 48 lots via https://renebates.com/a_list_2.php?id=280&cat=all
[DEBUG] [Renebates] event: Mansfield Independent School District - Mansfield, Texas secs=5118
[DEBUG] [Renebates] Mansfield Independent School District - Mansfield, Texas -> 60 lots via https://renebates.com/a_list_2.php?id=262&cat=all
[DEBUG] [DEBUG] collected 22 listings from all sites (after filter)
[DEBUG] [GD] HTTP 200 | CT=application/json; charset=utf-8 | page=1
[DEBUG] [GD] page 1: 24 items
[DEBUG] [GD] HTTP 200 | CT=application/json; charset=utf-8 | page=2
[DEBUG] [GD] page 2: 24 items
[DEBUG] [GD] HTTP 200 | CT=application/json; charset=utf-8 | page=3
[DEBUG] [GD] page 3: 24 items
[DEBUG] [GD] HTTP 200 | CT=application/json; charset=utf-8 | page=4
[DEBUG] [GD] page 4: 24 items
[DEBUG] [GD] HTTP 200 | CT=application/json; charset=utf-8 | page=5
[DEBUG] [GD] page 5: 24 items
[DEBUG] [GD] total raw items before normalize: 120; unique kept: 107
[DEBUG] [GD] normalized rows: 107
[DEBUG] [GD] blocked by specialty/diesel filter: 94; passing: 13
[DEBUG] [Proxibid] parsed 30 rows across 1 page(s)
[DEBUG] [Renebates] found 61 events on index
[DEBUG] [Renebates] event: Canadian River Municipal Water Authority - Sanford, Texas secs=865
[DEBUG] [Renebates] Canadian River Municipal Water Authority - Sanford, Texas -> 48 lots via https://renebates.com/a_list_2.php?id=280&cat=all
[DEBUG] [Renebates] event: Mansfield Independent School District - Mansfield, Texas secs=4461
[DEBUG] [Renebates] Mansfield Independent School District - Mansfield, Texas -> 60 lots via https://renebates.com/a_list_2.php?id=262&cat=all
[DEBUG] [DEBUG] collected 21 listings from all sites (after filter)
[DEBUG] [GD] HTTP 200 | CT=application/json; charset=utf-8 | page=1
[DEBUG] [GD] page 1: 24 items
[DEBUG] [GD] HTTP 200 | CT=application/json; charset=utf-8 | page=2
[DEBUG] [GD] page 2: 24 items
[DEBUG] [GD] HTTP 200 | CT=application/json; charset=utf-8 | page=3
[DEBUG] [GD] page 3: 24 items
[DEBUG] [GD] HTTP 200 | CT=application/json; charset=utf-8 | page=4
[DEBUG] [GD] page 4: 24 items
[DEBUG] [GD] HTTP 200 | CT=application/json; charset=utf-8 | page=5
[DEBUG] [GD] page 5: 24 items
[DEBUG] [GD] total raw items before normalize: 120; unique kept: 107
[DEBUG] [GD] normalized rows: 107
[DEBUG] [GD] blocked by specialty/diesel filter: 94; passing: 13
[DEBUG] [Proxibid] parsed 30 rows across 1 page(s)
[DEBUG] [Renebates] found 61 events on index
[DEBUG] [Renebates] event: Canadian River Municipal Water Authority - Sanford, Texas secs=210
[DEBUG] [Renebates] Canadian River Municipal Water Authority - Sanford, Texas -> 48 lots via https://renebates.com/a_list_2.php?id=280&cat=all
[DEBUG] [Renebates] event: Mansfield Independent School District - Mansfield, Texas secs=3806
[DEBUG] [Renebates] Mansfield Independent School District - Mansfield, Texas -> 60 lots via https://renebates.com/a_list_2.php?id=262&cat=all
[DEBUG] [DEBUG] collected 21 listings from all sites (after filter)
[DEBUG] [GD] HTTP 200 | CT=application/json; charset=utf-8 | page=1
[DEBUG] [GD] page 1: 24 items
[DEBUG] [GD] HTTP 200 | CT=application/json; charset=utf-8 | page=2
[DEBUG] [GD] page 2: 24 items
[DEBUG] [GD] HTTP 200 | CT=application/json; charset=utf-8 | page=3
[DEBUG] [GD] page 3: 24 items
[DEBUG] [GD] HTTP 200 | CT=application/json; charset=utf-8 | page=4
[DEBUG] [GD] page 4: 24 items
[DEBUG] [GD] HTTP 200 | CT=application/json; charset=utf-8 | page=5
[DEBUG] [GD] page 5: 24 items
[DEBUG] [GD] total raw items before normalize: 120; unique kept: 107
[DEBUG] [GD] normalized rows: 107
[DEBUG] [GD] blocked by specialty/diesel filter: 95; passing: 12
[DEBUG] [Proxibid] parsed 30 rows across 1 page(s)
[DEBUG] [Renebates] found 61 events on index
[DEBUG] [Renebates] event: Canadian River Municipal Water Authority - Sanford, Texas secs=0
[DEBUG] [Renebates] Canadian River Municipal Water Authority - Sanford, Texas -> 45 lots via https://renebates.com/a_list_2.php?id=280&cat=all
[DEBUG] [Renebates] event: Mansfield Independent School District - Mansfield, Texas secs=3150
[DEBUG] [Renebates] Mansfield Independent School District - Mansfield, Texas -> 60 lots via https://renebates.com/a_list_2.php?id=262&cat=all
[DEBUG] [DEBUG] collected 20 listings from all sites (after filter)
[DEBUG] [GD] HTTP 200 | CT=application/json; charset=utf-8 | page=1
[DEBUG] [GD] page 1: 24 items
[DEBUG] [GD] HTTP 200 | CT=application/json; charset=utf-8 | page=2
[DEBUG] [GD] page 2: 24 items
[DEBUG] [GD] HTTP 200 | CT=application/json; charset=utf-8 | page=3
[DEBUG] [GD] page 3: 24 items
[DEBUG] [GD] HTTP 200 | CT=application/json; charset=utf-8 | page=4
[DEBUG] [GD] page 4: 24 items
[DEBUG] [GD] HTTP 200 | CT=application/json; charset=utf-8 | page=5
[DEBUG] [GD] page 5: 24 items
[DEBUG] [GD] total raw items before normalize: 120; unique kept: 107
[DEBUG] [GD] normalized rows: 107
[DEBUG] [GD] blocked by specialty/diesel filter: 96; passing: 11
[DEBUG] [Proxibid] parsed 30 rows across 1 page(s)
[DEBUG] [Renebates] found 61 events on index
[DEBUG] [Renebates] event: Canadian River Municipal Water Authority - Sanford, Texas secs=0
[DEBUG] [Renebates] Canadian River Municipal Water Authority - Sanford, Texas -> 40 lots via https://renebates.com/a_list_2.php?id=280&cat=all
[DEBUG] [Renebates] event: Mansfield Independent School District - Mansfield, Texas secs=2503
[DEBUG] [Renebates] Mansfield Independent School District - Mansfield, Texas -> 60 lots via https://renebates.com/a_list_2.php?id=262&cat=all
[DEBUG] [DEBUG] collected 19 listings from all sites (after filter)
[DEBUG] [GD] HTTP 200 | CT=application/json; charset=utf-8 | page=1
[DEBUG] [GD] page 1: 24 items
[DEBUG] [GD] HTTP 200 | CT=application/json; charset=utf-8 | page=2
[DEBUG] [GD] page 2: 24 items
[DEBUG] [GD] HTTP 200 | CT=application/json; charset=utf-8 | page=3
[DEBUG] [GD] page 3: 24 items
[DEBUG] [GD] HTTP 200 | CT=application/json; charset=utf-8 | page=4
[DEBUG] [GD] page 4: 24 items
[DEBUG] [GD] HTTP 200 | CT=application/json; charset=utf-8 | page=5
[DEBUG] [GD] page 5: 24 items
[DEBUG] [GD] total raw items before normalize: 120; unique kept: 107
[DEBUG] [GD] normalized rows: 107
[DEBUG] [GD] blocked by specialty/diesel filter: 95; passing: 12
[DEBUG] [Proxibid] parsed 30 rows across 1 page(s)
[DEBUG] [Renebates] found 61 events on index
[DEBUG] [Renebates] event: Canadian River Municipal Water Authority - Sanford, Texas secs=0
[DEBUG] [Renebates] Canadian River Municipal Water Authority - Sanford, Texas -> 36 lots via https://renebates.com/a_list_2.php?id=280&cat=all
[DEBUG] [Renebates] event: Mansfield Independent School District - Mansfield, Texas secs=1856
[DEBUG] [Renebates] Mansfield Independent School District - Mansfield, Texas -> 60 lots via https://renebates.com/a_list_2.php?id=262&cat=all
[DEBUG] [DEBUG] collected 21 listings from all sites (after filter)
[DEBUG] [GD] HTTP 200 | CT=application/json; charset=utf-8 | page=1
[DEBUG] [GD] page 1: 24 items
[DEBUG] [GD] HTTP 200 | CT=application/json; charset=utf-8 | page=2
[DEBUG] [GD] page 2: 24 items
[DEBUG] [GD] HTTP 200 | CT=application/json; charset=utf-8 | page=3
[DEBUG] [GD] page 3: 24 items
[DEBUG] [GD] HTTP 200 | CT=application/json; charset=utf-8 | page=4
[DEBUG] [GD] page 4: 24 items
[DEBUG] [GD] HTTP 200 | CT=application/json; charset=utf-8 | page=5
[DEBUG] [GD] page 5: 24 items
[DEBUG] [GD] total raw items before normalize: 120; unique kept: 107
[DEBUG] [GD] normalized rows: 107
[DEBUG] [GD] blocked by specialty/diesel filter: 95; passing: 12
[DEBUG] [Proxibid] parsed 30 rows across 1 page(s)
[DEBUG] [Renebates] found 61 events on index
[DEBUG] [Renebates] event: Mansfield Independent School District - Mansfield, Texas secs=1217
[DEBUG] [Renebates] Mansfield Independent School District - Mansfield, Texas -> 60 lots via https://renebates.com/a_list_2.php?id=262&cat=all
[DEBUG] [Renebates] event: The City Of The Colony, Texas secs=4814
[DEBUG] [Renebates] The City Of The Colony, Texas -> 30 lots via https://renebates.com/a_list_2.php?id=246&cat=all
[DEBUG] [DEBUG] collected 21 listings from all sites (after filter)
[DEBUG] [GD] HTTP 200 | CT=application/json; charset=utf-8 | page=1
[DEBUG] [GD] page 1: 24 items
[DEBUG] [GD] HTTP 200 | CT=application/json; charset=utf-8 | page=2
[DEBUG] [GD] page 2: 24 items
[DEBUG] [GD] HTTP 200 | CT=application/json; charset=utf-8 | page=3
[DEBUG] [GD] page 3: 24 items
[DEBUG] [GD] HTTP 200 | CT=application/json; charset=utf-8 | page=4
[DEBUG] [GD] page 4: 24 items
[DEBUG] [GD] HTTP 200 | CT=application/json; charset=utf-8 | page=5
[DEBUG] [GD] page 5: 24 items
[DEBUG] [GD] total raw items before normalize: 120; unique kept: 106
[DEBUG] [GD] normalized rows: 106
[DEBUG] [GD] blocked by specialty/diesel filter: 94; passing: 12
[DEBUG] [Proxibid] parsed 30 rows across 1 page(s)
[DEBUG] [Renebates] found 61 events on index
[DEBUG] [Renebates] event: Mansfield Independent School District - Mansfield, Texas secs=569
[DEBUG] [Renebates] Mansfield Independent School District - Mansfield, Texas -> 60 lots via https://renebates.com/a_list_2.php?id=262&cat=all
[DEBUG] [Renebates] event: The City Of The Colony, Texas secs=4166
[DEBUG] [Renebates] The City Of The Colony, Texas -> 30 lots via https://renebates.com/a_list_2.php?id=246&cat=all
[DEBUG] [DEBUG] collected 20 listings from all sites (after filter)
[DEBUG] [GD] HTTP 200 | CT=application/json; charset=utf-8 | page=1
[DEBUG] [GD] page 1: 24 items
[DEBUG] [GD] HTTP 200 | CT=application/json; charset=utf-8 | page=2
[DEBUG] [GD] page 2: 24 items
[DEBUG] [GD] HTTP 200 | CT=application/json; charset=utf-8 | page=3
[DEBUG] [GD] page 3: 24 items
[DEBUG] [GD] HTTP 200 | CT=application/json; charset=utf-8 | page=4
[DEBUG] [GD] page 4: 24 items
[DEBUG] [GD] HTTP 200 | CT=application/json; charset=utf-8 | page=5
[DEBUG] [GD] page 5: 24 items
[DEBUG] [GD] total raw items before normalize: 120; unique kept: 108
[DEBUG] [GD] normalized rows: 108
[DEBUG] [GD] blocked by specialty/diesel filter: 95; passing: 13
[DEBUG] [Proxibid] parsed 30 rows across 1 page(s)
[DEBUG] [Renebates] found 61 events on index
[DEBUG] [Renebates] event: Mansfield Independent School District - Mansfield, Texas secs=0
[DEBUG] [Renebates] Mansfield Independent School District - Mansfield, Texas -> 58 lots via https://renebates.com/a_list_2.php?id=262&cat=all
[DEBUG] [Renebates] event: The City Of The Colony, Texas secs=3508
[DEBUG] [Renebates] The City Of The Colony, Texas -> 30 lots via https://renebates.com/a_list_2.php?id=246&cat=all
[DEBUG] [DEBUG] collected 21 listings from all sites (after filter)
[DEBUG] [GD] HTTP 200 | CT=application/json; charset=utf-8 | page=1
[DEBUG] [GD] page 1: 24 items
[DEBUG] [GD] HTTP 200 | CT=application/json; charset=utf-8 | page=2
[DEBUG] [GD] page 2: 24 items
[DEBUG] [GD] HTTP 200 | CT=application/json; charset=utf-8 | page=3
[DEBUG] [GD] page 3: 24 items
[DEBUG] [GD] HTTP 200 | CT=application/json; charset=utf-8 | page=4
[DEBUG] [GD] page 4: 24 items
[DEBUG] [GD] HTTP 200 | CT=application/json; charset=utf-8 | page=5
[DEBUG] [GD] page 5: 24 items
[DEBUG] [GD] total raw items before normalize: 120; unique kept: 108
[DEBUG] [GD] normalized rows: 108
[DEBUG] [GD] blocked by specialty/diesel filter: 95; passing: 13
[DEBUG] [Proxibid] parsed 30 rows across 1 page(s)
[DEBUG] [Renebates] found 61 events on index
[DEBUG] [Renebates] event: Mansfield Independent School District - Mansfield, Texas secs=0
[DEBUG] [Renebates] Mansfield Independent School District - Mansfield, Texas -> 49 lots via https://renebates.com/a_list_2.php?id=262&cat=all
[DEBUG] [Renebates] event: The City Of The Colony, Texas secs=2866
[DEBUG] [Renebates] The City Of The Colony, Texas -> 30 lots via https://renebates.com/a_list_2.php?id=246&cat=all
[DEBUG] [DEBUG] collected 21 listings from all sites (after filter)
[DEBUG] [GD] HTTP 200 | CT=application/json; charset=utf-8 | page=1
[DEBUG] [GD] page 1: 24 items
[DEBUG] [GD] HTTP 200 | CT=application/json; charset=utf-8 | page=2
[DEBUG] [GD] page 2: 24 items
[DEBUG] [GD] HTTP 200 | CT=application/json; charset=utf-8 | page=3
[DEBUG] [GD] page 3: 24 items
[DEBUG] [GD] HTTP 200 | CT=application/json; charset=utf-8 | page=4
[DEBUG] [GD] page 4: 24 items
[DEBUG] [GD] HTTP 200 | CT=application/json; charset=utf-8 | page=5
[DEBUG] [GD] page 5: 24 items
[DEBUG] [GD] total raw items before normalize: 120; unique kept: 107
[DEBUG] [GD] normalized rows: 107
[DEBUG] [GD] blocked by specialty/diesel filter: 93; passing: 14
[DEBUG] [Proxibid] parsed 30 rows across 1 page(s)
[DEBUG] [Renebates] found 61 events on index
[DEBUG] [Renebates] event: Mansfield Independent School District - Mansfield, Texas secs=0
[DEBUG] [Renebates] Mansfield Independent School District - Mansfield, Texas -> 40 lots via https://renebates.com/a_list_2.php?id=262&cat=all
[DEBUG] [Renebates] event: The City Of The Colony, Texas secs=2222
[DEBUG] [Renebates] The City Of The Colony, Texas -> 30 lots via https://renebates.com/a_list_2.php?id=246&cat=all
[DEBUG] [DEBUG] collected 22 listings from all sites (after filter)
[DEBUG] [GD] HTTP 200 | CT=application/json; charset=utf-8 | page=1
[DEBUG] [GD] page 1: 24 items
[DEBUG] [GD] HTTP 200 | CT=application/json; charset=utf-8 | page=2
[DEBUG] [GD] page 2: 24 items
[DEBUG] [GD] HTTP 200 | CT=application/json; charset=utf-8 | page=3
[DEBUG] [GD] page 3: 24 items
[DEBUG] [GD] HTTP 200 | CT=application/json; charset=utf-8 | page=4
[DEBUG] [GD] page 4: 24 items
[DEBUG] [GD] HTTP 200 | CT=application/json; charset=utf-8 | page=5
[DEBUG] [GD] page 5: 24 items
[DEBUG] [GD] total raw items before normalize: 120; unique kept: 107
[DEBUG] [GD] normalized rows: 107
[DEBUG] [GD] blocked by specialty/diesel filter: 93; passing: 14
[DEBUG] [Proxibid] parsed 30 rows across 1 page(s)
[DEBUG] [Renebates] found 61 events on index
[DEBUG] [Renebates] event: Mansfield Independent School District - Mansfield, Texas secs=0
[DEBUG] [Renebates] Mansfield Independent School District - Mansfield, Texas -> 40 lots via https://renebates.com/a_list_2.php?id=262&cat=all
[DEBUG] [Renebates] event: The City Of The Colony, Texas secs=1573
[DEBUG] [Renebates] The City Of The Colony, Texas -> 30 lots via https://renebates.com/a_list_2.php?id=246&cat=all
[DEBUG] [DEBUG] collected 22 listings from all sites (after filter)
[DEBUG] [GD] HTTP 200 | CT=application/json; charset=utf-8 | page=1
[DEBUG] [GD] page 1: 24 items
[DEBUG] [GD] HTTP 200 | CT=application/json; charset=utf-8 | page=2
[DEBUG] [GD] page 2: 24 items
[DEBUG] [GD] HTTP 200 | CT=application/json; charset=utf-8 | page=3
[DEBUG] [GD] page 3: 24 items
[DEBUG] [GD] HTTP 200 | CT=application/json; charset=utf-8 | page=4
[DEBUG] [GD] page 4: 24 items
[DEBUG] [GD] HTTP 200 | CT=application/json; charset=utf-8 | page=5
[DEBUG] [GD] page 5: 24 items
[DEBUG] [GD] total raw items before normalize: 120; unique kept: 107
[DEBUG] [GD] normalized rows: 107
[DEBUG] [GD] blocked by specialty/diesel filter: 93; passing: 14
[DEBUG] [Proxibid] parsed 30 rows across 1 page(s)
[DEBUG] [Renebates] found 61 events on index
[DEBUG] [Renebates] event: Mansfield Independent School District - Mansfield, Texas secs=0
[DEBUG] [Renebates] Mansfield Independent School District - Mansfield, Texas -> 40 lots via https://renebates.com/a_list_2.php?id=262&cat=all
[DEBUG] [Renebates] event: The City Of The Colony, Texas secs=925
[DEBUG] [Renebates] The City Of The Colony, Texas -> 30 lots via https://renebates.com/a_list_2.php?id=246&cat=all
[DEBUG] [DEBUG] collected 22 listings from all sites (after filter)
[DEBUG] [GD] HTTP 200 | CT=application/json; charset=utf-8 | page=1
[DEBUG] [GD] page 1: 24 items
[DEBUG] [GD] HTTP 200 | CT=application/json; charset=utf-8 | page=2
[DEBUG] [GD] page 2: 24 items
[DEBUG] [GD] HTTP 200 | CT=application/json; charset=utf-8 | page=3
[DEBUG] [GD] page 3: 24 items
[DEBUG] [GD] HTTP 200 | CT=application/json; charset=utf-8 | page=4
[DEBUG] [GD] page 4: 24 items
[DEBUG] [GD] HTTP 200 | CT=application/json; charset=utf-8 | page=5
[DEBUG] [GD] page 5: 24 items
[DEBUG] [GD] total raw items before normalize: 120; unique kept: 107
[DEBUG] [GD] normalized rows: 107
[DEBUG] [GD] blocked by specialty/diesel filter: 92; passing: 15
[DEBUG] [Proxibid] parsed 30 rows across 1 page(s)
[DEBUG] [Renebates] found 61 events on index
[DEBUG] [Renebates] event: Mansfield Independent School District - Mansfield, Texas secs=0
[DEBUG] [Renebates] Mansfield Independent School District - Mansfield, Texas -> 40 lots via https://renebates.com/a_list_2.php?id=262&cat=all
[DEBUG] [Renebates] event: The City Of The Colony, Texas secs=288
[DEBUG] [Renebates] The City Of The Colony, Texas -> 30 lots via https://renebates.com/a_list_2.php?id=246&cat=all
[DEBUG] [DEBUG] collected 23 listings from all sites (after filter)
[DEBUG] [GD] HTTP 200 | CT=application/json; charset=utf-8 | page=1
[DEBUG] [GD] page 1: 24 items
[DEBUG] [GD] HTTP 200 | CT=application/json; charset=utf-8 | page=2
[DEBUG] [GD] page 2: 24 items
[DEBUG] [GD] HTTP 200 | CT=application/json; charset=utf-8 | page=3
[DEBUG] [GD] page 3: 24 items
[DEBUG] [GD] HTTP 200 | CT=application/json; charset=utf-8 | page=4
[DEBUG] [GD] page 4: 24 items
[DEBUG] [GD] HTTP 200 | CT=application/json; charset=utf-8 | page=5
[DEBUG] [GD] page 5: 24 items
[DEBUG] [GD] total raw items before normalize: 120; unique kept: 107
[DEBUG] [GD] normalized rows: 107
[DEBUG] [GD] blocked by specialty/diesel filter: 92; passing: 15
[DEBUG] [Proxibid] parsed 30 rows across 1 page(s)
[DEBUG] [Renebates] found 63 events on index
[DEBUG] [Renebates] event: Mansfield Independent School District - Mansfield, Texas secs=0
[DEBUG] [Renebates] Mansfield Independent School District - Mansfield, Texas -> 40 lots via https://renebates.com/a_list_2.php?id=262&cat=all
[DEBUG] [Renebates] event: The City Of The Colony, Texas secs=0
[DEBUG] [Renebates] The City Of The Colony, Texas -> 24 lots via https://renebates.com/a_list_2.php?id=246&cat=all
[DEBUG] [DEBUG] collected 42 listings from all sites (after filter)
[DEBUG] [GD] HTTP 200 | CT=application/json; charset=utf-8 | page=1
[DEBUG] [GD] page 1: 24 items
[DEBUG] [GD] HTTP 200 | CT=application/json; charset=utf-8 | page=2
[DEBUG] [GD] page 2: 24 items
[DEBUG] [GD] HTTP 200 | CT=application/json; charset=utf-8 | page=3
[DEBUG] [GD] page 3: 24 items
[DEBUG] [GD] HTTP 200 | CT=application/json; charset=utf-8 | page=4
[DEBUG] [GD] page 4: 24 items
[DEBUG] [GD] HTTP 200 | CT=application/json; charset=utf-8 | page=5
[DEBUG] [GD] page 5: 24 items
[DEBUG] [GD] total raw items before normalize: 120; unique kept: 107
[DEBUG] [GD] normalized rows: 107
[DEBUG] [GD] blocked by specialty/diesel filter: 92; passing: 15
[DEBUG] [Proxibid] parsed 30 rows across 1 page(s)
[DEBUG] [Renebates] found 63 events on index
[DEBUG] [Renebates] event: The City Of The Colony, Texas secs=0
[DEBUG] [Renebates] The City Of The Colony, Texas -> 21 lots via https://renebates.com/a_list_2.php?id=246&cat=all
[DEBUG] [Renebates] event: The University Of Texas Of The Permian Basin - Odessa, Texas secs=2585
[DEBUG] [Renebates] The University Of Texas Of The Permian Basin - Odessa, Texas -> 60 lots via https://renebates.com/a_list_2.php?id=129&cat=all
[DEBUG] [DEBUG] collected 40 listings from all sites (after filter)
[DEBUG] [GD] HTTP 200 | CT=application/json; charset=utf-8 | page=1
[DEBUG] [GD] page 1: 24 items
[DEBUG] [GD] HTTP 200 | CT=application/json; charset=utf-8 | page=2
[DEBUG] [GD] page 2: 24 items
[DEBUG] [GD] HTTP 200 | CT=application/json; charset=utf-8 | page=3
[DEBUG] [GD] page 3: 24 items
[DEBUG] [GD] HTTP 200 | CT=application/json; charset=utf-8 | page=4
[DEBUG] [GD] page 4: 24 items
[DEBUG] [GD] HTTP 200 | CT=application/json; charset=utf-8 | page=5
[DEBUG] [GD] page 5: 24 items
[DEBUG] [GD] total raw items before normalize: 120; unique kept: 107
[DEBUG] [GD] normalized rows: 107
[DEBUG] [GD] blocked by specialty/diesel filter: 91; passing: 16
[DEBUG] [Proxibid] parsed 30 rows across 1 page(s)
[DEBUG] [Renebates] found 63 events on index
[DEBUG] [Renebates] event: The University Of Texas Of The Permian Basin - Odessa, Texas secs=1936
[DEBUG] [Renebates] The University Of Texas Of The Permian Basin - Odessa, Texas -> 60 lots via https://renebates.com/a_list_2.php?id=129&cat=all
[DEBUG] [Renebates] event: Lovejoy Independent School District - Lucas, Texas secs=5531
[DEBUG] [Renebates] Lovejoy Independent School District - Lucas, Texas -> 24 lots via https://renebates.com/a_list_2.php?id=276&cat=all
[DEBUG] [DEBUG] collected 40 listings from all sites (after filter)
[DEBUG] [GD] HTTP 200 | CT=application/json; charset=utf-8 | page=1
[DEBUG] [GD] page 1: 24 items
[DEBUG] [GD] HTTP 200 | CT=application/json; charset=utf-8 | page=2
[DEBUG] [GD] page 2: 24 items
[DEBUG] [GD] HTTP 200 | CT=application/json; charset=utf-8 | page=3
[DEBUG] [GD] page 3: 24 items
[DEBUG] [GD] HTTP 200 | CT=application/json; charset=utf-8 | page=4
[DEBUG] [GD] page 4: 24 items
[DEBUG] [GD] HTTP 200 | CT=application/json; charset=utf-8 | page=5
[DEBUG] [GD] page 5: 24 items
[DEBUG] [GD] total raw items before normalize: 120; unique kept: 107
[DEBUG] [GD] normalized rows: 107
[DEBUG] [GD] blocked by specialty/diesel filter: 91; passing: 16
[DEBUG] [Proxibid] parsed 30 rows across 1 page(s)
[DEBUG] [Renebates] found 64 events on index
[DEBUG] [Renebates] event: The University Of Texas Of The Permian Basin - Odessa, Texas secs=1284
[DEBUG] [Renebates] The University Of Texas Of The Permian Basin - Odessa, Texas -> 60 lots via https://renebates.com/a_list_2.php?id=129&cat=all
[DEBUG] [Renebates] event: Lovejoy Independent School District - Lucas, Texas secs=4880
[DEBUG] [Renebates] Lovejoy Independent School District - Lucas, Texas -> 24 lots via https://renebates.com/a_list_2.php?id=276&cat=all
[DEBUG] [DEBUG] collected 40 listings from all sites (after filter)
[DEBUG] [GD] HTTP 200 | CT=application/json; charset=utf-8 | page=1
[DEBUG] [GD] page 1: 24 items
[DEBUG] [GD] HTTP 200 | CT=application/json; charset=utf-8 | page=2
[DEBUG] [GD] page 2: 24 items
[DEBUG] [GD] HTTP 200 | CT=application/json; charset=utf-8 | page=3
[DEBUG] [GD] page 3: 24 items
[DEBUG] [GD] HTTP 200 | CT=application/json; charset=utf-8 | page=4
[DEBUG] [GD] page 4: 24 items
[DEBUG] [GD] HTTP 200 | CT=application/json; charset=utf-8 | page=5
[DEBUG] [GD] page 5: 24 items
[DEBUG] [GD] total raw items before normalize: 120; unique kept: 106
[DEBUG] [GD] normalized rows: 106
[DEBUG] [GD] blocked by specialty/diesel filter: 90; passing: 16
[DEBUG] [Proxibid] parsed 30 rows across 1 page(s)
[DEBUG] [Renebates] found 64 events on index
[DEBUG] [Renebates] event: The University Of Texas Of The Permian Basin - Odessa, Texas secs=635
[DEBUG] [Renebates] The University Of Texas Of The Permian Basin - Odessa, Texas -> 60 lots via https://renebates.com/a_list_2.php?id=129&cat=all
[DEBUG] [Renebates] event: Lovejoy Independent School District - Lucas, Texas secs=4231
[DEBUG] [Renebates] Lovejoy Independent School District - Lucas, Texas -> 24 lots via https://renebates.com/a_list_2.php?id=276&cat=all
[DEBUG] [DEBUG] collected 40 listings from all sites (after filter)
[DEBUG] [GD] HTTP 200 | CT=application/json; charset=utf-8 | page=1
[DEBUG] [GD] page 1: 24 items
[DEBUG] [GD] HTTP 200 | CT=application/json; charset=utf-8 | page=2
[DEBUG] [GD] page 2: 24 items
[DEBUG] [GD] HTTP 200 | CT=application/json; charset=utf-8 | page=3
[DEBUG] [GD] page 3: 24 items
[DEBUG] [GD] HTTP 200 | CT=application/json; charset=utf-8 | page=4
[DEBUG] [GD] page 4: 24 items
[DEBUG] [GD] HTTP 200 | CT=application/json; charset=utf-8 | page=5
[DEBUG] [GD] page 5: 24 items
[DEBUG] [GD] total raw items before normalize: 120; unique kept: 106
[DEBUG] [GD] normalized rows: 106
[DEBUG] [GD] blocked by specialty/diesel filter: 92; passing: 14
[DEBUG] [Proxibid] parsed 30 rows across 1 page(s)
[DEBUG] [Renebates] found 64 events on index
[DEBUG] [Renebates] event: The University Of Texas Of The Permian Basin - Odessa, Texas secs=0
[DEBUG] [Renebates] The University Of Texas Of The Permian Basin - Odessa, Texas -> 60 lots via https://renebates.com/a_list_2.php?id=129&cat=all
[DEBUG] [Renebates] event: Lovejoy Independent School District - Lucas, Texas secs=3575
[DEBUG] [Renebates] Lovejoy Independent School District - Lucas, Texas -> 24 lots via https://renebates.com/a_list_2.php?id=276&cat=all
[DEBUG] [DEBUG] collected 35 listings from all sites (after filter)
[DEBUG] [GD] HTTP 200 | CT=application/json; charset=utf-8 | page=1
[DEBUG] [GD] page 1: 24 items
[DEBUG] [GD] HTTP 200 | CT=application/json; charset=utf-8 | page=2
[DEBUG] [GD] page 2: 24 items
[DEBUG] [GD] HTTP 200 | CT=application/json; charset=utf-8 | page=3
[DEBUG] [GD] page 3: 24 items
[DEBUG] [GD] HTTP 200 | CT=application/json; charset=utf-8 | page=4
[DEBUG] [GD] page 4: 24 items
[DEBUG] [GD] HTTP 200 | CT=application/json; charset=utf-8 | page=5
[DEBUG] [GD] page 5: 24 items
[DEBUG] [GD] total raw items before normalize: 120; unique kept: 104
[DEBUG] [GD] normalized rows: 104
[DEBUG] [GD] blocked by specialty/diesel filter: 89; passing: 15
[DEBUG] [Proxibid] parsed 30 rows across 1 page(s)
[DEBUG] [Renebates] found 64 events on index
[DEBUG] [Renebates] event: The University Of Texas Of The Permian Basin - Odessa, Texas secs=0
[DEBUG] [Renebates] The University Of Texas Of The Permian Basin - Odessa, Texas -> 48 lots via https://renebates.com/a_list_2.php?id=129&cat=all
[DEBUG] [Renebates] event: Lovejoy Independent School District - Lucas, Texas secs=2923
[DEBUG] [Renebates] Lovejoy Independent School District - Lucas, Texas -> 24 lots via https://renebates.com/a_list_2.php?id=276&cat=all
[DEBUG] [DEBUG] collected 36 listings from all sites (after filter)
[DEBUG] [GD] HTTP 200 | CT=application/json; charset=utf-8 | page=1
[DEBUG] [GD] page 1: 24 items
[DEBUG] [GD] HTTP 200 | CT=application/json; charset=utf-8 | page=2
[DEBUG] [GD] page 2: 24 items
[DEBUG] [GD] HTTP 200 | CT=application/json; charset=utf-8 | page=3
[DEBUG] [GD] page 3: 24 items
[DEBUG] [GD] HTTP 200 | CT=application/json; charset=utf-8 | page=4
[DEBUG] [GD] page 4: 24 items
[DEBUG] [GD] HTTP 200 | CT=application/json; charset=utf-8 | page=5
[DEBUG] [GD] page 5: 24 items
[DEBUG] [GD] total raw items before normalize: 120; unique kept: 102
[DEBUG] [GD] normalized rows: 102
[DEBUG] [GD] blocked by specialty/diesel filter: 88; passing: 14
[DEBUG] [Proxibid] parsed 30 rows across 1 page(s)
[DEBUG] [Renebates] found 64 events on index
[DEBUG] [Renebates] event: The University Of Texas Of The Permian Basin - Odessa, Texas secs=0
[DEBUG] [Renebates] The University Of Texas Of The Permian Basin - Odessa, Texas -> 40 lots via https://renebates.com/a_list_2.php?id=129&cat=all
[DEBUG] [Renebates] event: Lovejoy Independent School District - Lucas, Texas secs=2266
[DEBUG] [Renebates] Lovejoy Independent School District - Lucas, Texas -> 24 lots via https://renebates.com/a_list_2.php?id=276&cat=all
[DEBUG] [DEBUG] collected 35 listings from all sites (after filter)
[DEBUG] [GD] HTTP 200 | CT=application/json; charset=utf-8 | page=1
[DEBUG] [GD] page 1: 24 items
[DEBUG] [GD] HTTP 200 | CT=application/json; charset=utf-8 | page=2
[DEBUG] [GD] page 2: 24 items
[DEBUG] [GD] HTTP 200 | CT=application/json; charset=utf-8 | page=3
[DEBUG] [GD] page 3: 24 items
[DEBUG] [GD] HTTP 200 | CT=application/json; charset=utf-8 | page=4
[DEBUG] [GD] page 4: 24 items
[DEBUG] [GD] HTTP 200 | CT=application/json; charset=utf-8 | page=5
[DEBUG] [GD] page 5: 24 items
[DEBUG] [GD] total raw items before normalize: 120; unique kept: 102
[DEBUG] [GD] normalized rows: 102
[DEBUG] [GD] blocked by specialty/diesel filter: 88; passing: 14
[DEBUG] [Proxibid] parsed 30 rows across 1 page(s)
[DEBUG] [Renebates] found 64 events on index
[DEBUG] [Renebates] event: The University Of Texas Of The Permian Basin - Odessa, Texas secs=0
[DEBUG] [Renebates] The University Of Texas Of The Permian Basin - Odessa, Texas -> 40 lots via https://renebates.com/a_list_2.php?id=129&cat=all
[DEBUG] [Renebates] event: Lovejoy Independent School District - Lucas, Texas secs=1610
[DEBUG] [Renebates] Lovejoy Independent School District - Lucas, Texas -> 24 lots via https://renebates.com/a_list_2.php?id=276&cat=all
[DEBUG] [DEBUG] collected 35 listings from all sites (after filter)
[DEBUG] [GD] HTTP 200 | CT=application/json; charset=utf-8 | page=1
[DEBUG] [GD] page 1: 24 items
[DEBUG] [GD] HTTP 200 | CT=application/json; charset=utf-8 | page=2
[DEBUG] [GD] page 2: 24 items
[DEBUG] [GD] HTTP 200 | CT=application/json; charset=utf-8 | page=3
[DEBUG] [GD] page 3: 24 items
[DEBUG] [GD] HTTP 200 | CT=application/json; charset=utf-8 | page=4
[DEBUG] [GD] page 4: 24 items
[DEBUG] [GD] HTTP 200 | CT=application/json; charset=utf-8 | page=5
[DEBUG] [GD] page 5: 24 items
[DEBUG] [GD] total raw items before normalize: 120; unique kept: 101
[DEBUG] [GD] normalized rows: 101
[DEBUG] [GD] blocked by specialty/diesel filter: 87; passing: 14
[DEBUG] [Proxibid] parsed 30 rows across 1 page(s)
[DEBUG] [Renebates] found 65 events on index
[DEBUG] [Renebates] event: The University Of Texas Of The Permian Basin - Odessa, Texas secs=0
[DEBUG] [Renebates] The University Of Texas Of The Permian Basin - Odessa, Texas -> 40 lots via https://renebates.com/a_list_2.php?id=129&cat=all
[DEBUG] [Renebates] event: Lovejoy Independent School District - Lucas, Texas secs=965
[DEBUG] [Renebates] Lovejoy Independent School District - Lucas, Texas -> 24 lots via https://renebates.com/a_list_2.php?id=276&cat=all
[DEBUG] [DEBUG] collected 35 listings from all sites (after filter)
[DEBUG] [GD] HTTP 200 | CT=application/json; charset=utf-8 | page=1
[DEBUG] [GD] page 1: 24 items
[DEBUG] [GD] HTTP 200 | CT=application/json; charset=utf-8 | page=2
[DEBUG] [GD] page 2: 24 items
[DEBUG] [GD] HTTP 200 | CT=application/json; charset=utf-8 | page=3
[DEBUG] [GD] page 3: 24 items
[DEBUG] [GD] HTTP 200 | CT=application/json; charset=utf-8 | page=4
[DEBUG] [GD] page 4: 24 items
[DEBUG] [GD] HTTP 200 | CT=application/json; charset=utf-8 | page=5
[DEBUG] [GD] page 5: 24 items
[DEBUG] [GD] total raw items before normalize: 120; unique kept: 102
[DEBUG] [GD] normalized rows: 102
[DEBUG] [GD] blocked by specialty/diesel filter: 88; passing: 14
[DEBUG] [Proxibid] parsed 30 rows across 1 page(s)
[DEBUG] [Renebates] found 65 events on index
[DEBUG] [Renebates] event: The University Of Texas Of The Permian Basin - Odessa, Texas secs=0
[DEBUG] [Renebates] The University Of Texas Of The Permian Basin - Odessa, Texas -> 40 lots via https://renebates.com/a_list_2.php?id=129&cat=all
[DEBUG] [Renebates] event: Lovejoy Independent School District - Lucas, Texas secs=321
[DEBUG] [Renebates] Lovejoy Independent School District - Lucas, Texas -> 24 lots via https://renebates.com/a_list_2.php?id=276&cat=all
[DEBUG] [DEBUG] collected 35 listings from all sites (after filter)
[DEBUG] [GD] HTTP 200 | CT=application/json; charset=utf-8 | page=1
[DEBUG] [GD] page 1: 24 items
[DEBUG] [GD] HTTP 200 | CT=application/json; charset=utf-8 | page=2
[DEBUG] [GD] page 2: 24 items
[DEBUG] [GD] HTTP 200 | CT=application/json; charset=utf-8 | page=3
[DEBUG] [GD] page 3: 24 items
[DEBUG] [GD] HTTP 200 | CT=application/json; charset=utf-8 | page=4
[DEBUG] [GD] page 4: 24 items
[DEBUG] [GD] HTTP 200 | CT=application/json; charset=utf-8 | page=5
[DEBUG] [GD] page 5: 24 items
[DEBUG] [GD] total raw items before normalize: 120; unique kept: 101
[DEBUG] [GD] normalized rows: 101
[DEBUG] [GD] blocked by specialty/diesel filter: 88; passing: 13
[DEBUG] [Proxibid] parsed 30 rows across 1 page(s)
[DEBUG] [Renebates] found 65 events on index
[DEBUG] [Renebates] event: The University Of Texas Of The Permian Basin - Odessa, Texas secs=0
[DEBUG] [Renebates] The University Of Texas Of The Permian Basin - Odessa, Texas -> 40 lots via https://renebates.com/a_list_2.php?id=129&cat=all
[DEBUG] [Renebates] event: Lovejoy Independent School District - Lucas, Texas secs=0
[DEBUG] [Renebates] Lovejoy Independent School District - Lucas, Texas -> 18 lots via https://renebates.com/a_list_2.php?id=276&cat=all
[DEBUG] [DEBUG] collected 34 listings from all sites (after filter)
[DEBUG] [GD] HTTP 200 | CT=application/json; charset=utf-8 | page=1
[DEBUG] [GD] page 1: 24 items
[DEBUG] [GD] HTTP 200 | CT=application/json; charset=utf-8 | page=2
[DEBUG] [GD] page 2: 24 items
[DEBUG] [GD] HTTP 200 | CT=application/json; charset=utf-8 | page=3
[DEBUG] [GD] page 3: 24 items
[DEBUG] [GD] HTTP 200 | CT=application/json; charset=utf-8 | page=4
[DEBUG] [GD] page 4: 24 items
[DEBUG] [GD] HTTP 200 | CT=application/json; charset=utf-8 | page=5
[DEBUG] [GD] page 5: 24 items
[DEBUG] [GD] total raw items before normalize: 120; unique kept: 101
[DEBUG] [GD] normalized rows: 101
[DEBUG] [GD] blocked by specialty/diesel filter: 87; passing: 14
[DEBUG] [Proxibid] parsed 30 rows across 1 page(s)
[DEBUG] [Renebates] found 65 events on index
[DEBUG] [Renebates] event: The University Of Texas Of The Permian Basin - Odessa, Texas secs=0
[DEBUG] [Renebates] The University Of Texas Of The Permian Basin - Odessa, Texas -> 40 lots via https://renebates.com/a_list_2.php?id=129&cat=all
[DEBUG] [Renebates] event: City Of Allen, Texas secs=71032
[DEBUG] [Renebates] City Of Allen, Texas -> 60 lots via https://renebates.com/a_list_2.php?id=201&cat=all
[DEBUG] [DEBUG] collected 35 listings from all sites (after filter)
[DEBUG] [GD] HTTP 200 | CT=application/json; charset=utf-8 | page=1
[DEBUG] [GD] page 1: 24 items
[DEBUG] [GD] HTTP 200 | CT=application/json; charset=utf-8 | page=2
[DEBUG] [GD] page 2: 24 items
[DEBUG] [GD] HTTP 200 | CT=application/json; charset=utf-8 | page=3
[DEBUG] [GD] page 3: 24 items
[DEBUG] [GD] HTTP 200 | CT=application/json; charset=utf-8 | page=4
[DEBUG] [GD] page 4: 24 items
[DEBUG] [GD] HTTP 200 | CT=application/json; charset=utf-8 | page=5
[DEBUG] [GD] page 5: 24 items
[DEBUG] [GD] total raw items before normalize: 120; unique kept: 102
[DEBUG] [GD] normalized rows: 102
[DEBUG] [GD] blocked by specialty/diesel filter: 88; passing: 14
[DEBUG] [Proxibid] parsed 30 rows across 1 page(s)
[DEBUG] [Renebates] found 65 events on index
[DEBUG] [Renebates] event: City Of Allen, Texas secs=70381
[DEBUG] [Renebates] City Of Allen, Texas -> 60 lots via https://renebates.com/a_list_2.php?id=201&cat=all
[DEBUG] [Renebates] event: Montgomery County Emergency Services District No. 4 - Conroe, Texas secs=77579
[DEBUG] [Renebates] Montgomery County Emergency Services District No. 4 - Conroe, Texas -> 18 lots via https://renebates.com/a_list_2.php?id=70&cat=all
[DEBUG] [DEBUG] collected 35 listings from all sites (after filter)
[DEBUG] [GD] HTTP 200 | CT=application/json; charset=utf-8 | page=1
[DEBUG] [GD] page 1: 24 items
[DEBUG] [GD] HTTP 200 | CT=application/json; charset=utf-8 | page=2
[DEBUG] [GD] page 2: 24 items
[DEBUG] [GD] HTTP 200 | CT=application/json; charset=utf-8 | page=3
[DEBUG] [GD] page 3: 24 items
[DEBUG] [GD] HTTP 200 | CT=application/json; charset=utf-8 | page=4
[DEBUG] [GD] page 4: 24 items
[DEBUG] [GD] HTTP 200 | CT=application/json; charset=utf-8 | page=5
[DEBUG] [GD] page 5: 24 items
[DEBUG] [GD] total raw items before normalize: 120; unique kept: 104
[DEBUG] [GD] normalized rows: 104
[DEBUG] [GD] blocked by specialty/diesel filter: 87; passing: 17
[DEBUG] [Proxibid] parsed 30 rows across 1 page(s)
[DEBUG] [Renebates] found 65 events on index
[DEBUG] [Renebates] event: City Of Allen, Texas secs=69736
[DEBUG] [Renebates] City Of Allen, Texas -> 60 lots via https://renebates.com/a_list_2.php?id=201&cat=all
[DEBUG] [Renebates] event: Montgomery County Emergency Services District No. 4 - Conroe, Texas secs=76933
[DEBUG] [Renebates] Montgomery County Emergency Services District No. 4 - Conroe, Texas -> 18 lots via https://renebates.com/a_list_2.php?id=70&cat=all
[DEBUG] [DEBUG] collected 38 listings from all sites (after filter)
