==== START Sun 10/05/2025  0:00:01.39 ====
[GD] HTTP 200 | CT=application/json; charset=utf-8 | page=1
[GD] page 1: 24 items
[GD] HTTP 200 | CT=application/json; charset=utf-8 | page=2
[GD] page 2: 24 items
[GD] HTTP 200 | CT=application/json; charset=utf-8 | page=3
[GD] page 3: 24 items
[GD] HTTP 200 | CT=application/json; charset=utf-8 | page=4
[GD] page 4: 24 items
[GD] HTTP 200 | CT=application/json; charset=utf-8 | page=5
[GD] page 5: 24 items
[GD] total raw items before normalize: 120; unique kept: 111
[GD] normalized rows: 111
[GD] blocked by specialty/diesel filter: 107; passing: 4
[Proxibid] parsed 30 rows across 1 page(s)
[Renebates] found 60 events on index
[Renebates] event: City Of Cameron, Texas secs=129553
[Renebates] City Of Cameron, Texas -> 60 lots via https://renebates.com/a_list_2.php?id=254&cat=all
[Renebates] event: Town Of Addison, Texas secs=133150
[Renebates] Town Of Addison, Texas -> 27 lots via https://renebates.com/a_list_2.php?id=80&cat=all
[DEBUG] collected 19 listings from all sites (after filter)
[GD] HTTP 200 | CT=application/json; charset=utf-8 | page=1
[GD] page 1: 24 items
[GD] HTTP 200 | CT=application/json; charset=utf-8 | page=2
[GD] page 2: 24 items
[GD] HTTP 200 | CT=application/json; charset=utf-8 | page=3
[GD] page 3: 24 items
[GD] HTTP 200 | CT=application/json; charset=utf-8 | page=4
[GD] page 4: 24 items
[GD] HTTP 200 | CT=application/json; charset=utf-8 | page=5
[GD] page 5: 24 items
[GD] total raw items before normalize: 120; unique kept: 111
[GD] normalized rows: 111
[GD] blocked by specialty/diesel filter: 107; passing: 4
[Proxibid] parsed 30 rows across 1 page(s)
[Renebates] found 60 events on index
[Renebates] event: City Of Cameron, Texas secs=128896
[Renebates] City Of Cameron, Texas -> 60 lots via https://renebates.com/a_list_2.php?id=254&cat=all
[Renebates] event: Town Of Addison, Texas secs=132492
[Renebates] Town Of Addison, Texas -> 27 lots via https://renebates.com/a_list_2.php?id=80&cat=all
[DEBUG] collected 19 listings from all sites (after filter)
[GD] HTTP 200 | CT=application/json; charset=utf-8 | page=1
[GD] page 1: 24 items
[GD] HTTP 200 | CT=application/json; charset=utf-8 | page=2
[GD] page 2: 24 items
[GD] HTTP 200 | CT=application/json; charset=utf-8 | page=3
[GD] page 3: 24 items
[GD] HTTP 200 | CT=application/json; charset=utf-8 | page=4
[GD] page 4: 24 items
[GD] HTTP 200 | CT=application/json; charset=utf-8 | page=5
[GD] page 5: 24 items
[GD] total raw items before normalize: 120; unique kept: 111
[GD] normalized rows: 111
[GD] blocked by specialty/diesel filter: 107; passing: 4
[Proxibid] parsed 30 rows across 1 page(s)
[Renebates] found 60 events on index
[Renebates] event: City Of Cameron, Texas secs=128236
[Renebates] City Of Cameron, Texas -> 60 lots via https://renebates.com/a_list_2.php?id=254&cat=all
[Renebates] event: Town Of Addison, Texas secs=131832
[Renebates] Town Of Addison, Texas -> 27 lots via https://renebates.com/a_list_2.php?id=80&cat=all
[DEBUG] collected 19 listings from all sites (after filter)
❌ SMS failed: HTTP 401 error: Unable to create record: Authenticate
💓 Healthcheck SMS sent.
[GD] HTTP 200 | CT=application/json; charset=utf-8 | page=1
[GD] page 1: 24 items
[GD] HTTP 200 | CT=application/json; charset=utf-8 | page=2
[GD] page 2: 24 items
[GD] HTTP 200 | CT=application/json; charset=utf-8 | page=3
[GD] page 3: 24 items
[GD] HTTP 200 | CT=application/json; charset=utf-8 | page=4
[GD] page 4: 24 items
[GD] HTTP 200 | CT=application/json; charset=utf-8 | page=5
[GD] page 5: 24 items
[GD] total raw items before normalize: 120; unique kept: 111
[GD] normalized rows: 111
[GD] blocked by specialty/diesel filter: 107; passing: 4
[Proxibid] parsed 30 rows across 1 page(s)
[Renebates] found 60 events on index
[Renebates] event: City Of Cameron, Texas secs=127580
[Renebates] City Of Cameron, Texas -> 60 lots via https://renebates.com/a_list_2.php?id=254&cat=all
[Renebates] event: Town Of Addison, Texas secs=131177
[Renebates] Town Of Addison, Texas -> 27 lots via https://renebates.com/a_list_2.php?id=80&cat=all
[DEBUG] collected 19 listings from all sites (after filter)
[GD] HTTP 200 | CT=application/json; charset=utf-8 | page=1
[GD] page 1: 24 items
[GD] HTTP 200 | CT=application/json; charset=utf-8 | page=2
[GD] page 2: 24 items
[GD] HTTP 200 | CT=application/json; charset=utf-8 | page=3
[GD] page 3: 24 items
[GD] HTTP 200 | CT=application/json; charset=utf-8 | page=4
[GD] page 4: 24 items
[GD] HTTP 200 | CT=application/json; charset=utf-8 | page=5
[GD] page 5: 24 items
[GD] total raw items before normalize: 120; unique kept: 111
[GD] normalized rows: 111
[GD] blocked by specialty/diesel filter: 107; passing: 4
[Proxibid] parsed 30 rows across 1 page(s)
[Renebates] found 60 events on index
[Renebates] event: City Of Cameron, Texas secs=126924
[Renebates] City Of Cameron, Texas -> 60 lots via https://renebates.com/a_list_2.php?id=254&cat=all
[Renebates] event: Town Of Addison, Texas secs=130522
[Renebates] Town Of Addison, Texas -> 27 lots via https://renebates.com/a_list_2.php?id=80&cat=all
[DEBUG] collected 19 listings from all sites (after filter)
[GD] HTTP 200 | CT=application/json; charset=utf-8 | page=1
[GD] page 1: 24 items
[GD] HTTP 200 | CT=application/json; charset=utf-8 | page=2
[GD] page 2: 24 items
[GD] HTTP 200 | CT=application/json; charset=utf-8 | page=3
[GD] page 3: 24 items
[GD] HTTP 200 | CT=application/json; charset=utf-8 | page=4
[GD] page 4: 24 items
[GD] HTTP 200 | CT=application/json; charset=utf-8 | page=5
[GD] page 5: 24 items
[GD] total raw items before normalize: 120; unique kept: 111
[GD] normalized rows: 111
[GD] blocked by specialty/diesel filter: 107; passing: 4
[Proxibid] parsed 30 rows across 1 page(s)
[Renebates] found 60 events on index
[Renebates] event: City Of Cameron, Texas secs=126281
[Renebates] City Of Cameron, Texas -> 60 lots via https://renebates.com/a_list_2.php?id=254&cat=all
[Renebates] event: Town Of Addison, Texas secs=129878
[Renebates] Town Of Addison, Texas -> 27 lots via https://renebates.com/a_list_2.php?id=80&cat=all
[DEBUG] collected 19 listings from all sites (after filter)
[GD] HTTP 200 | CT=application/json; charset=utf-8 | page=1
[GD] page 1: 24 items
[GD] HTTP 200 | CT=application/json; charset=utf-8 | page=2
[GD] page 2: 24 items
[GD] HTTP 200 | CT=application/json; charset=utf-8 | page=3
[GD] page 3: 24 items
[GD] HTTP 200 | CT=application/json; charset=utf-8 | page=4
[GD] page 4: 24 items
[GD] HTTP 200 | CT=application/json; charset=utf-8 | page=5
[GD] page 5: 24 items
[GD] total raw items before normalize: 120; unique kept: 111
[GD] normalized rows: 111
[GD] blocked by specialty/diesel filter: 107; passing: 4
[Proxibid] parsed 30 rows across 1 page(s)
[Renebates] found 60 events on index
[Renebates] event: City Of Cameron, Texas secs=125624
[Renebates] City Of Cameron, Texas -> 60 lots via https://renebates.com/a_list_2.php?id=254&cat=all
[Renebates] event: Town Of Addison, Texas secs=129220
[Renebates] Town Of Addison, Texas -> 27 lots via https://renebates.com/a_list_2.php?id=80&cat=all
[DEBUG] collected 19 listings from all sites (after filter)
[GD] HTTP 200 | CT=application/json; charset=utf-8 | page=1
[GD] page 1: 24 items
[GD] HTTP 200 | CT=application/json; charset=utf-8 | page=2
[GD] page 2: 24 items
[GD] HTTP 200 | CT=application/json; charset=utf-8 | page=3
[GD] page 3: 24 items
[GD] HTTP 200 | CT=application/json; charset=utf-8 | page=4
[GD] page 4: 24 items
[GD] HTTP 200 | CT=application/json; charset=utf-8 | page=5
[GD] page 5: 24 items
[GD] total raw items before normalize: 120; unique kept: 111
[GD] normalized rows: 111
[GD] blocked by specialty/diesel filter: 107; passing: 4
[Proxibid] parsed 30 rows across 1 page(s)
[Renebates] found 60 events on index
[Renebates] event: City Of Cameron, Texas secs=124982
[Renebates] City Of Cameron, Texas -> 60 lots via https://renebates.com/a_list_2.php?id=254&cat=all
[Renebates] event: Town Of Addison, Texas secs=128579
[Renebates] Town Of Addison, Texas -> 27 lots via https://renebates.com/a_list_2.php?id=80&cat=all
[DEBUG] collected 19 listings from all sites (after filter)
[GD] HTTP 200 | CT=application/json; charset=utf-8 | page=1
[GD] page 1: 24 items
[GD] HTTP 200 | CT=application/json; charset=utf-8 | page=2
[GD] page 2: 24 items
[GD] HTTP 200 | CT=application/json; charset=utf-8 | page=3
[GD] page 3: 24 items
[GD] HTTP 200 | CT=application/json; charset=utf-8 | page=4
[GD] page 4: 24 items
[GD] HTTP 200 | CT=application/json; charset=utf-8 | page=5
[GD] page 5: 24 items
[GD] total raw items before normalize: 120; unique kept: 111
[GD] normalized rows: 111
[GD] blocked by specialty/diesel filter: 107; passing: 4
[Proxibid] parsed 30 rows across 1 page(s)
[Renebates] found 60 events on index
[Renebates] event: City Of Cameron, Texas secs=124329
[Renebates] City Of Cameron, Texas -> 60 lots via https://renebates.com/a_list_2.php?id=254&cat=all
[Renebates] event: Town Of Addison, Texas secs=127925
[Renebates] Town Of Addison, Texas -> 27 lots via https://renebates.com/a_list_2.php?id=80&cat=all
[DEBUG] collected 19 listings from all sites (after filter)
[GD] HTTP 200 | CT=application/json; charset=utf-8 | page=1
[GD] page 1: 24 items
[GD] HTTP 200 | CT=application/json; charset=utf-8 | page=2
[GD] page 2: 24 items
[GD] HTTP 200 | CT=application/json; charset=utf-8 | page=3
[GD] page 3: 24 items
[GD] HTTP 200 | CT=application/json; charset=utf-8 | page=4
[GD] page 4: 24 items
[GD] HTTP 200 | CT=application/json; charset=utf-8 | page=5
[GD] page 5: 24 items
[GD] total raw items before normalize: 120; unique kept: 111
[GD] normalized rows: 111
[GD] blocked by specialty/diesel filter: 107; passing: 4
[Proxibid] parsed 30 rows across 1 page(s)
[Renebates] found 60 events on index
[Renebates] event: City Of Cameron, Texas secs=123689
[Renebates] City Of Cameron, Texas -> 60 lots via https://renebates.com/a_list_2.php?id=254&cat=all
[Renebates] event: Town Of Addison, Texas secs=127286
[Renebates] Town Of Addison, Texas -> 27 lots via https://renebates.com/a_list_2.php?id=80&cat=all
[DEBUG] collected 19 listings from all sites (after filter)
[GD] HTTP 200 | CT=application/json; charset=utf-8 | page=1
[GD] page 1: 24 items
[GD] HTTP 200 | CT=application/json; charset=utf-8 | page=2
[GD] page 2: 24 items
[GD] HTTP 200 | CT=application/json; charset=utf-8 | page=3
[GD] page 3: 24 items
[GD] HTTP 200 | CT=application/json; charset=utf-8 | page=4
[GD] page 4: 24 items
[GD] HTTP 200 | CT=application/json; charset=utf-8 | page=5
[GD] page 5: 24 items
[GD] total raw items before normalize: 120; unique kept: 111
[GD] normalized rows: 111
[GD] blocked by specialty/diesel filter: 107; passing: 4
[Proxibid] parsed 30 rows across 1 page(s)
[Renebates] found 60 events on index
[Renebates] event: City Of Cameron, Texas secs=123034
[Renebates] City Of Cameron, Texas -> 60 lots via https://renebates.com/a_list_2.php?id=254&cat=all
[Renebates] event: Town Of Addison, Texas secs=126631
[Renebates] Town Of Addison, Texas -> 27 lots via https://renebates.com/a_list_2.php?id=80&cat=all
[DEBUG] collected 19 listings from all sites (after filter)
[GD] HTTP 200 | CT=application/json; charset=utf-8 | page=1
[GD] page 1: 24 items
[GD] HTTP 200 | CT=application/json; charset=utf-8 | page=2
[GD] page 2: 24 items
[GD] HTTP 200 | CT=application/json; charset=utf-8 | page=3
[GD] page 3: 24 items
[GD] HTTP 200 | CT=application/json; charset=utf-8 | page=4
[GD] page 4: 24 items
[GD] HTTP 200 | CT=application/json; charset=utf-8 | page=5
[GD] page 5: 24 items
[GD] total raw items before normalize: 120; unique kept: 111
[GD] normalized rows: 111
[GD] blocked by specialty/diesel filter: 107; passing: 4
[Proxibid] parsed 30 rows across 1 page(s)
[Renebates] found 60 events on index
[Renebates] event: City Of Cameron, Texas secs=122388
[Renebates] City Of Cameron, Texas -> 60 lots via https://renebates.com/a_list_2.php?id=254&cat=all
[Renebates] event: Town Of Addison, Texas secs=125984
[Renebates] Town Of Addison, Texas -> 27 lots via https://renebates.com/a_list_2.php?id=80&cat=all
[DEBUG] collected 19 listings from all sites (after filter)
[GD] HTTP 200 | CT=application/json; charset=utf-8 | page=1
[GD] page 1: 24 items
[GD] HTTP 200 | CT=application/json; charset=utf-8 | page=2
[GD] page 2: 24 items
[GD] HTTP 200 | CT=application/json; charset=utf-8 | page=3
[GD] page 3: 24 items
[GD] HTTP 200 | CT=application/json; charset=utf-8 | page=4
[GD] page 4: 24 items
[GD] HTTP 200 | CT=application/json; charset=utf-8 | page=5
[GD] page 5: 24 items
[GD] total raw items before normalize: 120; unique kept: 111
[GD] normalized rows: 111
[GD] blocked by specialty/diesel filter: 107; passing: 4
[Proxibid] parsed 30 rows across 1 page(s)
[Renebates] found 60 events on index
[Renebates] event: City Of Cameron, Texas secs=121716
[Renebates] City Of Cameron, Texas -> 60 lots via https://renebates.com/a_list_2.php?id=254&cat=all
[Renebates] event: Town Of Addison, Texas secs=125312
[Renebates] Town Of Addison, Texas -> 27 lots via https://renebates.com/a_list_2.php?id=80&cat=all
[DEBUG] collected 19 listings from all sites (after filter)
[GD] HTTP 200 | CT=application/json; charset=utf-8 | page=1
[GD] page 1: 24 items
[GD] HTTP 200 | CT=application/json; charset=utf-8 | page=2
[GD] page 2: 24 items
[GD] HTTP 200 | CT=application/json; charset=utf-8 | page=3
[GD] page 3: 24 items
[GD] HTTP 200 | CT=application/json; charset=utf-8 | page=4
[GD] page 4: 24 items
[GD] HTTP 200 | CT=application/json; charset=utf-8 | page=5
[GD] page 5: 24 items
[GD] total raw items before normalize: 120; unique kept: 111
[GD] normalized rows: 111
[GD] blocked by specialty/diesel filter: 107; passing: 4
[Proxibid] parsed 30 rows across 1 page(s)
[Renebates] found 60 events on index
[Renebates] event: City Of Cameron, Texas secs=121058
[Renebates] City Of Cameron, Texas -> 60 lots via https://renebates.com/a_list_2.php?id=254&cat=all
[Renebates] event: Town Of Addison, Texas secs=124656
[Renebates] Town Of Addison, Texas -> 27 lots via https://renebates.com/a_list_2.php?id=80&cat=all
[DEBUG] collected 19 listings from all sites (after filter)
[GD] HTTP 200 | CT=application/json; charset=utf-8 | page=1
[GD] page 1: 24 items
[GD] HTTP 200 | CT=application/json; charset=utf-8 | page=2
[GD] page 2: 24 items
[GD] HTTP 200 | CT=application/json; charset=utf-8 | page=3
[GD] page 3: 24 items
[GD] HTTP 200 | CT=application/json; charset=utf-8 | page=4
[GD] page 4: 24 items
[GD] HTTP 200 | CT=application/json; charset=utf-8 | page=5
[GD] page 5: 24 items
[GD] total raw items before normalize: 120; unique kept: 111
[GD] normalized rows: 111
[GD] blocked by specialty/diesel filter: 107; passing: 4
[Proxibid] parsed 30 rows across 1 page(s)
[Renebates] found 60 events on index
[Renebates] event: City Of Cameron, Texas secs=120414
[Renebates] City Of Cameron, Texas -> 60 lots via https://renebates.com/a_list_2.php?id=254&cat=all
[Renebates] event: Town Of Addison, Texas secs=124011
[Renebates] Town Of Addison, Texas -> 27 lots via https://renebates.com/a_list_2.php?id=80&cat=all
[DEBUG] collected 19 listings from all sites (after filter)
[GD] HTTP 200 | CT=application/json; charset=utf-8 | page=1
[GD] page 1: 24 items
[GD] HTTP 200 | CT=application/json; charset=utf-8 | page=2
[GD] page 2: 24 items
[GD] HTTP 200 | CT=application/json; charset=utf-8 | page=3
[GD] page 3: 24 items
[GD] HTTP 200 | CT=application/json; charset=utf-8 | page=4
[GD] page 4: 24 items
[GD] HTTP 200 | CT=application/json; charset=utf-8 | page=5
[GD] page 5: 24 items
[GD] total raw items before normalize: 120; unique kept: 111
[GD] normalized rows: 111
[GD] blocked by specialty/diesel filter: 107; passing: 4
[Proxibid] parsed 30 rows across 1 page(s)
[Renebates] found 60 events on index
[Renebates] event: City Of Cameron, Texas secs=119760
[Renebates] City Of Cameron, Texas -> 60 lots via https://renebates.com/a_list_2.php?id=254&cat=all
[Renebates] event: Town Of Addison, Texas secs=123356
[Renebates] Town Of Addison, Texas -> 27 lots via https://renebates.com/a_list_2.php?id=80&cat=all
[DEBUG] collected 19 listings from all sites (after filter)
[GD] HTTP 200 | CT=application/json; charset=utf-8 | page=1
[GD] page 1: 24 items
[GD] HTTP 200 | CT=application/json; charset=utf-8 | page=2
[GD] page 2: 24 items
[GD] HTTP 200 | CT=application/json; charset=utf-8 | page=3
[GD] page 3: 24 items
[GD] HTTP 200 | CT=application/json; charset=utf-8 | page=4
[GD] page 4: 24 items
[GD] HTTP 200 | CT=application/json; charset=utf-8 | page=5
[GD] page 5: 24 items
[GD] total raw items before normalize: 120; unique kept: 111
[GD] normalized rows: 111
[GD] blocked by specialty/diesel filter: 107; passing: 4
[Proxibid] parsed 30 rows across 1 page(s)
[Renebates] found 60 events on index
[Renebates] event: City Of Cameron, Texas secs=119113
[Renebates] City Of Cameron, Texas -> 60 lots via https://renebates.com/a_list_2.php?id=254&cat=all
[Renebates] event: Town Of Addison, Texas secs=122709
[Renebates] Town Of Addison, Texas -> 27 lots via https://renebates.com/a_list_2.php?id=80&cat=all
[DEBUG] collected 19 listings from all sites (after filter)
[GD] HTTP 200 | CT=application/json; charset=utf-8 | page=1
[GD] page 1: 24 items
[GD] HTTP 200 | CT=application/json; charset=utf-8 | page=2
[GD] page 2: 24 items
[GD] HTTP 200 | CT=application/json; charset=utf-8 | page=3
[GD] page 3: 24 items
[GD] HTTP 200 | CT=application/json; charset=utf-8 | page=4
[GD] page 4: 24 items
[GD] HTTP 200 | CT=application/json; charset=utf-8 | page=5
[GD] page 5: 24 items
[GD] total raw items before normalize: 120; unique kept: 111
[GD] normalized rows: 111
[GD] blocked by specialty/diesel filter: 107; passing: 4
[Proxibid] parsed 30 rows across 1 page(s)
[Renebates] found 60 events on index
[Renebates] event: City Of Cameron, Texas secs=118456
[Renebates] City Of Cameron, Texas -> 60 lots via https://renebates.com/a_list_2.php?id=254&cat=all
[Renebates] event: Town Of Addison, Texas secs=122053
[Renebates] Town Of Addison, Texas -> 27 lots via https://renebates.com/a_list_2.php?id=80&cat=all
[DEBUG] collected 19 listings from all sites (after filter)
[GD] HTTP 200 | CT=application/json; charset=utf-8 | page=1
[GD] page 1: 24 items
[GD] HTTP 200 | CT=application/json; charset=utf-8 | page=2
[GD] page 2: 24 items
[GD] HTTP 200 | CT=application/json; charset=utf-8 | page=3
[GD] page 3: 24 items
[GD] HTTP 200 | CT=application/json; charset=utf-8 | page=4
[GD] page 4: 24 items
[GD] HTTP 200 | CT=application/json; charset=utf-8 | page=5
[GD] page 5: 24 items
[GD] total raw items before normalize: 120; unique kept: 111
[GD] normalized rows: 111
[GD] blocked by specialty/diesel filter: 107; passing: 4
[Proxibid] parsed 30 rows across 1 page(s)
[Renebates] found 60 events on index
[Renebates] event: City Of Cameron, Texas secs=117800
[Renebates] City Of Cameron, Texas -> 60 lots via https://renebates.com/a_list_2.php?id=254&cat=all
[Renebates] event: Town Of Addison, Texas secs=121396
[Renebates] Town Of Addison, Texas -> 27 lots via https://renebates.com/a_list_2.php?id=80&cat=all
[DEBUG] collected 19 listings from all sites (after filter)
[GD] HTTP 200 | CT=application/json; charset=utf-8 | page=1
[GD] page 1: 24 items
[GD] HTTP 200 | CT=application/json; charset=utf-8 | page=2
[GD] page 2: 24 items
[GD] HTTP 200 | CT=application/json; charset=utf-8 | page=3
[GD] page 3: 24 items
[GD] HTTP 200 | CT=application/json; charset=utf-8 | page=4
[GD] page 4: 24 items
[GD] HTTP 200 | CT=application/json; charset=utf-8 | page=5
[GD] page 5: 24 items
[GD] total raw items before normalize: 120; unique kept: 111
[GD] normalized rows: 111
[GD] blocked by specialty/diesel filter: 107; passing: 4
[Proxibid] parsed 30 rows across 1 page(s)
[Renebates] found 60 events on index
[Renebates] event: City Of Cameron, Texas secs=117157
[Renebates] City Of Cameron, Texas -> 60 lots via https://renebates.com/a_list_2.php?id=254&cat=all
[Renebates] event: Town Of Addison, Texas secs=120754
[Renebates] Town Of Addison, Texas -> 27 lots via https://renebates.com/a_list_2.php?id=80&cat=all
[DEBUG] collected 19 listings from all sites (after filter)
[GD] HTTP 200 | CT=application/json; charset=utf-8 | page=1
[GD] page 1: 24 items
[GD] HTTP 200 | CT=application/json; charset=utf-8 | page=2
[GD] page 2: 24 items
[GD] HTTP 200 | CT=application/json; charset=utf-8 | page=3
[GD] page 3: 24 items
[GD] HTTP 200 | CT=application/json; charset=utf-8 | page=4
[GD] page 4: 24 items
[GD] HTTP 200 | CT=application/json; charset=utf-8 | page=5
[GD] page 5: 24 items
[GD] total raw items before normalize: 120; unique kept: 111
[GD] normalized rows: 111
[GD] blocked by specialty/diesel filter: 107; passing: 4
[Proxibid] parsed 30 rows across 1 page(s)
[Renebates] found 60 events on index
[Renebates] event: City Of Cameron, Texas secs=116503
[Renebates] City Of Cameron, Texas -> 60 lots via https://renebates.com/a_list_2.php?id=254&cat=all
[Renebates] event: Town Of Addison, Texas secs=120099
[Renebates] Town Of Addison, Texas -> 27 lots via https://renebates.com/a_list_2.php?id=80&cat=all
[DEBUG] collected 19 listings from all sites (after filter)
[GD] HTTP 200 | CT=application/json; charset=utf-8 | page=1
[GD] page 1: 24 items
[GD] HTTP 200 | CT=application/json; charset=utf-8 | page=2
[GD] page 2: 24 items
[GD] HTTP 200 | CT=application/json; charset=utf-8 | page=3
[GD] page 3: 24 items
[GD] HTTP 200 | CT=application/json; charset=utf-8 | page=4
[GD] page 4: 24 items
[GD] HTTP 200 | CT=application/json; charset=utf-8 | page=5
[GD] page 5: 24 items
[GD] total raw items before normalize: 120; unique kept: 111
[GD] normalized rows: 111
[GD] blocked by specialty/diesel filter: 107; passing: 4
[Proxibid] parsed 30 rows across 1 page(s)
[Renebates] found 60 events on index
[Renebates] event: City Of Cameron, Texas secs=115851
[Renebates] City Of Cameron, Texas -> 60 lots via https://renebates.com/a_list_2.php?id=254&cat=all
[Renebates] event: Town Of Addison, Texas secs=119448
[Renebates] Town Of Addison, Texas -> 27 lots via https://renebates.com/a_list_2.php?id=80&cat=all
[DEBUG] collected 19 listings from all sites (after filter)
[GD] HTTP 200 | CT=application/json; charset=utf-8 | page=1
[GD] page 1: 24 items
[GD] HTTP 200 | CT=application/json; charset=utf-8 | page=2
[GD] page 2: 24 items
[GD] HTTP 200 | CT=application/json; charset=utf-8 | page=3
[GD] page 3: 24 items
[GD] HTTP 200 | CT=application/json; charset=utf-8 | page=4
[GD] page 4: 24 items
[GD] HTTP 200 | CT=application/json; charset=utf-8 | page=5
[GD] page 5: 24 items
[GD] total raw items before normalize: 120; unique kept: 111
[GD] normalized rows: 111
[GD] blocked by specialty/diesel filter: 107; passing: 4
[Proxibid] parsed 30 rows across 1 page(s)
[Renebates] found 60 events on index
[Renebates] event: City Of Cameron, Texas secs=115198
[Renebates] City Of Cameron, Texas -> 60 lots via https://renebates.com/a_list_2.php?id=254&cat=all
[Renebates] event: Town Of Addison, Texas secs=118795
[Renebates] Town Of Addison, Texas -> 27 lots via https://renebates.com/a_list_2.php?id=80&cat=all
[DEBUG] collected 19 listings from all sites (after filter)
[GD] HTTP 200 | CT=application/json; charset=utf-8 | page=1
[GD] page 1: 24 items
[GD] HTTP 200 | CT=application/json; charset=utf-8 | page=2
[GD] page 2: 24 items
[GD] HTTP 200 | CT=application/json; charset=utf-8 | page=3
[GD] page 3: 24 items
[GD] HTTP 200 | CT=application/json; charset=utf-8 | page=4
[GD] page 4: 24 items
[GD] HTTP 200 | CT=application/json; charset=utf-8 | page=5
[GD] page 5: 24 items
[GD] total raw items before normalize: 120; unique kept: 111
[GD] normalized rows: 111
[GD] blocked by specialty/diesel filter: 107; passing: 4
[Proxibid] parsed 30 rows across 1 page(s)
[Renebates] found 60 events on index
[Renebates] event: City Of Cameron, Texas secs=114553
[Renebates] City Of Cameron, Texas -> 60 lots via https://renebates.com/a_list_2.php?id=254&cat=all
[Renebates] event: Town Of Addison, Texas secs=118148
[Renebates] Town Of Addison, Texas -> 27 lots via https://renebates.com/a_list_2.php?id=80&cat=all
[DEBUG] collected 19 listings from all sites (after filter)
[GD] HTTP 200 | CT=application/json; charset=utf-8 | page=1
[GD] page 1: 24 items
[GD] HTTP 200 | CT=application/json; charset=utf-8 | page=2
[GD] page 2: 24 items
[GD] HTTP 200 | CT=application/json; charset=utf-8 | page=3
[GD] page 3: 24 items
[GD] HTTP 200 | CT=application/json; charset=utf-8 | page=4
[GD] page 4: 24 items
[GD] HTTP 200 | CT=application/json; charset=utf-8 | page=5
[GD] page 5: 24 items
[GD] total raw items before normalize: 120; unique kept: 111
[GD] normalized rows: 111
[GD] blocked by specialty/diesel filter: 107; passing: 4
[Proxibid] parsed 30 rows across 1 page(s)
[Renebates] found 60 events on index
[Renebates] event: City Of Cameron, Texas secs=113909
[Renebates] City Of Cameron, Texas -> 60 lots via https://renebates.com/a_list_2.php?id=254&cat=all
[Renebates] event: Town Of Addison, Texas secs=117506
[Renebates] Town Of Addison, Texas -> 27 lots via https://renebates.com/a_list_2.php?id=80&cat=all
[DEBUG] collected 19 listings from all sites (after filter)
[GD] HTTP 200 | CT=application/json; charset=utf-8 | page=1
[GD] page 1: 24 items
[GD] HTTP 200 | CT=application/json; charset=utf-8 | page=2
[GD] page 2: 24 items
[GD] HTTP 200 | CT=application/json; charset=utf-8 | page=3
[GD] page 3: 24 items
[GD] HTTP 200 | CT=application/json; charset=utf-8 | page=4
[GD] page 4: 24 items
[GD] HTTP 200 | CT=application/json; charset=utf-8 | page=5
[GD] page 5: 24 items
[GD] total raw items before normalize: 120; unique kept: 111
[GD] normalized rows: 111
[GD] blocked by specialty/diesel filter: 107; passing: 4
[Proxibid] parsed 30 rows across 1 page(s)
[Renebates] found 60 events on index
[Renebates] event: City Of Cameron, Texas secs=113264
[Renebates] City Of Cameron, Texas -> 60 lots via https://renebates.com/a_list_2.php?id=254&cat=all
[Renebates] event: Town Of Addison, Texas secs=116861
[Renebates] Town Of Addison, Texas -> 27 lots via https://renebates.com/a_list_2.php?id=80&cat=all
[DEBUG] collected 19 listings from all sites (after filter)
[GD] HTTP 200 | CT=application/json; charset=utf-8 | page=1
[GD] page 1: 24 items
[GD] HTTP 200 | CT=application/json; charset=utf-8 | page=2
[GD] page 2: 24 items
[GD] HTTP 200 | CT=application/json; charset=utf-8 | page=3
[GD] page 3: 24 items
[GD] HTTP 200 | CT=application/json; charset=utf-8 | page=4
[GD] page 4: 24 items
[GD] HTTP 200 | CT=application/json; charset=utf-8 | page=5
[GD] page 5: 24 items
[GD] total raw items before normalize: 120; unique kept: 111
[GD] normalized rows: 111
[GD] blocked by specialty/diesel filter: 107; passing: 4
[Proxibid] parsed 30 rows across 1 page(s)
[Renebates] found 60 events on index
[Renebates] event: City Of Cameron, Texas secs=112611
[Renebates] City Of Cameron, Texas -> 60 lots via https://renebates.com/a_list_2.php?id=254&cat=all
[Renebates] event: Town Of Addison, Texas secs=116206
[Renebates] Town Of Addison, Texas -> 27 lots via https://renebates.com/a_list_2.php?id=80&cat=all
[DEBUG] collected 19 listings from all sites (after filter)
[GD] HTTP 200 | CT=application/json; charset=utf-8 | page=1
[GD] page 1: 24 items
[GD] HTTP 200 | CT=application/json; charset=utf-8 | page=2
[GD] page 2: 24 items
[GD] HTTP 200 | CT=application/json; charset=utf-8 | page=3
[GD] page 3: 24 items
[GD] HTTP 200 | CT=application/json; charset=utf-8 | page=4
[GD] page 4: 24 items
[GD] HTTP 200 | CT=application/json; charset=utf-8 | page=5
[GD] page 5: 24 items
[GD] total raw items before normalize: 120; unique kept: 111
[GD] normalized rows: 111
[GD] blocked by specialty/diesel filter: 107; passing: 4
[Proxibid] parsed 30 rows across 1 page(s)
[Renebates] found 60 events on index
[Renebates] event: City Of Cameron, Texas secs=111952
[Renebates] City Of Cameron, Texas -> 60 lots via https://renebates.com/a_list_2.php?id=254&cat=all
[Renebates] event: Town Of Addison, Texas secs=115549
[Renebates] Town Of Addison, Texas -> 27 lots via https://renebates.com/a_list_2.php?id=80&cat=all
[DEBUG] collected 19 listings from all sites (after filter)
[GD] HTTP 200 | CT=application/json; charset=utf-8 | page=1
[GD] page 1: 24 items
[GD] HTTP 200 | CT=application/json; charset=utf-8 | page=2
[GD] page 2: 24 items
[GD] HTTP 200 | CT=application/json; charset=utf-8 | page=3
[GD] page 3: 24 items
[GD] HTTP 200 | CT=application/json; charset=utf-8 | page=4
[GD] page 4: 24 items
[GD] HTTP 200 | CT=application/json; charset=utf-8 | page=5
[GD] page 5: 24 items
[GD] total raw items before normalize: 120; unique kept: 111
[GD] normalized rows: 111
[GD] blocked by specialty/diesel filter: 107; passing: 4
[Proxibid] parsed 30 rows across 1 page(s)
[Renebates] found 60 events on index
[Renebates] event: City Of Cameron, Texas secs=111305
[Renebates] City Of Cameron, Texas -> 60 lots via https://renebates.com/a_list_2.php?id=254&cat=all
[Renebates] event: Town Of Addison, Texas secs=114901
[Renebates] Town Of Addison, Texas -> 27 lots via https://renebates.com/a_list_2.php?id=80&cat=all
[DEBUG] collected 19 listings from all sites (after filter)
[GD] HTTP 200 | CT=application/json; charset=utf-8 | page=1
[GD] page 1: 24 items
[GD] HTTP 200 | CT=application/json; charset=utf-8 | page=2
[GD] page 2: 24 items
[GD] HTTP 200 | CT=application/json; charset=utf-8 | page=3
[GD] page 3: 24 items
[GD] HTTP 200 | CT=application/json; charset=utf-8 | page=4
[GD] page 4: 24 items
[GD] HTTP 200 | CT=application/json; charset=utf-8 | page=5
[GD] page 5: 24 items
[GD] total raw items before normalize: 120; unique kept: 111
[GD] normalized rows: 111
[GD] blocked by specialty/diesel filter: 107; passing: 4
[Proxibid] parsed 30 rows across 1 page(s)
[Renebates] found 60 events on index
[Renebates] event: City Of Cameron, Texas secs=110657
[Renebates] City Of Cameron, Texas -> 60 lots via https://renebates.com/a_list_2.php?id=254&cat=all
[Renebates] event: Town Of Addison, Texas secs=114255
[Renebates] Town Of Addison, Texas -> 27 lots via https://renebates.com/a_list_2.php?id=80&cat=all
[DEBUG] collected 19 listings from all sites (after filter)
[GD] HTTP 200 | CT=application/json; charset=utf-8 | page=1
[GD] page 1: 24 items
[GD] HTTP 200 | CT=application/json; charset=utf-8 | page=2
[GD] page 2: 24 items
[GD] HTTP 200 | CT=application/json; charset=utf-8 | page=3
[GD] page 3: 24 items
[GD] HTTP 200 | CT=application/json; charset=utf-8 | page=4
[GD] page 4: 24 items
[GD] HTTP 200 | CT=application/json; charset=utf-8 | page=5
[GD] page 5: 24 items
[GD] total raw items before normalize: 120; unique kept: 111
[GD] normalized rows: 111
[GD] blocked by specialty/diesel filter: 107; passing: 4
[Proxibid] parsed 30 rows across 1 page(s)
[Renebates] found 60 events on index
[Renebates] event: City Of Cameron, Texas secs=110010
[Renebates] City Of Cameron, Texas -> 60 lots via https://renebates.com/a_list_2.php?id=254&cat=all
[Renebates] event: Town Of Addison, Texas secs=113607
[Renebates] Town Of Addison, Texas -> 27 lots via https://renebates.com/a_list_2.php?id=80&cat=all
[DEBUG] collected 19 listings from all sites (after filter)
[GD] HTTP 200 | CT=application/json; charset=utf-8 | page=1
[GD] page 1: 24 items
[GD] HTTP 200 | CT=application/json; charset=utf-8 | page=2
[GD] page 2: 24 items
[GD] HTTP 200 | CT=application/json; charset=utf-8 | page=3
[GD] page 3: 24 items
[GD] HTTP 200 | CT=application/json; charset=utf-8 | page=4
[GD] page 4: 24 items
[GD] HTTP 200 | CT=application/json; charset=utf-8 | page=5
[GD] page 5: 24 items
[GD] total raw items before normalize: 120; unique kept: 111
[GD] normalized rows: 111
[GD] blocked by specialty/diesel filter: 107; passing: 4
[Proxibid] parsed 30 rows across 1 page(s)
[Renebates] found 60 events on index
[Renebates] event: City Of Cameron, Texas secs=109367
[Renebates] City Of Cameron, Texas -> 60 lots via https://renebates.com/a_list_2.php?id=254&cat=all
[Renebates] event: Town Of Addison, Texas secs=112965
[Renebates] Town Of Addison, Texas -> 27 lots via https://renebates.com/a_list_2.php?id=80&cat=all
[DEBUG] collected 19 listings from all sites (after filter)
[GD] HTTP 200 | CT=application/json; charset=utf-8 | page=1
[GD] page 1: 24 items
[GD] HTTP 200 | CT=application/json; charset=utf-8 | page=2
[GD] page 2: 24 items
[GD] HTTP 200 | CT=application/json; charset=utf-8 | page=3
[GD] page 3: 24 items
[GD] HTTP 200 | CT=application/json; charset=utf-8 | page=4
[GD] page 4: 24 items
[GD] HTTP 200 | CT=application/json; charset=utf-8 | page=5
[GD] page 5: 24 items
[GD] total raw items before normalize: 120; unique kept: 111
[GD] normalized rows: 111
[GD] blocked by specialty/diesel filter: 107; passing: 4
[Proxibid] parsed 30 rows across 1 page(s)
[Renebates] found 60 events on index
[Renebates] event: City Of Cameron, Texas secs=108723
[Renebates] City Of Cameron, Texas -> 60 lots via https://renebates.com/a_list_2.php?id=254&cat=all
[Renebates] event: Town Of Addison, Texas secs=112319
[Renebates] Town Of Addison, Texas -> 27 lots via https://renebates.com/a_list_2.php?id=80&cat=all
[DEBUG] collected 19 listings from all sites (after filter)
[GD] HTTP 200 | CT=application/json; charset=utf-8 | page=1
[GD] page 1: 24 items
[GD] HTTP 200 | CT=application/json; charset=utf-8 | page=2
[GD] page 2: 24 items
[GD] HTTP 200 | CT=application/json; charset=utf-8 | page=3
[GD] page 3: 24 items
[GD] HTTP 200 | CT=application/json; charset=utf-8 | page=4
[GD] page 4: 24 items
[GD] HTTP 200 | CT=application/json; charset=utf-8 | page=5
[GD] page 5: 24 items
[GD] total raw items before normalize: 120; unique kept: 111
[GD] normalized rows: 111
[GD] blocked by specialty/diesel filter: 107; passing: 4
[Proxibid] parsed 30 rows across 1 page(s)
[Renebates] found 60 events on index
[Renebates] event: City Of Cameron, Texas secs=108072
[Renebates] City Of Cameron, Texas -> 60 lots via https://renebates.com/a_list_2.php?id=254&cat=all
[Renebates] event: Town Of Addison, Texas secs=111668
[Renebates] Town Of Addison, Texas -> 27 lots via https://renebates.com/a_list_2.php?id=80&cat=all
[DEBUG] collected 19 listings from all sites (after filter)
[GD] HTTP 200 | CT=application/json; charset=utf-8 | page=1
[GD] page 1: 24 items
[GD] HTTP 200 | CT=application/json; charset=utf-8 | page=2
[GD] page 2: 24 items
[GD] HTTP 200 | CT=application/json; charset=utf-8 | page=3
[GD] page 3: 24 items
[GD] HTTP 200 | CT=application/json; charset=utf-8 | page=4
[GD] page 4: 24 items
[GD] HTTP 200 | CT=application/json; charset=utf-8 | page=5
[GD] page 5: 24 items
[GD] total raw items before normalize: 120; unique kept: 111
[GD] normalized rows: 111
[GD] blocked by specialty/diesel filter: 106; passing: 5
[Proxibid] parsed 30 rows across 1 page(s)
[Renebates] found 60 events on index
[Renebates] event: City Of Cameron, Texas secs=107415
[Renebates] City Of Cameron, Texas -> 60 lots via https://renebates.com/a_list_2.php?id=254&cat=all
[Renebates] event: Town Of Addison, Texas secs=111011
[Renebates] Town Of Addison, Texas -> 27 lots via https://renebates.com/a_list_2.php?id=80&cat=all
[DEBUG] collected 20 listings from all sites (after filter)
[GD] HTTP 200 | CT=application/json; charset=utf-8 | page=1
[GD] page 1: 24 items
[GD] HTTP 200 | CT=application/json; charset=utf-8 | page=2
[GD] page 2: 24 items
[GD] HTTP 200 | CT=application/json; charset=utf-8 | page=3
[GD] page 3: 24 items
[GD] HTTP 200 | CT=application/json; charset=utf-8 | page=4
[GD] page 4: 24 items
[GD] HTTP 200 | CT=application/json; charset=utf-8 | page=5
[GD] page 5: 24 items
[GD] total raw items before normalize: 120; unique kept: 111
[GD] normalized rows: 111
[GD] blocked by specialty/diesel filter: 106; passing: 5
[Proxibid] parsed 30 rows across 1 page(s)
[Renebates] found 60 events on index
[Renebates] event: City Of Cameron, Texas secs=106759
[Renebates] City Of Cameron, Texas -> 60 lots via https://renebates.com/a_list_2.php?id=254&cat=all
[Renebates] event: Town Of Addison, Texas secs=110354
[Renebates] Town Of Addison, Texas -> 27 lots via https://renebates.com/a_list_2.php?id=80&cat=all
[DEBUG] collected 20 listings from all sites (after filter)
[GD] HTTP 200 | CT=application/json; charset=utf-8 | page=1
[GD] page 1: 24 items
[GD] HTTP 200 | CT=application/json; charset=utf-8 | page=2
[GD] page 2: 24 items
[GD] HTTP 200 | CT=application/json; charset=utf-8 | page=3
[GD] page 3: 24 items
[GD] HTTP 200 | CT=application/json; charset=utf-8 | page=4
[GD] page 4: 24 items
[GD] HTTP 200 | CT=application/json; charset=utf-8 | page=5
[GD] page 5: 24 items
[GD] total raw items before normalize: 120; unique kept: 111
[GD] normalized rows: 111
[GD] blocked by specialty/diesel filter: 106; passing: 5
[Proxibid] parsed 30 rows across 1 page(s)
[Renebates] found 60 events on index
[Renebates] event: City Of Cameron, Texas secs=106109
[Renebates] City Of Cameron, Texas -> 60 lots via https://renebates.com/a_list_2.php?id=254&cat=all
[Renebates] event: Town Of Addison, Texas secs=109706
[Renebates] Town Of Addison, Texas -> 27 lots via https://renebates.com/a_list_2.php?id=80&cat=all
[DEBUG] collected 20 listings from all sites (after filter)
[GD] HTTP 200 | CT=application/json; charset=utf-8 | page=1
[GD] page 1: 24 items
[GD] HTTP 200 | CT=application/json; charset=utf-8 | page=2
[GD] page 2: 24 items
[GD] HTTP 200 | CT=application/json; charset=utf-8 | page=3
[GD] page 3: 24 items
[GD] HTTP 200 | CT=application/json; charset=utf-8 | page=4
[GD] page 4: 24 items
[GD] HTTP 200 | CT=application/json; charset=utf-8 | page=5
[GD] page 5: 24 items
[GD] total raw items before normalize: 120; unique kept: 111
[GD] normalized rows: 111
[GD] blocked by specialty/diesel filter: 106; passing: 5
[Proxibid] parsed 30 rows across 1 page(s)
[Renebates] found 60 events on index
[Renebates] event: City Of Cameron, Texas secs=105458
[Renebates] City Of Cameron, Texas -> 60 lots via https://renebates.com/a_list_2.php?id=254&cat=all
[Renebates] event: Town Of Addison, Texas secs=109056
[Renebates] Town Of Addison, Texas -> 27 lots via https://renebates.com/a_list_2.php?id=80&cat=all
[DEBUG] collected 20 listings from all sites (after filter)
[GD] HTTP 200 | CT=application/json; charset=utf-8 | page=1
[GD] page 1: 24 items
[GD] HTTP 200 | CT=application/json; charset=utf-8 | page=2
[GD] page 2: 24 items
[GD] HTTP 200 | CT=application/json; charset=utf-8 | page=3
[GD] page 3: 24 items
[GD] HTTP 200 | CT=application/json; charset=utf-8 | page=4
[GD] page 4: 24 items
[GD] HTTP 200 | CT=application/json; charset=utf-8 | page=5
[GD] page 5: 24 items
[GD] total raw items before normalize: 120; unique kept: 111
[GD] normalized rows: 111
[GD] blocked by specialty/diesel filter: 106; passing: 5
[Proxibid] parsed 30 rows across 1 page(s)
[Renebates] found 60 events on index
[Renebates] event: City Of Cameron, Texas secs=104812
[Renebates] City Of Cameron, Texas -> 60 lots via https://renebates.com/a_list_2.php?id=254&cat=all
[Renebates] event: Town Of Addison, Texas secs=108408
[Renebates] Town Of Addison, Texas -> 27 lots via https://renebates.com/a_list_2.php?id=80&cat=all
[DEBUG] collected 20 listings from all sites (after filter)
[GD] HTTP 200 | CT=application/json; charset=utf-8 | page=1
[GD] page 1: 24 items
[GD] HTTP 200 | CT=application/json; charset=utf-8 | page=2
[GD] page 2: 24 items
[GD] HTTP 200 | CT=application/json; charset=utf-8 | page=3
[GD] page 3: 24 items
[GD] HTTP 200 | CT=application/json; charset=utf-8 | page=4
[GD] page 4: 24 items
[GD] HTTP 200 | CT=application/json; charset=utf-8 | page=5
[GD] page 5: 24 items
[GD] total raw items before normalize: 120; unique kept: 111
[GD] normalized rows: 111
[GD] blocked by specialty/diesel filter: 106; passing: 5
[Proxibid] parsed 30 rows across 1 page(s)
[Renebates] found 60 events on index
[Renebates] event: City Of Cameron, Texas secs=104163
[Renebates] City Of Cameron, Texas -> 60 lots via https://renebates.com/a_list_2.php?id=254&cat=all
[Renebates] event: Town Of Addison, Texas secs=107761
[Renebates] Town Of Addison, Texas -> 27 lots via https://renebates.com/a_list_2.php?id=80&cat=all
[DEBUG] collected 20 listings from all sites (after filter)
[GD] HTTP 200 | CT=application/json; charset=utf-8 | page=1
[GD] page 1: 24 items
[GD] HTTP 200 | CT=application/json; charset=utf-8 | page=2
[GD] page 2: 24 items
[GD] HTTP 200 | CT=application/json; charset=utf-8 | page=3
[GD] page 3: 24 items
[GD] HTTP 200 | CT=application/json; charset=utf-8 | page=4
[GD] page 4: 24 items
[GD] HTTP 200 | CT=application/json; charset=utf-8 | page=5
[GD] page 5: 24 items
[GD] total raw items before normalize: 120; unique kept: 111
[GD] normalized rows: 111
[GD] blocked by specialty/diesel filter: 106; passing: 5
[Proxibid] parsed 30 rows across 1 page(s)
[Renebates] found 60 events on index
[Renebates] event: City Of Cameron, Texas secs=103511
[Renebates] City Of Cameron, Texas -> 60 lots via https://renebates.com/a_list_2.php?id=254&cat=all
[Renebates] event: Town Of Addison, Texas secs=107107
[Renebates] Town Of Addison, Texas -> 27 lots via https://renebates.com/a_list_2.php?id=80&cat=all
[DEBUG] collected 20 listings from all sites (after filter)
[GD] HTTP 200 | CT=application/json; charset=utf-8 | page=1
[GD] page 1: 24 items
[GD] HTTP 200 | CT=application/json; charset=utf-8 | page=2
[GD] page 2: 24 items
[GD] HTTP 200 | CT=application/json; charset=utf-8 | page=3
[GD] page 3: 24 items
[GD] HTTP 200 | CT=application/json; charset=utf-8 | page=4
[GD] page 4: 24 items
[GD] HTTP 200 | CT=application/json; charset=utf-8 | page=5
[GD] page 5: 24 items
[GD] total raw items before normalize: 120; unique kept: 111
[GD] normalized rows: 111
[GD] blocked by specialty/diesel filter: 106; passing: 5
[Proxibid] parsed 30 rows across 1 page(s)
[Renebates] found 60 events on index
[Renebates] event: City Of Cameron, Texas secs=102856
[Renebates] City Of Cameron, Texas -> 60 lots via https://renebates.com/a_list_2.php?id=254&cat=all
[Renebates] event: Town Of Addison, Texas secs=106452
[Renebates] Town Of Addison, Texas -> 27 lots via https://renebates.com/a_list_2.php?id=80&cat=all
[DEBUG] collected 20 listings from all sites (after filter)
[GD] HTTP 200 | CT=application/json; charset=utf-8 | page=1
[GD] page 1: 24 items
[GD] HTTP 200 | CT=application/json; charset=utf-8 | page=2
[GD] page 2: 24 items
[GD] HTTP 200 | CT=application/json; charset=utf-8 | page=3
[GD] page 3: 24 items
[GD] HTTP 200 | CT=application/json; charset=utf-8 | page=4
[GD] page 4: 24 items
[GD] HTTP 200 | CT=application/json; charset=utf-8 | page=5
[GD] page 5: 24 items
[GD] total raw items before normalize: 120; unique kept: 111
[GD] normalized rows: 111
[GD] blocked by specialty/diesel filter: 106; passing: 5
[Proxibid] parsed 30 rows across 1 page(s)
[Renebates] found 60 events on index
[Renebates] event: City Of Cameron, Texas secs=102206
[Renebates] City Of Cameron, Texas -> 60 lots via https://renebates.com/a_list_2.php?id=254&cat=all
[Renebates] event: Town Of Addison, Texas secs=105802
[Renebates] Town Of Addison, Texas -> 27 lots via https://renebates.com/a_list_2.php?id=80&cat=all
[DEBUG] collected 20 listings from all sites (after filter)
[GD] HTTP 200 | CT=application/json; charset=utf-8 | page=1
[GD] page 1: 24 items
[GD] HTTP 200 | CT=application/json; charset=utf-8 | page=2
[GD] page 2: 24 items
[GD] HTTP 200 | CT=application/json; charset=utf-8 | page=3
[GD] page 3: 24 items
[GD] HTTP 200 | CT=application/json; charset=utf-8 | page=4
[GD] page 4: 24 items
[GD] HTTP 200 | CT=application/json; charset=utf-8 | page=5
[GD] page 5: 24 items
[GD] total raw items before normalize: 120; unique kept: 112
[GD] normalized rows: 112
[GD] blocked by specialty/diesel filter: 107; passing: 5
[Proxibid] parsed 30 rows across 1 page(s)
[Renebates] found 60 events on index
[Renebates] event: City Of Cameron, Texas secs=101545
[Renebates] City Of Cameron, Texas -> 60 lots via https://renebates.com/a_list_2.php?id=254&cat=all
[Renebates] event: Town Of Addison, Texas secs=105142
[Renebates] Town Of Addison, Texas -> 27 lots via https://renebates.com/a_list_2.php?id=80&cat=all
[DEBUG] collected 20 listings from all sites (after filter)
[GD] HTTP 200 | CT=application/json; charset=utf-8 | page=1
[GD] page 1: 24 items
[GD] HTTP 200 | CT=application/json; charset=utf-8 | page=2
[GD] page 2: 24 items
[GD] HTTP 200 | CT=application/json; charset=utf-8 | page=3
[GD] page 3: 24 items
[GD] HTTP 200 | CT=application/json; charset=utf-8 | page=4
[GD] page 4: 24 items
[GD] HTTP 200 | CT=application/json; charset=utf-8 | page=5
[GD] page 5: 24 items
[GD] total raw items before normalize: 120; unique kept: 112
[GD] normalized rows: 112
[GD] blocked by specialty/diesel filter: 107; passing: 5
[Proxibid] parsed 30 rows across 1 page(s)
[Renebates] found 60 events on index
[Renebates] event: City Of Cameron, Texas secs=100896
[Renebates] City Of Cameron, Texas -> 60 lots via https://renebates.com/a_list_2.php?id=254&cat=all
[Renebates] event: Town Of Addison, Texas secs=104494
[Renebates] Town Of Addison, Texas -> 27 lots via https://renebates.com/a_list_2.php?id=80&cat=all
[DEBUG] collected 20 listings from all sites (after filter)
[GD] HTTP 200 | CT=application/json; charset=utf-8 | page=1
[GD] page 1: 24 items
[GD] HTTP 200 | CT=application/json; charset=utf-8 | page=2
[GD] page 2: 24 items
[GD] HTTP 200 | CT=application/json; charset=utf-8 | page=3
[GD] page 3: 24 items
[GD] HTTP 200 | CT=application/json; charset=utf-8 | page=4
[GD] page 4: 24 items
[GD] HTTP 200 | CT=application/json; charset=utf-8 | page=5
[GD] page 5: 24 items
[GD] total raw items before normalize: 120; unique kept: 112
[GD] normalized rows: 112
[GD] blocked by specialty/diesel filter: 107; passing: 5
[Proxibid] parsed 30 rows across 1 page(s)
[Renebates] found 60 events on index
[Renebates] event: City Of Cameron, Texas secs=100245
[Renebates] City Of Cameron, Texas -> 60 lots via https://renebates.com/a_list_2.php?id=254&cat=all
[Renebates] event: Town Of Addison, Texas secs=103842
[Renebates] Town Of Addison, Texas -> 27 lots via https://renebates.com/a_list_2.php?id=80&cat=all
[DEBUG] collected 20 listings from all sites (after filter)
[GD] HTTP 200 | CT=application/json; charset=utf-8 | page=1
[GD] page 1: 24 items
[GD] HTTP 200 | CT=application/json; charset=utf-8 | page=2
[GD] page 2: 24 items
[GD] HTTP 200 | CT=application/json; charset=utf-8 | page=3
[GD] page 3: 24 items
[GD] HTTP 200 | CT=application/json; charset=utf-8 | page=4
[GD] page 4: 24 items
[GD] HTTP 200 | CT=application/json; charset=utf-8 | page=5
[GD] page 5: 24 items
[GD] total raw items before normalize: 120; unique kept: 112
[GD] normalized rows: 112
[GD] blocked by specialty/diesel filter: 107; passing: 5
[Proxibid] parsed 30 rows across 1 page(s)
[Renebates] found 60 events on index
[Renebates] event: City Of Cameron, Texas secs=99603
[Renebates] City Of Cameron, Texas -> 60 lots via https://renebates.com/a_list_2.php?id=254&cat=all
[Renebates] event: Town Of Addison, Texas secs=103201
[Renebates] Town Of Addison, Texas -> 27 lots via https://renebates.com/a_list_2.php?id=80&cat=all
[DEBUG] collected 20 listings from all sites (after filter)
[GD] HTTP 200 | CT=application/json; charset=utf-8 | page=1
[GD] page 1: 24 items
[GD] HTTP 200 | CT=application/json; charset=utf-8 | page=2
[GD] page 2: 24 items
[GD] HTTP 200 | CT=application/json; charset=utf-8 | page=3
[GD] page 3: 24 items
[GD] HTTP 200 | CT=application/json; charset=utf-8 | page=4
[GD] page 4: 24 items
[GD] HTTP 200 | CT=application/json; charset=utf-8 | page=5
[GD] page 5: 24 items
[GD] total raw items before normalize: 120; unique kept: 112
[GD] normalized rows: 112
[GD] blocked by specialty/diesel filter: 107; passing: 5
[Proxibid] parsed 30 rows across 1 page(s)
[Renebates] found 60 events on index
[Renebates] event: City Of Cameron, Texas secs=98961
[Renebates] City Of Cameron, Texas -> 60 lots via https://renebates.com/a_list_2.php?id=254&cat=all
[Renebates] event: Town Of Addison, Texas secs=102558
[Renebates] Town Of Addison, Texas -> 27 lots via https://renebates.com/a_list_2.php?id=80&cat=all
[DEBUG] collected 20 listings from all sites (after filter)
[GD] HTTP 200 | CT=application/json; charset=utf-8 | page=1
[GD] page 1: 24 items
[GD] HTTP 200 | CT=application/json; charset=utf-8 | page=2
[GD] page 2: 24 items
[GD] HTTP 200 | CT=application/json; charset=utf-8 | page=3
[GD] page 3: 24 items
[GD] HTTP 200 | CT=application/json; charset=utf-8 | page=4
[GD] page 4: 24 items
[GD] HTTP 200 | CT=application/json; charset=utf-8 | page=5
[GD] page 5: 24 items
[GD] total raw items before normalize: 120; unique kept: 112
[GD] normalized rows: 112
[GD] blocked by specialty/diesel filter: 107; passing: 5
[Proxibid] parsed 30 rows across 1 page(s)
[Renebates] found 60 events on index
[Renebates] event: City Of Cameron, Texas secs=98304
[Renebates] City Of Cameron, Texas -> 60 lots via https://renebates.com/a_list_2.php?id=254&cat=all
[Renebates] event: Town Of Addison, Texas secs=101901
[Renebates] Town Of Addison, Texas -> 27 lots via https://renebates.com/a_list_2.php?id=80&cat=all
[DEBUG] collected 20 listings from all sites (after filter)
[GD] HTTP 200 | CT=application/json; charset=utf-8 | page=1
[GD] page 1: 24 items
[GD] HTTP 200 | CT=application/json; charset=utf-8 | page=2
[GD] page 2: 24 items
[GD] HTTP 200 | CT=application/json; charset=utf-8 | page=3
[GD] page 3: 24 items
[GD] HTTP 200 | CT=application/json; charset=utf-8 | page=4
[GD] page 4: 24 items
[GD] HTTP 200 | CT=application/json; charset=utf-8 | page=5
[GD] page 5: 24 items
[GD] total raw items before normalize: 120; unique kept: 112
[GD] normalized rows: 112
[GD] blocked by specialty/diesel filter: 107; passing: 5
[Proxibid] parsed 30 rows across 1 page(s)
[Renebates] found 60 events on index
[Renebates] event: City Of Cameron, Texas secs=97647
[Renebates] City Of Cameron, Texas -> 60 lots via https://renebates.com/a_list_2.php?id=254&cat=all
[Renebates] event: Town Of Addison, Texas secs=101245
[Renebates] Town Of Addison, Texas -> 27 lots via https://renebates.com/a_list_2.php?id=80&cat=all
[DEBUG] collected 20 listings from all sites (after filter)
[GD] HTTP 200 | CT=application/json; charset=utf-8 | page=1
[GD] page 1: 24 items
[GD] HTTP 200 | CT=application/json; charset=utf-8 | page=2
[GD] page 2: 24 items
[GD] HTTP 200 | CT=application/json; charset=utf-8 | page=3
[GD] page 3: 24 items
[GD] HTTP 200 | CT=application/json; charset=utf-8 | page=4
[GD] page 4: 24 items
[GD] HTTP 200 | CT=application/json; charset=utf-8 | page=5
[GD] page 5: 24 items
[GD] total raw items before normalize: 120; unique kept: 112
[GD] normalized rows: 112
[GD] blocked by specialty/diesel filter: 108; passing: 4
[Proxibid] parsed 30 rows across 1 page(s)
[Renebates] found 60 events on index
[Renebates] event: City Of Cameron, Texas secs=97000
[Renebates] City Of Cameron, Texas -> 60 lots via https://renebates.com/a_list_2.php?id=254&cat=all
[Renebates] event: Town Of Addison, Texas secs=100597
[Renebates] Town Of Addison, Texas -> 27 lots via https://renebates.com/a_list_2.php?id=80&cat=all
[DEBUG] collected 19 listings from all sites (after filter)
❌ Digest SMS failed: HTTP 401 error: Unable to create record: Authenticate
📬 Daily digest SMS sent.
[GD] HTTP 200 | CT=application/json; charset=utf-8 | page=1
[GD] page 1: 24 items
[GD] HTTP 200 | CT=application/json; charset=utf-8 | page=2
[GD] page 2: 24 items
[GD] HTTP 200 | CT=application/json; charset=utf-8 | page=3
[GD] page 3: 24 items
[GD] HTTP 200 | CT=application/json; charset=utf-8 | page=4
[GD] page 4: 24 items
[GD] HTTP 200 | CT=application/json; charset=utf-8 | page=5
[GD] page 5: 24 items
[GD] total raw items before normalize: 120; unique kept: 112
[GD] normalized rows: 112
[GD] blocked by specialty/diesel filter: 107; passing: 5
[Proxibid] parsed 30 rows across 1 page(s)
[Renebates] found 60 events on index
[Renebates] event: City Of Cameron, Texas secs=96350
[Renebates] City Of Cameron, Texas -> 60 lots via https://renebates.com/a_list_2.php?id=254&cat=all
[Renebates] event: Town Of Addison, Texas secs=99946
[Renebates] Town Of Addison, Texas -> 27 lots via https://renebates.com/a_list_2.php?id=80&cat=all
[DEBUG] collected 20 listings from all sites (after filter)
[GD] HTTP 200 | CT=application/json; charset=utf-8 | page=1
[GD] page 1: 24 items
[GD] HTTP 200 | CT=application/json; charset=utf-8 | page=2
[GD] page 2: 24 items
[GD] HTTP 200 | CT=application/json; charset=utf-8 | page=3
[GD] page 3: 24 items
[GD] HTTP 200 | CT=application/json; charset=utf-8 | page=4
[GD] page 4: 24 items
[GD] HTTP 200 | CT=application/json; charset=utf-8 | page=5
[GD] page 5: 24 items
[GD] total raw items before normalize: 120; unique kept: 112
[GD] normalized rows: 112
[GD] blocked by specialty/diesel filter: 107; passing: 5
[Proxibid] parsed 30 rows across 1 page(s)
[Renebates] found 60 events on index
[Renebates] event: City Of Cameron, Texas secs=95699
[Renebates] City Of Cameron, Texas -> 60 lots via https://renebates.com/a_list_2.php?id=254&cat=all
[Renebates] event: Town Of Addison, Texas secs=99295
[Renebates] Town Of Addison, Texas -> 27 lots via https://renebates.com/a_list_2.php?id=80&cat=all
[DEBUG] collected 20 listings from all sites (after filter)
[GD] HTTP 200 | CT=application/json; charset=utf-8 | page=1
[GD] page 1: 24 items
[GD] HTTP 200 | CT=application/json; charset=utf-8 | page=2
[GD] page 2: 24 items
[GD] HTTP 200 | CT=application/json; charset=utf-8 | page=3
[GD] page 3: 24 items
[GD] HTTP 200 | CT=application/json; charset=utf-8 | page=4
[GD] page 4: 24 items
[GD] HTTP 200 | CT=application/json; charset=utf-8 | page=5
[GD] page 5: 24 items
[GD] total raw items before normalize: 120; unique kept: 112
[GD] normalized rows: 112
[GD] blocked by specialty/diesel filter: 107; passing: 5
[Proxibid] parsed 30 rows across 1 page(s)
[Renebates] found 60 events on index
[Renebates] event: City Of Cameron, Texas secs=95053
[Renebates] City Of Cameron, Texas -> 60 lots via https://renebates.com/a_list_2.php?id=254&cat=all
[Renebates] event: Town Of Addison, Texas secs=98651
[Renebates] Town Of Addison, Texas -> 27 lots via https://renebates.com/a_list_2.php?id=80&cat=all
[DEBUG] collected 20 listings from all sites (after filter)
[GD] HTTP 200 | CT=application/json; charset=utf-8 | page=1
[GD] page 1: 24 items
[GD] HTTP 200 | CT=application/json; charset=utf-8 | page=2
[GD] page 2: 24 items
[GD] HTTP 200 | CT=application/json; charset=utf-8 | page=3
[GD] page 3: 24 items
[GD] HTTP 200 | CT=application/json; charset=utf-8 | page=4
[GD] page 4: 24 items
[GD] HTTP 200 | CT=application/json; charset=utf-8 | page=5
[GD] page 5: 24 items
[GD] total raw items before normalize: 120; unique kept: 112
[GD] normalized rows: 112
[GD] blocked by specialty/diesel filter: 106; passing: 6
[Proxibid] parsed 30 rows across 1 page(s)
[Renebates] found 60 events on index
[Renebates] event: City Of Cameron, Texas secs=94407
[Renebates] City Of Cameron, Texas -> 60 lots via https://renebates.com/a_list_2.php?id=254&cat=all
[Renebates] event: Town Of Addison, Texas secs=98003
[Renebates] Town Of Addison, Texas -> 27 lots via https://renebates.com/a_list_2.php?id=80&cat=all
[DEBUG] collected 21 listings from all sites (after filter)
[GD] HTTP 200 | CT=application/json; charset=utf-8 | page=1
[GD] page 1: 24 items
[GD] HTTP 200 | CT=application/json; charset=utf-8 | page=2
[GD] page 2: 24 items
[GD] HTTP 200 | CT=application/json; charset=utf-8 | page=3
[GD] page 3: 24 items
[GD] HTTP 200 | CT=application/json; charset=utf-8 | page=4
[GD] page 4: 24 items
[GD] HTTP 200 | CT=application/json; charset=utf-8 | page=5
[GD] page 5: 24 items
[GD] total raw items before normalize: 120; unique kept: 112
[GD] normalized rows: 112
[GD] blocked by specialty/diesel filter: 106; passing: 6
[Proxibid] parsed 30 rows across 1 page(s)
[Renebates] found 60 events on index
[Renebates] event: City Of Cameron, Texas secs=93753
[Renebates] City Of Cameron, Texas -> 60 lots via https://renebates.com/a_list_2.php?id=254&cat=all
[Renebates] event: Town Of Addison, Texas secs=97351
[Renebates] Town Of Addison, Texas -> 27 lots via https://renebates.com/a_list_2.php?id=80&cat=all
[DEBUG] collected 21 listings from all sites (after filter)
[GD] HTTP 200 | CT=application/json; charset=utf-8 | page=1
[GD] page 1: 24 items
[GD] HTTP 200 | CT=application/json; charset=utf-8 | page=2
[GD] page 2: 24 items
[GD] HTTP 200 | CT=application/json; charset=utf-8 | page=3
[GD] page 3: 24 items
[GD] HTTP 200 | CT=application/json; charset=utf-8 | page=4
[GD] page 4: 24 items
[GD] HTTP 200 | CT=application/json; charset=utf-8 | page=5
[GD] page 5: 24 items
[GD] total raw items before normalize: 120; unique kept: 112
[GD] normalized rows: 112
[GD] blocked by specialty/diesel filter: 106; passing: 6
[Proxibid] parsed 30 rows across 1 page(s)
[Renebates] found 60 events on index
[Renebates] event: City Of Cameron, Texas secs=93097
[Renebates] City Of Cameron, Texas -> 60 lots via https://renebates.com/a_list_2.php?id=254&cat=all
[Renebates] event: Town Of Addison, Texas secs=96693
[Renebates] Town Of Addison, Texas -> 27 lots via https://renebates.com/a_list_2.php?id=80&cat=all
[DEBUG] collected 21 listings from all sites (after filter)
[GD] HTTP 200 | CT=application/json; charset=utf-8 | page=1
[GD] page 1: 24 items
[GD] HTTP 200 | CT=application/json; charset=utf-8 | page=2
[GD] page 2: 24 items
[GD] HTTP 200 | CT=application/json; charset=utf-8 | page=3
[GD] page 3: 24 items
[GD] HTTP 200 | CT=application/json; charset=utf-8 | page=4
[GD] page 4: 24 items
[GD] HTTP 200 | CT=application/json; charset=utf-8 | page=5
[GD] page 5: 24 items
[GD] total raw items before normalize: 120; unique kept: 112
[GD] normalized rows: 112
[GD] blocked by specialty/diesel filter: 106; passing: 6
[Proxibid] parsed 30 rows across 1 page(s)
[Renebates] found 60 events on index
[Renebates] event: City Of Cameron, Texas secs=92453
[Renebates] City Of Cameron, Texas -> 60 lots via https://renebates.com/a_list_2.php?id=254&cat=all
[Renebates] event: Town Of Addison, Texas secs=96050
[Renebates] Town Of Addison, Texas -> 27 lots via https://renebates.com/a_list_2.php?id=80&cat=all
[DEBUG] collected 21 listings from all sites (after filter)
[GD] HTTP 200 | CT=application/json; charset=utf-8 | page=1
[GD] page 1: 24 items
[GD] HTTP 200 | CT=application/json; charset=utf-8 | page=2
[GD] page 2: 24 items
[GD] HTTP 200 | CT=application/json; charset=utf-8 | page=3
[GD] page 3: 24 items
[GD] HTTP 200 | CT=application/json; charset=utf-8 | page=4
[GD] page 4: 24 items
[GD] HTTP 200 | CT=application/json; charset=utf-8 | page=5
[GD] page 5: 24 items
[GD] total raw items before normalize: 120; unique kept: 111
[GD] normalized rows: 111
[GD] blocked by specialty/diesel filter: 105; passing: 6
[Proxibid] parsed 30 rows across 1 page(s)
[Renebates] found 60 events on index
[Renebates] event: City Of Cameron, Texas secs=91805
[Renebates] City Of Cameron, Texas -> 60 lots via https://renebates.com/a_list_2.php?id=254&cat=all
[Renebates] event: Town Of Addison, Texas secs=95401
[Renebates] Town Of Addison, Texas -> 27 lots via https://renebates.com/a_list_2.php?id=80&cat=all
[DEBUG] collected 21 listings from all sites (after filter)
[GD] HTTP 200 | CT=application/json; charset=utf-8 | page=1
[GD] page 1: 24 items
[GD] HTTP 200 | CT=application/json; charset=utf-8 | page=2
[GD] page 2: 24 items
[GD] HTTP 200 | CT=application/json; charset=utf-8 | page=3
[GD] page 3: 24 items
[GD] HTTP 200 | CT=application/json; charset=utf-8 | page=4
[GD] page 4: 24 items
[GD] HTTP 200 | CT=application/json; charset=utf-8 | page=5
[GD] page 5: 24 items
[GD] total raw items before normalize: 120; unique kept: 111
[GD] normalized rows: 111
[GD] blocked by specialty/diesel filter: 105; passing: 6
[Proxibid] parsed 30 rows across 1 page(s)
[Renebates] found 60 events on index
[Renebates] event: City Of Cameron, Texas secs=91153
[Renebates] City Of Cameron, Texas -> 60 lots via https://renebates.com/a_list_2.php?id=254&cat=all
[Renebates] event: Town Of Addison, Texas secs=94749
[Renebates] Town Of Addison, Texas -> 27 lots via https://renebates.com/a_list_2.php?id=80&cat=all
[DEBUG] collected 21 listings from all sites (after filter)
[GD] HTTP 200 | CT=application/json; charset=utf-8 | page=1
[GD] page 1: 24 items
[GD] HTTP 200 | CT=application/json; charset=utf-8 | page=2
[GD] page 2: 24 items
[GD] HTTP 200 | CT=application/json; charset=utf-8 | page=3
[GD] page 3: 24 items
[GD] HTTP 200 | CT=application/json; charset=utf-8 | page=4
[GD] page 4: 24 items
[GD] HTTP 200 | CT=application/json; charset=utf-8 | page=5
[GD] page 5: 24 items
[GD] total raw items before normalize: 120; unique kept: 111
[GD] normalized rows: 111
[GD] blocked by specialty/diesel filter: 105; passing: 6
[Proxibid] parsed 30 rows across 1 page(s)
[Renebates] found 60 events on index
[Renebates] event: City Of Cameron, Texas secs=90508
[Renebates] City Of Cameron, Texas -> 60 lots via https://renebates.com/a_list_2.php?id=254&cat=all
[Renebates] event: Town Of Addison, Texas secs=94104
[Renebates] Town Of Addison, Texas -> 27 lots via https://renebates.com/a_list_2.php?id=80&cat=all
[DEBUG] collected 21 listings from all sites (after filter)
[GD] HTTP 200 | CT=application/json; charset=utf-8 | page=1
[GD] page 1: 24 items
[GD] HTTP 200 | CT=application/json; charset=utf-8 | page=2
[GD] page 2: 24 items
[GD] HTTP 200 | CT=application/json; charset=utf-8 | page=3
[GD] page 3: 24 items
[GD] HTTP 200 | CT=application/json; charset=utf-8 | page=4
[GD] page 4: 24 items
[GD] HTTP 200 | CT=application/json; charset=utf-8 | page=5
[GD] page 5: 24 items
[GD] total raw items before normalize: 120; unique kept: 111
[GD] normalized rows: 111
[GD] blocked by specialty/diesel filter: 105; passing: 6
[Proxibid] parsed 30 rows across 1 page(s)
[Renebates] found 60 events on index
[Renebates] event: City Of Cameron, Texas secs=89854
[Renebates] City Of Cameron, Texas -> 60 lots via https://renebates.com/a_list_2.php?id=254&cat=all
[Renebates] event: Town Of Addison, Texas secs=93451
[Renebates] Town Of Addison, Texas -> 27 lots via https://renebates.com/a_list_2.php?id=80&cat=all
[DEBUG] collected 21 listings from all sites (after filter)
[GD] HTTP 200 | CT=application/json; charset=utf-8 | page=1
[GD] page 1: 24 items
[GD] HTTP 200 | CT=application/json; charset=utf-8 | page=2
[GD] page 2: 24 items
[GD] HTTP 200 | CT=application/json; charset=utf-8 | page=3
[GD] page 3: 24 items
[GD] HTTP 200 | CT=application/json; charset=utf-8 | page=4
[GD] page 4: 24 items
[GD] HTTP 200 | CT=application/json; charset=utf-8 | page=5
[GD] page 5: 24 items
[GD] total raw items before normalize: 120; unique kept: 111
[GD] normalized rows: 111
[GD] blocked by specialty/diesel filter: 105; passing: 6
[Proxibid] parsed 30 rows across 1 page(s)
[Renebates] found 60 events on index
[Renebates] event: City Of Cameron, Texas secs=89197
[Renebates] City Of Cameron, Texas -> 60 lots via https://renebates.com/a_list_2.php?id=254&cat=all
[Renebates] event: Town Of Addison, Texas secs=92793
[Renebates] Town Of Addison, Texas -> 27 lots via https://renebates.com/a_list_2.php?id=80&cat=all
[DEBUG] collected 21 listings from all sites (after filter)
[GD] HTTP 200 | CT=application/json; charset=utf-8 | page=1
[GD] page 1: 24 items
[GD] HTTP 200 | CT=application/json; charset=utf-8 | page=2
[GD] page 2: 24 items
[GD] HTTP 200 | CT=application/json; charset=utf-8 | page=3
[GD] page 3: 24 items
[GD] HTTP 200 | CT=application/json; charset=utf-8 | page=4
[GD] page 4: 24 items
[GD] HTTP 200 | CT=application/json; charset=utf-8 | page=5
[GD] page 5: 24 items
[GD] total raw items before normalize: 120; unique kept: 111
[GD] normalized rows: 111
[GD] blocked by specialty/diesel filter: 105; passing: 6
[Proxibid] parsed 30 rows across 1 page(s)
[Renebates] found 60 events on index
[Renebates] event: City Of Cameron, Texas secs=88548
[Renebates] City Of Cameron, Texas -> 60 lots via https://renebates.com/a_list_2.php?id=254&cat=all
[Renebates] event: Town Of Addison, Texas secs=92145
[Renebates] Town Of Addison, Texas -> 27 lots via https://renebates.com/a_list_2.php?id=80&cat=all
[DEBUG] collected 21 listings from all sites (after filter)
[GD] HTTP 200 | CT=application/json; charset=utf-8 | page=1
[GD] page 1: 24 items
[GD] HTTP 200 | CT=application/json; charset=utf-8 | page=2
[GD] page 2: 24 items
[GD] HTTP 200 | CT=application/json; charset=utf-8 | page=3
[GD] page 3: 24 items
[GD] HTTP 200 | CT=application/json; charset=utf-8 | page=4
[GD] page 4: 24 items
[GD] HTTP 200 | CT=application/json; charset=utf-8 | page=5
[GD] page 5: 24 items
[GD] total raw items before normalize: 120; unique kept: 111
[GD] normalized rows: 111
[GD] blocked by specialty/diesel filter: 105; passing: 6
[Proxibid] parsed 30 rows across 1 page(s)
[Renebates] found 60 events on index
[Renebates] event: City Of Cameron, Texas secs=87902
[Renebates] City Of Cameron, Texas -> 60 lots via https://renebates.com/a_list_2.php?id=254&cat=all
[Renebates] event: Town Of Addison, Texas secs=91498
[Renebates] Town Of Addison, Texas -> 27 lots via https://renebates.com/a_list_2.php?id=80&cat=all
[DEBUG] collected 21 listings from all sites (after filter)
[GD] HTTP 200 | CT=application/json; charset=utf-8 | page=1
[GD] page 1: 24 items
[GD] HTTP 200 | CT=application/json; charset=utf-8 | page=2
[GD] page 2: 24 items
[GD] HTTP 200 | CT=application/json; charset=utf-8 | page=3
[GD] page 3: 24 items
[GD] HTTP 200 | CT=application/json; charset=utf-8 | page=4
[GD] page 4: 24 items
[GD] HTTP 200 | CT=application/json; charset=utf-8 | page=5
[GD] page 5: 24 items
[GD] total raw items before normalize: 120; unique kept: 111
[GD] normalized rows: 111
[GD] blocked by specialty/diesel filter: 105; passing: 6
[Proxibid] parsed 30 rows across 1 page(s)
[Renebates] found 60 events on index
[Renebates] event: City Of Cameron, Texas secs=87256
[Renebates] City Of Cameron, Texas -> 60 lots via https://renebates.com/a_list_2.php?id=254&cat=all
[Renebates] event: Town Of Addison, Texas secs=90853
[Renebates] Town Of Addison, Texas -> 27 lots via https://renebates.com/a_list_2.php?id=80&cat=all
[DEBUG] collected 21 listings from all sites (after filter)
[GD] HTTP 200 | CT=application/json; charset=utf-8 | page=1
[GD] page 1: 24 items
[GD] HTTP 200 | CT=application/json; charset=utf-8 | page=2
[GD] page 2: 24 items
[GD] HTTP 200 | CT=application/json; charset=utf-8 | page=3
[GD] page 3: 24 items
[GD] HTTP 200 | CT=application/json; charset=utf-8 | page=4
[GD] page 4: 24 items
[GD] HTTP 200 | CT=application/json; charset=utf-8 | page=5
[GD] page 5: 24 items
[GD] total raw items before normalize: 120; unique kept: 111
[GD] normalized rows: 111
[GD] blocked by specialty/diesel filter: 105; passing: 6
[Proxibid] parsed 30 rows across 1 page(s)
[Renebates] found 60 events on index
[Renebates] event: City Of Cameron, Texas secs=86611
[Renebates] City Of Cameron, Texas -> 60 lots via https://renebates.com/a_list_2.php?id=254&cat=all
[Renebates] event: Town Of Addison, Texas secs=90208
[Renebates] Town Of Addison, Texas -> 27 lots via https://renebates.com/a_list_2.php?id=80&cat=all
[DEBUG] collected 21 listings from all sites (after filter)
[GD] HTTP 200 | CT=application/json; charset=utf-8 | page=1
[GD] page 1: 24 items
[GD] HTTP 200 | CT=application/json; charset=utf-8 | page=2
[GD] page 2: 24 items
[GD] HTTP 200 | CT=application/json; charset=utf-8 | page=3
[GD] page 3: 24 items
[GD] HTTP 200 | CT=application/json; charset=utf-8 | page=4
[GD] page 4: 24 items
[GD] HTTP 200 | CT=application/json; charset=utf-8 | page=5
[GD] page 5: 24 items
[GD] total raw items before normalize: 120; unique kept: 112
[GD] normalized rows: 112
[GD] blocked by specialty/diesel filter: 105; passing: 7
[Proxibid] parsed 30 rows across 1 page(s)
[Renebates] found 60 events on index
[Renebates] event: City Of Cameron, Texas secs=85958
[Renebates] City Of Cameron, Texas -> 60 lots via https://renebates.com/a_list_2.php?id=254&cat=all
[Renebates] event: Town Of Addison, Texas secs=89554
[Renebates] Town Of Addison, Texas -> 27 lots via https://renebates.com/a_list_2.php?id=80&cat=all
[DEBUG] collected 22 listings from all sites (after filter)
[GD] HTTP 200 | CT=application/json; charset=utf-8 | page=1
[GD] page 1: 24 items
[GD] HTTP 200 | CT=application/json; charset=utf-8 | page=2
[GD] page 2: 24 items
[GD] HTTP 200 | CT=application/json; charset=utf-8 | page=3
[GD] page 3: 24 items
[GD] HTTP 200 | CT=application/json; charset=utf-8 | page=4
[GD] page 4: 24 items
[GD] HTTP 200 | CT=application/json; charset=utf-8 | page=5
[GD] page 5: 24 items
[GD] total raw items before normalize: 120; unique kept: 112
[GD] normalized rows: 112
[GD] blocked by specialty/diesel filter: 105; passing: 7
[Proxibid] parsed 30 rows across 1 page(s)
[Renebates] found 60 events on index
[Renebates] event: City Of Cameron, Texas secs=85306
[Renebates] City Of Cameron, Texas -> 60 lots via https://renebates.com/a_list_2.php?id=254&cat=all
[Renebates] event: Town Of Addison, Texas secs=88903
[Renebates] Town Of Addison, Texas -> 27 lots via https://renebates.com/a_list_2.php?id=80&cat=all
[DEBUG] collected 23 listings from all sites (after filter)
[GD] HTTP 200 | CT=application/json; charset=utf-8 | page=1
[GD] page 1: 24 items
[GD] HTTP 200 | CT=application/json; charset=utf-8 | page=2
[GD] page 2: 24 items
[GD] HTTP 200 | CT=application/json; charset=utf-8 | page=3
[GD] page 3: 24 items
[GD] HTTP 200 | CT=application/json; charset=utf-8 | page=4
[GD] page 4: 24 items
[GD] HTTP 200 | CT=application/json; charset=utf-8 | page=5
[GD] page 5: 24 items
[GD] total raw items before normalize: 120; unique kept: 112
[GD] normalized rows: 112
[GD] blocked by specialty/diesel filter: 105; passing: 7
[Proxibid] parsed 30 rows across 1 page(s)
[Renebates] found 60 events on index
[Renebates] event: City Of Cameron, Texas secs=84649
[Renebates] City Of Cameron, Texas -> 60 lots via https://renebates.com/a_list_2.php?id=254&cat=all
[Renebates] event: Town Of Addison, Texas secs=88247
[Renebates] Town Of Addison, Texas -> 27 lots via https://renebates.com/a_list_2.php?id=80&cat=all
[DEBUG] collected 24 listings from all sites (after filter)
[GD] HTTP 200 | CT=application/json; charset=utf-8 | page=1
[GD] page 1: 24 items
[GD] HTTP 200 | CT=application/json; charset=utf-8 | page=2
[GD] page 2: 24 items
[GD] HTTP 200 | CT=application/json; charset=utf-8 | page=3
[GD] page 3: 24 items
[GD] HTTP 200 | CT=application/json; charset=utf-8 | page=4
[GD] page 4: 24 items
[GD] HTTP 200 | CT=application/json; charset=utf-8 | page=5
[GD] page 5: 24 items
[GD] total raw items before normalize: 120; unique kept: 112
[GD] normalized rows: 112
[GD] blocked by specialty/diesel filter: 105; passing: 7
[Proxibid] parsed 30 rows across 1 page(s)
[Renebates] found 60 events on index
[Renebates] event: City Of Cameron, Texas secs=84001
[Renebates] City Of Cameron, Texas -> 60 lots via https://renebates.com/a_list_2.php?id=254&cat=all
[Renebates] event: Town Of Addison, Texas secs=87598
[Renebates] Town Of Addison, Texas -> 27 lots via https://renebates.com/a_list_2.php?id=80&cat=all
[DEBUG] collected 24 listings from all sites (after filter)
[GD] HTTP 200 | CT=application/json; charset=utf-8 | page=1
[GD] page 1: 24 items
[GD] HTTP 200 | CT=application/json; charset=utf-8 | page=2
[GD] page 2: 24 items
[GD] HTTP 200 | CT=application/json; charset=utf-8 | page=3
[GD] page 3: 24 items
[GD] HTTP 200 | CT=application/json; charset=utf-8 | page=4
[GD] page 4: 24 items
[GD] HTTP 200 | CT=application/json; charset=utf-8 | page=5
[GD] page 5: 24 items
[GD] total raw items before normalize: 120; unique kept: 112
[GD] normalized rows: 112
[GD] blocked by specialty/diesel filter: 105; passing: 7
[Proxibid] parsed 30 rows across 1 page(s)
[Renebates] found 60 events on index
[Renebates] event: City Of Cameron, Texas secs=83345
[Renebates] City Of Cameron, Texas -> 60 lots via https://renebates.com/a_list_2.php?id=254&cat=all
[Renebates] event: Town Of Addison, Texas secs=86941
[Renebates] Town Of Addison, Texas -> 27 lots via https://renebates.com/a_list_2.php?id=80&cat=all
[DEBUG] collected 24 listings from all sites (after filter)
[GD] HTTP 200 | CT=application/json; charset=utf-8 | page=1
[GD] page 1: 24 items
[GD] HTTP 200 | CT=application/json; charset=utf-8 | page=2
[GD] page 2: 24 items
[GD] HTTP 200 | CT=application/json; charset=utf-8 | page=3
[GD] page 3: 24 items
[GD] HTTP 200 | CT=application/json; charset=utf-8 | page=4
[GD] page 4: 24 items
[GD] HTTP 200 | CT=application/json; charset=utf-8 | page=5
[GD] page 5: 24 items
[GD] total raw items before normalize: 120; unique kept: 112
[GD] normalized rows: 112
[GD] blocked by specialty/diesel filter: 105; passing: 7
[Proxibid] parsed 30 rows across 1 page(s)
[Renebates] found 60 events on index
[Renebates] event: City Of Cameron, Texas secs=82692
[Renebates] City Of Cameron, Texas -> 60 lots via https://renebates.com/a_list_2.php?id=254&cat=all
[Renebates] event: Town Of Addison, Texas secs=86288
[Renebates] Town Of Addison, Texas -> 27 lots via https://renebates.com/a_list_2.php?id=80&cat=all
[DEBUG] collected 24 listings from all sites (after filter)
[GD] HTTP 200 | CT=application/json; charset=utf-8 | page=1
[GD] page 1: 24 items
[GD] HTTP 200 | CT=application/json; charset=utf-8 | page=2
[GD] page 2: 24 items
[GD] HTTP 200 | CT=application/json; charset=utf-8 | page=3
[GD] page 3: 24 items
[GD] HTTP 200 | CT=application/json; charset=utf-8 | page=4
[GD] page 4: 24 items
[GD] HTTP 200 | CT=application/json; charset=utf-8 | page=5
[GD] page 5: 24 items
[GD] total raw items before normalize: 120; unique kept: 112
[GD] normalized rows: 112
[GD] blocked by specialty/diesel filter: 105; passing: 7
[Proxibid] parsed 30 rows across 1 page(s)
[Renebates] found 60 events on index
[Renebates] event: City Of Cameron, Texas secs=82050
[Renebates] City Of Cameron, Texas -> 60 lots via https://renebates.com/a_list_2.php?id=254&cat=all
[Renebates] event: Town Of Addison, Texas secs=85646
[Renebates] Town Of Addison, Texas -> 27 lots via https://renebates.com/a_list_2.php?id=80&cat=all
[DEBUG] collected 24 listings from all sites (after filter)
[GD] HTTP 200 | CT=application/json; charset=utf-8 | page=1
[GD] page 1: 24 items
[GD] HTTP 200 | CT=application/json; charset=utf-8 | page=2
[GD] page 2: 24 items
[GD] HTTP 200 | CT=application/json; charset=utf-8 | page=3
[GD] page 3: 24 items
[GD] HTTP 200 | CT=application/json; charset=utf-8 | page=4
[GD] page 4: 24 items
[GD] HTTP 200 | CT=application/json; charset=utf-8 | page=5
[GD] page 5: 24 items
[GD] total raw items before normalize: 120; unique kept: 112
[GD] normalized rows: 112
[GD] blocked by specialty/diesel filter: 105; passing: 7
[Proxibid] parsed 30 rows across 1 page(s)
[Renebates] found 60 events on index
[Renebates] event: City Of Cameron, Texas secs=81400
[Renebates] City Of Cameron, Texas -> 60 lots via https://renebates.com/a_list_2.php?id=254&cat=all
[Renebates] event: Town Of Addison, Texas secs=84997
[Renebates] Town Of Addison, Texas -> 27 lots via https://renebates.com/a_list_2.php?id=80&cat=all
[DEBUG] collected 24 listings from all sites (after filter)
[GD] HTTP 200 | CT=application/json; charset=utf-8 | page=1
[GD] page 1: 24 items
[GD] HTTP 200 | CT=application/json; charset=utf-8 | page=2
[GD] page 2: 24 items
[GD] HTTP 200 | CT=application/json; charset=utf-8 | page=3
[GD] page 3: 24 items
[GD] HTTP 200 | CT=application/json; charset=utf-8 | page=4
[GD] page 4: 24 items
[GD] HTTP 200 | CT=application/json; charset=utf-8 | page=5
[GD] page 5: 24 items
[GD] total raw items before normalize: 120; unique kept: 112
[GD] normalized rows: 112
[GD] blocked by specialty/diesel filter: 105; passing: 7
[Proxibid] parsed 30 rows across 1 page(s)
[Renebates] found 60 events on index
[Renebates] event: City Of Cameron, Texas secs=80753
[Renebates] City Of Cameron, Texas -> 60 lots via https://renebates.com/a_list_2.php?id=254&cat=all
[Renebates] event: Town Of Addison, Texas secs=84350
[Renebates] Town Of Addison, Texas -> 27 lots via https://renebates.com/a_list_2.php?id=80&cat=all
[DEBUG] collected 24 listings from all sites (after filter)
[GD] HTTP 200 | CT=application/json; charset=utf-8 | page=1
[GD] page 1: 24 items
[GD] HTTP 200 | CT=application/json; charset=utf-8 | page=2
[GD] page 2: 24 items
[GD] HTTP 200 | CT=application/json; charset=utf-8 | page=3
[GD] page 3: 24 items
[GD] HTTP 200 | CT=application/json; charset=utf-8 | page=4
[GD] page 4: 24 items
[GD] HTTP 200 | CT=application/json; charset=utf-8 | page=5
[GD] page 5: 24 items
[GD] total raw items before normalize: 120; unique kept: 112
[GD] normalized rows: 112
[GD] blocked by specialty/diesel filter: 105; passing: 7
[Proxibid] parsed 30 rows across 1 page(s)
[Renebates] found 60 events on index
[Renebates] event: City Of Cameron, Texas secs=80099
[Renebates] City Of Cameron, Texas -> 60 lots via https://renebates.com/a_list_2.php?id=254&cat=all
[Renebates] event: Town Of Addison, Texas secs=83696
[Renebates] Town Of Addison, Texas -> 27 lots via https://renebates.com/a_list_2.php?id=80&cat=all
[DEBUG] collected 24 listings from all sites (after filter)
[GD] HTTP 200 | CT=application/json; charset=utf-8 | page=1
[GD] page 1: 24 items
[GD] HTTP 200 | CT=application/json; charset=utf-8 | page=2
[GD] page 2: 24 items
[GD] HTTP 200 | CT=application/json; charset=utf-8 | page=3
[GD] page 3: 24 items
[GD] HTTP 200 | CT=application/json; charset=utf-8 | page=4
[GD] page 4: 24 items
[GD] HTTP 200 | CT=application/json; charset=utf-8 | page=5
[GD] page 5: 24 items
[GD] total raw items before normalize: 120; unique kept: 112
[GD] normalized rows: 112
[GD] blocked by specialty/diesel filter: 105; passing: 7
[Proxibid] parsed 30 rows across 1 page(s)
[Renebates] found 60 events on index
[Renebates] event: City Of Cameron, Texas secs=79442
[Renebates] City Of Cameron, Texas -> 60 lots via https://renebates.com/a_list_2.php?id=254&cat=all
[Renebates] event: Town Of Addison, Texas secs=83039
[Renebates] Town Of Addison, Texas -> 27 lots via https://renebates.com/a_list_2.php?id=80&cat=all
[DEBUG] collected 24 listings from all sites (after filter)
[GD] HTTP 200 | CT=application/json; charset=utf-8 | page=1
[GD] page 1: 24 items
[GD] HTTP 200 | CT=application/json; charset=utf-8 | page=2
[GD] page 2: 24 items
[GD] HTTP 200 | CT=application/json; charset=utf-8 | page=3
[GD] page 3: 24 items
[GD] HTTP 200 | CT=application/json; charset=utf-8 | page=4
[GD] page 4: 24 items
[GD] HTTP 200 | CT=application/json; charset=utf-8 | page=5
[GD] page 5: 24 items
[GD] total raw items before normalize: 120; unique kept: 112
[GD] normalized rows: 112
[GD] blocked by specialty/diesel filter: 105; passing: 7
[Proxibid] parsed 30 rows across 1 page(s)
[Renebates] found 60 events on index
[Renebates] event: City Of Cameron, Texas secs=78782
[Renebates] City Of Cameron, Texas -> 60 lots via https://renebates.com/a_list_2.php?id=254&cat=all
[Renebates] event: Town Of Addison, Texas secs=82378
[Renebates] Town Of Addison, Texas -> 27 lots via https://renebates.com/a_list_2.php?id=80&cat=all
[DEBUG] collected 24 listings from all sites (after filter)
[GD] HTTP 200 | CT=application/json; charset=utf-8 | page=1
[GD] page 1: 24 items
[GD] HTTP 200 | CT=application/json; charset=utf-8 | page=2
[GD] page 2: 24 items
[GD] HTTP 200 | CT=application/json; charset=utf-8 | page=3
[GD] page 3: 24 items
[GD] HTTP 200 | CT=application/json; charset=utf-8 | page=4
[GD] page 4: 24 items
[GD] HTTP 200 | CT=application/json; charset=utf-8 | page=5
[GD] page 5: 24 items
[GD] total raw items before normalize: 120; unique kept: 112
[GD] normalized rows: 112
[GD] blocked by specialty/diesel filter: 105; passing: 7
[Proxibid] parsed 30 rows across 1 page(s)
[Renebates] found 60 events on index
[Renebates] event: City Of Cameron, Texas secs=78132
[Renebates] City Of Cameron, Texas -> 60 lots via https://renebates.com/a_list_2.php?id=254&cat=all
[Renebates] event: Town Of Addison, Texas secs=81729
[Renebates] Town Of Addison, Texas -> 27 lots via https://renebates.com/a_list_2.php?id=80&cat=all
[DEBUG] collected 24 listings from all sites (after filter)
[GD] HTTP 200 | CT=application/json; charset=utf-8 | page=1
[GD] page 1: 24 items
[GD] HTTP 200 | CT=application/json; charset=utf-8 | page=2
[GD] page 2: 24 items
[GD] HTTP 200 | CT=application/json; charset=utf-8 | page=3
[GD] page 3: 24 items
[GD] HTTP 200 | CT=application/json; charset=utf-8 | page=4
[GD] page 4: 24 items
[GD] HTTP 200 | CT=application/json; charset=utf-8 | page=5
[GD] page 5: 24 items
[GD] total raw items before normalize: 120; unique kept: 111
[GD] normalized rows: 111
[GD] blocked by specialty/diesel filter: 104; passing: 7
[Proxibid] parsed 30 rows across 1 page(s)
[Renebates] found 60 events on index
[Renebates] event: City Of Cameron, Texas secs=77480
[Renebates] City Of Cameron, Texas -> 60 lots via https://renebates.com/a_list_2.php?id=254&cat=all
[Renebates] event: Town Of Addison, Texas secs=81076
[Renebates] Town Of Addison, Texas -> 27 lots via https://renebates.com/a_list_2.php?id=80&cat=all
[DEBUG] collected 24 listings from all sites (after filter)
[GD] HTTP 200 | CT=application/json; charset=utf-8 | page=1
[GD] page 1: 24 items
[GD] HTTP 200 | CT=application/json; charset=utf-8 | page=2
[GD] page 2: 24 items
[GD] HTTP 200 | CT=application/json; charset=utf-8 | page=3
[GD] page 3: 24 items
[GD] HTTP 200 | CT=application/json; charset=utf-8 | page=4
[GD] page 4: 24 items
[GD] HTTP 200 | CT=application/json; charset=utf-8 | page=5
[GD] page 5: 24 items
[GD] total raw items before normalize: 120; unique kept: 111
[GD] normalized rows: 111
[GD] blocked by specialty/diesel filter: 104; passing: 7
[Proxibid] parsed 30 rows across 1 page(s)
[Renebates] found 60 events on index
[Renebates] event: City Of Cameron, Texas secs=76827
[Renebates] City Of Cameron, Texas -> 60 lots via https://renebates.com/a_list_2.php?id=254&cat=all
[Renebates] event: Town Of Addison, Texas secs=80425
[Renebates] Town Of Addison, Texas -> 27 lots via https://renebates.com/a_list_2.php?id=80&cat=all
[DEBUG] collected 24 listings from all sites (after filter)
[GD] HTTP 200 | CT=application/json; charset=utf-8 | page=1
[GD] page 1: 24 items
[GD] HTTP 200 | CT=application/json; charset=utf-8 | page=2
[GD] page 2: 24 items
[GD] HTTP 200 | CT=application/json; charset=utf-8 | page=3
[GD] page 3: 24 items
[GD] HTTP 200 | CT=application/json; charset=utf-8 | page=4
[GD] page 4: 24 items
[GD] HTTP 200 | CT=application/json; charset=utf-8 | page=5
[GD] page 5: 24 items
[GD] total raw items before normalize: 120; unique kept: 111
[GD] normalized rows: 111
[GD] blocked by specialty/diesel filter: 104; passing: 7
[Proxibid] parsed 30 rows across 1 page(s)
[Renebates] found 60 events on index
[Renebates] event: City Of Cameron, Texas secs=76179
[Renebates] City Of Cameron, Texas -> 60 lots via https://renebates.com/a_list_2.php?id=254&cat=all
[Renebates] event: Town Of Addison, Texas secs=79775
[Renebates] Town Of Addison, Texas -> 27 lots via https://renebates.com/a_list_2.php?id=80&cat=all
[DEBUG] collected 24 listings from all sites (after filter)
[GD] HTTP 200 | CT=application/json; charset=utf-8 | page=1
[GD] page 1: 24 items
[GD] HTTP 200 | CT=application/json; charset=utf-8 | page=2
[GD] page 2: 24 items
[GD] HTTP 200 | CT=application/json; charset=utf-8 | page=3
[GD] page 3: 24 items
[GD] HTTP 200 | CT=application/json; charset=utf-8 | page=4
[GD] page 4: 24 items
[GD] HTTP 200 | CT=application/json; charset=utf-8 | page=5
[GD] page 5: 24 items
[GD] total raw items before normalize: 120; unique kept: 111
[GD] normalized rows: 111
[GD] blocked by specialty/diesel filter: 104; passing: 7
[Proxibid] parsed 30 rows across 1 page(s)
[Renebates] found 60 events on index
[Renebates] event: City Of Cameron, Texas secs=75532
[Renebates] City Of Cameron, Texas -> 60 lots via https://renebates.com/a_list_2.php?id=254&cat=all
[Renebates] event: Town Of Addison, Texas secs=79128
[Renebates] Town Of Addison, Texas -> 27 lots via https://renebates.com/a_list_2.php?id=80&cat=all
[DEBUG] collected 24 listings from all sites (after filter)
[GD] HTTP 200 | CT=application/json; charset=utf-8 | page=1
[GD] page 1: 24 items
[GD] HTTP 200 | CT=application/json; charset=utf-8 | page=2
[GD] page 2: 24 items
[GD] HTTP 200 | CT=application/json; charset=utf-8 | page=3
[GD] page 3: 24 items
[GD] HTTP 200 | CT=application/json; charset=utf-8 | page=4
[GD] page 4: 24 items
[GD] HTTP 200 | CT=application/json; charset=utf-8 | page=5
[GD] page 5: 24 items
[GD] total raw items before normalize: 120; unique kept: 111
[GD] normalized rows: 111
[GD] blocked by specialty/diesel filter: 104; passing: 7
[Proxibid] parsed 30 rows across 1 page(s)
[Renebates] found 60 events on index
[Renebates] event: City Of Cameron, Texas secs=74884
[Renebates] City Of Cameron, Texas -> 60 lots via https://renebates.com/a_list_2.php?id=254&cat=all
[Renebates] event: Town Of Addison, Texas secs=78480
[Renebates] Town Of Addison, Texas -> 27 lots via https://renebates.com/a_list_2.php?id=80&cat=all
[DEBUG] collected 24 listings from all sites (after filter)
[GD] HTTP 200 | CT=application/json; charset=utf-8 | page=1
[GD] page 1: 24 items
[GD] HTTP 200 | CT=application/json; charset=utf-8 | page=2
[GD] page 2: 24 items
[GD] HTTP 200 | CT=application/json; charset=utf-8 | page=3
[GD] page 3: 24 items
[GD] HTTP 200 | CT=application/json; charset=utf-8 | page=4
[GD] page 4: 24 items
[GD] HTTP 200 | CT=application/json; charset=utf-8 | page=5
[GD] page 5: 24 items
[GD] total raw items before normalize: 120; unique kept: 111
[GD] normalized rows: 111
[GD] blocked by specialty/diesel filter: 104; passing: 7
[Proxibid] parsed 30 rows across 1 page(s)
[Renebates] found 60 events on index
[Renebates] event: City Of Cameron, Texas secs=74233
[Renebates] City Of Cameron, Texas -> 60 lots via https://renebates.com/a_list_2.php?id=254&cat=all
[Renebates] event: Town Of Addison, Texas secs=77829
[Renebates] Town Of Addison, Texas -> 27 lots via https://renebates.com/a_list_2.php?id=80&cat=all
[DEBUG] collected 24 listings from all sites (after filter)
[GD] HTTP 200 | CT=application/json; charset=utf-8 | page=1
[GD] page 1: 24 items
[GD] HTTP 200 | CT=application/json; charset=utf-8 | page=2
[GD] page 2: 24 items
[GD] HTTP 200 | CT=application/json; charset=utf-8 | page=3
[GD] page 3: 24 items
[GD] HTTP 200 | CT=application/json; charset=utf-8 | page=4
[GD] page 4: 24 items
[GD] HTTP 200 | CT=application/json; charset=utf-8 | page=5
[GD] page 5: 24 items
[GD] total raw items before normalize: 120; unique kept: 111
[GD] normalized rows: 111
[GD] blocked by specialty/diesel filter: 104; passing: 7
[Proxibid] parsed 30 rows across 1 page(s)
[Renebates] found 60 events on index
[Renebates] event: City Of Cameron, Texas secs=73578
[Renebates] City Of Cameron, Texas -> 60 lots via https://renebates.com/a_list_2.php?id=254&cat=all
[Renebates] event: Town Of Addison, Texas secs=77176
[Renebates] Town Of Addison, Texas -> 27 lots via https://renebates.com/a_list_2.php?id=80&cat=all
[DEBUG] collected 24 listings from all sites (after filter)
[GD] HTTP 200 | CT=application/json; charset=utf-8 | page=1
[GD] page 1: 24 items
[GD] HTTP 200 | CT=application/json; charset=utf-8 | page=2
[GD] page 2: 24 items
[GD] HTTP 200 | CT=application/json; charset=utf-8 | page=3
[GD] page 3: 24 items
[GD] HTTP 200 | CT=application/json; charset=utf-8 | page=4
[GD] page 4: 24 items
[GD] HTTP 200 | CT=application/json; charset=utf-8 | page=5
[GD] page 5: 24 items
[GD] total raw items before normalize: 120; unique kept: 111
[GD] normalized rows: 111
[GD] blocked by specialty/diesel filter: 104; passing: 7
[Proxibid] parsed 30 rows across 1 page(s)
[Renebates] found 60 events on index
[Renebates] event: City Of Cameron, Texas secs=72935
[Renebates] City Of Cameron, Texas -> 60 lots via https://renebates.com/a_list_2.php?id=254&cat=all
[Renebates] event: Town Of Addison, Texas secs=76531
[Renebates] Town Of Addison, Texas -> 27 lots via https://renebates.com/a_list_2.php?id=80&cat=all
[DEBUG] collected 24 listings from all sites (after filter)
[GD] HTTP 200 | CT=application/json; charset=utf-8 | page=1
[GD] page 1: 24 items
[GD] HTTP 200 | CT=application/json; charset=utf-8 | page=2
[GD] page 2: 24 items
[GD] HTTP 200 | CT=application/json; charset=utf-8 | page=3
[GD] page 3: 24 items
[GD] HTTP 200 | CT=application/json; charset=utf-8 | page=4
[GD] page 4: 24 items
[GD] HTTP 200 | CT=application/json; charset=utf-8 | page=5
[GD] page 5: 24 items
[GD] total raw items before normalize: 120; unique kept: 111
[GD] normalized rows: 111
[GD] blocked by specialty/diesel filter: 104; passing: 7
[Proxibid] parsed 30 rows across 1 page(s)
[Renebates] found 60 events on index
[Renebates] event: City Of Cameron, Texas secs=72291
[Renebates] City Of Cameron, Texas -> 60 lots via https://renebates.com/a_list_2.php?id=254&cat=all
[Renebates] event: Town Of Addison, Texas secs=75888
[Renebates] Town Of Addison, Texas -> 27 lots via https://renebates.com/a_list_2.php?id=80&cat=all
[DEBUG] collected 24 listings from all sites (after filter)
[GD] HTTP 200 | CT=application/json; charset=utf-8 | page=1
[GD] page 1: 24 items
[GD] HTTP 200 | CT=application/json; charset=utf-8 | page=2
[GD] page 2: 24 items
[GD] HTTP 200 | CT=application/json; charset=utf-8 | page=3
[GD] page 3: 24 items
[GD] HTTP 200 | CT=application/json; charset=utf-8 | page=4
[GD] page 4: 24 items
[GD] HTTP 200 | CT=application/json; charset=utf-8 | page=5
[GD] page 5: 24 items
[GD] total raw items before normalize: 120; unique kept: 111
[GD] normalized rows: 111
[GD] blocked by specialty/diesel filter: 104; passing: 7
[Proxibid] parsed 30 rows across 1 page(s)
[Renebates] found 60 events on index
[Renebates] event: City Of Cameron, Texas secs=71645
[Renebates] City Of Cameron, Texas -> 60 lots via https://renebates.com/a_list_2.php?id=254&cat=all
[Renebates] event: Town Of Addison, Texas secs=75241
[Renebates] Town Of Addison, Texas -> 27 lots via https://renebates.com/a_list_2.php?id=80&cat=all
[DEBUG] collected 24 listings from all sites (after filter)
[GD] HTTP 200 | CT=application/json; charset=utf-8 | page=1
[GD] page 1: 24 items
[GD] HTTP 200 | CT=application/json; charset=utf-8 | page=2
[GD] page 2: 24 items
[GD] HTTP 200 | CT=application/json; charset=utf-8 | page=3
[GD] page 3: 24 items
[GD] HTTP 200 | CT=application/json; charset=utf-8 | page=4
[GD] page 4: 24 items
[GD] HTTP 200 | CT=application/json; charset=utf-8 | page=5
[GD] page 5: 24 items
[GD] total raw items before normalize: 120; unique kept: 111
[GD] normalized rows: 111
[GD] blocked by specialty/diesel filter: 104; passing: 7
[Proxibid] parsed 30 rows across 1 page(s)
[Renebates] found 60 events on index
[Renebates] event: City Of Cameron, Texas secs=71000
[Renebates] City Of Cameron, Texas -> 60 lots via https://renebates.com/a_list_2.php?id=254&cat=all
[Renebates] event: Town Of Addison, Texas secs=74597
[Renebates] Town Of Addison, Texas -> 27 lots via https://renebates.com/a_list_2.php?id=80&cat=all
[DEBUG] collected 24 listings from all sites (after filter)
[GD] HTTP 200 | CT=application/json; charset=utf-8 | page=1
[GD] page 1: 24 items
[GD] HTTP 200 | CT=application/json; charset=utf-8 | page=2
[GD] page 2: 24 items
[GD] HTTP 200 | CT=application/json; charset=utf-8 | page=3
[GD] page 3: 24 items
[GD] HTTP 200 | CT=application/json; charset=utf-8 | page=4
[GD] page 4: 24 items
[GD] HTTP 200 | CT=application/json; charset=utf-8 | page=5
[GD] page 5: 24 items
[GD] total raw items before normalize: 120; unique kept: 111
[GD] normalized rows: 111
[GD] blocked by specialty/diesel filter: 104; passing: 7
[Proxibid] parsed 30 rows across 1 page(s)
[Renebates] found 60 events on index
[Renebates] event: City Of Cameron, Texas secs=70346
[Renebates] City Of Cameron, Texas -> 60 lots via https://renebates.com/a_list_2.php?id=254&cat=all
[Renebates] event: Town Of Addison, Texas secs=73944
[Renebates] Town Of Addison, Texas -> 27 lots via https://renebates.com/a_list_2.php?id=80&cat=all
[DEBUG] collected 24 listings from all sites (after filter)
[GD] HTTP 200 | CT=application/json; charset=utf-8 | page=1
[GD] page 1: 24 items
[GD] HTTP 200 | CT=application/json; charset=utf-8 | page=2
[GD] page 2: 24 items
[GD] HTTP 200 | CT=application/json; charset=utf-8 | page=3
[GD] page 3: 24 items
[GD] HTTP 200 | CT=application/json; charset=utf-8 | page=4
[GD] page 4: 24 items
[GD] HTTP 200 | CT=application/json; charset=utf-8 | page=5
[GD] page 5: 24 items
[GD] total raw items before normalize: 120; unique kept: 112
[GD] normalized rows: 112
[GD] blocked by specialty/diesel filter: 105; passing: 7
[Proxibid] parsed 30 rows across 1 page(s)
[Renebates] found 60 events on index
[Renebates] event: City Of Cameron, Texas secs=69689
[Renebates] City Of Cameron, Texas -> 60 lots via https://renebates.com/a_list_2.php?id=254&cat=all
[Renebates] event: Town Of Addison, Texas secs=73285
[Renebates] Town Of Addison, Texas -> 27 lots via https://renebates.com/a_list_2.php?id=80&cat=all
[DEBUG] collected 24 listings from all sites (after filter)
[GD] HTTP 200 | CT=application/json; charset=utf-8 | page=1
[GD] page 1: 24 items
[GD] HTTP 200 | CT=application/json; charset=utf-8 | page=2
[GD] page 2: 24 items
[GD] HTTP 200 | CT=application/json; charset=utf-8 | page=3
[GD] page 3: 24 items
[GD] HTTP 200 | CT=application/json; charset=utf-8 | page=4
[GD] page 4: 24 items
[GD] HTTP 200 | CT=application/json; charset=utf-8 | page=5
[GD] page 5: 24 items
[GD] total raw items before normalize: 120; unique kept: 111
[GD] normalized rows: 111
[GD] blocked by specialty/diesel filter: 104; passing: 7
[Proxibid] parsed 30 rows across 1 page(s)
[Renebates] found 60 events on index
[Renebates] event: City Of Cameron, Texas secs=69033
[Renebates] City Of Cameron, Texas -> 60 lots via https://renebates.com/a_list_2.php?id=254&cat=all
[Renebates] event: Town Of Addison, Texas secs=72630
[Renebates] Town Of Addison, Texas -> 27 lots via https://renebates.com/a_list_2.php?id=80&cat=all
[DEBUG] collected 24 listings from all sites (after filter)
[GD] HTTP 200 | CT=application/json; charset=utf-8 | page=1
[GD] page 1: 24 items
[GD] HTTP 200 | CT=application/json; charset=utf-8 | page=2
[GD] page 2: 24 items
[GD] HTTP 200 | CT=application/json; charset=utf-8 | page=3
[GD] page 3: 24 items
[GD] HTTP 200 | CT=application/json; charset=utf-8 | page=4
[GD] page 4: 24 items
[GD] HTTP 200 | CT=application/json; charset=utf-8 | page=5
[GD] page 5: 24 items
[GD] total raw items before normalize: 120; unique kept: 111
[GD] normalized rows: 111
[GD] blocked by specialty/diesel filter: 104; passing: 7
[Proxibid] parsed 30 rows across 1 page(s)
[Renebates] found 60 events on index
[Renebates] event: City Of Cameron, Texas secs=68385
[Renebates] City Of Cameron, Texas -> 60 lots via https://renebates.com/a_list_2.php?id=254&cat=all
[Renebates] event: Town Of Addison, Texas secs=71981
[Renebates] Town Of Addison, Texas -> 27 lots via https://renebates.com/a_list_2.php?id=80&cat=all
[DEBUG] collected 24 listings from all sites (after filter)
[GD] HTTP 200 | CT=application/json; charset=utf-8 | page=1
[GD] page 1: 24 items
[GD] HTTP 200 | CT=application/json; charset=utf-8 | page=2
[GD] page 2: 24 items
[GD] HTTP 200 | CT=application/json; charset=utf-8 | page=3
[GD] page 3: 24 items
[GD] HTTP 200 | CT=application/json; charset=utf-8 | page=4
[GD] page 4: 24 items
[GD] HTTP 200 | CT=application/json; charset=utf-8 | page=5
[GD] page 5: 24 items
[GD] total raw items before normalize: 120; unique kept: 112
[GD] normalized rows: 112
[GD] blocked by specialty/diesel filter: 105; passing: 7
[Proxibid] parsed 30 rows across 1 page(s)
[Renebates] found 60 events on index
[Renebates] event: City Of Cameron, Texas secs=67731
[Renebates] City Of Cameron, Texas -> 60 lots via https://renebates.com/a_list_2.php?id=254&cat=all
[Renebates] event: Town Of Addison, Texas secs=71326
[Renebates] Town Of Addison, Texas -> 27 lots via https://renebates.com/a_list_2.php?id=80&cat=all
[DEBUG] collected 24 listings from all sites (after filter)
[GD] HTTP 200 | CT=application/json; charset=utf-8 | page=1
[GD] page 1: 24 items
[GD] HTTP 200 | CT=application/json; charset=utf-8 | page=2
[GD] page 2: 24 items
[GD] HTTP 200 | CT=application/json; charset=utf-8 | page=3
[GD] page 3: 24 items
[GD] HTTP 200 | CT=application/json; charset=utf-8 | page=4
[GD] page 4: 24 items
[GD] HTTP 200 | CT=application/json; charset=utf-8 | page=5
[GD] page 5: 24 items
[GD] total raw items before normalize: 120; unique kept: 112
[GD] normalized rows: 112
[GD] blocked by specialty/diesel filter: 105; passing: 7
[Proxibid] parsed 30 rows across 1 page(s)
[Renebates] found 60 events on index
[Renebates] event: City Of Cameron, Texas secs=67072
[Renebates] City Of Cameron, Texas -> 60 lots via https://renebates.com/a_list_2.php?id=254&cat=all
[Renebates] event: Town Of Addison, Texas secs=70670
[Renebates] Town Of Addison, Texas -> 27 lots via https://renebates.com/a_list_2.php?id=80&cat=all
[DEBUG] collected 24 listings from all sites (after filter)
[GD] HTTP 200 | CT=application/json; charset=utf-8 | page=1
[GD] page 1: 24 items
[GD] HTTP 200 | CT=application/json; charset=utf-8 | page=2
[GD] page 2: 24 items
[GD] HTTP 200 | CT=application/json; charset=utf-8 | page=3
[GD] page 3: 24 items
[GD] HTTP 200 | CT=application/json; charset=utf-8 | page=4
[GD] page 4: 24 items
[GD] HTTP 200 | CT=application/json; charset=utf-8 | page=5
[GD] page 5: 24 items
[GD] total raw items before normalize: 120; unique kept: 112
[GD] normalized rows: 112
[GD] blocked by specialty/diesel filter: 105; passing: 7
[Proxibid] parsed 30 rows across 1 page(s)
[Renebates] found 60 events on index
[Renebates] event: City Of Cameron, Texas secs=66424
[Renebates] City Of Cameron, Texas -> 60 lots via https://renebates.com/a_list_2.php?id=254&cat=all
[Renebates] event: Town Of Addison, Texas secs=70019
[Renebates] Town Of Addison, Texas -> 27 lots via https://renebates.com/a_list_2.php?id=80&cat=all
[DEBUG] collected 24 listings from all sites (after filter)
[GD] HTTP 200 | CT=application/json; charset=utf-8 | page=1
[GD] page 1: 24 items
[GD] HTTP 200 | CT=application/json; charset=utf-8 | page=2
[GD] page 2: 24 items
[GD] HTTP 200 | CT=application/json; charset=utf-8 | page=3
[GD] page 3: 24 items
[GD] HTTP 200 | CT=application/json; charset=utf-8 | page=4
[GD] page 4: 24 items
[GD] HTTP 200 | CT=application/json; charset=utf-8 | page=5
[GD] page 5: 24 items
[GD] total raw items before normalize: 120; unique kept: 112
[GD] normalized rows: 112
[GD] blocked by specialty/diesel filter: 105; passing: 7
[Proxibid] parsed 30 rows across 1 page(s)
[Renebates] found 60 events on index
[Renebates] event: City Of Cameron, Texas secs=65766
[Renebates] City Of Cameron, Texas -> 60 lots via https://renebates.com/a_list_2.php?id=254&cat=all
[Renebates] event: Town Of Addison, Texas secs=69364
[Renebates] Town Of Addison, Texas -> 27 lots via https://renebates.com/a_list_2.php?id=80&cat=all
[DEBUG] collected 24 listings from all sites (after filter)
[GD] HTTP 200 | CT=application/json; charset=utf-8 | page=1
[GD] page 1: 24 items
[GD] HTTP 200 | CT=application/json; charset=utf-8 | page=2
[GD] page 2: 24 items
[GD] HTTP 200 | CT=application/json; charset=utf-8 | page=3
[GD] page 3: 24 items
[GD] HTTP 200 | CT=application/json; charset=utf-8 | page=4
[GD] page 4: 24 items
[GD] HTTP 200 | CT=application/json; charset=utf-8 | page=5
[GD] page 5: 24 items
[GD] total raw items before normalize: 120; unique kept: 112
[GD] normalized rows: 112
[GD] blocked by specialty/diesel filter: 105; passing: 7
[Proxibid] parsed 30 rows across 1 page(s)
[Renebates] found 60 events on index
[Renebates] event: City Of Cameron, Texas secs=65112
[Renebates] City Of Cameron, Texas -> 60 lots via https://renebates.com/a_list_2.php?id=254&cat=all
[Renebates] event: Town Of Addison, Texas secs=68708
[Renebates] Town Of Addison, Texas -> 27 lots via https://renebates.com/a_list_2.php?id=80&cat=all
[DEBUG] collected 24 listings from all sites (after filter)
[GD] HTTP 200 | CT=application/json; charset=utf-8 | page=1
[GD] page 1: 24 items
[GD] HTTP 200 | CT=application/json; charset=utf-8 | page=2
[GD] page 2: 24 items
[GD] HTTP 200 | CT=application/json; charset=utf-8 | page=3
[GD] page 3: 24 items
[GD] HTTP 200 | CT=application/json; charset=utf-8 | page=4
[GD] page 4: 24 items
[GD] HTTP 200 | CT=application/json; charset=utf-8 | page=5
[GD] page 5: 24 items
[GD] total raw items before normalize: 120; unique kept: 111
[GD] normalized rows: 111
[GD] blocked by specialty/diesel filter: 104; passing: 7
[Proxibid] parsed 30 rows across 1 page(s)
[Renebates] found 60 events on index
[Renebates] event: City Of Cameron, Texas secs=64465
[Renebates] City Of Cameron, Texas -> 60 lots via https://renebates.com/a_list_2.php?id=254&cat=all
[Renebates] event: Town Of Addison, Texas secs=68060
[Renebates] Town Of Addison, Texas -> 27 lots via https://renebates.com/a_list_2.php?id=80&cat=all
[DEBUG] collected 24 listings from all sites (after filter)
[GD] HTTP 200 | CT=application/json; charset=utf-8 | page=1
[GD] page 1: 24 items
[GD] HTTP 200 | CT=application/json; charset=utf-8 | page=2
[GD] page 2: 24 items
[GD] HTTP 200 | CT=application/json; charset=utf-8 | page=3
[GD] page 3: 24 items
[GD] HTTP 200 | CT=application/json; charset=utf-8 | page=4
[GD] page 4: 24 items
[GD] HTTP 200 | CT=application/json; charset=utf-8 | page=5
[GD] page 5: 24 items
[GD] total raw items before normalize: 120; unique kept: 110
[GD] normalized rows: 110
[GD] blocked by specialty/diesel filter: 103; passing: 7
[Proxibid] parsed 30 rows across 1 page(s)
[Renebates] found 60 events on index
[Renebates] event: City Of Cameron, Texas secs=63813
[Renebates] City Of Cameron, Texas -> 60 lots via https://renebates.com/a_list_2.php?id=254&cat=all
[Renebates] event: Town Of Addison, Texas secs=67409
[Renebates] Town Of Addison, Texas -> 27 lots via https://renebates.com/a_list_2.php?id=80&cat=all
[DEBUG] collected 24 listings from all sites (after filter)
[GD] HTTP 200 | CT=application/json; charset=utf-8 | page=1
[GD] page 1: 24 items
[GD] HTTP 200 | CT=application/json; charset=utf-8 | page=2
[GD] page 2: 24 items
[GD] HTTP 200 | CT=application/json; charset=utf-8 | page=3
[GD] page 3: 24 items
[GD] HTTP 200 | CT=application/json; charset=utf-8 | page=4
[GD] page 4: 24 items
[GD] HTTP 200 | CT=application/json; charset=utf-8 | page=5
[GD] page 5: 24 items
[GD] total raw items before normalize: 120; unique kept: 110
[GD] normalized rows: 110
[GD] blocked by specialty/diesel filter: 103; passing: 7
[Proxibid] parsed 30 rows across 1 page(s)
[Renebates] found 60 events on index
[Renebates] event: City Of Cameron, Texas secs=63166
[Renebates] City Of Cameron, Texas -> 60 lots via https://renebates.com/a_list_2.php?id=254&cat=all
[Renebates] event: Town Of Addison, Texas secs=66763
[Renebates] Town Of Addison, Texas -> 27 lots via https://renebates.com/a_list_2.php?id=80&cat=all
[DEBUG] collected 24 listings from all sites (after filter)
[GD] HTTP 200 | CT=application/json; charset=utf-8 | page=1
[GD] page 1: 24 items
[GD] HTTP 200 | CT=application/json; charset=utf-8 | page=2
[GD] page 2: 24 items
[GD] HTTP 200 | CT=application/json; charset=utf-8 | page=3
[GD] page 3: 24 items
[GD] HTTP 200 | CT=application/json; charset=utf-8 | page=4
[GD] page 4: 24 items
[GD] HTTP 200 | CT=application/json; charset=utf-8 | page=5
[GD] page 5: 24 items
[GD] total raw items before normalize: 120; unique kept: 110
[GD] normalized rows: 110
[GD] blocked by specialty/diesel filter: 104; passing: 6
[Proxibid] parsed 30 rows across 1 page(s)
[Renebates] found 60 events on index
[Renebates] event: City Of Cameron, Texas secs=62515
[Renebates] City Of Cameron, Texas -> 60 lots via https://renebates.com/a_list_2.php?id=254&cat=all
[Renebates] event: Town Of Addison, Texas secs=66110
[Renebates] Town Of Addison, Texas -> 27 lots via https://renebates.com/a_list_2.php?id=80&cat=all
[DEBUG] collected 23 listings from all sites (after filter)
[GD] HTTP 200 | CT=application/json; charset=utf-8 | page=1
[GD] page 1: 24 items
[GD] HTTP 200 | CT=application/json; charset=utf-8 | page=2
[GD] page 2: 24 items
[GD] HTTP 200 | CT=application/json; charset=utf-8 | page=3
[GD] page 3: 24 items
[GD] HTTP 200 | CT=application/json; charset=utf-8 | page=4
[GD] page 4: 24 items
[GD] HTTP 200 | CT=application/json; charset=utf-8 | page=5
[GD] page 5: 24 items
[GD] total raw items before normalize: 120; unique kept: 110
[GD] normalized rows: 110
[GD] blocked by specialty/diesel filter: 104; passing: 6
[Proxibid] parsed 30 rows across 1 page(s)
[Renebates] found 60 events on index
[Renebates] event: City Of Cameron, Texas secs=61868
[Renebates] City Of Cameron, Texas -> 60 lots via https://renebates.com/a_list_2.php?id=254&cat=all
[Renebates] event: Town Of Addison, Texas secs=65464
[Renebates] Town Of Addison, Texas -> 27 lots via https://renebates.com/a_list_2.php?id=80&cat=all
[DEBUG] collected 24 listings from all sites (after filter)
[GD] HTTP 200 | CT=application/json; charset=utf-8 | page=1
[GD] page 1: 24 items
[GD] HTTP 200 | CT=application/json; charset=utf-8 | page=2
[GD] page 2: 24 items
[GD] HTTP 200 | CT=application/json; charset=utf-8 | page=3
[GD] page 3: 24 items
[GD] HTTP 200 | CT=application/json; charset=utf-8 | page=4
[GD] page 4: 24 items
[GD] HTTP 200 | CT=application/json; charset=utf-8 | page=5
[GD] page 5: 24 items
[GD] total raw items before normalize: 120; unique kept: 110
[GD] normalized rows: 110
[GD] blocked by specialty/diesel filter: 104; passing: 6
[Proxibid] parsed 30 rows across 1 page(s)
[Renebates] found 60 events on index
[Renebates] event: City Of Cameron, Texas secs=61221
[Renebates] City Of Cameron, Texas -> 60 lots via https://renebates.com/a_list_2.php?id=254&cat=all
[Renebates] event: Town Of Addison, Texas secs=64816
[Renebates] Town Of Addison, Texas -> 27 lots via https://renebates.com/a_list_2.php?id=80&cat=all
[DEBUG] collected 25 listings from all sites (after filter)
[GD] HTTP 200 | CT=application/json; charset=utf-8 | page=1
[GD] page 1: 24 items
[GD] HTTP 200 | CT=application/json; charset=utf-8 | page=2
[GD] page 2: 24 items
[GD] HTTP 200 | CT=application/json; charset=utf-8 | page=3
[GD] page 3: 24 items
[GD] HTTP 200 | CT=application/json; charset=utf-8 | page=4
[GD] page 4: 24 items
[GD] HTTP 200 | CT=application/json; charset=utf-8 | page=5
[GD] page 5: 24 items
[GD] total raw items before normalize: 120; unique kept: 108
[GD] normalized rows: 108
[GD] blocked by specialty/diesel filter: 103; passing: 5
[Proxibid] parsed 30 rows across 1 page(s)
[Renebates] found 60 events on index
[Renebates] event: City Of Cameron, Texas secs=60570
[Renebates] City Of Cameron, Texas -> 60 lots via https://renebates.com/a_list_2.php?id=254&cat=all
[Renebates] event: Town Of Addison, Texas secs=64168
[Renebates] Town Of Addison, Texas -> 27 lots via https://renebates.com/a_list_2.php?id=80&cat=all
[DEBUG] collected 26 listings from all sites (after filter)
[GD] HTTP 200 | CT=application/json; charset=utf-8 | page=1
[GD] page 1: 24 items
[GD] HTTP 200 | CT=application/json; charset=utf-8 | page=2
[GD] page 2: 24 items
[GD] HTTP 200 | CT=application/json; charset=utf-8 | page=3
[GD] page 3: 24 items
[GD] HTTP 200 | CT=application/json; charset=utf-8 | page=4
[GD] page 4: 24 items
[GD] HTTP 200 | CT=application/json; charset=utf-8 | page=5
[GD] page 5: 24 items
[GD] total raw items before normalize: 120; unique kept: 107
[GD] normalized rows: 107
[GD] blocked by specialty/diesel filter: 101; passing: 6
[Proxibid] parsed 30 rows across 1 page(s)
[Renebates] found 60 events on index
[Renebates] event: City Of Cameron, Texas secs=59928
[Renebates] City Of Cameron, Texas -> 60 lots via https://renebates.com/a_list_2.php?id=254&cat=all
[Renebates] event: Town Of Addison, Texas secs=63525
[Renebates] Town Of Addison, Texas -> 27 lots via https://renebates.com/a_list_2.php?id=80&cat=all
[DEBUG] collected 27 listings from all sites (after filter)
[GD] HTTP 200 | CT=application/json; charset=utf-8 | page=1
[GD] page 1: 24 items
[GD] HTTP 200 | CT=application/json; charset=utf-8 | page=2
[GD] page 2: 24 items
[GD] HTTP 200 | CT=application/json; charset=utf-8 | page=3
[GD] page 3: 24 items
[GD] HTTP 200 | CT=application/json; charset=utf-8 | page=4
[GD] page 4: 24 items
[GD] HTTP 200 | CT=application/json; charset=utf-8 | page=5
[GD] page 5: 24 items
[GD] total raw items before normalize: 120; unique kept: 107
[GD] normalized rows: 107
[GD] blocked by specialty/diesel filter: 101; passing: 6
[Proxibid] parsed 30 rows across 1 page(s)
[Renebates] found 60 events on index
[Renebates] event: City Of Cameron, Texas secs=59278
[Renebates] City Of Cameron, Texas -> 60 lots via https://renebates.com/a_list_2.php?id=254&cat=all
[Renebates] event: Town Of Addison, Texas secs=62874
[Renebates] Town Of Addison, Texas -> 27 lots via https://renebates.com/a_list_2.php?id=80&cat=all
[DEBUG] collected 27 listings from all sites (after filter)
[GD] HTTP 200 | CT=application/json; charset=utf-8 | page=1
[GD] page 1: 24 items
[GD] HTTP 200 | CT=application/json; charset=utf-8 | page=2
[GD] page 2: 24 items
[GD] HTTP 200 | CT=application/json; charset=utf-8 | page=3
[GD] page 3: 24 items
[GD] HTTP 200 | CT=application/json; charset=utf-8 | page=4
[GD] page 4: 24 items
[GD] HTTP 200 | CT=application/json; charset=utf-8 | page=5
[GD] page 5: 24 items
[GD] total raw items before normalize: 120; unique kept: 106
[GD] normalized rows: 106
[GD] blocked by specialty/diesel filter: 100; passing: 6
[Proxibid] parsed 30 rows across 1 page(s)
[Renebates] found 60 events on index
[Renebates] event: City Of Cameron, Texas secs=58626
[Renebates] City Of Cameron, Texas -> 60 lots via https://renebates.com/a_list_2.php?id=254&cat=all
[Renebates] event: Town Of Addison, Texas secs=62222
[Renebates] Town Of Addison, Texas -> 27 lots via https://renebates.com/a_list_2.php?id=80&cat=all
[DEBUG] collected 28 listings from all sites (after filter)
[GD] HTTP 200 | CT=application/json; charset=utf-8 | page=1
[GD] page 1: 24 items
[GD] HTTP 200 | CT=application/json; charset=utf-8 | page=2
[GD] page 2: 24 items
[GD] HTTP 200 | CT=application/json; charset=utf-8 | page=3
[GD] page 3: 24 items
[GD] HTTP 200 | CT=application/json; charset=utf-8 | page=4
[GD] page 4: 24 items
[GD] HTTP 200 | CT=application/json; charset=utf-8 | page=5
[GD] page 5: 24 items
[GD] total raw items before normalize: 120; unique kept: 106
[GD] normalized rows: 106
[GD] blocked by specialty/diesel filter: 100; passing: 6
[Proxibid] parsed 30 rows across 1 page(s)
[Renebates] found 60 events on index
[Renebates] event: City Of Cameron, Texas secs=57968
[Renebates] City Of Cameron, Texas -> 60 lots via https://renebates.com/a_list_2.php?id=254&cat=all
[Renebates] event: Town Of Addison, Texas secs=61566
[Renebates] Town Of Addison, Texas -> 27 lots via https://renebates.com/a_list_2.php?id=80&cat=all
[DEBUG] collected 30 listings from all sites (after filter)
[GD] HTTP 200 | CT=application/json; charset=utf-8 | page=1
[GD] page 1: 24 items
[GD] HTTP 200 | CT=application/json; charset=utf-8 | page=2
[GD] page 2: 24 items
[GD] HTTP 200 | CT=application/json; charset=utf-8 | page=3
[GD] page 3: 24 items
[GD] HTTP 200 | CT=application/json; charset=utf-8 | page=4
[GD] page 4: 24 items
[GD] HTTP 200 | CT=application/json; charset=utf-8 | page=5
[GD] page 5: 24 items
[GD] total raw items before normalize: 120; unique kept: 106
[GD] normalized rows: 106
[GD] blocked by specialty/diesel filter: 100; passing: 6
[Proxibid] parsed 30 rows across 1 page(s)
[Renebates] found 60 events on index
[Renebates] event: City Of Cameron, Texas secs=57312
[Renebates] City Of Cameron, Texas -> 60 lots via https://renebates.com/a_list_2.php?id=254&cat=all
[Renebates] event: Town Of Addison, Texas secs=60910
[Renebates] Town Of Addison, Texas -> 27 lots via https://renebates.com/a_list_2.php?id=80&cat=all
[DEBUG] collected 31 listings from all sites (after filter)
[GD] HTTP 200 | CT=application/json; charset=utf-8 | page=1
[GD] page 1: 24 items
[GD] HTTP 200 | CT=application/json; charset=utf-8 | page=2
[GD] page 2: 24 items
[GD] HTTP 200 | CT=application/json; charset=utf-8 | page=3
[GD] page 3: 24 items
[GD] HTTP 200 | CT=application/json; charset=utf-8 | page=4
[GD] page 4: 24 items
[GD] HTTP 200 | CT=application/json; charset=utf-8 | page=5
[GD] page 5: 24 items
[GD] total raw items before normalize: 120; unique kept: 106
[GD] normalized rows: 106
[GD] blocked by specialty/diesel filter: 99; passing: 7
[Proxibid] parsed 30 rows across 1 page(s)
[Renebates] found 60 events on index
[Renebates] event: City Of Cameron, Texas secs=56667
[Renebates] City Of Cameron, Texas -> 60 lots via https://renebates.com/a_list_2.php?id=254&cat=all
[Renebates] event: Town Of Addison, Texas secs=60265
[Renebates] Town Of Addison, Texas -> 27 lots via https://renebates.com/a_list_2.php?id=80&cat=all
[DEBUG] collected 32 listings from all sites (after filter)
[GD] HTTP 200 | CT=application/json; charset=utf-8 | page=1
[GD] page 1: 24 items
[GD] HTTP 200 | CT=application/json; charset=utf-8 | page=2
[GD] page 2: 24 items
[GD] HTTP 200 | CT=application/json; charset=utf-8 | page=3
[GD] page 3: 24 items
[GD] HTTP 200 | CT=application/json; charset=utf-8 | page=4
[GD] page 4: 24 items
[GD] HTTP 200 | CT=application/json; charset=utf-8 | page=5
[GD] page 5: 24 items
[GD] total raw items before normalize: 120; unique kept: 105
[GD] normalized rows: 105
[GD] blocked by specialty/diesel filter: 98; passing: 7
[Proxibid] parsed 30 rows across 1 page(s)
[Renebates] found 60 events on index
[Renebates] event: City Of Cameron, Texas secs=56023
[Renebates] City Of Cameron, Texas -> 60 lots via https://renebates.com/a_list_2.php?id=254&cat=all
[Renebates] event: Town Of Addison, Texas secs=59620
[Renebates] Town Of Addison, Texas -> 27 lots via https://renebates.com/a_list_2.php?id=80&cat=all
[DEBUG] collected 32 listings from all sites (after filter)
[GD] HTTP 200 | CT=application/json; charset=utf-8 | page=1
[GD] page 1: 24 items
[GD] HTTP 200 | CT=application/json; charset=utf-8 | page=2
[GD] page 2: 24 items
[GD] HTTP 200 | CT=application/json; charset=utf-8 | page=3
[GD] page 3: 24 items
[GD] HTTP 200 | CT=application/json; charset=utf-8 | page=4
[GD] page 4: 24 items
[GD] HTTP 200 | CT=application/json; charset=utf-8 | page=5
[GD] page 5: 24 items
[GD] total raw items before normalize: 120; unique kept: 106
[GD] normalized rows: 106
[GD] blocked by specialty/diesel filter: 99; passing: 7
[Proxibid] parsed 30 rows across 1 page(s)
[Renebates] found 60 events on index
[Renebates] event: City Of Cameron, Texas secs=55370
[Renebates] City Of Cameron, Texas -> 60 lots via https://renebates.com/a_list_2.php?id=254&cat=all
[Renebates] event: Town Of Addison, Texas secs=58968
[Renebates] Town Of Addison, Texas -> 27 lots via https://renebates.com/a_list_2.php?id=80&cat=all
[DEBUG] collected 32 listings from all sites (after filter)
[GD] HTTP 200 | CT=application/json; charset=utf-8 | page=1
[GD] page 1: 24 items
[GD] HTTP 200 | CT=application/json; charset=utf-8 | page=2
[GD] page 2: 24 items
[GD] HTTP 200 | CT=application/json; charset=utf-8 | page=3
[GD] page 3: 24 items
[GD] HTTP 200 | CT=application/json; charset=utf-8 | page=4
[GD] page 4: 24 items
[GD] HTTP 200 | CT=application/json; charset=utf-8 | page=5
[GD] page 5: 24 items
[GD] total raw items before normalize: 120; unique kept: 106
[GD] normalized rows: 106
[GD] blocked by specialty/diesel filter: 99; passing: 7
[Proxibid] parsed 30 rows across 1 page(s)
[Renebates] found 60 events on index
[Renebates] event: City Of Cameron, Texas secs=54717
[Renebates] City Of Cameron, Texas -> 60 lots via https://renebates.com/a_list_2.php?id=254&cat=all
[Renebates] event: Town Of Addison, Texas secs=58313
[Renebates] Town Of Addison, Texas -> 27 lots via https://renebates.com/a_list_2.php?id=80&cat=all
[DEBUG] collected 32 listings from all sites (after filter)
[GD] HTTP 200 | CT=application/json; charset=utf-8 | page=1
[GD] page 1: 24 items
[GD] HTTP 200 | CT=application/json; charset=utf-8 | page=2
[GD] page 2: 24 items
[GD] HTTP 200 | CT=application/json; charset=utf-8 | page=3
[GD] page 3: 24 items
[GD] HTTP 200 | CT=application/json; charset=utf-8 | page=4
[GD] page 4: 24 items
[GD] HTTP 200 | CT=application/json; charset=utf-8 | page=5
[GD] page 5: 24 items
[GD] total raw items before normalize: 120; unique kept: 106
[GD] normalized rows: 106
[GD] blocked by specialty/diesel filter: 99; passing: 7
[Proxibid] parsed 30 rows across 1 page(s)
[Renebates] found 60 events on index
[Renebates] event: City Of Cameron, Texas secs=54056
[Renebates] City Of Cameron, Texas -> 60 lots via https://renebates.com/a_list_2.php?id=254&cat=all
[Renebates] event: Town Of Addison, Texas secs=57651
[Renebates] Town Of Addison, Texas -> 27 lots via https://renebates.com/a_list_2.php?id=80&cat=all
[DEBUG] collected 32 listings from all sites (after filter)
[GD] HTTP 200 | CT=application/json; charset=utf-8 | page=1
[GD] page 1: 24 items
[GD] HTTP 200 | CT=application/json; charset=utf-8 | page=2
[GD] page 2: 24 items
[GD] HTTP 200 | CT=application/json; charset=utf-8 | page=3
[GD] page 3: 24 items
[GD] HTTP 200 | CT=application/json; charset=utf-8 | page=4
[GD] page 4: 24 items
[GD] HTTP 200 | CT=application/json; charset=utf-8 | page=5
[GD] page 5: 24 items
[GD] total raw items before normalize: 120; unique kept: 106
[GD] normalized rows: 106
[GD] blocked by specialty/diesel filter: 99; passing: 7
[Proxibid] parsed 30 rows across 1 page(s)
[Renebates] found 60 events on index
[Renebates] event: City Of Cameron, Texas secs=53410
[Renebates] City Of Cameron, Texas -> 60 lots via https://renebates.com/a_list_2.php?id=254&cat=all
[Renebates] event: Town Of Addison, Texas secs=57008
[Renebates] Town Of Addison, Texas -> 27 lots via https://renebates.com/a_list_2.php?id=80&cat=all
[DEBUG] collected 32 listings from all sites (after filter)
[GD] HTTP 200 | CT=application/json; charset=utf-8 | page=1
[GD] page 1: 24 items
[GD] HTTP 200 | CT=application/json; charset=utf-8 | page=2
[GD] page 2: 24 items
[GD] HTTP 200 | CT=application/json; charset=utf-8 | page=3
[GD] page 3: 24 items
[GD] HTTP 200 | CT=application/json; charset=utf-8 | page=4
[GD] page 4: 24 items
[GD] HTTP 200 | CT=application/json; charset=utf-8 | page=5
[GD] page 5: 24 items
[GD] total raw items before normalize: 120; unique kept: 106
[GD] normalized rows: 106
[GD] blocked by specialty/diesel filter: 99; passing: 7
[Proxibid] parsed 30 rows across 1 page(s)
[Renebates] found 60 events on index
[Renebates] event: City Of Cameron, Texas secs=52758
[Renebates] City Of Cameron, Texas -> 60 lots via https://renebates.com/a_list_2.php?id=254&cat=all
[Renebates] event: Town Of Addison, Texas secs=56355
[Renebates] Town Of Addison, Texas -> 27 lots via https://renebates.com/a_list_2.php?id=80&cat=all
[DEBUG] collected 32 listings from all sites (after filter)
[GD] HTTP 200 | CT=application/json; charset=utf-8 | page=1
[GD] page 1: 24 items
[GD] HTTP 200 | CT=application/json; charset=utf-8 | page=2
[GD] page 2: 24 items
[GD] HTTP 200 | CT=application/json; charset=utf-8 | page=3
[GD] page 3: 24 items
[GD] HTTP 200 | CT=application/json; charset=utf-8 | page=4
[GD] page 4: 24 items
[GD] HTTP 200 | CT=application/json; charset=utf-8 | page=5
[GD] page 5: 24 items
[GD] total raw items before normalize: 120; unique kept: 106
[GD] normalized rows: 106
[GD] blocked by specialty/diesel filter: 99; passing: 7
[Proxibid] parsed 30 rows across 1 page(s)
[Renebates] found 60 events on index
[Renebates] event: City Of Cameron, Texas secs=52107
[Renebates] City Of Cameron, Texas -> 60 lots via https://renebates.com/a_list_2.php?id=254&cat=all
[Renebates] event: Town Of Addison, Texas secs=55704
[Renebates] Town Of Addison, Texas -> 27 lots via https://renebates.com/a_list_2.php?id=80&cat=all
[DEBUG] collected 32 listings from all sites (after filter)
[GD] HTTP 200 | CT=application/json; charset=utf-8 | page=1
[GD] page 1: 24 items
[GD] HTTP 200 | CT=application/json; charset=utf-8 | page=2
[GD] page 2: 24 items
[GD] HTTP 200 | CT=application/json; charset=utf-8 | page=3
[GD] page 3: 24 items
[GD] HTTP 200 | CT=application/json; charset=utf-8 | page=4
[GD] page 4: 24 items
[GD] HTTP 200 | CT=application/json; charset=utf-8 | page=5
[GD] page 5: 24 items
[GD] total raw items before normalize: 120; unique kept: 106
[GD] normalized rows: 106
[GD] blocked by specialty/diesel filter: 99; passing: 7
[Proxibid] parsed 30 rows across 1 page(s)
[Renebates] found 60 events on index
[Renebates] event: City Of Cameron, Texas secs=51453
[Renebates] City Of Cameron, Texas -> 60 lots via https://renebates.com/a_list_2.php?id=254&cat=all
[Renebates] event: Town Of Addison, Texas secs=55048
[Renebates] Town Of Addison, Texas -> 27 lots via https://renebates.com/a_list_2.php?id=80&cat=all
[DEBUG] collected 32 listings from all sites (after filter)
[GD] HTTP 200 | CT=application/json; charset=utf-8 | page=1
[GD] page 1: 24 items
[GD] HTTP 200 | CT=application/json; charset=utf-8 | page=2
[GD] page 2: 24 items
[GD] HTTP 200 | CT=application/json; charset=utf-8 | page=3
[GD] page 3: 24 items
[GD] HTTP 200 | CT=application/json; charset=utf-8 | page=4
[GD] page 4: 24 items
[GD] HTTP 200 | CT=application/json; charset=utf-8 | page=5
[GD] page 5: 24 items
[GD] total raw items before normalize: 120; unique kept: 106
[GD] normalized rows: 106
[GD] blocked by specialty/diesel filter: 99; passing: 7
[Proxibid] parsed 30 rows across 1 page(s)
[Renebates] found 60 events on index
[Renebates] event: City Of Cameron, Texas secs=50796
[Renebates] City Of Cameron, Texas -> 60 lots via https://renebates.com/a_list_2.php?id=254&cat=all
[Renebates] event: Town Of Addison, Texas secs=54394
[Renebates] Town Of Addison, Texas -> 27 lots via https://renebates.com/a_list_2.php?id=80&cat=all
[DEBUG] collected 32 listings from all sites (after filter)
[GD] HTTP 200 | CT=application/json; charset=utf-8 | page=1
[GD] page 1: 24 items
[GD] HTTP 200 | CT=application/json; charset=utf-8 | page=2
[GD] page 2: 24 items
[GD] HTTP 200 | CT=application/json; charset=utf-8 | page=3
[GD] page 3: 24 items
[GD] HTTP 200 | CT=application/json; charset=utf-8 | page=4
[GD] page 4: 24 items
[GD] HTTP 200 | CT=application/json; charset=utf-8 | page=5
[GD] page 5: 24 items
[GD] total raw items before normalize: 120; unique kept: 106
[GD] normalized rows: 106
[GD] blocked by specialty/diesel filter: 99; passing: 7
[Proxibid] parsed 30 rows across 1 page(s)
[Renebates] found 60 events on index
[Renebates] event: City Of Cameron, Texas secs=50141
[Renebates] City Of Cameron, Texas -> 60 lots via https://renebates.com/a_list_2.php?id=254&cat=all
[Renebates] event: Town Of Addison, Texas secs=53737
[Renebates] Town Of Addison, Texas -> 27 lots via https://renebates.com/a_list_2.php?id=80&cat=all
[DEBUG] collected 32 listings from all sites (after filter)
[GD] HTTP 200 | CT=application/json; charset=utf-8 | page=1
[GD] page 1: 24 items
[GD] HTTP 200 | CT=application/json; charset=utf-8 | page=2
[GD] page 2: 24 items
[GD] HTTP 200 | CT=application/json; charset=utf-8 | page=3
[GD] page 3: 24 items
[GD] HTTP 200 | CT=application/json; charset=utf-8 | page=4
[GD] page 4: 24 items
[GD] HTTP 200 | CT=application/json; charset=utf-8 | page=5
[GD] page 5: 24 items
[GD] total raw items before normalize: 120; unique kept: 106
[GD] normalized rows: 106
[GD] blocked by specialty/diesel filter: 99; passing: 7
[Proxibid] parsed 30 rows across 1 page(s)
[Renebates] found 60 events on index
[Renebates] event: City Of Cameron, Texas secs=49494
[Renebates] City Of Cameron, Texas -> 60 lots via https://renebates.com/a_list_2.php?id=254&cat=all
[Renebates] event: Town Of Addison, Texas secs=53091
[Renebates] Town Of Addison, Texas -> 27 lots via https://renebates.com/a_list_2.php?id=80&cat=all
[DEBUG] collected 32 listings from all sites (after filter)
[GD] HTTP 200 | CT=application/json; charset=utf-8 | page=1
[GD] page 1: 24 items
[GD] HTTP 200 | CT=application/json; charset=utf-8 | page=2
[GD] page 2: 24 items
[GD] HTTP 200 | CT=application/json; charset=utf-8 | page=3
[GD] page 3: 24 items
[GD] HTTP 200 | CT=application/json; charset=utf-8 | page=4
[GD] page 4: 24 items
[GD] HTTP 200 | CT=application/json; charset=utf-8 | page=5
[GD] page 5: 24 items
[GD] total raw items before normalize: 120; unique kept: 106
[GD] normalized rows: 106
[GD] blocked by specialty/diesel filter: 99; passing: 7
[Proxibid] parsed 30 rows across 1 page(s)
[Renebates] found 60 events on index
[Renebates] event: City Of Cameron, Texas secs=48844
[Renebates] City Of Cameron, Texas -> 60 lots via https://renebates.com/a_list_2.php?id=254&cat=all
[Renebates] event: Town Of Addison, Texas secs=52440
[Renebates] Town Of Addison, Texas -> 27 lots via https://renebates.com/a_list_2.php?id=80&cat=all
[DEBUG] collected 32 listings from all sites (after filter)
[GD] HTTP 200 | CT=application/json; charset=utf-8 | page=1
[GD] page 1: 24 items
[GD] HTTP 200 | CT=application/json; charset=utf-8 | page=2
[GD] page 2: 24 items
[GD] HTTP 200 | CT=application/json; charset=utf-8 | page=3
[GD] page 3: 24 items
[GD] HTTP 200 | CT=application/json; charset=utf-8 | page=4
[GD] page 4: 24 items
[GD] HTTP 200 | CT=application/json; charset=utf-8 | page=5
[GD] page 5: 24 items
[GD] total raw items before normalize: 120; unique kept: 106
[GD] normalized rows: 106
[GD] blocked by specialty/diesel filter: 99; passing: 7
[Proxibid] parsed 30 rows across 1 page(s)
[Renebates] found 60 events on index
[Renebates] event: City Of Cameron, Texas secs=48193
[Renebates] City Of Cameron, Texas -> 60 lots via https://renebates.com/a_list_2.php?id=254&cat=all
[Renebates] event: Town Of Addison, Texas secs=51790
[Renebates] Town Of Addison, Texas -> 27 lots via https://renebates.com/a_list_2.php?id=80&cat=all
[DEBUG] collected 32 listings from all sites (after filter)
[GD] HTTP 200 | CT=application/json; charset=utf-8 | page=1
[GD] page 1: 24 items
[GD] HTTP 200 | CT=application/json; charset=utf-8 | page=2
[GD] page 2: 24 items
[GD] HTTP 200 | CT=application/json; charset=utf-8 | page=3
[GD] page 3: 24 items
[GD] HTTP 200 | CT=application/json; charset=utf-8 | page=4
[GD] page 4: 24 items
[GD] HTTP 200 | CT=application/json; charset=utf-8 | page=5
[GD] page 5: 24 items
[GD] total raw items before normalize: 120; unique kept: 106
[GD] normalized rows: 106
[GD] blocked by specialty/diesel filter: 99; passing: 7
[Proxibid] parsed 30 rows across 1 page(s)
[Renebates] found 60 events on index
[Renebates] event: City Of Cameron, Texas secs=47537
[Renebates] City Of Cameron, Texas -> 60 lots via https://renebates.com/a_list_2.php?id=254&cat=all
[Renebates] event: Town Of Addison, Texas secs=51132
[Renebates] Town Of Addison, Texas -> 27 lots via https://renebates.com/a_list_2.php?id=80&cat=all
[DEBUG] collected 32 listings from all sites (after filter)
[GD] HTTP 200 | CT=application/json; charset=utf-8 | page=1
[GD] page 1: 24 items
[GD] HTTP 200 | CT=application/json; charset=utf-8 | page=2
[GD] page 2: 24 items
[GD] HTTP 200 | CT=application/json; charset=utf-8 | page=3
[GD] page 3: 24 items
[GD] HTTP 200 | CT=application/json; charset=utf-8 | page=4
[GD] page 4: 24 items
[GD] HTTP 200 | CT=application/json; charset=utf-8 | page=5
[GD] page 5: 24 items
[GD] total raw items before normalize: 120; unique kept: 106
[GD] normalized rows: 106
[GD] blocked by specialty/diesel filter: 99; passing: 7
[Proxibid] parsed 30 rows across 1 page(s)
[Renebates] found 60 events on index
[Renebates] event: City Of Cameron, Texas secs=46878
[Renebates] City Of Cameron, Texas -> 60 lots via https://renebates.com/a_list_2.php?id=254&cat=all
[Renebates] event: Town Of Addison, Texas secs=50475
[Renebates] Town Of Addison, Texas -> 27 lots via https://renebates.com/a_list_2.php?id=80&cat=all
[DEBUG] collected 32 listings from all sites (after filter)
[GD] HTTP 200 | CT=application/json; charset=utf-8 | page=1
[GD] page 1: 24 items
[GD] HTTP 200 | CT=application/json; charset=utf-8 | page=2
[GD] page 2: 24 items
[GD] HTTP 200 | CT=application/json; charset=utf-8 | page=3
[GD] page 3: 24 items
[GD] HTTP 200 | CT=application/json; charset=utf-8 | page=4
[GD] page 4: 24 items
[GD] HTTP 200 | CT=application/json; charset=utf-8 | page=5
[GD] page 5: 24 items
[GD] total raw items before normalize: 120; unique kept: 106
[GD] normalized rows: 106
[GD] blocked by specialty/diesel filter: 99; passing: 7
[Proxibid] parsed 30 rows across 1 page(s)
[Renebates] found 60 events on index
[Renebates] event: City Of Cameron, Texas secs=46225
[Renebates] City Of Cameron, Texas -> 60 lots via https://renebates.com/a_list_2.php?id=254&cat=all
[Renebates] event: Town Of Addison, Texas secs=49822
[Renebates] Town Of Addison, Texas -> 27 lots via https://renebates.com/a_list_2.php?id=80&cat=all
[DEBUG] collected 32 listings from all sites (after filter)
[GD] HTTP 200 | CT=application/json; charset=utf-8 | page=1
[GD] page 1: 24 items
[GD] HTTP 200 | CT=application/json; charset=utf-8 | page=2
[GD] page 2: 24 items
[GD] HTTP 200 | CT=application/json; charset=utf-8 | page=3
[GD] page 3: 24 items
[GD] HTTP 200 | CT=application/json; charset=utf-8 | page=4
[GD] page 4: 24 items
[GD] HTTP 200 | CT=application/json; charset=utf-8 | page=5
[GD] page 5: 24 items
[GD] total raw items before normalize: 120; unique kept: 106
[GD] normalized rows: 106
[GD] blocked by specialty/diesel filter: 99; passing: 7
[Proxibid] parsed 30 rows across 1 page(s)
[Renebates] found 60 events on index
[Renebates] event: City Of Cameron, Texas secs=45575
[Renebates] City Of Cameron, Texas -> 60 lots via https://renebates.com/a_list_2.php?id=254&cat=all
[Renebates] event: Town Of Addison, Texas secs=49171
[Renebates] Town Of Addison, Texas -> 27 lots via https://renebates.com/a_list_2.php?id=80&cat=all
[DEBUG] collected 32 listings from all sites (after filter)
[GD] HTTP 200 | CT=application/json; charset=utf-8 | page=1
[GD] page 1: 24 items
[GD] HTTP 200 | CT=application/json; charset=utf-8 | page=2
[GD] page 2: 24 items
[GD] HTTP 200 | CT=application/json; charset=utf-8 | page=3
[GD] page 3: 24 items
[GD] HTTP 200 | CT=application/json; charset=utf-8 | page=4
[GD] page 4: 24 items
[GD] HTTP 200 | CT=application/json; charset=utf-8 | page=5
[GD] page 5: 24 items
[GD] total raw items before normalize: 120; unique kept: 106
[GD] normalized rows: 106
[GD] blocked by specialty/diesel filter: 99; passing: 7
[Proxibid] parsed 30 rows across 1 page(s)
[Renebates] found 60 events on index
[Renebates] event: City Of Cameron, Texas secs=44915
[Renebates] City Of Cameron, Texas -> 60 lots via https://renebates.com/a_list_2.php?id=254&cat=all
[Renebates] event: Town Of Addison, Texas secs=48512
[Renebates] Town Of Addison, Texas -> 27 lots via https://renebates.com/a_list_2.php?id=80&cat=all
[DEBUG] collected 32 listings from all sites (after filter)
[GD] HTTP 200 | CT=application/json; charset=utf-8 | page=1
[GD] page 1: 24 items
[GD] HTTP 200 | CT=application/json; charset=utf-8 | page=2
[GD] page 2: 24 items
[GD] HTTP 200 | CT=application/json; charset=utf-8 | page=3
[GD] page 3: 24 items
[GD] HTTP 200 | CT=application/json; charset=utf-8 | page=4
[GD] page 4: 24 items
[GD] HTTP 200 | CT=application/json; charset=utf-8 | page=5
[GD] page 5: 24 items
[GD] total raw items before normalize: 120; unique kept: 106
[GD] normalized rows: 106
[GD] blocked by specialty/diesel filter: 99; passing: 7
[Proxibid] parsed 30 rows across 1 page(s)
[Renebates] found 60 events on index
[Renebates] event: City Of Cameron, Texas secs=44261
[Renebates] City Of Cameron, Texas -> 60 lots via https://renebates.com/a_list_2.php?id=254&cat=all
[Renebates] event: Town Of Addison, Texas secs=47857
[Renebates] Town Of Addison, Texas -> 27 lots via https://renebates.com/a_list_2.php?id=80&cat=all
[DEBUG] collected 32 listings from all sites (after filter)
[GD] HTTP 200 | CT=application/json; charset=utf-8 | page=1
[GD] page 1: 24 items
[GD] HTTP 200 | CT=application/json; charset=utf-8 | page=2
[GD] page 2: 24 items
[GD] HTTP 200 | CT=application/json; charset=utf-8 | page=3
[GD] page 3: 24 items
[GD] HTTP 200 | CT=application/json; charset=utf-8 | page=4
[GD] page 4: 24 items
[GD] HTTP 200 | CT=application/json; charset=utf-8 | page=5
[GD] page 5: 24 items
[GD] total raw items before normalize: 120; unique kept: 106
[GD] normalized rows: 106
[GD] blocked by specialty/diesel filter: 99; passing: 7
[Proxibid] parsed 30 rows across 1 page(s)
[Renebates] found 60 events on index
[Renebates] event: City Of Cameron, Texas secs=43614
[Renebates] City Of Cameron, Texas -> 60 lots via https://renebates.com/a_list_2.php?id=254&cat=all
[Renebates] event: Town Of Addison, Texas secs=47211
[Renebates] Town Of Addison, Texas -> 27 lots via https://renebates.com/a_list_2.php?id=80&cat=all
[DEBUG] collected 32 listings from all sites (after filter)
[GD] HTTP 200 | CT=application/json; charset=utf-8 | page=1
[GD] page 1: 24 items
[GD] HTTP 200 | CT=application/json; charset=utf-8 | page=2
[GD] page 2: 24 items
[GD] HTTP 200 | CT=application/json; charset=utf-8 | page=3
[GD] page 3: 24 items
[GD] HTTP 200 | CT=application/json; charset=utf-8 | page=4
[GD] page 4: 24 items
[GD] HTTP 200 | CT=application/json; charset=utf-8 | page=5
[GD] page 5: 24 items
[GD] total raw items before normalize: 120; unique kept: 106
[GD] normalized rows: 106
[GD] blocked by specialty/diesel filter: 99; passing: 7
[Proxibid] parsed 30 rows across 1 page(s)
[Renebates] found 60 events on index
[Renebates] event: City Of Cameron, Texas secs=42972
[Renebates] City Of Cameron, Texas -> 60 lots via https://renebates.com/a_list_2.php?id=254&cat=all
[Renebates] event: Town Of Addison, Texas secs=46569
[Renebates] Town Of Addison, Texas -> 27 lots via https://renebates.com/a_list_2.php?id=80&cat=all
[DEBUG] collected 32 listings from all sites (after filter)
[GD] HTTP 200 | CT=application/json; charset=utf-8 | page=1
[GD] page 1: 24 items
[GD] HTTP 200 | CT=application/json; charset=utf-8 | page=2
[GD] page 2: 24 items
[GD] HTTP 200 | CT=application/json; charset=utf-8 | page=3
[GD] page 3: 24 items
[GD] HTTP 200 | CT=application/json; charset=utf-8 | page=4
[GD] page 4: 24 items
[GD] HTTP 200 | CT=application/json; charset=utf-8 | page=5
[GD] page 5: 24 items
[GD] total raw items before normalize: 120; unique kept: 106
[GD] normalized rows: 106
[GD] blocked by specialty/diesel filter: 99; passing: 7
[Proxibid] parsed 30 rows across 1 page(s)
[Renebates] found 60 events on index
[Renebates] event: City Of Cameron, Texas secs=42329
[Renebates] City Of Cameron, Texas -> 60 lots via https://renebates.com/a_list_2.php?id=254&cat=all
[Renebates] event: Town Of Addison, Texas secs=45927
[Renebates] Town Of Addison, Texas -> 27 lots via https://renebates.com/a_list_2.php?id=80&cat=all
[DEBUG] collected 32 listings from all sites (after filter)
[GD] HTTP 200 | CT=application/json; charset=utf-8 | page=1
[GD] page 1: 24 items
[GD] HTTP 200 | CT=application/json; charset=utf-8 | page=2
[GD] page 2: 24 items
[GD] HTTP 200 | CT=application/json; charset=utf-8 | page=3
[GD] page 3: 24 items
[GD] HTTP 200 | CT=application/json; charset=utf-8 | page=4
[GD] page 4: 24 items
[GD] HTTP 200 | CT=application/json; charset=utf-8 | page=5
[GD] page 5: 24 items
[GD] total raw items before normalize: 120; unique kept: 106
[GD] normalized rows: 106
[GD] blocked by specialty/diesel filter: 99; passing: 7
[Proxibid] parsed 30 rows across 1 page(s)
[Renebates] found 60 events on index
[Renebates] event: City Of Cameron, Texas secs=41675
[Renebates] City Of Cameron, Texas -> 60 lots via https://renebates.com/a_list_2.php?id=254&cat=all
[Renebates] event: Town Of Addison, Texas secs=45272
[Renebates] Town Of Addison, Texas -> 27 lots via https://renebates.com/a_list_2.php?id=80&cat=all
[DEBUG] collected 32 listings from all sites (after filter)
❌ SMS failed: HTTP 401 error: Unable to create record: Authenticate
💓 Healthcheck SMS sent.
[GD] HTTP 200 | CT=application/json; charset=utf-8 | page=1
[GD] page 1: 24 items
[GD] HTTP 200 | CT=application/json; charset=utf-8 | page=2
[GD] page 2: 24 items
[GD] HTTP 200 | CT=application/json; charset=utf-8 | page=3
[GD] page 3: 24 items
[GD] net error on page 4: HTTPSConnectionPool(host='maestro.lqdt1.com', port=443): Max retries exceeded with url: /search/list (Caused by NewConnectionError('<urllib3.connection.HTTPSConnection object at 0x00E82B38>: Failed to establish a new connection: [Errno 11001] getaddrinfo failed'))
[GD] total raw items before normalize: 72; unique kept: 68
[GD] normalized rows: 68
[GD] blocked by specialty/diesel filter: 65; passing: 3
[Proxibid] net error for https://www.proxibid.com/core/category/lotItems/category/3817/html?sortBy=endingsoonest&auctionType=timed&inventoryType=all&auctionHouseId=0&auctionId=0&featured=false&metaDataFilters=&galleryView=true&pageNumber=0: HTTPSConnectionPool(host='www.proxibid.com', port=443): Max retries exceeded with url: /core/category/lotItems/category/3817/html?sortBy=endingsoonest&auctionType=timed&inventoryType=all&auctionHouseId=0&auctionId=0&featured=false&metaDataFilters=&galleryView=true&pageNumber=0 (Caused by NewConnectionError('<urllib3.connection.HTTPSConnection object at 0x00E82A78>: Failed to establish a new connection: [Errno 11001] getaddrinfo failed'))
[Proxibid] net error for https://www.proxibid.com/core/category/lotItems/category/3817/auctionHouseId/0/auctionId/0/metadata/html?auctionType=timed: HTTPSConnectionPool(host='www.proxibid.com', port=443): Max retries exceeded with url: /core/category/lotItems/category/3817/auctionHouseId/0/auctionId/0/metadata/html?auctionType=timed (Caused by NewConnectionError('<urllib3.connection.HTTPSConnection object at 0x00E82B20>: Failed to establish a new connection: [Errno 11001] getaddrinfo failed'))
[Proxibid] parsed 0 rows across 1 page(s)
[Renebates] index fetch error: HTTPSConnectionPool(host='renebates.com', port=443): Max retries exceeded with url: /a_main.php (Caused by NewConnectionError('<urllib3.connection.HTTPSConnection object at 0x00E82670>: Failed to establish a new connection: [Errno 11001] getaddrinfo failed'))
[DEBUG] collected 3 listings from all sites (after filter)
[GD] HTTP 200 | CT=application/json; charset=utf-8 | page=1
[GD] page 1: 24 items
[GD] HTTP 200 | CT=application/json; charset=utf-8 | page=2
[GD] page 2: 24 items
[GD] HTTP 200 | CT=application/json; charset=utf-8 | page=3
[GD] page 3: 24 items
[GD] HTTP 200 | CT=application/json; charset=utf-8 | page=4
[GD] page 4: 24 items
[GD] HTTP 200 | CT=application/json; charset=utf-8 | page=5
[GD] page 5: 24 items
[GD] total raw items before normalize: 120; unique kept: 106
[GD] normalized rows: 106
[GD] blocked by specialty/diesel filter: 99; passing: 7
[Proxibid] parsed 30 rows across 1 page(s)
[Renebates] found 60 events on index
[Renebates] event: City Of Cameron, Texas secs=40381
[Renebates] City Of Cameron, Texas -> 60 lots via https://renebates.com/a_list_2.php?id=254&cat=all
[Renebates] event: Town Of Addison, Texas secs=43978
[Renebates] Town Of Addison, Texas -> 27 lots via https://renebates.com/a_list_2.php?id=80&cat=all
[DEBUG] collected 32 listings from all sites (after filter)
[GD] HTTP 200 | CT=application/json; charset=utf-8 | page=1
[GD] page 1: 24 items
[GD] HTTP 200 | CT=application/json; charset=utf-8 | page=2
[GD] page 2: 24 items
[GD] HTTP 200 | CT=application/json; charset=utf-8 | page=3
[GD] page 3: 24 items
[GD] HTTP 200 | CT=application/json; charset=utf-8 | page=4
[GD] page 4: 24 items
[GD] HTTP 200 | CT=application/json; charset=utf-8 | page=5
[GD] page 5: 24 items
[GD] total raw items before normalize: 120; unique kept: 106
[GD] normalized rows: 106
[GD] blocked by specialty/diesel filter: 99; passing: 7
[Proxibid] parsed 30 rows across 1 page(s)
[Renebates] found 60 events on index
[Renebates] event: City Of Cameron, Texas secs=39726
[Renebates] City Of Cameron, Texas -> 60 lots via https://renebates.com/a_list_2.php?id=254&cat=all
[Renebates] event: Town Of Addison, Texas secs=43323
[Renebates] Town Of Addison, Texas -> 27 lots via https://renebates.com/a_list_2.php?id=80&cat=all
[DEBUG] collected 32 listings from all sites (after filter)
[GD] HTTP 200 | CT=application/json; charset=utf-8 | page=1
[GD] page 1: 24 items
[GD] HTTP 200 | CT=application/json; charset=utf-8 | page=2
[GD] page 2: 24 items
[GD] HTTP 200 | CT=application/json; charset=utf-8 | page=3
[GD] page 3: 24 items
[GD] HTTP 200 | CT=application/json; charset=utf-8 | page=4
[GD] page 4: 24 items
[GD] HTTP 200 | CT=application/json; charset=utf-8 | page=5
[GD] page 5: 24 items
[GD] total raw items before normalize: 120; unique kept: 106
[GD] normalized rows: 106
[GD] blocked by specialty/diesel filter: 99; passing: 7
[Proxibid] parsed 30 rows across 1 page(s)
[Renebates] found 60 events on index
[Renebates] event: City Of Cameron, Texas secs=39081
[Renebates] City Of Cameron, Texas -> 60 lots via https://renebates.com/a_list_2.php?id=254&cat=all
[Renebates] event: Town Of Addison, Texas secs=42679
[Renebates] Town Of Addison, Texas -> 27 lots via https://renebates.com/a_list_2.php?id=80&cat=all
[DEBUG] collected 32 listings from all sites (after filter)
[GD] HTTP 200 | CT=application/json; charset=utf-8 | page=1
[GD] page 1: 24 items
[GD] HTTP 200 | CT=application/json; charset=utf-8 | page=2
[GD] page 2: 24 items
[GD] HTTP 200 | CT=application/json; charset=utf-8 | page=3
[GD] page 3: 24 items
[GD] HTTP 200 | CT=application/json; charset=utf-8 | page=4
[GD] page 4: 24 items
[GD] HTTP 200 | CT=application/json; charset=utf-8 | page=5
[GD] page 5: 24 items
[GD] total raw items before normalize: 120; unique kept: 106
[GD] normalized rows: 106
[GD] blocked by specialty/diesel filter: 99; passing: 7
[Proxibid] parsed 30 rows across 1 page(s)
[Renebates] found 60 events on index
[Renebates] event: City Of Cameron, Texas secs=38431
[Renebates] City Of Cameron, Texas -> 60 lots via https://renebates.com/a_list_2.php?id=254&cat=all
[Renebates] event: Town Of Addison, Texas secs=42027
[Renebates] Town Of Addison, Texas -> 27 lots via https://renebates.com/a_list_2.php?id=80&cat=all
[DEBUG] collected 32 listings from all sites (after filter)
[GD] HTTP 200 | CT=application/json; charset=utf-8 | page=1
[GD] page 1: 24 items
[GD] HTTP 200 | CT=application/json; charset=utf-8 | page=2
[GD] page 2: 24 items
[GD] HTTP 200 | CT=application/json; charset=utf-8 | page=3
[GD] page 3: 24 items
[GD] HTTP 200 | CT=application/json; charset=utf-8 | page=4
[GD] page 4: 24 items
[GD] HTTP 200 | CT=application/json; charset=utf-8 | page=5
[GD] page 5: 24 items
[GD] total raw items before normalize: 120; unique kept: 106
[GD] normalized rows: 106
[GD] blocked by specialty/diesel filter: 99; passing: 7
[Proxibid] parsed 30 rows across 1 page(s)
[Renebates] found 60 events on index
[Renebates] event: City Of Cameron, Texas secs=37772
[Renebates] City Of Cameron, Texas -> 60 lots via https://renebates.com/a_list_2.php?id=254&cat=all
[Renebates] event: Town Of Addison, Texas secs=41368
[Renebates] Town Of Addison, Texas -> 27 lots via https://renebates.com/a_list_2.php?id=80&cat=all
[DEBUG] collected 32 listings from all sites (after filter)
[GD] HTTP 200 | CT=application/json; charset=utf-8 | page=1
[GD] page 1: 24 items
[GD] HTTP 200 | CT=application/json; charset=utf-8 | page=2
[GD] page 2: 24 items
[GD] HTTP 200 | CT=application/json; charset=utf-8 | page=3
[GD] page 3: 24 items
[GD] HTTP 200 | CT=application/json; charset=utf-8 | page=4
[GD] page 4: 24 items
[GD] HTTP 200 | CT=application/json; charset=utf-8 | page=5
[GD] page 5: 24 items
[GD] total raw items before normalize: 120; unique kept: 106
[GD] normalized rows: 106
[GD] blocked by specialty/diesel filter: 99; passing: 7
[Proxibid] parsed 30 rows across 1 page(s)
[Renebates] found 60 events on index
[Renebates] event: City Of Cameron, Texas secs=37125
[Renebates] City Of Cameron, Texas -> 60 lots via https://renebates.com/a_list_2.php?id=254&cat=all
[Renebates] event: Town Of Addison, Texas secs=40722
[Renebates] Town Of Addison, Texas -> 27 lots via https://renebates.com/a_list_2.php?id=80&cat=all
[DEBUG] collected 32 listings from all sites (after filter)
[GD] HTTP 200 | CT=application/json; charset=utf-8 | page=1
[GD] page 1: 24 items
[GD] HTTP 200 | CT=application/json; charset=utf-8 | page=2
[GD] page 2: 24 items
[GD] HTTP 200 | CT=application/json; charset=utf-8 | page=3
[GD] page 3: 24 items
[GD] HTTP 200 | CT=application/json; charset=utf-8 | page=4
[GD] page 4: 24 items
[GD] HTTP 200 | CT=application/json; charset=utf-8 | page=5
[GD] page 5: 24 items
[GD] total raw items before normalize: 120; unique kept: 106
[GD] normalized rows: 106
[GD] blocked by specialty/diesel filter: 99; passing: 7
[Proxibid] parsed 30 rows across 1 page(s)
[Renebates] found 60 events on index
[Renebates] event: City Of Cameron, Texas secs=36473
[Renebates] City Of Cameron, Texas -> 60 lots via https://renebates.com/a_list_2.php?id=254&cat=all
[Renebates] event: Town Of Addison, Texas secs=40071
[Renebates] Town Of Addison, Texas -> 27 lots via https://renebates.com/a_list_2.php?id=80&cat=all
[DEBUG] collected 32 listings from all sites (after filter)
[GD] HTTP 200 | CT=application/json; charset=utf-8 | page=1
[GD] page 1: 24 items
[GD] HTTP 200 | CT=application/json; charset=utf-8 | page=2
[GD] page 2: 24 items
[GD] HTTP 200 | CT=application/json; charset=utf-8 | page=3
[GD] page 3: 24 items
[GD] HTTP 200 | CT=application/json; charset=utf-8 | page=4
[GD] page 4: 24 items
[GD] HTTP 200 | CT=application/json; charset=utf-8 | page=5
[GD] page 5: 24 items
[GD] total raw items before normalize: 120; unique kept: 107
[GD] normalized rows: 107
[GD] blocked by specialty/diesel filter: 100; passing: 7
[Proxibid] parsed 30 rows across 1 page(s)
[Renebates] found 60 events on index
[Renebates] event: City Of Cameron, Texas secs=35818
[Renebates] City Of Cameron, Texas -> 60 lots via https://renebates.com/a_list_2.php?id=254&cat=all
[Renebates] event: Town Of Addison, Texas secs=39415
[Renebates] Town Of Addison, Texas -> 27 lots via https://renebates.com/a_list_2.php?id=80&cat=all
[DEBUG] collected 32 listings from all sites (after filter)
[GD] HTTP 200 | CT=application/json; charset=utf-8 | page=1
[GD] page 1: 24 items
[GD] HTTP 200 | CT=application/json; charset=utf-8 | page=2
[GD] page 2: 24 items
[GD] HTTP 200 | CT=application/json; charset=utf-8 | page=3
[GD] page 3: 24 items
[GD] HTTP 200 | CT=application/json; charset=utf-8 | page=4
[GD] page 4: 24 items
[GD] HTTP 200 | CT=application/json; charset=utf-8 | page=5
[GD] page 5: 24 items
[GD] total raw items before normalize: 120; unique kept: 107
[GD] normalized rows: 107
[GD] blocked by specialty/diesel filter: 100; passing: 7
[Proxibid] parsed 30 rows across 1 page(s)
[Renebates] found 60 events on index
[Renebates] event: City Of Cameron, Texas secs=35161
[Renebates] City Of Cameron, Texas -> 60 lots via https://renebates.com/a_list_2.php?id=254&cat=all
[Renebates] event: Town Of Addison, Texas secs=38757
[Renebates] Town Of Addison, Texas -> 27 lots via https://renebates.com/a_list_2.php?id=80&cat=all
[DEBUG] collected 32 listings from all sites (after filter)
[GD] HTTP 200 | CT=application/json; charset=utf-8 | page=1
[GD] page 1: 24 items
[GD] HTTP 200 | CT=application/json; charset=utf-8 | page=2
[GD] page 2: 24 items
[GD] HTTP 200 | CT=application/json; charset=utf-8 | page=3
[GD] page 3: 24 items
[GD] HTTP 200 | CT=application/json; charset=utf-8 | page=4
[GD] page 4: 24 items
[GD] HTTP 200 | CT=application/json; charset=utf-8 | page=5
[GD] page 5: 24 items
[GD] total raw items before normalize: 120; unique kept: 107
[GD] normalized rows: 107
[GD] blocked by specialty/diesel filter: 100; passing: 7
[Proxibid] parsed 30 rows across 1 page(s)
[Renebates] found 60 events on index
[Renebates] event: City Of Cameron, Texas secs=34506
[Renebates] City Of Cameron, Texas -> 60 lots via https://renebates.com/a_list_2.php?id=254&cat=all
[Renebates] event: Town Of Addison, Texas secs=38104
[Renebates] Town Of Addison, Texas -> 27 lots via https://renebates.com/a_list_2.php?id=80&cat=all
[DEBUG] collected 32 listings from all sites (after filter)
[GD] HTTP 200 | CT=application/json; charset=utf-8 | page=1
[GD] page 1: 24 items
[GD] HTTP 200 | CT=application/json; charset=utf-8 | page=2
[GD] page 2: 24 items
[GD] HTTP 200 | CT=application/json; charset=utf-8 | page=3
[GD] page 3: 24 items
[GD] HTTP 200 | CT=application/json; charset=utf-8 | page=4
[GD] page 4: 24 items
[GD] HTTP 200 | CT=application/json; charset=utf-8 | page=5
[GD] page 5: 24 items
[GD] total raw items before normalize: 120; unique kept: 107
[GD] normalized rows: 107
[GD] blocked by specialty/diesel filter: 100; passing: 7
[Proxibid] parsed 30 rows across 1 page(s)
[Renebates] found 60 events on index
[Renebates] event: City Of Cameron, Texas secs=33862
[Renebates] City Of Cameron, Texas -> 60 lots via https://renebates.com/a_list_2.php?id=254&cat=all
[Renebates] event: Town Of Addison, Texas secs=37458
[Renebates] Town Of Addison, Texas -> 27 lots via https://renebates.com/a_list_2.php?id=80&cat=all
[DEBUG] collected 32 listings from all sites (after filter)
[GD] HTTP 200 | CT=application/json; charset=utf-8 | page=1
[GD] page 1: 24 items
[GD] HTTP 200 | CT=application/json; charset=utf-8 | page=2
[GD] page 2: 24 items
[GD] HTTP 200 | CT=application/json; charset=utf-8 | page=3
[GD] page 3: 24 items
[GD] HTTP 200 | CT=application/json; charset=utf-8 | page=4
[GD] page 4: 24 items
[GD] HTTP 200 | CT=application/json; charset=utf-8 | page=5
[GD] page 5: 24 items
[GD] total raw items before normalize: 120; unique kept: 107
[GD] normalized rows: 107
[GD] blocked by specialty/diesel filter: 100; passing: 7
[Proxibid] parsed 30 rows across 1 page(s)
[Renebates] found 60 events on index
[Renebates] event: City Of Cameron, Texas secs=33207
[Renebates] City Of Cameron, Texas -> 60 lots via https://renebates.com/a_list_2.php?id=254&cat=all
[Renebates] event: Town Of Addison, Texas secs=36803
[Renebates] Town Of Addison, Texas -> 27 lots via https://renebates.com/a_list_2.php?id=80&cat=all
[DEBUG] collected 32 listings from all sites (after filter)
[GD] HTTP 200 | CT=application/json; charset=utf-8 | page=1
[GD] page 1: 24 items
[GD] HTTP 200 | CT=application/json; charset=utf-8 | page=2
[GD] page 2: 24 items
[GD] HTTP 200 | CT=application/json; charset=utf-8 | page=3
[GD] page 3: 24 items
[GD] HTTP 200 | CT=application/json; charset=utf-8 | page=4
[GD] page 4: 24 items
[GD] HTTP 200 | CT=application/json; charset=utf-8 | page=5
[GD] page 5: 24 items
[GD] total raw items before normalize: 120; unique kept: 107
[GD] normalized rows: 107
[GD] blocked by specialty/diesel filter: 100; passing: 7
[Proxibid] parsed 30 rows across 1 page(s)
[Renebates] found 60 events on index
[Renebates] event: City Of Cameron, Texas secs=32563
[Renebates] City Of Cameron, Texas -> 60 lots via https://renebates.com/a_list_2.php?id=254&cat=all
[Renebates] event: Town Of Addison, Texas secs=36159
[Renebates] Town Of Addison, Texas -> 27 lots via https://renebates.com/a_list_2.php?id=80&cat=all
[DEBUG] collected 32 listings from all sites (after filter)
[GD] HTTP 200 | CT=application/json; charset=utf-8 | page=1
[GD] page 1: 24 items
[GD] HTTP 200 | CT=application/json; charset=utf-8 | page=2
[GD] page 2: 24 items
[GD] HTTP 200 | CT=application/json; charset=utf-8 | page=3
[GD] page 3: 24 items
[GD] HTTP 200 | CT=application/json; charset=utf-8 | page=4
[GD] page 4: 24 items
[GD] HTTP 200 | CT=application/json; charset=utf-8 | page=5
[GD] page 5: 24 items
[GD] total raw items before normalize: 120; unique kept: 107
[GD] normalized rows: 107
[GD] blocked by specialty/diesel filter: 100; passing: 7
[Proxibid] parsed 30 rows across 1 page(s)
[Renebates] found 60 events on index
[Renebates] event: City Of Cameron, Texas secs=31906
[Renebates] City Of Cameron, Texas -> 60 lots via https://renebates.com/a_list_2.php?id=254&cat=all
[Renebates] event: Town Of Addison, Texas secs=35502
[Renebates] Town Of Addison, Texas -> 27 lots via https://renebates.com/a_list_2.php?id=80&cat=all
[DEBUG] collected 32 listings from all sites (after filter)
[GD] HTTP 200 | CT=application/json; charset=utf-8 | page=1
[GD] page 1: 24 items
[GD] HTTP 200 | CT=application/json; charset=utf-8 | page=2
[GD] page 2: 24 items
[GD] HTTP 200 | CT=application/json; charset=utf-8 | page=3
[GD] page 3: 24 items
[GD] HTTP 200 | CT=application/json; charset=utf-8 | page=4
[GD] page 4: 24 items
[GD] HTTP 200 | CT=application/json; charset=utf-8 | page=5
[GD] page 5: 24 items
[GD] total raw items before normalize: 120; unique kept: 107
[GD] normalized rows: 107
[GD] blocked by specialty/diesel filter: 100; passing: 7
[Proxibid] parsed 30 rows across 1 page(s)
[Renebates] found 60 events on index
[Renebates] event: City Of Cameron, Texas secs=31248
[Renebates] City Of Cameron, Texas -> 60 lots via https://renebates.com/a_list_2.php?id=254&cat=all
[Renebates] event: Town Of Addison, Texas secs=34843
[Renebates] Town Of Addison, Texas -> 27 lots via https://renebates.com/a_list_2.php?id=80&cat=all
[DEBUG] collected 32 listings from all sites (after filter)
[GD] HTTP 200 | CT=application/json; charset=utf-8 | page=1
[GD] page 1: 24 items
[GD] HTTP 200 | CT=application/json; charset=utf-8 | page=2
[GD] page 2: 24 items
[GD] HTTP 200 | CT=application/json; charset=utf-8 | page=3
[GD] page 3: 24 items
[GD] HTTP 200 | CT=application/json; charset=utf-8 | page=4
[GD] page 4: 24 items
[GD] HTTP 200 | CT=application/json; charset=utf-8 | page=5
[GD] page 5: 24 items
[GD] total raw items before normalize: 120; unique kept: 107
[GD] normalized rows: 107
[GD] blocked by specialty/diesel filter: 100; passing: 7
[Proxibid] parsed 30 rows across 1 page(s)
[Renebates] found 60 events on index
[Renebates] event: City Of Cameron, Texas secs=30601
[Renebates] City Of Cameron, Texas -> 60 lots via https://renebates.com/a_list_2.php?id=254&cat=all
[Renebates] event: Town Of Addison, Texas secs=34197
[Renebates] Town Of Addison, Texas -> 27 lots via https://renebates.com/a_list_2.php?id=80&cat=all
[DEBUG] collected 32 listings from all sites (after filter)
[GD] HTTP 200 | CT=application/json; charset=utf-8 | page=1
[GD] page 1: 24 items
[GD] HTTP 200 | CT=application/json; charset=utf-8 | page=2
[GD] page 2: 24 items
[GD] HTTP 200 | CT=application/json; charset=utf-8 | page=3
[GD] page 3: 24 items
[GD] HTTP 200 | CT=application/json; charset=utf-8 | page=4
[GD] page 4: 24 items
[GD] HTTP 200 | CT=application/json; charset=utf-8 | page=5
[GD] page 5: 24 items
[GD] total raw items before normalize: 120; unique kept: 107
[GD] normalized rows: 107
[GD] blocked by specialty/diesel filter: 100; passing: 7
[Proxibid] parsed 30 rows across 1 page(s)
[Renebates] found 60 events on index
[Renebates] event: City Of Cameron, Texas secs=29938
[Renebates] City Of Cameron, Texas -> 60 lots via https://renebates.com/a_list_2.php?id=254&cat=all
[Renebates] event: Town Of Addison, Texas secs=33535
[Renebates] Town Of Addison, Texas -> 27 lots via https://renebates.com/a_list_2.php?id=80&cat=all
[DEBUG] collected 32 listings from all sites (after filter)
[GD] HTTP 200 | CT=application/json; charset=utf-8 | page=1
[GD] page 1: 24 items
[GD] HTTP 200 | CT=application/json; charset=utf-8 | page=2
[GD] page 2: 24 items
[GD] HTTP 200 | CT=application/json; charset=utf-8 | page=3
[GD] page 3: 24 items
[GD] HTTP 200 | CT=application/json; charset=utf-8 | page=4
[GD] page 4: 24 items
[GD] HTTP 200 | CT=application/json; charset=utf-8 | page=5
[GD] page 5: 24 items
[GD] total raw items before normalize: 120; unique kept: 107
[GD] normalized rows: 107
[GD] blocked by specialty/diesel filter: 100; passing: 7
[Proxibid] parsed 30 rows across 1 page(s)
[Renebates] found 60 events on index
[Renebates] event: City Of Cameron, Texas secs=29288
[Renebates] City Of Cameron, Texas -> 60 lots via https://renebates.com/a_list_2.php?id=254&cat=all
[Renebates] event: Town Of Addison, Texas secs=32885
[Renebates] Town Of Addison, Texas -> 27 lots via https://renebates.com/a_list_2.php?id=80&cat=all
[DEBUG] collected 32 listings from all sites (after filter)
[GD] HTTP 200 | CT=application/json; charset=utf-8 | page=1
[GD] page 1: 24 items
[GD] HTTP 200 | CT=application/json; charset=utf-8 | page=2
[GD] page 2: 24 items
[GD] HTTP 200 | CT=application/json; charset=utf-8 | page=3
[GD] page 3: 24 items
[GD] HTTP 200 | CT=application/json; charset=utf-8 | page=4
[GD] page 4: 24 items
[GD] HTTP 200 | CT=application/json; charset=utf-8 | page=5
[GD] page 5: 24 items
[GD] total raw items before normalize: 120; unique kept: 107
[GD] normalized rows: 107
[GD] blocked by specialty/diesel filter: 100; passing: 7
[Proxibid] parsed 30 rows across 1 page(s)
[Renebates] found 60 events on index
[Renebates] event: City Of Cameron, Texas secs=28636
[Renebates] City Of Cameron, Texas -> 60 lots via https://renebates.com/a_list_2.php?id=254&cat=all
[Renebates] event: Town Of Addison, Texas secs=32233
[Renebates] Town Of Addison, Texas -> 27 lots via https://renebates.com/a_list_2.php?id=80&cat=all
[DEBUG] collected 32 listings from all sites (after filter)
[GD] HTTP 200 | CT=application/json; charset=utf-8 | page=1
[GD] page 1: 24 items
[GD] HTTP 200 | CT=application/json; charset=utf-8 | page=2
[GD] page 2: 24 items
[GD] HTTP 200 | CT=application/json; charset=utf-8 | page=3
[GD] page 3: 24 items
[GD] HTTP 200 | CT=application/json; charset=utf-8 | page=4
[GD] page 4: 24 items
[GD] HTTP 200 | CT=application/json; charset=utf-8 | page=5
[GD] page 5: 24 items
[GD] total raw items before normalize: 120; unique kept: 107
[GD] normalized rows: 107
[GD] blocked by specialty/diesel filter: 100; passing: 7
[Proxibid] parsed 30 rows across 1 page(s)
[Renebates] found 60 events on index
[Renebates] event: City Of Cameron, Texas secs=27990
[Renebates] City Of Cameron, Texas -> 60 lots via https://renebates.com/a_list_2.php?id=254&cat=all
[Renebates] event: Town Of Addison, Texas secs=31586
[Renebates] Town Of Addison, Texas -> 27 lots via https://renebates.com/a_list_2.php?id=80&cat=all
[DEBUG] collected 32 listings from all sites (after filter)
[GD] HTTP 200 | CT=application/json; charset=utf-8 | page=1
[GD] page 1: 24 items
[GD] HTTP 200 | CT=application/json; charset=utf-8 | page=2
[GD] page 2: 24 items
[GD] HTTP 200 | CT=application/json; charset=utf-8 | page=3
[GD] page 3: 24 items
[GD] HTTP 200 | CT=application/json; charset=utf-8 | page=4
[GD] page 4: 24 items
[GD] HTTP 200 | CT=application/json; charset=utf-8 | page=5
[GD] page 5: 24 items
[GD] total raw items before normalize: 120; unique kept: 107
[GD] normalized rows: 107
[GD] blocked by specialty/diesel filter: 100; passing: 7
[Proxibid] parsed 30 rows across 1 page(s)
[Renebates] found 60 events on index
[Renebates] event: City Of Cameron, Texas secs=27347
[Renebates] City Of Cameron, Texas -> 60 lots via https://renebates.com/a_list_2.php?id=254&cat=all
[Renebates] event: Town Of Addison, Texas secs=30943
[Renebates] Town Of Addison, Texas -> 27 lots via https://renebates.com/a_list_2.php?id=80&cat=all
[DEBUG] collected 32 listings from all sites (after filter)
[GD] HTTP 200 | CT=application/json; charset=utf-8 | page=1
[GD] page 1: 24 items
[GD] HTTP 200 | CT=application/json; charset=utf-8 | page=2
[GD] page 2: 24 items
[GD] HTTP 200 | CT=application/json; charset=utf-8 | page=3
[GD] page 3: 24 items
[GD] HTTP 200 | CT=application/json; charset=utf-8 | page=4
[GD] page 4: 24 items
[GD] HTTP 200 | CT=application/json; charset=utf-8 | page=5
[GD] page 5: 24 items
[GD] total raw items before normalize: 120; unique kept: 107
[GD] normalized rows: 107
[GD] blocked by specialty/diesel filter: 100; passing: 7
[Proxibid] parsed 30 rows across 1 page(s)
[Renebates] found 60 events on index
[Renebates] event: City Of Cameron, Texas secs=26693
[Renebates] City Of Cameron, Texas -> 60 lots via https://renebates.com/a_list_2.php?id=254&cat=all
[Renebates] event: Town Of Addison, Texas secs=30290
[Renebates] Town Of Addison, Texas -> 27 lots via https://renebates.com/a_list_2.php?id=80&cat=all
[DEBUG] collected 32 listings from all sites (after filter)
[GD] HTTP 200 | CT=application/json; charset=utf-8 | page=1
[GD] page 1: 24 items
[GD] HTTP 200 | CT=application/json; charset=utf-8 | page=2
[GD] page 2: 24 items
[GD] HTTP 200 | CT=application/json; charset=utf-8 | page=3
[GD] page 3: 24 items
[GD] HTTP 200 | CT=application/json; charset=utf-8 | page=4
[GD] page 4: 24 items
[GD] HTTP 200 | CT=application/json; charset=utf-8 | page=5
[GD] page 5: 24 items
[GD] total raw items before normalize: 120; unique kept: 107
[GD] normalized rows: 107
[GD] blocked by specialty/diesel filter: 100; passing: 7
[Proxibid] parsed 30 rows across 1 page(s)
[Renebates] found 60 events on index
[Renebates] event: City Of Cameron, Texas secs=26043
[Renebates] City Of Cameron, Texas -> 60 lots via https://renebates.com/a_list_2.php?id=254&cat=all
[Renebates] event: Town Of Addison, Texas secs=29639
[Renebates] Town Of Addison, Texas -> 27 lots via https://renebates.com/a_list_2.php?id=80&cat=all
[DEBUG] collected 32 listings from all sites (after filter)
[GD] HTTP 200 | CT=application/json; charset=utf-8 | page=1
[GD] page 1: 24 items
[GD] HTTP 200 | CT=application/json; charset=utf-8 | page=2
[GD] page 2: 24 items
[GD] HTTP 200 | CT=application/json; charset=utf-8 | page=3
[GD] page 3: 24 items
[GD] HTTP 200 | CT=application/json; charset=utf-8 | page=4
[GD] page 4: 24 items
[GD] HTTP 200 | CT=application/json; charset=utf-8 | page=5
[GD] page 5: 24 items
[GD] total raw items before normalize: 120; unique kept: 107
[GD] normalized rows: 107
[GD] blocked by specialty/diesel filter: 100; passing: 7
[Proxibid] parsed 30 rows across 1 page(s)
[Renebates] found 60 events on index
[Renebates] event: City Of Cameron, Texas secs=25391
[Renebates] City Of Cameron, Texas -> 60 lots via https://renebates.com/a_list_2.php?id=254&cat=all
[Renebates] event: Town Of Addison, Texas secs=28987
[Renebates] Town Of Addison, Texas -> 27 lots via https://renebates.com/a_list_2.php?id=80&cat=all
[DEBUG] collected 32 listings from all sites (after filter)
[GD] HTTP 200 | CT=application/json; charset=utf-8 | page=1
[GD] page 1: 24 items
[GD] HTTP 200 | CT=application/json; charset=utf-8 | page=2
[GD] page 2: 24 items
[GD] HTTP 200 | CT=application/json; charset=utf-8 | page=3
[GD] page 3: 24 items
[GD] HTTP 200 | CT=application/json; charset=utf-8 | page=4
[GD] page 4: 24 items
[GD] HTTP 200 | CT=application/json; charset=utf-8 | page=5
[GD] page 5: 24 items
[GD] total raw items before normalize: 120; unique kept: 107
[GD] normalized rows: 107
[GD] blocked by specialty/diesel filter: 100; passing: 7
[Proxibid] parsed 30 rows across 1 page(s)
[Renebates] found 60 events on index
[Renebates] event: City Of Cameron, Texas secs=24744
[Renebates] City Of Cameron, Texas -> 60 lots via https://renebates.com/a_list_2.php?id=254&cat=all
[Renebates] event: Town Of Addison, Texas secs=28340
[Renebates] Town Of Addison, Texas -> 27 lots via https://renebates.com/a_list_2.php?id=80&cat=all
[DEBUG] collected 32 listings from all sites (after filter)
[GD] HTTP 200 | CT=application/json; charset=utf-8 | page=1
[GD] page 1: 24 items
[GD] HTTP 200 | CT=application/json; charset=utf-8 | page=2
[GD] page 2: 24 items
[GD] HTTP 200 | CT=application/json; charset=utf-8 | page=3
[GD] page 3: 24 items
[GD] HTTP 200 | CT=application/json; charset=utf-8 | page=4
[GD] page 4: 24 items
[GD] HTTP 200 | CT=application/json; charset=utf-8 | page=5
[GD] page 5: 24 items
[GD] total raw items before normalize: 120; unique kept: 107
[GD] normalized rows: 107
[GD] blocked by specialty/diesel filter: 100; passing: 7
[Proxibid] parsed 30 rows across 1 page(s)
[Renebates] found 60 events on index
[Renebates] event: City Of Cameron, Texas secs=24095
[Renebates] City Of Cameron, Texas -> 60 lots via https://renebates.com/a_list_2.php?id=254&cat=all
[Renebates] event: Town Of Addison, Texas secs=27692
[Renebates] Town Of Addison, Texas -> 27 lots via https://renebates.com/a_list_2.php?id=80&cat=all
[DEBUG] collected 32 listings from all sites (after filter)
[GD] HTTP 200 | CT=application/json; charset=utf-8 | page=1
[GD] page 1: 24 items
[GD] HTTP 200 | CT=application/json; charset=utf-8 | page=2
[GD] page 2: 24 items
[GD] HTTP 200 | CT=application/json; charset=utf-8 | page=3
[GD] page 3: 24 items
[GD] HTTP 200 | CT=application/json; charset=utf-8 | page=4
[GD] page 4: 24 items
[GD] HTTP 200 | CT=application/json; charset=utf-8 | page=5
[GD] page 5: 24 items
[GD] total raw items before normalize: 120; unique kept: 107
[GD] normalized rows: 107
[GD] blocked by specialty/diesel filter: 100; passing: 7
[Proxibid] parsed 30 rows across 1 page(s)
[Renebates] found 60 events on index
[Renebates] event: City Of Cameron, Texas secs=23438
[Renebates] City Of Cameron, Texas -> 60 lots via https://renebates.com/a_list_2.php?id=254&cat=all
[Renebates] event: Town Of Addison, Texas secs=27034
[Renebates] Town Of Addison, Texas -> 27 lots via https://renebates.com/a_list_2.php?id=80&cat=all
[DEBUG] collected 32 listings from all sites (after filter)
[GD] HTTP 200 | CT=application/json; charset=utf-8 | page=1
[GD] page 1: 24 items
[GD] HTTP 200 | CT=application/json; charset=utf-8 | page=2
[GD] page 2: 24 items
[GD] HTTP 200 | CT=application/json; charset=utf-8 | page=3
[GD] page 3: 24 items
[GD] HTTP 200 | CT=application/json; charset=utf-8 | page=4
[GD] page 4: 24 items
[GD] HTTP 200 | CT=application/json; charset=utf-8 | page=5
[GD] page 5: 24 items
[GD] total raw items before normalize: 120; unique kept: 107
[GD] normalized rows: 107
[GD] blocked by specialty/diesel filter: 100; passing: 7
[Proxibid] parsed 30 rows across 1 page(s)
[Renebates] found 60 events on index
[Renebates] event: City Of Cameron, Texas secs=22794
[Renebates] City Of Cameron, Texas -> 60 lots via https://renebates.com/a_list_2.php?id=254&cat=all
[Renebates] event: Town Of Addison, Texas secs=26392
[Renebates] Town Of Addison, Texas -> 27 lots via https://renebates.com/a_list_2.php?id=80&cat=all
[DEBUG] collected 32 listings from all sites (after filter)
[GD] HTTP 200 | CT=application/json; charset=utf-8 | page=1
[GD] page 1: 24 items
[GD] HTTP 200 | CT=application/json; charset=utf-8 | page=2
[GD] page 2: 24 items
[GD] HTTP 200 | CT=application/json; charset=utf-8 | page=3
[GD] page 3: 24 items
[GD] HTTP 200 | CT=application/json; charset=utf-8 | page=4
[GD] page 4: 24 items
[GD] HTTP 200 | CT=application/json; charset=utf-8 | page=5
[GD] page 5: 24 items
[GD] total raw items before normalize: 120; unique kept: 107
[GD] normalized rows: 107
[GD] blocked by specialty/diesel filter: 100; passing: 7
[Proxibid] parsed 30 rows across 1 page(s)
[Renebates] found 60 events on index
[Renebates] event: City Of Cameron, Texas secs=22146
[Renebates] City Of Cameron, Texas -> 60 lots via https://renebates.com/a_list_2.php?id=254&cat=all
[Renebates] event: Town Of Addison, Texas secs=25741
[Renebates] Town Of Addison, Texas -> 27 lots via https://renebates.com/a_list_2.php?id=80&cat=all
[DEBUG] collected 32 listings from all sites (after filter)
[GD] HTTP 200 | CT=application/json; charset=utf-8 | page=1
[GD] page 1: 24 items
[GD] HTTP 200 | CT=application/json; charset=utf-8 | page=2
[GD] page 2: 24 items
[GD] HTTP 200 | CT=application/json; charset=utf-8 | page=3
[GD] page 3: 24 items
[GD] HTTP 200 | CT=application/json; charset=utf-8 | page=4
[GD] page 4: 24 items
[GD] HTTP 200 | CT=application/json; charset=utf-8 | page=5
[GD] page 5: 24 items
[GD] total raw items before normalize: 120; unique kept: 107
[GD] normalized rows: 107
[GD] blocked by specialty/diesel filter: 100; passing: 7
[Proxibid] parsed 30 rows across 1 page(s)
[Renebates] found 60 events on index
[Renebates] event: City Of Cameron, Texas secs=21485
[Renebates] City Of Cameron, Texas -> 60 lots via https://renebates.com/a_list_2.php?id=254&cat=all
[Renebates] event: Town Of Addison, Texas secs=25081
[Renebates] Town Of Addison, Texas -> 27 lots via https://renebates.com/a_list_2.php?id=80&cat=all
[DEBUG] collected 32 listings from all sites (after filter)
[GD] HTTP 200 | CT=application/json; charset=utf-8 | page=1
[GD] page 1: 24 items
[GD] HTTP 200 | CT=application/json; charset=utf-8 | page=2
[GD] page 2: 24 items
[GD] HTTP 200 | CT=application/json; charset=utf-8 | page=3
[GD] page 3: 24 items
[GD] HTTP 200 | CT=application/json; charset=utf-8 | page=4
[GD] page 4: 24 items
[GD] HTTP 200 | CT=application/json; charset=utf-8 | page=5
[GD] page 5: 24 items
[GD] total raw items before normalize: 120; unique kept: 107
[GD] normalized rows: 107
[GD] blocked by specialty/diesel filter: 100; passing: 7
[Proxibid] parsed 30 rows across 1 page(s)
[Renebates] found 60 events on index
[Renebates] event: City Of Cameron, Texas secs=20841
[Renebates] City Of Cameron, Texas -> 60 lots via https://renebates.com/a_list_2.php?id=254&cat=all
[Renebates] event: Town Of Addison, Texas secs=24436
[Renebates] Town Of Addison, Texas -> 27 lots via https://renebates.com/a_list_2.php?id=80&cat=all
[DEBUG] collected 32 listings from all sites (after filter)
[GD] HTTP 200 | CT=application/json; charset=utf-8 | page=1
[GD] page 1: 24 items
[GD] HTTP 200 | CT=application/json; charset=utf-8 | page=2
[GD] page 2: 24 items
[GD] HTTP 200 | CT=application/json; charset=utf-8 | page=3
[GD] page 3: 24 items
[GD] HTTP 200 | CT=application/json; charset=utf-8 | page=4
[GD] page 4: 24 items
[GD] HTTP 200 | CT=application/json; charset=utf-8 | page=5
[GD] page 5: 24 items
[GD] total raw items before normalize: 120; unique kept: 107
[GD] normalized rows: 107
[GD] blocked by specialty/diesel filter: 100; passing: 7
[Proxibid] parsed 30 rows across 1 page(s)
[Renebates] found 60 events on index
[Renebates] event: City Of Cameron, Texas secs=20192
[Renebates] City Of Cameron, Texas -> 60 lots via https://renebates.com/a_list_2.php?id=254&cat=all
[Renebates] event: Town Of Addison, Texas secs=23790
[Renebates] Town Of Addison, Texas -> 27 lots via https://renebates.com/a_list_2.php?id=80&cat=all
[DEBUG] collected 32 listings from all sites (after filter)
[GD] HTTP 200 | CT=application/json; charset=utf-8 | page=1
[GD] page 1: 24 items
[GD] HTTP 200 | CT=application/json; charset=utf-8 | page=2
[GD] page 2: 24 items
[GD] HTTP 200 | CT=application/json; charset=utf-8 | page=3
[GD] page 3: 24 items
[GD] HTTP 200 | CT=application/json; charset=utf-8 | page=4
[GD] page 4: 24 items
[GD] HTTP 200 | CT=application/json; charset=utf-8 | page=5
[GD] page 5: 24 items
[GD] total raw items before normalize: 120; unique kept: 107
[GD] normalized rows: 107
[GD] blocked by specialty/diesel filter: 100; passing: 7
[Proxibid] parsed 30 rows across 1 page(s)
[Renebates] found 60 events on index
[Renebates] event: City Of Cameron, Texas secs=19547
[Renebates] City Of Cameron, Texas -> 60 lots via https://renebates.com/a_list_2.php?id=254&cat=all
[Renebates] event: Town Of Addison, Texas secs=23145
[Renebates] Town Of Addison, Texas -> 27 lots via https://renebates.com/a_list_2.php?id=80&cat=all
[DEBUG] collected 32 listings from all sites (after filter)
[GD] HTTP 200 | CT=application/json; charset=utf-8 | page=1
[GD] page 1: 24 items
[GD] HTTP 200 | CT=application/json; charset=utf-8 | page=2
[GD] page 2: 24 items
[GD] HTTP 200 | CT=application/json; charset=utf-8 | page=3
[GD] page 3: 24 items
[GD] HTTP 200 | CT=application/json; charset=utf-8 | page=4
[GD] page 4: 24 items
[GD] HTTP 200 | CT=application/json; charset=utf-8 | page=5
[GD] page 5: 24 items
[GD] total raw items before normalize: 120; unique kept: 107
[GD] normalized rows: 107
[GD] blocked by specialty/diesel filter: 100; passing: 7
[Proxibid] parsed 30 rows across 1 page(s)
[Renebates] found 60 events on index
[Renebates] event: City Of Cameron, Texas secs=18901
[Renebates] City Of Cameron, Texas -> 60 lots via https://renebates.com/a_list_2.php?id=254&cat=all
[Renebates] event: Town Of Addison, Texas secs=22496
[Renebates] Town Of Addison, Texas -> 27 lots via https://renebates.com/a_list_2.php?id=80&cat=all
[DEBUG] collected 32 listings from all sites (after filter)
[GD] HTTP 200 | CT=application/json; charset=utf-8 | page=1
[GD] page 1: 24 items
[GD] HTTP 200 | CT=application/json; charset=utf-8 | page=2
[GD] page 2: 24 items
[GD] HTTP 200 | CT=application/json; charset=utf-8 | page=3
[GD] page 3: 24 items
[GD] HTTP 200 | CT=application/json; charset=utf-8 | page=4
[GD] page 4: 24 items
[GD] HTTP 200 | CT=application/json; charset=utf-8 | page=5
[GD] page 5: 24 items
[GD] total raw items before normalize: 120; unique kept: 107
[GD] normalized rows: 107
[GD] blocked by specialty/diesel filter: 100; passing: 7
[Proxibid] parsed 30 rows across 1 page(s)
[Renebates] found 60 events on index
[Renebates] event: City Of Cameron, Texas secs=18241
[Renebates] City Of Cameron, Texas -> 60 lots via https://renebates.com/a_list_2.php?id=254&cat=all
[Renebates] event: Town Of Addison, Texas secs=21838
[Renebates] Town Of Addison, Texas -> 27 lots via https://renebates.com/a_list_2.php?id=80&cat=all
[DEBUG] collected 26 listings from all sites (after filter)
[GD] HTTP 200 | CT=application/json; charset=utf-8 | page=1
[GD] page 1: 24 items
[GD] HTTP 200 | CT=application/json; charset=utf-8 | page=2
[GD] page 2: 24 items
[GD] HTTP 200 | CT=application/json; charset=utf-8 | page=3
[GD] page 3: 24 items
[GD] HTTP 200 | CT=application/json; charset=utf-8 | page=4
[GD] page 4: 24 items
[GD] HTTP 200 | CT=application/json; charset=utf-8 | page=5
[GD] page 5: 24 items
[GD] total raw items before normalize: 120; unique kept: 108
[GD] normalized rows: 108
[GD] blocked by specialty/diesel filter: 100; passing: 8
[Proxibid] parsed 30 rows across 1 page(s)
[Renebates] found 60 events on index
[Renebates] event: City Of Cameron, Texas secs=17592
[Renebates] City Of Cameron, Texas -> 60 lots via https://renebates.com/a_list_2.php?id=254&cat=all
[Renebates] event: Town Of Addison, Texas secs=21188
[Renebates] Town Of Addison, Texas -> 27 lots via https://renebates.com/a_list_2.php?id=80&cat=all
[DEBUG] collected 27 listings from all sites (after filter)
[GD] HTTP 200 | CT=application/json; charset=utf-8 | page=1
[GD] page 1: 24 items
[GD] HTTP 200 | CT=application/json; charset=utf-8 | page=2
[GD] page 2: 24 items
[GD] HTTP 200 | CT=application/json; charset=utf-8 | page=3
[GD] page 3: 24 items
[GD] HTTP 200 | CT=application/json; charset=utf-8 | page=4
[GD] page 4: 24 items
[GD] HTTP 200 | CT=application/json; charset=utf-8 | page=5
[GD] page 5: 24 items
[GD] total raw items before normalize: 120; unique kept: 108
[GD] normalized rows: 108
[GD] blocked by specialty/diesel filter: 100; passing: 8
[Proxibid] parsed 30 rows across 1 page(s)
[Renebates] found 60 events on index
[Renebates] event: City Of Cameron, Texas secs=16941
[Renebates] City Of Cameron, Texas -> 60 lots via https://renebates.com/a_list_2.php?id=254&cat=all
[Renebates] event: Town Of Addison, Texas secs=20539
[Renebates] Town Of Addison, Texas -> 27 lots via https://renebates.com/a_list_2.php?id=80&cat=all
[DEBUG] collected 27 listings from all sites (after filter)
[GD] HTTP 200 | CT=application/json; charset=utf-8 | page=1
[GD] page 1: 24 items
[GD] HTTP 200 | CT=application/json; charset=utf-8 | page=2
[GD] page 2: 24 items
[GD] HTTP 200 | CT=application/json; charset=utf-8 | page=3
[GD] page 3: 24 items
[GD] HTTP 200 | CT=application/json; charset=utf-8 | page=4
[GD] page 4: 24 items
[GD] HTTP 200 | CT=application/json; charset=utf-8 | page=5
[GD] page 5: 24 items
[GD] total raw items before normalize: 120; unique kept: 108
[GD] normalized rows: 108
[GD] blocked by specialty/diesel filter: 100; passing: 8
[Proxibid] parsed 30 rows across 1 page(s)
[Renebates] found 60 events on index
[Renebates] event: City Of Cameron, Texas secs=16289
[Renebates] City Of Cameron, Texas -> 60 lots via https://renebates.com/a_list_2.php?id=254&cat=all
[Renebates] event: Town Of Addison, Texas secs=19886
[Renebates] Town Of Addison, Texas -> 27 lots via https://renebates.com/a_list_2.php?id=80&cat=all
[DEBUG] collected 27 listings from all sites (after filter)
[GD] HTTP 200 | CT=application/json; charset=utf-8 | page=1
[GD] page 1: 24 items
[GD] HTTP 200 | CT=application/json; charset=utf-8 | page=2
[GD] page 2: 24 items
[GD] HTTP 200 | CT=application/json; charset=utf-8 | page=3
[GD] page 3: 24 items
[GD] HTTP 200 | CT=application/json; charset=utf-8 | page=4
[GD] page 4: 24 items
[GD] HTTP 200 | CT=application/json; charset=utf-8 | page=5
[GD] page 5: 24 items
[GD] total raw items before normalize: 120; unique kept: 108
[GD] normalized rows: 108
[GD] blocked by specialty/diesel filter: 100; passing: 8
[Proxibid] parsed 30 rows across 1 page(s)
[Renebates] found 60 events on index
[Renebates] event: City Of Cameron, Texas secs=15643
[Renebates] City Of Cameron, Texas -> 60 lots via https://renebates.com/a_list_2.php?id=254&cat=all
[Renebates] event: Town Of Addison, Texas secs=19241
[Renebates] Town Of Addison, Texas -> 27 lots via https://renebates.com/a_list_2.php?id=80&cat=all
[DEBUG] collected 27 listings from all sites (after filter)
[GD] HTTP 200 | CT=application/json; charset=utf-8 | page=1
[GD] page 1: 24 items
[GD] HTTP 200 | CT=application/json; charset=utf-8 | page=2
[GD] page 2: 24 items
[GD] HTTP 200 | CT=application/json; charset=utf-8 | page=3
[GD] page 3: 24 items
[GD] HTTP 200 | CT=application/json; charset=utf-8 | page=4
[GD] page 4: 24 items
[GD] HTTP 200 | CT=application/json; charset=utf-8 | page=5
[GD] page 5: 24 items
[GD] total raw items before normalize: 120; unique kept: 108
[GD] normalized rows: 108
[GD] blocked by specialty/diesel filter: 100; passing: 8
[Proxibid] parsed 30 rows across 1 page(s)
[Renebates] found 60 events on index
[Renebates] event: City Of Cameron, Texas secs=14996
[Renebates] City Of Cameron, Texas -> 60 lots via https://renebates.com/a_list_2.php?id=254&cat=all
[Renebates] event: Town Of Addison, Texas secs=18592
[Renebates] Town Of Addison, Texas -> 27 lots via https://renebates.com/a_list_2.php?id=80&cat=all
[DEBUG] collected 27 listings from all sites (after filter)
[GD] HTTP 200 | CT=application/json; charset=utf-8 | page=1
[GD] page 1: 24 items
[GD] HTTP 200 | CT=application/json; charset=utf-8 | page=2
[GD] page 2: 24 items
[GD] HTTP 200 | CT=application/json; charset=utf-8 | page=3
[GD] page 3: 24 items
[GD] HTTP 200 | CT=application/json; charset=utf-8 | page=4
[GD] page 4: 24 items
[GD] HTTP 200 | CT=application/json; charset=utf-8 | page=5
[GD] page 5: 24 items
[GD] total raw items before normalize: 120; unique kept: 108
[GD] normalized rows: 108
[GD] blocked by specialty/diesel filter: 100; passing: 8
[Proxibid] parsed 30 rows across 1 page(s)
[Renebates] found 60 events on index
[Renebates] event: City Of Cameron, Texas secs=14347
[Renebates] City Of Cameron, Texas -> 60 lots via https://renebates.com/a_list_2.php?id=254&cat=all
[Renebates] event: Town Of Addison, Texas secs=17945
[Renebates] Town Of Addison, Texas -> 27 lots via https://renebates.com/a_list_2.php?id=80&cat=all
[DEBUG] collected 27 listings from all sites (after filter)
[GD] HTTP 200 | CT=application/json; charset=utf-8 | page=1
[GD] page 1: 24 items
[GD] HTTP 200 | CT=application/json; charset=utf-8 | page=2
[GD] page 2: 24 items
[GD] HTTP 200 | CT=application/json; charset=utf-8 | page=3
[GD] page 3: 24 items
[GD] HTTP 200 | CT=application/json; charset=utf-8 | page=4
[GD] page 4: 24 items
[GD] HTTP 200 | CT=application/json; charset=utf-8 | page=5
[GD] page 5: 24 items
[GD] total raw items before normalize: 120; unique kept: 108
[GD] normalized rows: 108
[GD] blocked by specialty/diesel filter: 100; passing: 8
[Proxibid] parsed 30 rows across 1 page(s)
[Renebates] found 60 events on index
[Renebates] event: City Of Cameron, Texas secs=13705
[Renebates] City Of Cameron, Texas -> 60 lots via https://renebates.com/a_list_2.php?id=254&cat=all
[Renebates] event: Town Of Addison, Texas secs=17302
[Renebates] Town Of Addison, Texas -> 27 lots via https://renebates.com/a_list_2.php?id=80&cat=all
[DEBUG] collected 27 listings from all sites (after filter)
[GD] HTTP 200 | CT=application/json; charset=utf-8 | page=1
[GD] page 1: 24 items
[GD] HTTP 200 | CT=application/json; charset=utf-8 | page=2
[GD] page 2: 24 items
[GD] HTTP 200 | CT=application/json; charset=utf-8 | page=3
[GD] page 3: 24 items
[GD] HTTP 200 | CT=application/json; charset=utf-8 | page=4
[GD] page 4: 24 items
[GD] HTTP 200 | CT=application/json; charset=utf-8 | page=5
[GD] page 5: 24 items
[GD] total raw items before normalize: 120; unique kept: 107
[GD] normalized rows: 107
[GD] blocked by specialty/diesel filter: 99; passing: 8
[Proxibid] parsed 30 rows across 1 page(s)
[Renebates] found 60 events on index
[Renebates] event: City Of Cameron, Texas secs=13051
[Renebates] City Of Cameron, Texas -> 60 lots via https://renebates.com/a_list_2.php?id=254&cat=all
[Renebates] event: Town Of Addison, Texas secs=16649
[Renebates] Town Of Addison, Texas -> 27 lots via https://renebates.com/a_list_2.php?id=80&cat=all
[DEBUG] collected 27 listings from all sites (after filter)
[GD] HTTP 200 | CT=application/json; charset=utf-8 | page=1
[GD] page 1: 24 items
[GD] HTTP 200 | CT=application/json; charset=utf-8 | page=2
[GD] page 2: 24 items
[GD] HTTP 200 | CT=application/json; charset=utf-8 | page=3
[GD] page 3: 24 items
[GD] HTTP 200 | CT=application/json; charset=utf-8 | page=4
[GD] page 4: 24 items
[GD] HTTP 200 | CT=application/json; charset=utf-8 | page=5
[GD] page 5: 24 items
[GD] total raw items before normalize: 120; unique kept: 106
[GD] normalized rows: 106
[GD] blocked by specialty/diesel filter: 98; passing: 8
[Proxibid] parsed 30 rows across 1 page(s)
[Renebates] found 60 events on index
[Renebates] event: City Of Cameron, Texas secs=12397
[Renebates] City Of Cameron, Texas -> 60 lots via https://renebates.com/a_list_2.php?id=254&cat=all
[Renebates] event: Town Of Addison, Texas secs=15994
[Renebates] Town Of Addison, Texas -> 27 lots via https://renebates.com/a_list_2.php?id=80&cat=all
[DEBUG] collected 27 listings from all sites (after filter)
[GD] HTTP 200 | CT=application/json; charset=utf-8 | page=1
[GD] page 1: 24 items
[GD] HTTP 200 | CT=application/json; charset=utf-8 | page=2
[GD] page 2: 24 items
[GD] HTTP 200 | CT=application/json; charset=utf-8 | page=3
[GD] page 3: 24 items
[GD] HTTP 200 | CT=application/json; charset=utf-8 | page=4
[GD] page 4: 24 items
[GD] HTTP 200 | CT=application/json; charset=utf-8 | page=5
[GD] page 5: 24 items
[GD] total raw items before normalize: 120; unique kept: 106
[GD] normalized rows: 106
[GD] blocked by specialty/diesel filter: 98; passing: 8
[Proxibid] parsed 30 rows across 1 page(s)
[Renebates] found 61 events on index
[Renebates] event: City Of Cameron, Texas secs=11744
[Renebates] City Of Cameron, Texas -> 60 lots via https://renebates.com/a_list_2.php?id=254&cat=all
[Renebates] event: Town Of Addison, Texas secs=15340
[Renebates] Town Of Addison, Texas -> 27 lots via https://renebates.com/a_list_2.php?id=80&cat=all
[DEBUG] collected 27 listings from all sites (after filter)
[GD] HTTP 200 | CT=application/json; charset=utf-8 | page=1
[GD] page 1: 24 items
[GD] HTTP 200 | CT=application/json; charset=utf-8 | page=2
[GD] page 2: 24 items
[GD] HTTP 200 | CT=application/json; charset=utf-8 | page=3
[GD] page 3: 24 items
[GD] HTTP 200 | CT=application/json; charset=utf-8 | page=4
[GD] page 4: 24 items
[GD] HTTP 200 | CT=application/json; charset=utf-8 | page=5
[GD] page 5: 24 items
[GD] total raw items before normalize: 120; unique kept: 106
[GD] normalized rows: 106
[GD] blocked by specialty/diesel filter: 98; passing: 8
[Proxibid] parsed 30 rows across 1 page(s)
[Renebates] found 61 events on index
[Renebates] event: City Of Cameron, Texas secs=11090
[Renebates] City Of Cameron, Texas -> 60 lots via https://renebates.com/a_list_2.php?id=254&cat=all
[Renebates] event: Town Of Addison, Texas secs=14687
[Renebates] Town Of Addison, Texas -> 27 lots via https://renebates.com/a_list_2.php?id=80&cat=all
[DEBUG] collected 27 listings from all sites (after filter)
[GD] HTTP 200 | CT=application/json; charset=utf-8 | page=1
[GD] page 1: 24 items
[GD] HTTP 200 | CT=application/json; charset=utf-8 | page=2
[GD] page 2: 24 items
[GD] HTTP 200 | CT=application/json; charset=utf-8 | page=3
[GD] page 3: 24 items
[GD] HTTP 200 | CT=application/json; charset=utf-8 | page=4
[GD] page 4: 24 items
[GD] HTTP 200 | CT=application/json; charset=utf-8 | page=5
[GD] page 5: 24 items
[GD] total raw items before normalize: 120; unique kept: 106
[GD] normalized rows: 106
[GD] blocked by specialty/diesel filter: 98; passing: 8
[Proxibid] parsed 30 rows across 1 page(s)
[Renebates] found 61 events on index
[Renebates] event: City Of Cameron, Texas secs=10441
[Renebates] City Of Cameron, Texas -> 60 lots via https://renebates.com/a_list_2.php?id=254&cat=all
[Renebates] event: Town Of Addison, Texas secs=14039
[Renebates] Town Of Addison, Texas -> 27 lots via https://renebates.com/a_list_2.php?id=80&cat=all
[DEBUG] collected 27 listings from all sites (after filter)
❌ Digest SMS failed: HTTP 401 error: Unable to create record: Authenticate
📬 Daily digest SMS sent.
[GD] HTTP 200 | CT=application/json; charset=utf-8 | page=1
[GD] page 1: 24 items
[GD] HTTP 200 | CT=application/json; charset=utf-8 | page=2
[GD] page 2: 24 items
[GD] HTTP 200 | CT=application/json; charset=utf-8 | page=3
[GD] page 3: 24 items
[GD] HTTP 200 | CT=application/json; charset=utf-8 | page=4
[GD] page 4: 24 items
[GD] HTTP 200 | CT=application/json; charset=utf-8 | page=5
[GD] page 5: 24 items
[GD] total raw items before normalize: 120; unique kept: 107
[GD] normalized rows: 107
[GD] blocked by specialty/diesel filter: 100; passing: 7
[Proxibid] parsed 30 rows across 1 page(s)
[Renebates] found 61 events on index
[Renebates] event: City Of Cameron, Texas secs=9791
[Renebates] City Of Cameron, Texas -> 60 lots via https://renebates.com/a_list_2.php?id=254&cat=all
[Renebates] event: Town Of Addison, Texas secs=13386
[Renebates] Town Of Addison, Texas -> 27 lots via https://renebates.com/a_list_2.php?id=80&cat=all
[DEBUG] collected 26 listings from all sites (after filter)
[GD] HTTP 200 | CT=application/json; charset=utf-8 | page=1
[GD] page 1: 24 items
[GD] HTTP 200 | CT=application/json; charset=utf-8 | page=2
[GD] page 2: 24 items
[GD] HTTP 200 | CT=application/json; charset=utf-8 | page=3
[GD] page 3: 24 items
[GD] HTTP 200 | CT=application/json; charset=utf-8 | page=4
[GD] page 4: 24 items
[GD] HTTP 200 | CT=application/json; charset=utf-8 | page=5
[GD] page 5: 24 items
[GD] total raw items before normalize: 120; unique kept: 106
[GD] normalized rows: 106
[GD] blocked by specialty/diesel filter: 99; passing: 7
[Proxibid] parsed 30 rows across 1 page(s)
[Renebates] found 61 events on index
[Renebates] event: City Of Cameron, Texas secs=9129
[Renebates] City Of Cameron, Texas -> 60 lots via https://renebates.com/a_list_2.php?id=254&cat=all
[Renebates] event: Town Of Addison, Texas secs=12726
[Renebates] Town Of Addison, Texas -> 27 lots via https://renebates.com/a_list_2.php?id=80&cat=all
[DEBUG] collected 26 listings from all sites (after filter)
[GD] HTTP 200 | CT=application/json; charset=utf-8 | page=1
[GD] page 1: 24 items
[GD] HTTP 200 | CT=application/json; charset=utf-8 | page=2
[GD] page 2: 24 items
[GD] HTTP 200 | CT=application/json; charset=utf-8 | page=3
[GD] page 3: 24 items
[GD] HTTP 200 | CT=application/json; charset=utf-8 | page=4
[GD] page 4: 24 items
[GD] HTTP 200 | CT=application/json; charset=utf-8 | page=5
[GD] page 5: 24 items
[GD] total raw items before normalize: 120; unique kept: 106
[GD] normalized rows: 106
[GD] blocked by specialty/diesel filter: 98; passing: 8
[Proxibid] parsed 30 rows across 1 page(s)
[Renebates] found 62 events on index
[Renebates] event: City Of Cameron, Texas secs=8473
[Renebates] City Of Cameron, Texas -> 60 lots via https://renebates.com/a_list_2.php?id=254&cat=all
[Renebates] event: Town Of Addison, Texas secs=12069
[Renebates] Town Of Addison, Texas -> 27 lots via https://renebates.com/a_list_2.php?id=80&cat=all
[DEBUG] collected 27 listings from all sites (after filter)
[GD] HTTP 200 | CT=application/json; charset=utf-8 | page=1
[GD] page 1: 24 items
[GD] HTTP 200 | CT=application/json; charset=utf-8 | page=2
[GD] page 2: 24 items
[GD] HTTP 200 | CT=application/json; charset=utf-8 | page=3
[GD] page 3: 24 items
[GD] HTTP 200 | CT=application/json; charset=utf-8 | page=4
[GD] page 4: 24 items
[GD] HTTP 200 | CT=application/json; charset=utf-8 | page=5
[GD] page 5: 24 items
[GD] total raw items before normalize: 120; unique kept: 106
[GD] normalized rows: 106
[GD] blocked by specialty/diesel filter: 98; passing: 8
[Proxibid] parsed 30 rows across 1 page(s)
[Renebates] found 62 events on index
[Renebates] event: City Of Cameron, Texas secs=7827
[Renebates] City Of Cameron, Texas -> 60 lots via https://renebates.com/a_list_2.php?id=254&cat=all
[Renebates] event: Town Of Addison, Texas secs=11422
[Renebates] Town Of Addison, Texas -> 27 lots via https://renebates.com/a_list_2.php?id=80&cat=all
[DEBUG] collected 27 listings from all sites (after filter)
[GD] HTTP 200 | CT=application/json; charset=utf-8 | page=1
[GD] page 1: 24 items
[GD] HTTP 200 | CT=application/json; charset=utf-8 | page=2
[GD] page 2: 24 items
[GD] HTTP 200 | CT=application/json; charset=utf-8 | page=3
[GD] page 3: 24 items
[GD] HTTP 200 | CT=application/json; charset=utf-8 | page=4
[GD] page 4: 24 items
[GD] HTTP 200 | CT=application/json; charset=utf-8 | page=5
[GD] page 5: 24 items
[GD] total raw items before normalize: 120; unique kept: 104
[GD] normalized rows: 104
[GD] blocked by specialty/diesel filter: 97; passing: 7
[Proxibid] parsed 30 rows across 1 page(s)
[Renebates] found 62 events on index
[Renebates] event: City Of Cameron, Texas secs=7166
[Renebates] City Of Cameron, Texas -> 60 lots via https://renebates.com/a_list_2.php?id=254&cat=all
[Renebates] event: Town Of Addison, Texas secs=10761
[Renebates] Town Of Addison, Texas -> 27 lots via https://renebates.com/a_list_2.php?id=80&cat=all
[DEBUG] collected 26 listings from all sites (after filter)
[GD] HTTP 200 | CT=application/json; charset=utf-8 | page=1
[GD] page 1: 24 items
[GD] HTTP 200 | CT=application/json; charset=utf-8 | page=2
[GD] page 2: 24 items
[GD] HTTP 200 | CT=application/json; charset=utf-8 | page=3
[GD] page 3: 24 items
[GD] HTTP 200 | CT=application/json; charset=utf-8 | page=4
[GD] page 4: 24 items
[GD] HTTP 200 | CT=application/json; charset=utf-8 | page=5
[GD] page 5: 24 items
[GD] total raw items before normalize: 120; unique kept: 104
[GD] normalized rows: 104
[GD] blocked by specialty/diesel filter: 96; passing: 8
[Proxibid] parsed 30 rows across 1 page(s)
[Renebates] found 62 events on index
[Renebates] event: City Of Cameron, Texas secs=6512
[Renebates] City Of Cameron, Texas -> 60 lots via https://renebates.com/a_list_2.php?id=254&cat=all
[Renebates] event: Town Of Addison, Texas secs=10109
[Renebates] Town Of Addison, Texas -> 27 lots via https://renebates.com/a_list_2.php?id=80&cat=all
[DEBUG] collected 27 listings from all sites (after filter)
[GD] HTTP 200 | CT=application/json; charset=utf-8 | page=1
[GD] page 1: 24 items
[GD] HTTP 200 | CT=application/json; charset=utf-8 | page=2
[GD] page 2: 24 items
[GD] HTTP 200 | CT=application/json; charset=utf-8 | page=3
[GD] page 3: 24 items
[GD] HTTP 200 | CT=application/json; charset=utf-8 | page=4
[GD] page 4: 24 items
[GD] HTTP 200 | CT=application/json; charset=utf-8 | page=5
[GD] page 5: 24 items
[GD] total raw items before normalize: 120; unique kept: 103
[GD] normalized rows: 103
[GD] blocked by specialty/diesel filter: 95; passing: 8
[Proxibid] parsed 30 rows across 1 page(s)
[Renebates] found 62 events on index
[Renebates] event: City Of Cameron, Texas secs=5863
[Renebates] City Of Cameron, Texas -> 60 lots via https://renebates.com/a_list_2.php?id=254&cat=all
[Renebates] event: Town Of Addison, Texas secs=9459
[Renebates] Town Of Addison, Texas -> 27 lots via https://renebates.com/a_list_2.php?id=80&cat=all
[DEBUG] collected 27 listings from all sites (after filter)
[GD] HTTP 200 | CT=application/json; charset=utf-8 | page=1
[GD] page 1: 24 items
[GD] HTTP 200 | CT=application/json; charset=utf-8 | page=2
[GD] page 2: 24 items
[GD] HTTP 200 | CT=application/json; charset=utf-8 | page=3
[GD] page 3: 24 items
[GD] HTTP 200 | CT=application/json; charset=utf-8 | page=4
[GD] page 4: 24 items
[GD] HTTP 200 | CT=application/json; charset=utf-8 | page=5
[GD] page 5: 24 items
[GD] total raw items before normalize: 120; unique kept: 103
[GD] normalized rows: 103
[GD] blocked by specialty/diesel filter: 95; passing: 8
[Proxibid] parsed 30 rows across 1 page(s)
[Renebates] found 62 events on index
[Renebates] event: City Of Cameron, Texas secs=5213
[Renebates] City Of Cameron, Texas -> 60 lots via https://renebates.com/a_list_2.php?id=254&cat=all
[Renebates] event: Town Of Addison, Texas secs=8809
[Renebates] Town Of Addison, Texas -> 27 lots via https://renebates.com/a_list_2.php?id=80&cat=all
[DEBUG] collected 27 listings from all sites (after filter)
[GD] HTTP 200 | CT=application/json; charset=utf-8 | page=1
[GD] page 1: 24 items
[GD] HTTP 200 | CT=application/json; charset=utf-8 | page=2
[GD] page 2: 24 items
[GD] HTTP 200 | CT=application/json; charset=utf-8 | page=3
[GD] page 3: 24 items
[GD] HTTP 200 | CT=application/json; charset=utf-8 | page=4
[GD] page 4: 24 items
[GD] HTTP 200 | CT=application/json; charset=utf-8 | page=5
[GD] page 5: 24 items
[GD] total raw items before normalize: 120; unique kept: 103
[GD] normalized rows: 103
[GD] blocked by specialty/diesel filter: 94; passing: 9
[Proxibid] parsed 30 rows across 1 page(s)
[Renebates] found 58 events on index
[Renebates] event: City Of Cameron, Texas secs=4564
[Renebates] City Of Cameron, Texas -> 60 lots via https://renebates.com/a_list_2.php?id=254&cat=all
[Renebates] event: Town Of Addison, Texas secs=8160
[Renebates] Town Of Addison, Texas -> 27 lots via https://renebates.com/a_list_2.php?id=80&cat=all
[DEBUG] collected 28 listings from all sites (after filter)
[GD] HTTP 200 | CT=application/json; charset=utf-8 | page=1
[GD] page 1: 24 items
[GD] HTTP 200 | CT=application/json; charset=utf-8 | page=2
[GD] page 2: 24 items
[GD] HTTP 200 | CT=application/json; charset=utf-8 | page=3
[GD] page 3: 24 items
[GD] HTTP 200 | CT=application/json; charset=utf-8 | page=4
[GD] page 4: 24 items
[GD] HTTP 200 | CT=application/json; charset=utf-8 | page=5
[GD] page 5: 24 items
[GD] total raw items before normalize: 120; unique kept: 103
[GD] normalized rows: 103
[GD] blocked by specialty/diesel filter: 94; passing: 9
[Proxibid] parsed 30 rows across 1 page(s)
[Renebates] found 58 events on index
[Renebates] event: City Of Cameron, Texas secs=3906
[Renebates] City Of Cameron, Texas -> 60 lots via https://renebates.com/a_list_2.php?id=254&cat=all
[Renebates] event: Town Of Addison, Texas secs=7502
[Renebates] Town Of Addison, Texas -> 27 lots via https://renebates.com/a_list_2.php?id=80&cat=all
[DEBUG] collected 28 listings from all sites (after filter)
[GD] HTTP 200 | CT=application/json; charset=utf-8 | page=1
[GD] page 1: 24 items
[GD] HTTP 200 | CT=application/json; charset=utf-8 | page=2
[GD] page 2: 24 items
[GD] HTTP 200 | CT=application/json; charset=utf-8 | page=3
[GD] page 3: 24 items
[GD] HTTP 200 | CT=application/json; charset=utf-8 | page=4
[GD] page 4: 24 items
[GD] HTTP 200 | CT=application/json; charset=utf-8 | page=5
[GD] page 5: 24 items
[GD] total raw items before normalize: 120; unique kept: 103
[GD] normalized rows: 103
[GD] blocked by specialty/diesel filter: 94; passing: 9
[Proxibid] parsed 30 rows across 1 page(s)
[Renebates] found 58 events on index
[Renebates] event: City Of Cameron, Texas secs=3252
[Renebates] City Of Cameron, Texas -> 60 lots via https://renebates.com/a_list_2.php?id=254&cat=all
[Renebates] event: Town Of Addison, Texas secs=6849
[Renebates] Town Of Addison, Texas -> 27 lots via https://renebates.com/a_list_2.php?id=80&cat=all
[DEBUG] collected 28 listings from all sites (after filter)
[GD] HTTP 200 | CT=application/json; charset=utf-8 | page=1
[GD] page 1: 24 items
[GD] HTTP 200 | CT=application/json; charset=utf-8 | page=2
[GD] page 2: 24 items
[GD] HTTP 200 | CT=application/json; charset=utf-8 | page=3
[GD] page 3: 24 items
[GD] HTTP 200 | CT=application/json; charset=utf-8 | page=4
[GD] page 4: 24 items
[GD] HTTP 200 | CT=application/json; charset=utf-8 | page=5
[GD] page 5: 24 items
[GD] total raw items before normalize: 120; unique kept: 104
[GD] normalized rows: 104
[GD] blocked by specialty/diesel filter: 95; passing: 9
[Proxibid] parsed 30 rows across 1 page(s)
[Renebates] found 58 events on index
[Renebates] event: City Of Cameron, Texas secs=2612
[Renebates] City Of Cameron, Texas -> 60 lots via https://renebates.com/a_list_2.php?id=254&cat=all
[Renebates] event: Town Of Addison, Texas secs=6210
[Renebates] Town Of Addison, Texas -> 27 lots via https://renebates.com/a_list_2.php?id=80&cat=all
[DEBUG] collected 28 listings from all sites (after filter)
[GD] HTTP 200 | CT=application/json; charset=utf-8 | page=1
[GD] page 1: 24 items
[GD] HTTP 200 | CT=application/json; charset=utf-8 | page=2
[GD] page 2: 24 items
[GD] HTTP 200 | CT=application/json; charset=utf-8 | page=3
[GD] page 3: 24 items
[GD] HTTP 200 | CT=application/json; charset=utf-8 | page=4
[GD] page 4: 24 items
[GD] HTTP 200 | CT=application/json; charset=utf-8 | page=5
[GD] page 5: 24 items
[GD] total raw items before normalize: 120; unique kept: 104
[GD] normalized rows: 104
[GD] blocked by specialty/diesel filter: 95; passing: 9
[Proxibid] parsed 30 rows across 1 page(s)
[Renebates] found 58 events on index
[Renebates] event: City Of Cameron, Texas secs=1957
[Renebates] City Of Cameron, Texas -> 60 lots via https://renebates.com/a_list_2.php?id=254&cat=all
[Renebates] event: Town Of Addison, Texas secs=5555
[Renebates] Town Of Addison, Texas -> 27 lots via https://renebates.com/a_list_2.php?id=80&cat=all
[DEBUG] collected 28 listings from all sites (after filter)
[GD] HTTP 200 | CT=application/json; charset=utf-8 | page=1
[GD] page 1: 24 items
[GD] HTTP 200 | CT=application/json; charset=utf-8 | page=2
[GD] page 2: 24 items
[GD] HTTP 200 | CT=application/json; charset=utf-8 | page=3
[GD] page 3: 24 items
[GD] HTTP 200 | CT=application/json; charset=utf-8 | page=4
[GD] page 4: 24 items
[GD] HTTP 200 | CT=application/json; charset=utf-8 | page=5
[GD] page 5: 24 items
[GD] total raw items before normalize: 120; unique kept: 104
[GD] normalized rows: 104
[GD] blocked by specialty/diesel filter: 95; passing: 9
[Proxibid] parsed 30 rows across 1 page(s)
[Renebates] found 58 events on index
[Renebates] event: City Of Cameron, Texas secs=1313
[Renebates] City Of Cameron, Texas -> 60 lots via https://renebates.com/a_list_2.php?id=254&cat=all
[Renebates] event: Town Of Addison, Texas secs=4911
[Renebates] Town Of Addison, Texas -> 27 lots via https://renebates.com/a_list_2.php?id=80&cat=all
[DEBUG] collected 28 listings from all sites (after filter)
[GD] HTTP 200 | CT=application/json; charset=utf-8 | page=1
[GD] page 1: 24 items
[GD] HTTP 200 | CT=application/json; charset=utf-8 | page=2
[GD] page 2: 24 items
[GD] HTTP 200 | CT=application/json; charset=utf-8 | page=3
[GD] page 3: 24 items
[GD] HTTP 200 | CT=application/json; charset=utf-8 | page=4
[GD] page 4: 24 items
[GD] HTTP 200 | CT=application/json; charset=utf-8 | page=5
[GD] page 5: 24 items
[GD] total raw items before normalize: 120; unique kept: 103
[GD] normalized rows: 103
[GD] blocked by specialty/diesel filter: 94; passing: 9
[Proxibid] parsed 30 rows across 1 page(s)
[Renebates] found 58 events on index
[Renebates] event: City Of Cameron, Texas secs=666
[Renebates] City Of Cameron, Texas -> 60 lots via https://renebates.com/a_list_2.php?id=254&cat=all
[Renebates] event: Town Of Addison, Texas secs=4261
[Renebates] Town Of Addison, Texas -> 27 lots via https://renebates.com/a_list_2.php?id=80&cat=all
[DEBUG] collected 28 listings from all sites (after filter)
[GD] HTTP 200 | CT=application/json; charset=utf-8 | page=1
[GD] page 1: 24 items
[GD] HTTP 200 | CT=application/json; charset=utf-8 | page=2
[GD] page 2: 24 items
[GD] HTTP 200 | CT=application/json; charset=utf-8 | page=3
[GD] page 3: 24 items
[GD] HTTP 200 | CT=application/json; charset=utf-8 | page=4
[GD] page 4: 24 items
[GD] HTTP 200 | CT=application/json; charset=utf-8 | page=5
[GD] page 5: 24 items
[GD] total raw items before normalize: 120; unique kept: 104
[GD] normalized rows: 104
[GD] blocked by specialty/diesel filter: 95; passing: 9
[Proxibid] parsed 30 rows across 1 page(s)
[Renebates] found 59 events on index
[Renebates] event: City Of Cameron, Texas secs=20
[Renebates] City Of Cameron, Texas -> 60 lots via https://renebates.com/a_list_2.php?id=254&cat=all
[Renebates] event: Town Of Addison, Texas secs=3617
[Renebates] Town Of Addison, Texas -> 27 lots via https://renebates.com/a_list_2.php?id=80&cat=all
[DEBUG] collected 28 listings from all sites (after filter)
[GD] HTTP 200 | CT=application/json; charset=utf-8 | page=1
[GD] page 1: 24 items
[GD] HTTP 200 | CT=application/json; charset=utf-8 | page=2
[GD] page 2: 24 items
[GD] HTTP 200 | CT=application/json; charset=utf-8 | page=3
[GD] page 3: 24 items
[GD] HTTP 200 | CT=application/json; charset=utf-8 | page=4
[GD] page 4: 24 items
[GD] HTTP 200 | CT=application/json; charset=utf-8 | page=5
[GD] page 5: 24 items
[GD] total raw items before normalize: 120; unique kept: 106
[GD] normalized rows: 106
[GD] blocked by specialty/diesel filter: 96; passing: 10
[Proxibid] parsed 30 rows across 1 page(s)
[Renebates] found 59 events on index
[Renebates] event: City Of Cameron, Texas secs=0
[Renebates] City Of Cameron, Texas -> 50 lots via https://renebates.com/a_list_2.php?id=254&cat=all
[Renebates] event: Town Of Addison, Texas secs=2969
[Renebates] Town Of Addison, Texas -> 27 lots via https://renebates.com/a_list_2.php?id=80&cat=all
[DEBUG] collected 29 listings from all sites (after filter)
[GD] HTTP 200 | CT=application/json; charset=utf-8 | page=1
[GD] page 1: 24 items
[GD] HTTP 200 | CT=application/json; charset=utf-8 | page=2
[GD] page 2: 24 items
[GD] HTTP 200 | CT=application/json; charset=utf-8 | page=3
[GD] page 3: 24 items
[GD] HTTP 200 | CT=application/json; charset=utf-8 | page=4
[GD] page 4: 24 items
[GD] HTTP 200 | CT=application/json; charset=utf-8 | page=5
[GD] page 5: 24 items
[GD] total raw items before normalize: 120; unique kept: 108
[GD] normalized rows: 108
[GD] blocked by specialty/diesel filter: 96; passing: 12
[Proxibid] parsed 30 rows across 1 page(s)
[Renebates] found 60 events on index
[Renebates] event: City Of Cameron, Texas secs=0
[Renebates] City Of Cameron, Texas -> 43 lots via https://renebates.com/a_list_2.php?id=254&cat=all
[Renebates] event: Town Of Addison, Texas secs=2316
[Renebates] Town Of Addison, Texas -> 27 lots via https://renebates.com/a_list_2.php?id=80&cat=all
[DEBUG] collected 31 listings from all sites (after filter)
[GD] HTTP 200 | CT=application/json; charset=utf-8 | page=1
[GD] page 1: 24 items
[GD] HTTP 200 | CT=application/json; charset=utf-8 | page=2
[GD] page 2: 24 items
[GD] HTTP 200 | CT=application/json; charset=utf-8 | page=3
[GD] page 3: 24 items
[GD] HTTP 200 | CT=application/json; charset=utf-8 | page=4
[GD] page 4: 24 items
[GD] HTTP 200 | CT=application/json; charset=utf-8 | page=5
[GD] page 5: 24 items
[GD] total raw items before normalize: 120; unique kept: 109
[GD] normalized rows: 109
[GD] blocked by specialty/diesel filter: 98; passing: 11
[Proxibid] parsed 30 rows across 1 page(s)
[Renebates] found 60 events on index
[Renebates] event: Town Of Addison, Texas secs=1666
[Renebates] Town Of Addison, Texas -> 27 lots via https://renebates.com/a_list_2.php?id=80&cat=all
[Renebates] event: Big Bass Towing - McKinney, Texas secs=5262
[Renebates] Big Bass Towing - McKinney, Texas -> 27 lots via https://renebates.com/a_list_2.php?id=107&cat=all
[DEBUG] collected 30 listings from all sites (after filter)
[GD] HTTP 200 | CT=application/json; charset=utf-8 | page=1
[GD] page 1: 24 items
[GD] HTTP 200 | CT=application/json; charset=utf-8 | page=2
[GD] page 2: 24 items
[GD] HTTP 200 | CT=application/json; charset=utf-8 | page=3
[GD] page 3: 24 items
[GD] HTTP 200 | CT=application/json; charset=utf-8 | page=4
[GD] page 4: 24 items
[GD] HTTP 200 | CT=application/json; charset=utf-8 | page=5
[GD] page 5: 24 items
[GD] total raw items before normalize: 120; unique kept: 109
[GD] normalized rows: 109
[GD] blocked by specialty/diesel filter: 98; passing: 11
[Proxibid] parsed 30 rows across 1 page(s)
[Renebates] found 60 events on index
[Renebates] event: Town Of Addison, Texas secs=1018
[Renebates] Town Of Addison, Texas -> 27 lots via https://renebates.com/a_list_2.php?id=80&cat=all
[Renebates] event: Big Bass Towing - McKinney, Texas secs=4614
[Renebates] Big Bass Towing - McKinney, Texas -> 27 lots via https://renebates.com/a_list_2.php?id=107&cat=all
[DEBUG] collected 30 listings from all sites (after filter)
[GD] HTTP 200 | CT=application/json; charset=utf-8 | page=1
[GD] page 1: 24 items
[GD] HTTP 200 | CT=application/json; charset=utf-8 | page=2
[GD] page 2: 24 items
[GD] HTTP 200 | CT=application/json; charset=utf-8 | page=3
[GD] page 3: 24 items
[GD] HTTP 200 | CT=application/json; charset=utf-8 | page=4
[GD] page 4: 24 items
[GD] HTTP 200 | CT=application/json; charset=utf-8 | page=5
[GD] page 5: 24 items
[GD] total raw items before normalize: 120; unique kept: 110
[GD] normalized rows: 110
[GD] blocked by specialty/diesel filter: 99; passing: 11
[Proxibid] parsed 30 rows across 1 page(s)
[Renebates] found 60 events on index
[Renebates] event: Town Of Addison, Texas secs=375
[Renebates] Town Of Addison, Texas -> 27 lots via https://renebates.com/a_list_2.php?id=80&cat=all
[Renebates] event: Big Bass Towing - McKinney, Texas secs=3972
[Renebates] Big Bass Towing - McKinney, Texas -> 27 lots via https://renebates.com/a_list_2.php?id=107&cat=all
[DEBUG] collected 30 listings from all sites (after filter)
[GD] HTTP 200 | CT=application/json; charset=utf-8 | page=1
[GD] page 1: 24 items
[GD] HTTP 200 | CT=application/json; charset=utf-8 | page=2
[GD] page 2: 24 items
[GD] HTTP 200 | CT=application/json; charset=utf-8 | page=3
[GD] page 3: 24 items
[GD] HTTP 200 | CT=application/json; charset=utf-8 | page=4
[GD] page 4: 24 items
[GD] HTTP 200 | CT=application/json; charset=utf-8 | page=5
[GD] page 5: 24 items
[GD] total raw items before normalize: 120; unique kept: 111
[GD] normalized rows: 111
[GD] blocked by specialty/diesel filter: 100; passing: 11
[Proxibid] parsed 30 rows across 1 page(s)
[Renebates] found 60 events on index
[Renebates] event: Town Of Addison, Texas secs=0
[Renebates] Town Of Addison, Texas -> 24 lots via https://renebates.com/a_list_2.php?id=80&cat=all
[Renebates] event: Big Bass Towing - McKinney, Texas secs=3325
[Renebates] Big Bass Towing - McKinney, Texas -> 27 lots via https://renebates.com/a_list_2.php?id=107&cat=all
[DEBUG] collected 30 listings from all sites (after filter)
[GD] HTTP 200 | CT=application/json; charset=utf-8 | page=1
[GD] page 1: 24 items
[GD] HTTP 200 | CT=application/json; charset=utf-8 | page=2
[GD] page 2: 24 items
[GD] HTTP 200 | CT=application/json; charset=utf-8 | page=3
[GD] page 3: 24 items
[GD] HTTP 200 | CT=application/json; charset=utf-8 | page=4
[GD] page 4: 24 items
[GD] HTTP 200 | CT=application/json; charset=utf-8 | page=5
[GD] page 5: 24 items
[GD] total raw items before normalize: 120; unique kept: 110
[GD] normalized rows: 110
[GD] blocked by specialty/diesel filter: 98; passing: 12
[Proxibid] parsed 30 rows across 1 page(s)
[Renebates] found 60 events on index
[Renebates] event: Town Of Addison, Texas secs=0
[Renebates] Town Of Addison, Texas -> 19 lots via https://renebates.com/a_list_2.php?id=80&cat=all
[Renebates] event: Big Bass Towing - McKinney, Texas secs=2668
[Renebates] Big Bass Towing - McKinney, Texas -> 27 lots via https://renebates.com/a_list_2.php?id=107&cat=all
[DEBUG] collected 31 listings from all sites (after filter)
[GD] HTTP 200 | CT=application/json; charset=utf-8 | page=1
[GD] page 1: 24 items
[GD] HTTP 200 | CT=application/json; charset=utf-8 | page=2
[GD] page 2: 24 items
[GD] HTTP 200 | CT=application/json; charset=utf-8 | page=3
[GD] page 3: 24 items
[GD] HTTP 200 | CT=application/json; charset=utf-8 | page=4
[GD] page 4: 24 items
[GD] HTTP 200 | CT=application/json; charset=utf-8 | page=5
[GD] page 5: 24 items
[GD] total raw items before normalize: 120; unique kept: 110
[GD] normalized rows: 110
[GD] blocked by specialty/diesel filter: 98; passing: 12
[Proxibid] parsed 30 rows across 1 page(s)
[Renebates] found 60 events on index
[Renebates] event: Big Bass Towing - McKinney, Texas secs=2024
[Renebates] Big Bass Towing - McKinney, Texas -> 27 lots via https://renebates.com/a_list_2.php?id=107&cat=all
[Renebates] event: Tarrant County, Texas (Fort Worth) secs=5621
[Renebates] Tarrant County, Texas (Fort Worth) -> 6 lots via https://renebates.com/a_list_2.php?id=7&cat=all
[DEBUG] collected 31 listings from all sites (after filter)
[GD] HTTP 200 | CT=application/json; charset=utf-8 | page=1
[GD] page 1: 24 items
[GD] HTTP 200 | CT=application/json; charset=utf-8 | page=2
[GD] page 2: 24 items
[GD] HTTP 200 | CT=application/json; charset=utf-8 | page=3
[GD] page 3: 24 items
[GD] HTTP 200 | CT=application/json; charset=utf-8 | page=4
[GD] page 4: 24 items
[GD] HTTP 200 | CT=application/json; charset=utf-8 | page=5
[GD] page 5: 24 items
[GD] total raw items before normalize: 120; unique kept: 110
[GD] normalized rows: 110
[GD] blocked by specialty/diesel filter: 98; passing: 12
[Proxibid] parsed 30 rows across 1 page(s)
[Renebates] found 61 events on index
[Renebates] event: Big Bass Towing - McKinney, Texas secs=1378
[Renebates] Big Bass Towing - McKinney, Texas -> 27 lots via https://renebates.com/a_list_2.php?id=107&cat=all
[Renebates] event: Tarrant County, Texas (Fort Worth) secs=4974
[Renebates] Tarrant County, Texas (Fort Worth) -> 6 lots via https://renebates.com/a_list_2.php?id=7&cat=all
[DEBUG] collected 31 listings from all sites (after filter)
[GD] HTTP 200 | CT=application/json; charset=utf-8 | page=1
[GD] page 1: 24 items
[GD] HTTP 200 | CT=application/json; charset=utf-8 | page=2
[GD] page 2: 24 items
[GD] HTTP 200 | CT=application/json; charset=utf-8 | page=3
[GD] page 3: 24 items
[GD] HTTP 200 | CT=application/json; charset=utf-8 | page=4
[GD] page 4: 24 items
[GD] HTTP 200 | CT=application/json; charset=utf-8 | page=5
[GD] page 5: 24 items
[GD] total raw items before normalize: 120; unique kept: 110
[GD] normalized rows: 110
[GD] blocked by specialty/diesel filter: 98; passing: 12
[Proxibid] parsed 30 rows across 1 page(s)
[Renebates] found 61 events on index
[Renebates] event: Big Bass Towing - McKinney, Texas secs=725
[Renebates] Big Bass Towing - McKinney, Texas -> 27 lots via https://renebates.com/a_list_2.php?id=107&cat=all
[Renebates] event: Tarrant County, Texas (Fort Worth) secs=4322
[Renebates] Tarrant County, Texas (Fort Worth) -> 6 lots via https://renebates.com/a_list_2.php?id=7&cat=all
[DEBUG] collected 31 listings from all sites (after filter)
[GD] HTTP 200 | CT=application/json; charset=utf-8 | page=1
[GD] page 1: 24 items
[GD] HTTP 200 | CT=application/json; charset=utf-8 | page=2
[GD] page 2: 24 items
[GD] HTTP 200 | CT=application/json; charset=utf-8 | page=3
[GD] page 3: 24 items
[GD] HTTP 200 | CT=application/json; charset=utf-8 | page=4
[GD] page 4: 24 items
[GD] HTTP 200 | CT=application/json; charset=utf-8 | page=5
[GD] page 5: 24 items
[GD] total raw items before normalize: 120; unique kept: 111
[GD] normalized rows: 111
[GD] blocked by specialty/diesel filter: 100; passing: 11
[Proxibid] parsed 30 rows across 1 page(s)
[Renebates] found 61 events on index
[Renebates] event: Big Bass Towing - McKinney, Texas secs=72
[Renebates] Big Bass Towing - McKinney, Texas -> 27 lots via https://renebates.com/a_list_2.php?id=107&cat=all
[Renebates] event: Tarrant County, Texas (Fort Worth) secs=3668
[Renebates] Tarrant County, Texas (Fort Worth) -> 6 lots via https://renebates.com/a_list_2.php?id=7&cat=all
[DEBUG] collected 30 listings from all sites (after filter)
[GD] HTTP 200 | CT=application/json; charset=utf-8 | page=1
[GD] page 1: 24 items
[GD] HTTP 200 | CT=application/json; charset=utf-8 | page=2
[GD] page 2: 24 items
[GD] HTTP 200 | CT=application/json; charset=utf-8 | page=3
[GD] page 3: 24 items
[GD] HTTP 200 | CT=application/json; charset=utf-8 | page=4
[GD] page 4: 24 items
[GD] HTTP 200 | CT=application/json; charset=utf-8 | page=5
[GD] page 5: 24 items
[GD] total raw items before normalize: 120; unique kept: 112
[GD] normalized rows: 112
[GD] blocked by specialty/diesel filter: 101; passing: 11
[Proxibid] parsed 30 rows across 1 page(s)
[Renebates] found 61 events on index
[Renebates] event: Big Bass Towing - McKinney, Texas secs=0
[Renebates] Big Bass Towing - McKinney, Texas -> 20 lots via https://renebates.com/a_list_2.php?id=107&cat=all
[Renebates] event: Tarrant County, Texas (Fort Worth) secs=3016
[Renebates] Tarrant County, Texas (Fort Worth) -> 6 lots via https://renebates.com/a_list_2.php?id=7&cat=all
[DEBUG] collected 30 listings from all sites (after filter)
[GD] HTTP 200 | CT=application/json; charset=utf-8 | page=1
[GD] page 1: 24 items
[GD] HTTP 200 | CT=application/json; charset=utf-8 | page=2
[GD] page 2: 24 items
[GD] HTTP 200 | CT=application/json; charset=utf-8 | page=3
[GD] page 3: 24 items
[GD] HTTP 200 | CT=application/json; charset=utf-8 | page=4
[GD] page 4: 24 items
[GD] HTTP 200 | CT=application/json; charset=utf-8 | page=5
[GD] page 5: 24 items
[GD] total raw items before normalize: 120; unique kept: 112
[GD] normalized rows: 112
[GD] blocked by specialty/diesel filter: 100; passing: 12
[Proxibid] parsed 30 rows across 1 page(s)
[Renebates] found 60 events on index
[Renebates] event: Tarrant County, Texas (Fort Worth) secs=2367
[Renebates] Tarrant County, Texas (Fort Worth) -> 6 lots via https://renebates.com/a_list_2.php?id=7&cat=all
[Renebates] event: City Of Miami, Florida secs=74364
[Renebates] City Of Miami, Florida -> 3 lots via https://renebates.com/a_list_2.php?id=249&cat=all
[DEBUG] collected 31 listings from all sites (after filter)
[GD] HTTP 200 | CT=application/json; charset=utf-8 | page=1
[GD] page 1: 24 items
[GD] HTTP 200 | CT=application/json; charset=utf-8 | page=2
[GD] page 2: 24 items
[GD] HTTP 200 | CT=application/json; charset=utf-8 | page=3
[GD] page 3: 24 items
[GD] HTTP 200 | CT=application/json; charset=utf-8 | page=4
[GD] page 4: 24 items
[GD] HTTP 200 | CT=application/json; charset=utf-8 | page=5
[GD] page 5: 24 items
[GD] total raw items before normalize: 120; unique kept: 112
[GD] normalized rows: 112
[GD] blocked by specialty/diesel filter: 100; passing: 12
[Proxibid] parsed 30 rows across 1 page(s)
[Renebates] found 59 events on index
[Renebates] event: Tarrant County, Texas (Fort Worth) secs=1725
[Renebates] Tarrant County, Texas (Fort Worth) -> 6 lots via https://renebates.com/a_list_2.php?id=7&cat=all
[Renebates] event: City Of Miami, Florida secs=73723
[Renebates] City Of Miami, Florida -> 3 lots via https://renebates.com/a_list_2.php?id=249&cat=all
[DEBUG] collected 31 listings from all sites (after filter)
[GD] HTTP 200 | CT=application/json; charset=utf-8 | page=1
[GD] page 1: 24 items
[GD] HTTP 200 | CT=application/json; charset=utf-8 | page=2
[GD] page 2: 24 items
[GD] HTTP 200 | CT=application/json; charset=utf-8 | page=3
[GD] page 3: 24 items
[GD] HTTP 200 | CT=application/json; charset=utf-8 | page=4
[GD] page 4: 24 items
[GD] HTTP 200 | CT=application/json; charset=utf-8 | page=5
[GD] page 5: 24 items
[GD] total raw items before normalize: 120; unique kept: 113
[GD] normalized rows: 113
[GD] blocked by specialty/diesel filter: 100; passing: 13
[Proxibid] parsed 30 rows across 1 page(s)
[Renebates] found 58 events on index
[Renebates] event: Tarrant County, Texas (Fort Worth) secs=1083
[Renebates] Tarrant County, Texas (Fort Worth) -> 6 lots via https://renebates.com/a_list_2.php?id=7&cat=all
[Renebates] event: City Of Miami, Florida secs=73080
[Renebates] City Of Miami, Florida -> 3 lots via https://renebates.com/a_list_2.php?id=249&cat=all
[DEBUG] collected 32 listings from all sites (after filter)
[GD] HTTP 200 | CT=application/json; charset=utf-8 | page=1
[GD] page 1: 24 items
[GD] HTTP 200 | CT=application/json; charset=utf-8 | page=2
[GD] page 2: 24 items
[GD] HTTP 200 | CT=application/json; charset=utf-8 | page=3
[GD] page 3: 24 items
[GD] HTTP 200 | CT=application/json; charset=utf-8 | page=4
[GD] page 4: 24 items
[GD] HTTP 200 | CT=application/json; charset=utf-8 | page=5
[GD] page 5: 24 items
[GD] total raw items before normalize: 120; unique kept: 113
[GD] normalized rows: 113
[GD] blocked by specialty/diesel filter: 100; passing: 13
[Proxibid] parsed 30 rows across 1 page(s)
[Renebates] found 58 events on index
[Renebates] event: Tarrant County, Texas (Fort Worth) secs=433
[Renebates] Tarrant County, Texas (Fort Worth) -> 6 lots via https://renebates.com/a_list_2.php?id=7&cat=all
[Renebates] event: City Of Miami, Florida secs=72431
[Renebates] City Of Miami, Florida -> 3 lots via https://renebates.com/a_list_2.php?id=249&cat=all
[DEBUG] collected 32 listings from all sites (after filter)
[GD] HTTP 200 | CT=application/json; charset=utf-8 | page=1
[GD] page 1: 24 items
[GD] HTTP 200 | CT=application/json; charset=utf-8 | page=2
[GD] page 2: 24 items
[GD] HTTP 200 | CT=application/json; charset=utf-8 | page=3
[GD] page 3: 24 items
[GD] HTTP 200 | CT=application/json; charset=utf-8 | page=4
[GD] page 4: 24 items
[GD] HTTP 200 | CT=application/json; charset=utf-8 | page=5
[GD] page 5: 24 items
[GD] total raw items before normalize: 120; unique kept: 113
[GD] normalized rows: 113
[GD] blocked by specialty/diesel filter: 99; passing: 14
[Proxibid] parsed 30 rows across 1 page(s)
[Renebates] found 58 events on index
[Renebates] event: City Of Miami, Florida secs=71787
[Renebates] City Of Miami, Florida -> 3 lots via https://renebates.com/a_list_2.php?id=249&cat=all
[Renebates] event: Wylie Auto Towing, Inc. Abandoned Impounded Vehicle Auction For Multiple Municipalities Located In Collin County, Texas secs=75383
[Renebates] Wylie Auto Towing, Inc. Abandoned Impounded Vehicle Auction For Multiple Municipalities Located In Collin County, Texas -> 60 lots via https://renebates.com/a_list_2.php?id=297&cat=all
[DEBUG] collected 33 listings from all sites (after filter)
[GD] HTTP 200 | CT=application/json; charset=utf-8 | page=1
[GD] page 1: 24 items
[GD] HTTP 200 | CT=application/json; charset=utf-8 | page=2
[GD] page 2: 24 items
[GD] HTTP 200 | CT=application/json; charset=utf-8 | page=3
[GD] page 3: 24 items
[GD] HTTP 200 | CT=application/json; charset=utf-8 | page=4
[GD] page 4: 24 items
[GD] HTTP 200 | CT=application/json; charset=utf-8 | page=5
[GD] page 5: 24 items
[GD] total raw items before normalize: 120; unique kept: 113
[GD] normalized rows: 113
[GD] blocked by specialty/diesel filter: 101; passing: 12
[Proxibid] parsed 30 rows across 1 page(s)
[Renebates] found 58 events on index
[Renebates] event: City Of Miami, Florida secs=71130
[Renebates] City Of Miami, Florida -> 3 lots via https://renebates.com/a_list_2.php?id=249&cat=all
[Renebates] event: Wylie Auto Towing, Inc. Abandoned Impounded Vehicle Auction For Multiple Municipalities Located In Collin County, Texas secs=74726
[Renebates] Wylie Auto Towing, Inc. Abandoned Impounded Vehicle Auction For Multiple Municipalities Located In Collin County, Texas -> 60 lots via https://renebates.com/a_list_2.php?id=297&cat=all
[DEBUG] collected 31 listings from all sites (after filter)
[GD] HTTP 200 | CT=application/json; charset=utf-8 | page=1
[GD] page 1: 24 items
[GD] HTTP 200 | CT=application/json; charset=utf-8 | page=2
[GD] page 2: 24 items
[GD] HTTP 200 | CT=application/json; charset=utf-8 | page=3
[GD] page 3: 24 items
[GD] HTTP 200 | CT=application/json; charset=utf-8 | page=4
[GD] page 4: 24 items
[GD] HTTP 200 | CT=application/json; charset=utf-8 | page=5
[GD] page 5: 24 items
[GD] total raw items before normalize: 120; unique kept: 112
[GD] normalized rows: 112
[GD] blocked by specialty/diesel filter: 100; passing: 12
[Proxibid] parsed 30 rows across 1 page(s)
[Renebates] found 58 events on index
[Renebates] event: City Of Miami, Florida secs=70476
[Renebates] City Of Miami, Florida -> 3 lots via https://renebates.com/a_list_2.php?id=249&cat=all
[Renebates] event: Wylie Auto Towing, Inc. Abandoned Impounded Vehicle Auction For Multiple Municipalities Located In Collin County, Texas secs=74073
[Renebates] Wylie Auto Towing, Inc. Abandoned Impounded Vehicle Auction For Multiple Municipalities Located In Collin County, Texas -> 60 lots via https://renebates.com/a_list_2.php?id=297&cat=all
[DEBUG] collected 31 listings from all sites (after filter)
[GD] HTTP 200 | CT=application/json; charset=utf-8 | page=1
[GD] page 1: 24 items
[GD] HTTP 200 | CT=application/json; charset=utf-8 | page=2
[GD] page 2: 24 items
[GD] HTTP 200 | CT=application/json; charset=utf-8 | page=3
[GD] page 3: 24 items
[GD] HTTP 200 | CT=application/json; charset=utf-8 | page=4
[GD] page 4: 24 items
[GD] HTTP 200 | CT=application/json; charset=utf-8 | page=5
[GD] page 5: 24 items
[GD] total raw items before normalize: 120; unique kept: 111
[GD] normalized rows: 111
[GD] blocked by specialty/diesel filter: 99; passing: 12
[Proxibid] parsed 30 rows across 1 page(s)
[Renebates] found 58 events on index
[Renebates] event: City Of Miami, Florida secs=69828
[Renebates] City Of Miami, Florida -> 3 lots via https://renebates.com/a_list_2.php?id=249&cat=all
[Renebates] event: Wylie Auto Towing, Inc. Abandoned Impounded Vehicle Auction For Multiple Municipalities Located In Collin County, Texas secs=73424
[Renebates] Wylie Auto Towing, Inc. Abandoned Impounded Vehicle Auction For Multiple Municipalities Located In Collin County, Texas -> 60 lots via https://renebates.com/a_list_2.php?id=297&cat=all
[DEBUG] collected 31 listings from all sites (after filter)
[GD] HTTP 200 | CT=application/json; charset=utf-8 | page=1
[GD] page 1: 24 items
[GD] HTTP 200 | CT=application/json; charset=utf-8 | page=2
[GD] page 2: 24 items
[GD] HTTP 200 | CT=application/json; charset=utf-8 | page=3
[GD] page 3: 24 items
[GD] HTTP 200 | CT=application/json; charset=utf-8 | page=4
[GD] page 4: 24 items
[GD] HTTP 200 | CT=application/json; charset=utf-8 | page=5
[GD] page 5: 24 items
[GD] total raw items before normalize: 120; unique kept: 111
[GD] normalized rows: 111
[GD] blocked by specialty/diesel filter: 100; passing: 11
[Proxibid] parsed 30 rows across 1 page(s)
[Renebates] found 57 events on index
[Renebates] event: City Of Miami, Florida secs=69173
[Renebates] City Of Miami, Florida -> 3 lots via https://renebates.com/a_list_2.php?id=249&cat=all
[Renebates] event: Wylie Auto Towing, Inc. Abandoned Impounded Vehicle Auction For Multiple Municipalities Located In Collin County, Texas secs=72770
[Renebates] Wylie Auto Towing, Inc. Abandoned Impounded Vehicle Auction For Multiple Municipalities Located In Collin County, Texas -> 60 lots via https://renebates.com/a_list_2.php?id=297&cat=all
[DEBUG] collected 30 listings from all sites (after filter)
[GD] HTTP 200 | CT=application/json; charset=utf-8 | page=1
[GD] page 1: 24 items
[GD] HTTP 200 | CT=application/json; charset=utf-8 | page=2
[GD] page 2: 24 items
[GD] HTTP 200 | CT=application/json; charset=utf-8 | page=3
[GD] page 3: 24 items
[GD] HTTP 200 | CT=application/json; charset=utf-8 | page=4
[GD] page 4: 24 items
[GD] HTTP 200 | CT=application/json; charset=utf-8 | page=5
[GD] page 5: 24 items
[GD] total raw items before normalize: 120; unique kept: 111
[GD] normalized rows: 111
[GD] blocked by specialty/diesel filter: 100; passing: 11
[Proxibid] parsed 30 rows across 1 page(s)
[Renebates] found 57 events on index
[Renebates] event: City Of Miami, Florida secs=68528
[Renebates] City Of Miami, Florida -> 3 lots via https://renebates.com/a_list_2.php?id=249&cat=all
[Renebates] event: Wylie Auto Towing, Inc. Abandoned Impounded Vehicle Auction For Multiple Municipalities Located In Collin County, Texas secs=72124
[Renebates] Wylie Auto Towing, Inc. Abandoned Impounded Vehicle Auction For Multiple Municipalities Located In Collin County, Texas -> 60 lots via https://renebates.com/a_list_2.php?id=297&cat=all
[DEBUG] collected 30 listings from all sites (after filter)
[GD] HTTP 200 | CT=application/json; charset=utf-8 | page=1
[GD] page 1: 24 items
[GD] HTTP 200 | CT=application/json; charset=utf-8 | page=2
[GD] page 2: 24 items
[GD] HTTP 200 | CT=application/json; charset=utf-8 | page=3
[GD] page 3: 24 items
[GD] HTTP 200 | CT=application/json; charset=utf-8 | page=4
[GD] page 4: 24 items
[GD] HTTP 200 | CT=application/json; charset=utf-8 | page=5
[GD] page 5: 24 items
[GD] total raw items before normalize: 120; unique kept: 111
[GD] normalized rows: 111
[GD] blocked by specialty/diesel filter: 101; passing: 10
[Proxibid] parsed 30 rows across 1 page(s)
[Renebates] found 57 events on index
[Renebates] event: City Of Miami, Florida secs=67883
[Renebates] City Of Miami, Florida -> 3 lots via https://renebates.com/a_list_2.php?id=249&cat=all
[Renebates] event: Wylie Auto Towing, Inc. Abandoned Impounded Vehicle Auction For Multiple Municipalities Located In Collin County, Texas secs=71479
[Renebates] Wylie Auto Towing, Inc. Abandoned Impounded Vehicle Auction For Multiple Municipalities Located In Collin County, Texas -> 60 lots via https://renebates.com/a_list_2.php?id=297&cat=all
[DEBUG] collected 29 listings from all sites (after filter)
[GD] HTTP 200 | CT=application/json; charset=utf-8 | page=1
[GD] page 1: 24 items
[GD] HTTP 200 | CT=application/json; charset=utf-8 | page=2
[GD] page 2: 24 items
[GD] HTTP 200 | CT=application/json; charset=utf-8 | page=3
[GD] page 3: 24 items
[GD] HTTP 200 | CT=application/json; charset=utf-8 | page=4
[GD] page 4: 24 items
[GD] HTTP 200 | CT=application/json; charset=utf-8 | page=5
[GD] page 5: 24 items
[GD] total raw items before normalize: 120; unique kept: 111
[GD] normalized rows: 111
[GD] blocked by specialty/diesel filter: 101; passing: 10
[Proxibid] parsed 30 rows across 1 page(s)
[Renebates] found 57 events on index
[Renebates] event: City Of Miami, Florida secs=67229
[Renebates] City Of Miami, Florida -> 3 lots via https://renebates.com/a_list_2.php?id=249&cat=all
[Renebates] event: Wylie Auto Towing, Inc. Abandoned Impounded Vehicle Auction For Multiple Municipalities Located In Collin County, Texas secs=70826
[Renebates] Wylie Auto Towing, Inc. Abandoned Impounded Vehicle Auction For Multiple Municipalities Located In Collin County, Texas -> 60 lots via https://renebates.com/a_list_2.php?id=297&cat=all
[DEBUG] collected 29 listings from all sites (after filter)
[GD] HTTP 200 | CT=application/json; charset=utf-8 | page=1
[GD] page 1: 24 items
[GD] HTTP 200 | CT=application/json; charset=utf-8 | page=2
[GD] page 2: 24 items
[GD] HTTP 200 | CT=application/json; charset=utf-8 | page=3
[GD] page 3: 24 items
[GD] HTTP 200 | CT=application/json; charset=utf-8 | page=4
[GD] page 4: 24 items
[GD] HTTP 200 | CT=application/json; charset=utf-8 | page=5
[GD] page 5: 24 items
[GD] total raw items before normalize: 120; unique kept: 109
[GD] normalized rows: 109
[GD] blocked by specialty/diesel filter: 99; passing: 10
[Proxibid] parsed 30 rows across 1 page(s)
[Renebates] found 57 events on index
[Renebates] event: City Of Miami, Florida secs=66576
[Renebates] City Of Miami, Florida -> 3 lots via https://renebates.com/a_list_2.php?id=249&cat=all
[Renebates] event: Wylie Auto Towing, Inc. Abandoned Impounded Vehicle Auction For Multiple Municipalities Located In Collin County, Texas secs=70172
[Renebates] Wylie Auto Towing, Inc. Abandoned Impounded Vehicle Auction For Multiple Municipalities Located In Collin County, Texas -> 60 lots via https://renebates.com/a_list_2.php?id=297&cat=all
[DEBUG] collected 29 listings from all sites (after filter)
[GD] HTTP 200 | CT=application/json; charset=utf-8 | page=1
[GD] page 1: 24 items
[GD] HTTP 200 | CT=application/json; charset=utf-8 | page=2
[GD] page 2: 24 items
[GD] HTTP 200 | CT=application/json; charset=utf-8 | page=3
[GD] page 3: 24 items
[GD] HTTP 200 | CT=application/json; charset=utf-8 | page=4
[GD] page 4: 24 items
[GD] HTTP 200 | CT=application/json; charset=utf-8 | page=5
[GD] page 5: 24 items
[GD] total raw items before normalize: 120; unique kept: 110
[GD] normalized rows: 110
[GD] blocked by specialty/diesel filter: 101; passing: 9
[Proxibid] parsed 30 rows across 1 page(s)
[Renebates] found 57 events on index
[Renebates] event: City Of Miami, Florida secs=65927
[Renebates] City Of Miami, Florida -> 3 lots via https://renebates.com/a_list_2.php?id=249&cat=all
[Renebates] event: Wylie Auto Towing, Inc. Abandoned Impounded Vehicle Auction For Multiple Municipalities Located In Collin County, Texas secs=69523
[Renebates] Wylie Auto Towing, Inc. Abandoned Impounded Vehicle Auction For Multiple Municipalities Located In Collin County, Texas -> 60 lots via https://renebates.com/a_list_2.php?id=297&cat=all
[DEBUG] collected 28 listings from all sites (after filter)
[GD] HTTP 200 | CT=application/json; charset=utf-8 | page=1
[GD] page 1: 24 items
[GD] HTTP 200 | CT=application/json; charset=utf-8 | page=2
[GD] page 2: 24 items
[GD] HTTP 200 | CT=application/json; charset=utf-8 | page=3
[GD] page 3: 24 items
[GD] HTTP 200 | CT=application/json; charset=utf-8 | page=4
[GD] page 4: 24 items
[GD] HTTP 200 | CT=application/json; charset=utf-8 | page=5
[GD] page 5: 24 items
[GD] total raw items before normalize: 120; unique kept: 109
[GD] normalized rows: 109
[GD] blocked by specialty/diesel filter: 99; passing: 10
[Proxibid] parsed 30 rows across 1 page(s)
[Renebates] found 57 events on index
[Renebates] event: City Of Miami, Florida secs=65277
[Renebates] City Of Miami, Florida -> 3 lots via https://renebates.com/a_list_2.php?id=249&cat=all
[Renebates] event: Wylie Auto Towing, Inc. Abandoned Impounded Vehicle Auction For Multiple Municipalities Located In Collin County, Texas secs=68872
[Renebates] Wylie Auto Towing, Inc. Abandoned Impounded Vehicle Auction For Multiple Municipalities Located In Collin County, Texas -> 60 lots via https://renebates.com/a_list_2.php?id=297&cat=all
[DEBUG] collected 29 listings from all sites (after filter)
[GD] HTTP 200 | CT=application/json; charset=utf-8 | page=1
[GD] page 1: 24 items
[GD] HTTP 200 | CT=application/json; charset=utf-8 | page=2
[GD] page 2: 24 items
[GD] HTTP 200 | CT=application/json; charset=utf-8 | page=3
[GD] page 3: 24 items
[GD] HTTP 200 | CT=application/json; charset=utf-8 | page=4
[GD] page 4: 24 items
[GD] HTTP 200 | CT=application/json; charset=utf-8 | page=5
[GD] page 5: 24 items
[GD] total raw items before normalize: 120; unique kept: 113
[GD] normalized rows: 113
[GD] blocked by specialty/diesel filter: 103; passing: 10
[Proxibid] parsed 30 rows across 1 page(s)
[Renebates] found 57 events on index
[Renebates] event: City Of Miami, Florida secs=64626
[Renebates] City Of Miami, Florida -> 3 lots via https://renebates.com/a_list_2.php?id=249&cat=all
[Renebates] event: Wylie Auto Towing, Inc. Abandoned Impounded Vehicle Auction For Multiple Municipalities Located In Collin County, Texas secs=68223
[Renebates] Wylie Auto Towing, Inc. Abandoned Impounded Vehicle Auction For Multiple Municipalities Located In Collin County, Texas -> 60 lots via https://renebates.com/a_list_2.php?id=297&cat=all
[DEBUG] collected 29 listings from all sites (after filter)
[GD] HTTP 200 | CT=application/json; charset=utf-8 | page=1
[GD] page 1: 24 items
[GD] HTTP 200 | CT=application/json; charset=utf-8 | page=2
[GD] page 2: 24 items
[GD] HTTP 200 | CT=application/json; charset=utf-8 | page=3
[GD] page 3: 24 items
[GD] HTTP 200 | CT=application/json; charset=utf-8 | page=4
[GD] page 4: 24 items
[GD] HTTP 200 | CT=application/json; charset=utf-8 | page=5
[GD] page 5: 24 items
[GD] total raw items before normalize: 120; unique kept: 113
[GD] normalized rows: 113
[GD] blocked by specialty/diesel filter: 103; passing: 10
[Proxibid] parsed 30 rows across 1 page(s)
[Renebates] found 57 events on index
[Renebates] event: City Of Miami, Florida secs=63978
[Renebates] City Of Miami, Florida -> 3 lots via https://renebates.com/a_list_2.php?id=249&cat=all
[Renebates] event: Wylie Auto Towing, Inc. Abandoned Impounded Vehicle Auction For Multiple Municipalities Located In Collin County, Texas secs=67576
[Renebates] Wylie Auto Towing, Inc. Abandoned Impounded Vehicle Auction For Multiple Municipalities Located In Collin County, Texas -> 60 lots via https://renebates.com/a_list_2.php?id=297&cat=all
[DEBUG] collected 29 listings from all sites (after filter)
[GD] HTTP 200 | CT=application/json; charset=utf-8 | page=1
[GD] page 1: 24 items
[GD] HTTP 200 | CT=application/json; charset=utf-8 | page=2
[GD] page 2: 24 items
[GD] HTTP 200 | CT=application/json; charset=utf-8 | page=3
[GD] page 3: 24 items
[GD] HTTP 200 | CT=application/json; charset=utf-8 | page=4
[GD] page 4: 24 items
[GD] HTTP 200 | CT=application/json; charset=utf-8 | page=5
[GD] page 5: 24 items
[GD] total raw items before normalize: 120; unique kept: 113
[GD] normalized rows: 113
[GD] blocked by specialty/diesel filter: 104; passing: 9
[Proxibid] parsed 30 rows across 1 page(s)
[Renebates] found 57 events on index
[Renebates] event: City Of Miami, Florida secs=63327
[Renebates] City Of Miami, Florida -> 3 lots via https://renebates.com/a_list_2.php?id=249&cat=all
[Renebates] event: Wylie Auto Towing, Inc. Abandoned Impounded Vehicle Auction For Multiple Municipalities Located In Collin County, Texas secs=66923
[Renebates] Wylie Auto Towing, Inc. Abandoned Impounded Vehicle Auction For Multiple Municipalities Located In Collin County, Texas -> 60 lots via https://renebates.com/a_list_2.php?id=297&cat=all
[DEBUG] collected 28 listings from all sites (after filter)
[GD] HTTP 200 | CT=application/json; charset=utf-8 | page=1
[GD] page 1: 24 items
[GD] HTTP 200 | CT=application/json; charset=utf-8 | page=2
[GD] page 2: 24 items
[GD] HTTP 200 | CT=application/json; charset=utf-8 | page=3
[GD] page 3: 24 items
[GD] HTTP 200 | CT=application/json; charset=utf-8 | page=4
[GD] page 4: 24 items
[GD] HTTP 200 | CT=application/json; charset=utf-8 | page=5
[GD] page 5: 24 items
[GD] total raw items before normalize: 120; unique kept: 111
[GD] normalized rows: 111
[GD] blocked by specialty/diesel filter: 102; passing: 9
[Proxibid] parsed 30 rows across 1 page(s)
[Renebates] found 57 events on index
[Renebates] event: City Of Miami, Florida secs=62677
[Renebates] City Of Miami, Florida -> 3 lots via https://renebates.com/a_list_2.php?id=249&cat=all
[Renebates] event: Wylie Auto Towing, Inc. Abandoned Impounded Vehicle Auction For Multiple Municipalities Located In Collin County, Texas secs=66274
[Renebates] Wylie Auto Towing, Inc. Abandoned Impounded Vehicle Auction For Multiple Municipalities Located In Collin County, Texas -> 60 lots via https://renebates.com/a_list_2.php?id=297&cat=all
[DEBUG] collected 28 listings from all sites (after filter)
[GD] HTTP 200 | CT=application/json; charset=utf-8 | page=1
[GD] page 1: 24 items
[GD] HTTP 200 | CT=application/json; charset=utf-8 | page=2
[GD] page 2: 24 items
[GD] HTTP 200 | CT=application/json; charset=utf-8 | page=3
[GD] page 3: 24 items
[GD] HTTP 200 | CT=application/json; charset=utf-8 | page=4
[GD] page 4: 24 items
[GD] HTTP 200 | CT=application/json; charset=utf-8 | page=5
[GD] page 5: 24 items
[GD] total raw items before normalize: 120; unique kept: 111
[GD] normalized rows: 111
[GD] blocked by specialty/diesel filter: 102; passing: 9
[Proxibid] parsed 30 rows across 1 page(s)
[Renebates] found 57 events on index
[Renebates] event: City Of Miami, Florida secs=62019
[Renebates] City Of Miami, Florida -> 3 lots via https://renebates.com/a_list_2.php?id=249&cat=all
[Renebates] event: Wylie Auto Towing, Inc. Abandoned Impounded Vehicle Auction For Multiple Municipalities Located In Collin County, Texas secs=65616
[Renebates] Wylie Auto Towing, Inc. Abandoned Impounded Vehicle Auction For Multiple Municipalities Located In Collin County, Texas -> 60 lots via https://renebates.com/a_list_2.php?id=297&cat=all
[DEBUG] collected 28 listings from all sites (after filter)
[GD] HTTP 200 | CT=application/json; charset=utf-8 | page=1
[GD] page 1: 24 items
[GD] HTTP 200 | CT=application/json; charset=utf-8 | page=2
[GD] page 2: 24 items
[GD] HTTP 200 | CT=application/json; charset=utf-8 | page=3
[GD] page 3: 24 items
[GD] HTTP 200 | CT=application/json; charset=utf-8 | page=4
[GD] page 4: 24 items
[GD] HTTP 200 | CT=application/json; charset=utf-8 | page=5
[GD] page 5: 24 items
[GD] total raw items before normalize: 120; unique kept: 111
[GD] normalized rows: 111
[GD] blocked by specialty/diesel filter: 102; passing: 9
[Proxibid] parsed 30 rows across 1 page(s)
[Renebates] found 57 events on index
[Renebates] event: City Of Miami, Florida secs=61371
[Renebates] City Of Miami, Florida -> 3 lots via https://renebates.com/a_list_2.php?id=249&cat=all
[Renebates] event: Wylie Auto Towing, Inc. Abandoned Impounded Vehicle Auction For Multiple Municipalities Located In Collin County, Texas secs=64968
[Renebates] Wylie Auto Towing, Inc. Abandoned Impounded Vehicle Auction For Multiple Municipalities Located In Collin County, Texas -> 60 lots via https://renebates.com/a_list_2.php?id=297&cat=all
[DEBUG] collected 28 listings from all sites (after filter)
[GD] HTTP 200 | CT=application/json; charset=utf-8 | page=1
[GD] page 1: 24 items
[GD] HTTP 200 | CT=application/json; charset=utf-8 | page=2
[GD] page 2: 24 items
[GD] HTTP 200 | CT=application/json; charset=utf-8 | page=3
[GD] page 3: 24 items
[GD] HTTP 200 | CT=application/json; charset=utf-8 | page=4
[GD] page 4: 24 items
[GD] HTTP 200 | CT=application/json; charset=utf-8 | page=5
[GD] page 5: 24 items
[GD] total raw items before normalize: 120; unique kept: 112
[GD] normalized rows: 112
[GD] blocked by specialty/diesel filter: 102; passing: 10
[Proxibid] parsed 30 rows across 1 page(s)
[Renebates] found 57 events on index
[Renebates] event: City Of Miami, Florida secs=60720
[Renebates] City Of Miami, Florida -> 3 lots via https://renebates.com/a_list_2.php?id=249&cat=all
[Renebates] event: Wylie Auto Towing, Inc. Abandoned Impounded Vehicle Auction For Multiple Municipalities Located In Collin County, Texas secs=64316
[Renebates] Wylie Auto Towing, Inc. Abandoned Impounded Vehicle Auction For Multiple Municipalities Located In Collin County, Texas -> 60 lots via https://renebates.com/a_list_2.php?id=297&cat=all
[DEBUG] collected 29 listings from all sites (after filter)
[GD] HTTP 200 | CT=application/json; charset=utf-8 | page=1
[GD] page 1: 24 items
[GD] HTTP 200 | CT=application/json; charset=utf-8 | page=2
[GD] page 2: 24 items
[GD] HTTP 200 | CT=application/json; charset=utf-8 | page=3
[GD] page 3: 24 items
[GD] HTTP 200 | CT=application/json; charset=utf-8 | page=4
[GD] page 4: 24 items
[GD] HTTP 200 | CT=application/json; charset=utf-8 | page=5
[GD] page 5: 24 items
[GD] total raw items before normalize: 120; unique kept: 112
[GD] normalized rows: 112
[GD] blocked by specialty/diesel filter: 102; passing: 10
[Proxibid] parsed 30 rows across 1 page(s)
[Renebates] found 57 events on index
[Renebates] event: City Of Miami, Florida secs=60077
[Renebates] City Of Miami, Florida -> 3 lots via https://renebates.com/a_list_2.php?id=249&cat=all
[Renebates] event: Wylie Auto Towing, Inc. Abandoned Impounded Vehicle Auction For Multiple Municipalities Located In Collin County, Texas secs=63675
[Renebates] Wylie Auto Towing, Inc. Abandoned Impounded Vehicle Auction For Multiple Municipalities Located In Collin County, Texas -> 60 lots via https://renebates.com/a_list_2.php?id=297&cat=all
[DEBUG] collected 29 listings from all sites (after filter)
[GD] HTTP 200 | CT=application/json; charset=utf-8 | page=1
[GD] page 1: 24 items
[GD] HTTP 200 | CT=application/json; charset=utf-8 | page=2
[GD] page 2: 24 items
[GD] HTTP 200 | CT=application/json; charset=utf-8 | page=3
[GD] page 3: 24 items
[GD] HTTP 200 | CT=application/json; charset=utf-8 | page=4
[GD] page 4: 24 items
[GD] HTTP 200 | CT=application/json; charset=utf-8 | page=5
[GD] page 5: 24 items
[GD] total raw items before normalize: 120; unique kept: 113
[GD] normalized rows: 113
[GD] blocked by specialty/diesel filter: 103; passing: 10
[Proxibid] parsed 30 rows across 1 page(s)
[Renebates] found 57 events on index
[Renebates] event: City Of Miami, Florida secs=59424
[Renebates] City Of Miami, Florida -> 3 lots via https://renebates.com/a_list_2.php?id=249&cat=all
[Renebates] event: Wylie Auto Towing, Inc. Abandoned Impounded Vehicle Auction For Multiple Municipalities Located In Collin County, Texas secs=63020
[Renebates] Wylie Auto Towing, Inc. Abandoned Impounded Vehicle Auction For Multiple Municipalities Located In Collin County, Texas -> 60 lots via https://renebates.com/a_list_2.php?id=297&cat=all
[DEBUG] collected 29 listings from all sites (after filter)
[GD] HTTP 200 | CT=application/json; charset=utf-8 | page=1
[GD] page 1: 24 items
[GD] HTTP 200 | CT=application/json; charset=utf-8 | page=2
[GD] page 2: 24 items
[GD] HTTP 200 | CT=application/json; charset=utf-8 | page=3
[GD] page 3: 24 items
[GD] HTTP 200 | CT=application/json; charset=utf-8 | page=4
[GD] page 4: 24 items
[GD] HTTP 200 | CT=application/json; charset=utf-8 | page=5
[GD] page 5: 24 items
[GD] total raw items before normalize: 120; unique kept: 113
[GD] normalized rows: 113
[GD] blocked by specialty/diesel filter: 105; passing: 8
[Proxibid] parsed 30 rows across 1 page(s)
[Renebates] found 57 events on index
[Renebates] event: City Of Miami, Florida secs=58778
[Renebates] City Of Miami, Florida -> 3 lots via https://renebates.com/a_list_2.php?id=249&cat=all
[Renebates] event: Wylie Auto Towing, Inc. Abandoned Impounded Vehicle Auction For Multiple Municipalities Located In Collin County, Texas secs=62374
[Renebates] Wylie Auto Towing, Inc. Abandoned Impounded Vehicle Auction For Multiple Municipalities Located In Collin County, Texas -> 60 lots via https://renebates.com/a_list_2.php?id=297&cat=all
[DEBUG] collected 27 listings from all sites (after filter)
[GD] HTTP 200 | CT=application/json; charset=utf-8 | page=1
[GD] page 1: 24 items
[GD] HTTP 200 | CT=application/json; charset=utf-8 | page=2
[GD] page 2: 24 items
[GD] HTTP 200 | CT=application/json; charset=utf-8 | page=3
[GD] page 3: 24 items
[GD] HTTP 200 | CT=application/json; charset=utf-8 | page=4
[GD] page 4: 24 items
[GD] HTTP 200 | CT=application/json; charset=utf-8 | page=5
[GD] page 5: 24 items
[GD] total raw items before normalize: 120; unique kept: 113
[GD] normalized rows: 113
[GD] blocked by specialty/diesel filter: 105; passing: 8
[Proxibid] parsed 30 rows across 1 page(s)
[Renebates] found 57 events on index
[Renebates] event: City Of Miami, Florida secs=58117
[Renebates] City Of Miami, Florida -> 3 lots via https://renebates.com/a_list_2.php?id=249&cat=all
[Renebates] event: Wylie Auto Towing, Inc. Abandoned Impounded Vehicle Auction For Multiple Municipalities Located In Collin County, Texas secs=61714
[Renebates] Wylie Auto Towing, Inc. Abandoned Impounded Vehicle Auction For Multiple Municipalities Located In Collin County, Texas -> 60 lots via https://renebates.com/a_list_2.php?id=297&cat=all
[DEBUG] collected 27 listings from all sites (after filter)
[GD] HTTP 200 | CT=application/json; charset=utf-8 | page=1
[GD] page 1: 24 items
[GD] HTTP 200 | CT=application/json; charset=utf-8 | page=2
[GD] page 2: 24 items
[GD] HTTP 200 | CT=application/json; charset=utf-8 | page=3
[GD] page 3: 24 items
[GD] HTTP 200 | CT=application/json; charset=utf-8 | page=4
[GD] page 4: 24 items
[GD] HTTP 200 | CT=application/json; charset=utf-8 | page=5
[GD] page 5: 24 items
[GD] total raw items before normalize: 120; unique kept: 113
[GD] normalized rows: 113
[GD] blocked by specialty/diesel filter: 105; passing: 8
[Proxibid] parsed 30 rows across 1 page(s)
[Renebates] found 57 events on index
[Renebates] event: City Of Miami, Florida secs=57464
[Renebates] City Of Miami, Florida -> 3 lots via https://renebates.com/a_list_2.php?id=249&cat=all
[Renebates] event: Wylie Auto Towing, Inc. Abandoned Impounded Vehicle Auction For Multiple Municipalities Located In Collin County, Texas secs=61060
[Renebates] Wylie Auto Towing, Inc. Abandoned Impounded Vehicle Auction For Multiple Municipalities Located In Collin County, Texas -> 60 lots via https://renebates.com/a_list_2.php?id=297&cat=all
[DEBUG] collected 27 listings from all sites (after filter)
[GD] HTTP 200 | CT=application/json; charset=utf-8 | page=1
[GD] page 1: 24 items
[GD] HTTP 200 | CT=application/json; charset=utf-8 | page=2
[GD] page 2: 24 items
[GD] HTTP 200 | CT=application/json; charset=utf-8 | page=3
[GD] page 3: 24 items
[GD] HTTP 200 | CT=application/json; charset=utf-8 | page=4
[GD] page 4: 24 items
[GD] HTTP 200 | CT=application/json; charset=utf-8 | page=5
[GD] page 5: 24 items
[GD] total raw items before normalize: 120; unique kept: 113
[GD] normalized rows: 113
[GD] blocked by specialty/diesel filter: 107; passing: 6
[Proxibid] parsed 30 rows across 1 page(s)
[Renebates] found 57 events on index
[Renebates] event: City Of Miami, Florida secs=56821
[Renebates] City Of Miami, Florida -> 3 lots via https://renebates.com/a_list_2.php?id=249&cat=all
[Renebates] event: Wylie Auto Towing, Inc. Abandoned Impounded Vehicle Auction For Multiple Municipalities Located In Collin County, Texas secs=60417
[Renebates] Wylie Auto Towing, Inc. Abandoned Impounded Vehicle Auction For Multiple Municipalities Located In Collin County, Texas -> 60 lots via https://renebates.com/a_list_2.php?id=297&cat=all
[DEBUG] collected 25 listings from all sites (after filter)
[GD] HTTP 200 | CT=application/json; charset=utf-8 | page=1
[GD] page 1: 24 items
[GD] HTTP 200 | CT=application/json; charset=utf-8 | page=2
[GD] page 2: 24 items
[GD] HTTP 200 | CT=application/json; charset=utf-8 | page=3
[GD] page 3: 24 items
[GD] HTTP 200 | CT=application/json; charset=utf-8 | page=4
[GD] page 4: 24 items
[GD] HTTP 200 | CT=application/json; charset=utf-8 | page=5
[GD] page 5: 24 items
[GD] total raw items before normalize: 120; unique kept: 115
[GD] normalized rows: 115
[GD] blocked by specialty/diesel filter: 109; passing: 6
[Proxibid] parsed 30 rows across 1 page(s)
[Renebates] found 57 events on index
[Renebates] event: City Of Miami, Florida secs=56174
[Renebates] City Of Miami, Florida -> 3 lots via https://renebates.com/a_list_2.php?id=249&cat=all
[Renebates] event: Wylie Auto Towing, Inc. Abandoned Impounded Vehicle Auction For Multiple Municipalities Located In Collin County, Texas secs=59771
[Renebates] Wylie Auto Towing, Inc. Abandoned Impounded Vehicle Auction For Multiple Municipalities Located In Collin County, Texas -> 60 lots via https://renebates.com/a_list_2.php?id=297&cat=all
[DEBUG] collected 25 listings from all sites (after filter)
[GD] HTTP 200 | CT=application/json; charset=utf-8 | page=1
[GD] page 1: 24 items
[GD] HTTP 200 | CT=application/json; charset=utf-8 | page=2
[GD] page 2: 24 items
[GD] HTTP 200 | CT=application/json; charset=utf-8 | page=3
[GD] page 3: 24 items
[GD] HTTP 200 | CT=application/json; charset=utf-8 | page=4
[GD] page 4: 24 items
[GD] HTTP 200 | CT=application/json; charset=utf-8 | page=5
[GD] page 5: 24 items
[GD] total raw items before normalize: 120; unique kept: 115
[GD] normalized rows: 115
[GD] blocked by specialty/diesel filter: 109; passing: 6
[Proxibid] parsed 30 rows across 1 page(s)
[Renebates] found 57 events on index
[Renebates] event: City Of Miami, Florida secs=55519
[Renebates] City Of Miami, Florida -> 3 lots via https://renebates.com/a_list_2.php?id=249&cat=all
[Renebates] event: Wylie Auto Towing, Inc. Abandoned Impounded Vehicle Auction For Multiple Municipalities Located In Collin County, Texas secs=59117
[Renebates] Wylie Auto Towing, Inc. Abandoned Impounded Vehicle Auction For Multiple Municipalities Located In Collin County, Texas -> 60 lots via https://renebates.com/a_list_2.php?id=297&cat=all
[DEBUG] collected 25 listings from all sites (after filter)
[GD] HTTP 200 | CT=application/json; charset=utf-8 | page=1
[GD] page 1: 24 items
[GD] HTTP 200 | CT=application/json; charset=utf-8 | page=2
[GD] page 2: 24 items
[GD] HTTP 200 | CT=application/json; charset=utf-8 | page=3
[GD] page 3: 24 items
[GD] HTTP 200 | CT=application/json; charset=utf-8 | page=4
[GD] page 4: 24 items
[GD] HTTP 200 | CT=application/json; charset=utf-8 | page=5
[GD] page 5: 24 items
[GD] total raw items before normalize: 120; unique kept: 115
[GD] normalized rows: 115
[GD] blocked by specialty/diesel filter: 109; passing: 6
[Proxibid] parsed 30 rows across 1 page(s)
[Renebates] found 57 events on index
[Renebates] event: City Of Miami, Florida secs=54869
[Renebates] City Of Miami, Florida -> 3 lots via https://renebates.com/a_list_2.php?id=249&cat=all
[Renebates] event: Wylie Auto Towing, Inc. Abandoned Impounded Vehicle Auction For Multiple Municipalities Located In Collin County, Texas secs=58466
[Renebates] Wylie Auto Towing, Inc. Abandoned Impounded Vehicle Auction For Multiple Municipalities Located In Collin County, Texas -> 60 lots via https://renebates.com/a_list_2.php?id=297&cat=all
[DEBUG] collected 25 listings from all sites (after filter)
[GD] HTTP 200 | CT=application/json; charset=utf-8 | page=1
[GD] page 1: 24 items
[GD] HTTP 200 | CT=application/json; charset=utf-8 | page=2
[GD] page 2: 24 items
[GD] HTTP 200 | CT=application/json; charset=utf-8 | page=3
[GD] page 3: 24 items
[GD] HTTP 200 | CT=application/json; charset=utf-8 | page=4
[GD] page 4: 24 items
[GD] HTTP 200 | CT=application/json; charset=utf-8 | page=5
[GD] page 5: 24 items
[GD] total raw items before normalize: 120; unique kept: 114
[GD] normalized rows: 114
[GD] blocked by specialty/diesel filter: 108; passing: 6
[Proxibid] parsed 30 rows across 1 page(s)
[Renebates] found 57 events on index
[Renebates] event: City Of Miami, Florida secs=54210
[Renebates] City Of Miami, Florida -> 3 lots via https://renebates.com/a_list_2.php?id=249&cat=all
[Renebates] event: Wylie Auto Towing, Inc. Abandoned Impounded Vehicle Auction For Multiple Municipalities Located In Collin County, Texas secs=57808
[Renebates] Wylie Auto Towing, Inc. Abandoned Impounded Vehicle Auction For Multiple Municipalities Located In Collin County, Texas -> 60 lots via https://renebates.com/a_list_2.php?id=297&cat=all
[DEBUG] collected 25 listings from all sites (after filter)
[GD] HTTP 200 | CT=application/json; charset=utf-8 | page=1
[GD] page 1: 24 items
[GD] HTTP 200 | CT=application/json; charset=utf-8 | page=2
[GD] page 2: 24 items
[GD] HTTP 200 | CT=application/json; charset=utf-8 | page=3
[GD] page 3: 24 items
[GD] HTTP 200 | CT=application/json; charset=utf-8 | page=4
[GD] page 4: 24 items
[GD] HTTP 200 | CT=application/json; charset=utf-8 | page=5
[GD] page 5: 24 items
[GD] total raw items before normalize: 120; unique kept: 113
[GD] normalized rows: 113
[GD] blocked by specialty/diesel filter: 107; passing: 6
[Proxibid] parsed 30 rows across 1 page(s)
[Renebates] found 57 events on index
[Renebates] event: City Of Miami, Florida secs=53562
[Renebates] City Of Miami, Florida -> 3 lots via https://renebates.com/a_list_2.php?id=249&cat=all
[Renebates] event: Wylie Auto Towing, Inc. Abandoned Impounded Vehicle Auction For Multiple Municipalities Located In Collin County, Texas secs=57159
[Renebates] Wylie Auto Towing, Inc. Abandoned Impounded Vehicle Auction For Multiple Municipalities Located In Collin County, Texas -> 60 lots via https://renebates.com/a_list_2.php?id=297&cat=all
[DEBUG] collected 25 listings from all sites (after filter)
[GD] HTTP 200 | CT=application/json; charset=utf-8 | page=1
[GD] page 1: 24 items
[GD] HTTP 200 | CT=application/json; charset=utf-8 | page=2
[GD] page 2: 24 items
[GD] HTTP 200 | CT=application/json; charset=utf-8 | page=3
[GD] page 3: 24 items
[GD] HTTP 200 | CT=application/json; charset=utf-8 | page=4
[GD] page 4: 24 items
[GD] HTTP 200 | CT=application/json; charset=utf-8 | page=5
[GD] page 5: 24 items
[GD] total raw items before normalize: 120; unique kept: 113
[GD] normalized rows: 113
[GD] blocked by specialty/diesel filter: 107; passing: 6
[Proxibid] parsed 30 rows across 1 page(s)
[Renebates] found 57 events on index
[Renebates] event: City Of Miami, Florida secs=52920
[Renebates] City Of Miami, Florida -> 3 lots via https://renebates.com/a_list_2.php?id=249&cat=all
[Renebates] event: Wylie Auto Towing, Inc. Abandoned Impounded Vehicle Auction For Multiple Municipalities Located In Collin County, Texas secs=56517
[Renebates] Wylie Auto Towing, Inc. Abandoned Impounded Vehicle Auction For Multiple Municipalities Located In Collin County, Texas -> 60 lots via https://renebates.com/a_list_2.php?id=297&cat=all
[DEBUG] collected 25 listings from all sites (after filter)
[GD] HTTP 200 | CT=application/json; charset=utf-8 | page=1
[GD] page 1: 24 items
[GD] HTTP 200 | CT=application/json; charset=utf-8 | page=2
[GD] page 2: 24 items
[GD] HTTP 200 | CT=application/json; charset=utf-8 | page=3
[GD] page 3: 24 items
[GD] HTTP 200 | CT=application/json; charset=utf-8 | page=4
[GD] page 4: 24 items
[GD] HTTP 200 | CT=application/json; charset=utf-8 | page=5
[GD] page 5: 24 items
[GD] total raw items before normalize: 120; unique kept: 113
[GD] normalized rows: 113
[GD] blocked by specialty/diesel filter: 107; passing: 6
[Proxibid] parsed 30 rows across 1 page(s)
[Renebates] found 57 events on index
[Renebates] event: City Of Miami, Florida secs=52262
[Renebates] City Of Miami, Florida -> 3 lots via https://renebates.com/a_list_2.php?id=249&cat=all
[Renebates] event: Wylie Auto Towing, Inc. Abandoned Impounded Vehicle Auction For Multiple Municipalities Located In Collin County, Texas secs=55859
[Renebates] Wylie Auto Towing, Inc. Abandoned Impounded Vehicle Auction For Multiple Municipalities Located In Collin County, Texas -> 60 lots via https://renebates.com/a_list_2.php?id=297&cat=all
[DEBUG] collected 25 listings from all sites (after filter)
[GD] HTTP 200 | CT=application/json; charset=utf-8 | page=1
[GD] page 1: 24 items
[GD] HTTP 200 | CT=application/json; charset=utf-8 | page=2
[GD] page 2: 24 items
[GD] HTTP 200 | CT=application/json; charset=utf-8 | page=3
[GD] page 3: 24 items
[GD] HTTP 200 | CT=application/json; charset=utf-8 | page=4
[GD] page 4: 24 items
[GD] HTTP 200 | CT=application/json; charset=utf-8 | page=5
[GD] page 5: 24 items
[GD] total raw items before normalize: 120; unique kept: 113
[GD] normalized rows: 113
[GD] blocked by specialty/diesel filter: 107; passing: 6
[Proxibid] parsed 30 rows across 1 page(s)
[Renebates] found 57 events on index
[Renebates] event: City Of Miami, Florida secs=51609
[Renebates] City Of Miami, Florida -> 3 lots via https://renebates.com/a_list_2.php?id=249&cat=all
[Renebates] event: Wylie Auto Towing, Inc. Abandoned Impounded Vehicle Auction For Multiple Municipalities Located In Collin County, Texas secs=55206
[Renebates] Wylie Auto Towing, Inc. Abandoned Impounded Vehicle Auction For Multiple Municipalities Located In Collin County, Texas -> 60 lots via https://renebates.com/a_list_2.php?id=297&cat=all
[DEBUG] collected 25 listings from all sites (after filter)
[GD] HTTP 200 | CT=application/json; charset=utf-8 | page=1
[GD] page 1: 24 items
[GD] HTTP 200 | CT=application/json; charset=utf-8 | page=2
[GD] page 2: 24 items
[GD] HTTP 200 | CT=application/json; charset=utf-8 | page=3
[GD] page 3: 24 items
[GD] HTTP 200 | CT=application/json; charset=utf-8 | page=4
[GD] page 4: 24 items
[GD] HTTP 200 | CT=application/json; charset=utf-8 | page=5
[GD] page 5: 24 items
[GD] total raw items before normalize: 120; unique kept: 114
[GD] normalized rows: 114
[GD] blocked by specialty/diesel filter: 109; passing: 5
[Proxibid] parsed 30 rows across 1 page(s)
[Renebates] found 57 events on index
[Renebates] event: City Of Miami, Florida secs=50965
[Renebates] City Of Miami, Florida -> 3 lots via https://renebates.com/a_list_2.php?id=249&cat=all
[Renebates] event: Wylie Auto Towing, Inc. Abandoned Impounded Vehicle Auction For Multiple Municipalities Located In Collin County, Texas secs=54563
[Renebates] Wylie Auto Towing, Inc. Abandoned Impounded Vehicle Auction For Multiple Municipalities Located In Collin County, Texas -> 60 lots via https://renebates.com/a_list_2.php?id=297&cat=all
[DEBUG] collected 24 listings from all sites (after filter)
[GD] HTTP 200 | CT=application/json; charset=utf-8 | page=1
[GD] page 1: 24 items
[GD] HTTP 200 | CT=application/json; charset=utf-8 | page=2
[GD] page 2: 24 items
[GD] HTTP 200 | CT=application/json; charset=utf-8 | page=3
[GD] page 3: 24 items
[GD] HTTP 200 | CT=application/json; charset=utf-8 | page=4
[GD] page 4: 24 items
[GD] HTTP 200 | CT=application/json; charset=utf-8 | page=5
[GD] page 5: 24 items
[GD] total raw items before normalize: 120; unique kept: 114
[GD] normalized rows: 114
[GD] blocked by specialty/diesel filter: 109; passing: 5
[Proxibid] parsed 30 rows across 1 page(s)
[Renebates] found 57 events on index
[Renebates] event: City Of Miami, Florida secs=50314
[Renebates] City Of Miami, Florida -> 3 lots via https://renebates.com/a_list_2.php?id=249&cat=all
[Renebates] event: Wylie Auto Towing, Inc. Abandoned Impounded Vehicle Auction For Multiple Municipalities Located In Collin County, Texas secs=53911
[Renebates] Wylie Auto Towing, Inc. Abandoned Impounded Vehicle Auction For Multiple Municipalities Located In Collin County, Texas -> 60 lots via https://renebates.com/a_list_2.php?id=297&cat=all
[DEBUG] collected 24 listings from all sites (after filter)
[GD] HTTP 200 | CT=application/json; charset=utf-8 | page=1
[GD] page 1: 24 items
[GD] HTTP 200 | CT=application/json; charset=utf-8 | page=2
[GD] page 2: 24 items
[GD] HTTP 200 | CT=application/json; charset=utf-8 | page=3
[GD] page 3: 24 items
[GD] HTTP 200 | CT=application/json; charset=utf-8 | page=4
[GD] page 4: 24 items
[GD] HTTP 200 | CT=application/json; charset=utf-8 | page=5
[GD] page 5: 24 items
[GD] total raw items before normalize: 120; unique kept: 112
[GD] normalized rows: 112
[GD] blocked by specialty/diesel filter: 107; passing: 5
[Proxibid] parsed 30 rows across 1 page(s)
[Renebates] found 57 events on index
[Renebates] event: City Of Miami, Florida secs=49659
[Renebates] City Of Miami, Florida -> 3 lots via https://renebates.com/a_list_2.php?id=249&cat=all
[Renebates] event: Wylie Auto Towing, Inc. Abandoned Impounded Vehicle Auction For Multiple Municipalities Located In Collin County, Texas secs=53256
[Renebates] Wylie Auto Towing, Inc. Abandoned Impounded Vehicle Auction For Multiple Municipalities Located In Collin County, Texas -> 60 lots via https://renebates.com/a_list_2.php?id=297&cat=all
[DEBUG] collected 24 listings from all sites (after filter)
[GD] HTTP 200 | CT=application/json; charset=utf-8 | page=1
[GD] page 1: 24 items
[GD] HTTP 200 | CT=application/json; charset=utf-8 | page=2
[GD] page 2: 24 items
[GD] HTTP 200 | CT=application/json; charset=utf-8 | page=3
[GD] page 3: 24 items
[GD] HTTP 200 | CT=application/json; charset=utf-8 | page=4
[GD] page 4: 24 items
[GD] HTTP 200 | CT=application/json; charset=utf-8 | page=5
[GD] page 5: 24 items
[GD] total raw items before normalize: 120; unique kept: 112
[GD] normalized rows: 112
[GD] blocked by specialty/diesel filter: 107; passing: 5
[Proxibid] parsed 30 rows across 1 page(s)
[Renebates] found 57 events on index
[Renebates] event: City Of Miami, Florida secs=49002
[Renebates] City Of Miami, Florida -> 3 lots via https://renebates.com/a_list_2.php?id=249&cat=all
[Renebates] event: Wylie Auto Towing, Inc. Abandoned Impounded Vehicle Auction For Multiple Municipalities Located In Collin County, Texas secs=52599
[Renebates] Wylie Auto Towing, Inc. Abandoned Impounded Vehicle Auction For Multiple Municipalities Located In Collin County, Texas -> 60 lots via https://renebates.com/a_list_2.php?id=297&cat=all
[DEBUG] collected 24 listings from all sites (after filter)
[GD] HTTP 200 | CT=application/json; charset=utf-8 | page=1
[GD] page 1: 24 items
[GD] HTTP 200 | CT=application/json; charset=utf-8 | page=2
[GD] page 2: 24 items
[GD] HTTP 200 | CT=application/json; charset=utf-8 | page=3
[GD] page 3: 24 items
[GD] HTTP 200 | CT=application/json; charset=utf-8 | page=4
[GD] page 4: 24 items
[GD] HTTP 200 | CT=application/json; charset=utf-8 | page=5
[GD] page 5: 24 items
[GD] total raw items before normalize: 120; unique kept: 112
[GD] normalized rows: 112
[GD] blocked by specialty/diesel filter: 107; passing: 5
[Proxibid] parsed 30 rows across 1 page(s)
[Renebates] found 57 events on index
[Renebates] event: City Of Miami, Florida secs=48356
[Renebates] City Of Miami, Florida -> 3 lots via https://renebates.com/a_list_2.php?id=249&cat=all
[Renebates] event: Wylie Auto Towing, Inc. Abandoned Impounded Vehicle Auction For Multiple Municipalities Located In Collin County, Texas secs=51953
[Renebates] Wylie Auto Towing, Inc. Abandoned Impounded Vehicle Auction For Multiple Municipalities Located In Collin County, Texas -> 60 lots via https://renebates.com/a_list_2.php?id=297&cat=all
[DEBUG] collected 24 listings from all sites (after filter)
[GD] HTTP 200 | CT=application/json; charset=utf-8 | page=1
[GD] page 1: 24 items
[GD] HTTP 200 | CT=application/json; charset=utf-8 | page=2
[GD] page 2: 24 items
[GD] HTTP 200 | CT=application/json; charset=utf-8 | page=3
[GD] page 3: 24 items
[GD] HTTP 200 | CT=application/json; charset=utf-8 | page=4
[GD] page 4: 24 items
[GD] HTTP 200 | CT=application/json; charset=utf-8 | page=5
[GD] page 5: 24 items
[GD] total raw items before normalize: 120; unique kept: 112
[GD] normalized rows: 112
[GD] blocked by specialty/diesel filter: 107; passing: 5
[Proxibid] parsed 30 rows across 1 page(s)
[Renebates] found 57 events on index
[Renebates] event: City Of Miami, Florida secs=47703
[Renebates] City Of Miami, Florida -> 3 lots via https://renebates.com/a_list_2.php?id=249&cat=all
[Renebates] event: Wylie Auto Towing, Inc. Abandoned Impounded Vehicle Auction For Multiple Municipalities Located In Collin County, Texas secs=51300
[Renebates] Wylie Auto Towing, Inc. Abandoned Impounded Vehicle Auction For Multiple Municipalities Located In Collin County, Texas -> 60 lots via https://renebates.com/a_list_2.php?id=297&cat=all
[DEBUG] collected 24 listings from all sites (after filter)
[GD] HTTP 200 | CT=application/json; charset=utf-8 | page=1
[GD] page 1: 24 items
[GD] HTTP 200 | CT=application/json; charset=utf-8 | page=2
[GD] page 2: 24 items
[GD] HTTP 200 | CT=application/json; charset=utf-8 | page=3
[GD] page 3: 24 items
[GD] HTTP 200 | CT=application/json; charset=utf-8 | page=4
[GD] page 4: 24 items
[GD] HTTP 200 | CT=application/json; charset=utf-8 | page=5
[GD] page 5: 24 items
[GD] total raw items before normalize: 120; unique kept: 112
[GD] normalized rows: 112
[GD] blocked by specialty/diesel filter: 107; passing: 5
[Proxibid] parsed 30 rows across 1 page(s)
[Renebates] found 57 events on index
[Renebates] event: City Of Miami, Florida secs=47058
[Renebates] City Of Miami, Florida -> 3 lots via https://renebates.com/a_list_2.php?id=249&cat=all
[Renebates] event: Wylie Auto Towing, Inc. Abandoned Impounded Vehicle Auction For Multiple Municipalities Located In Collin County, Texas secs=50655
[Renebates] Wylie Auto Towing, Inc. Abandoned Impounded Vehicle Auction For Multiple Municipalities Located In Collin County, Texas -> 60 lots via https://renebates.com/a_list_2.php?id=297&cat=all
[DEBUG] collected 24 listings from all sites (after filter)
[GD] HTTP 200 | CT=application/json; charset=utf-8 | page=1
[GD] page 1: 24 items
[GD] HTTP 200 | CT=application/json; charset=utf-8 | page=2
[GD] page 2: 24 items
[GD] HTTP 200 | CT=application/json; charset=utf-8 | page=3
[GD] page 3: 24 items
[GD] HTTP 200 | CT=application/json; charset=utf-8 | page=4
[GD] page 4: 24 items
[GD] HTTP 200 | CT=application/json; charset=utf-8 | page=5
[GD] page 5: 24 items
[GD] total raw items before normalize: 120; unique kept: 112
[GD] normalized rows: 112
[GD] blocked by specialty/diesel filter: 107; passing: 5
[Proxibid] parsed 30 rows across 1 page(s)
[Renebates] found 57 events on index
[Renebates] event: City Of Miami, Florida secs=46405
[Renebates] City Of Miami, Florida -> 3 lots via https://renebates.com/a_list_2.php?id=249&cat=all
[Renebates] event: Wylie Auto Towing, Inc. Abandoned Impounded Vehicle Auction For Multiple Municipalities Located In Collin County, Texas secs=50002
[Renebates] Wylie Auto Towing, Inc. Abandoned Impounded Vehicle Auction For Multiple Municipalities Located In Collin County, Texas -> 60 lots via https://renebates.com/a_list_2.php?id=297&cat=all
[DEBUG] collected 24 listings from all sites (after filter)
[GD] HTTP 200 | CT=application/json; charset=utf-8 | page=1
[GD] page 1: 24 items
[GD] HTTP 200 | CT=application/json; charset=utf-8 | page=2
[GD] page 2: 24 items
[GD] HTTP 200 | CT=application/json; charset=utf-8 | page=3
[GD] page 3: 24 items
[GD] HTTP 200 | CT=application/json; charset=utf-8 | page=4
[GD] page 4: 24 items
[GD] HTTP 200 | CT=application/json; charset=utf-8 | page=5
[GD] page 5: 24 items
[GD] total raw items before normalize: 120; unique kept: 112
[GD] normalized rows: 112
[GD] blocked by specialty/diesel filter: 107; passing: 5
[Proxibid] parsed 30 rows across 1 page(s)
[Renebates] found 57 events on index
[Renebates] event: City Of Miami, Florida secs=45761
[Renebates] City Of Miami, Florida -> 3 lots via https://renebates.com/a_list_2.php?id=249&cat=all
[Renebates] event: Wylie Auto Towing, Inc. Abandoned Impounded Vehicle Auction For Multiple Municipalities Located In Collin County, Texas secs=49358
[Renebates] Wylie Auto Towing, Inc. Abandoned Impounded Vehicle Auction For Multiple Municipalities Located In Collin County, Texas -> 60 lots via https://renebates.com/a_list_2.php?id=297&cat=all
[DEBUG] collected 24 listings from all sites (after filter)
[GD] HTTP 200 | CT=application/json; charset=utf-8 | page=1
[GD] page 1: 24 items
[GD] HTTP 200 | CT=application/json; charset=utf-8 | page=2
[GD] page 2: 24 items
[GD] HTTP 200 | CT=application/json; charset=utf-8 | page=3
[GD] page 3: 24 items
[GD] HTTP 200 | CT=application/json; charset=utf-8 | page=4
[GD] page 4: 24 items
[GD] HTTP 200 | CT=application/json; charset=utf-8 | page=5
[GD] page 5: 24 items
[GD] total raw items before normalize: 120; unique kept: 112
[GD] normalized rows: 112
[GD] blocked by specialty/diesel filter: 107; passing: 5
[Proxibid] parsed 30 rows across 1 page(s)
[Renebates] found 57 events on index
[Renebates] event: City Of Miami, Florida secs=45110
[Renebates] City Of Miami, Florida -> 3 lots via https://renebates.com/a_list_2.php?id=249&cat=all
[Renebates] event: Wylie Auto Towing, Inc. Abandoned Impounded Vehicle Auction For Multiple Municipalities Located In Collin County, Texas secs=48707
[Renebates] Wylie Auto Towing, Inc. Abandoned Impounded Vehicle Auction For Multiple Municipalities Located In Collin County, Texas -> 60 lots via https://renebates.com/a_list_2.php?id=297&cat=all
[DEBUG] collected 24 listings from all sites (after filter)
[GD] HTTP 200 | CT=application/json; charset=utf-8 | page=1
[GD] page 1: 24 items
[GD] HTTP 200 | CT=application/json; charset=utf-8 | page=2
[GD] page 2: 24 items
[GD] HTTP 200 | CT=application/json; charset=utf-8 | page=3
[GD] page 3: 24 items
[GD] HTTP 200 | CT=application/json; charset=utf-8 | page=4
[GD] page 4: 24 items
[GD] HTTP 200 | CT=application/json; charset=utf-8 | page=5
[GD] page 5: 24 items
[GD] total raw items before normalize: 120; unique kept: 112
[GD] normalized rows: 112
[GD] blocked by specialty/diesel filter: 107; passing: 5
[Proxibid] parsed 30 rows across 1 page(s)
[Renebates] found 57 events on index
[Renebates] event: City Of Miami, Florida secs=44463
[Renebates] City Of Miami, Florida -> 3 lots via https://renebates.com/a_list_2.php?id=249&cat=all
[Renebates] event: Wylie Auto Towing, Inc. Abandoned Impounded Vehicle Auction For Multiple Municipalities Located In Collin County, Texas secs=48059
[Renebates] Wylie Auto Towing, Inc. Abandoned Impounded Vehicle Auction For Multiple Municipalities Located In Collin County, Texas -> 60 lots via https://renebates.com/a_list_2.php?id=297&cat=all
[DEBUG] collected 24 listings from all sites (after filter)
[GD] HTTP 200 | CT=application/json; charset=utf-8 | page=1
[GD] page 1: 24 items
[GD] HTTP 200 | CT=application/json; charset=utf-8 | page=2
[GD] page 2: 24 items
[GD] HTTP 200 | CT=application/json; charset=utf-8 | page=3
[GD] page 3: 24 items
[GD] HTTP 200 | CT=application/json; charset=utf-8 | page=4
[GD] page 4: 24 items
[GD] HTTP 200 | CT=application/json; charset=utf-8 | page=5
[GD] page 5: 24 items
[GD] total raw items before normalize: 120; unique kept: 112
[GD] normalized rows: 112
[GD] blocked by specialty/diesel filter: 107; passing: 5
[Proxibid] parsed 30 rows across 1 page(s)
[Renebates] found 57 events on index
[Renebates] event: City Of Miami, Florida secs=43810
[Renebates] City Of Miami, Florida -> 3 lots via https://renebates.com/a_list_2.php?id=249&cat=all
[Renebates] event: Wylie Auto Towing, Inc. Abandoned Impounded Vehicle Auction For Multiple Municipalities Located In Collin County, Texas secs=47406
[Renebates] Wylie Auto Towing, Inc. Abandoned Impounded Vehicle Auction For Multiple Municipalities Located In Collin County, Texas -> 60 lots via https://renebates.com/a_list_2.php?id=297&cat=all
[DEBUG] collected 24 listings from all sites (after filter)
[GD] HTTP 200 | CT=application/json; charset=utf-8 | page=1
[GD] page 1: 24 items
[GD] HTTP 200 | CT=application/json; charset=utf-8 | page=2
[GD] page 2: 24 items
[GD] HTTP 200 | CT=application/json; charset=utf-8 | page=3
[GD] page 3: 24 items
[GD] HTTP 200 | CT=application/json; charset=utf-8 | page=4
[GD] page 4: 24 items
[GD] HTTP 200 | CT=application/json; charset=utf-8 | page=5
[GD] page 5: 24 items
[GD] total raw items before normalize: 120; unique kept: 112
[GD] normalized rows: 112
[GD] blocked by specialty/diesel filter: 107; passing: 5
[Proxibid] parsed 30 rows across 1 page(s)
[Renebates] found 57 events on index
[Renebates] event: City Of Miami, Florida secs=43154
[Renebates] City Of Miami, Florida -> 3 lots via https://renebates.com/a_list_2.php?id=249&cat=all
[Renebates] event: Wylie Auto Towing, Inc. Abandoned Impounded Vehicle Auction For Multiple Municipalities Located In Collin County, Texas secs=46750
[Renebates] Wylie Auto Towing, Inc. Abandoned Impounded Vehicle Auction For Multiple Municipalities Located In Collin County, Texas -> 60 lots via https://renebates.com/a_list_2.php?id=297&cat=all
[DEBUG] collected 24 listings from all sites (after filter)
[GD] HTTP 200 | CT=application/json; charset=utf-8 | page=1
[GD] page 1: 24 items
[GD] HTTP 200 | CT=application/json; charset=utf-8 | page=2
[GD] page 2: 24 items
[GD] HTTP 200 | CT=application/json; charset=utf-8 | page=3
[GD] page 3: 24 items
[GD] HTTP 200 | CT=application/json; charset=utf-8 | page=4
[GD] page 4: 24 items
[GD] HTTP 200 | CT=application/json; charset=utf-8 | page=5
[GD] page 5: 24 items
[GD] total raw items before normalize: 120; unique kept: 112
[GD] normalized rows: 112
[GD] blocked by specialty/diesel filter: 107; passing: 5
[Proxibid] parsed 30 rows across 1 page(s)
[Renebates] found 57 events on index
[Renebates] event: City Of Miami, Florida secs=42503
[Renebates] City Of Miami, Florida -> 3 lots via https://renebates.com/a_list_2.php?id=249&cat=all
[Renebates] event: Wylie Auto Towing, Inc. Abandoned Impounded Vehicle Auction For Multiple Municipalities Located In Collin County, Texas secs=46100
[Renebates] Wylie Auto Towing, Inc. Abandoned Impounded Vehicle Auction For Multiple Municipalities Located In Collin County, Texas -> 60 lots via https://renebates.com/a_list_2.php?id=297&cat=all
[DEBUG] collected 24 listings from all sites (after filter)
[GD] HTTP 200 | CT=application/json; charset=utf-8 | page=1
[GD] page 1: 24 items
[GD] HTTP 200 | CT=application/json; charset=utf-8 | page=2
[GD] page 2: 24 items
[GD] HTTP 200 | CT=application/json; charset=utf-8 | page=3
[GD] page 3: 24 items
[GD] HTTP 200 | CT=application/json; charset=utf-8 | page=4
[GD] page 4: 24 items
[GD] HTTP 200 | CT=application/json; charset=utf-8 | page=5
[GD] page 5: 24 items
[GD] total raw items before normalize: 120; unique kept: 112
[GD] normalized rows: 112
[GD] blocked by specialty/diesel filter: 107; passing: 5
[Proxibid] parsed 30 rows across 1 page(s)
[Renebates] found 57 events on index
[Renebates] event: City Of Miami, Florida secs=41864
[Renebates] City Of Miami, Florida -> 3 lots via https://renebates.com/a_list_2.php?id=249&cat=all
[Renebates] event: Wylie Auto Towing, Inc. Abandoned Impounded Vehicle Auction For Multiple Municipalities Located In Collin County, Texas secs=45461
[Renebates] Wylie Auto Towing, Inc. Abandoned Impounded Vehicle Auction For Multiple Municipalities Located In Collin County, Texas -> 60 lots via https://renebates.com/a_list_2.php?id=297&cat=all
[DEBUG] collected 24 listings from all sites (after filter)
[GD] HTTP 200 | CT=application/json; charset=utf-8 | page=1
[GD] page 1: 24 items
[GD] HTTP 200 | CT=application/json; charset=utf-8 | page=2
[GD] page 2: 24 items
[GD] HTTP 200 | CT=application/json; charset=utf-8 | page=3
[GD] page 3: 24 items
[GD] HTTP 200 | CT=application/json; charset=utf-8 | page=4
[GD] page 4: 24 items
[GD] HTTP 200 | CT=application/json; charset=utf-8 | page=5
[GD] page 5: 24 items
[GD] total raw items before normalize: 120; unique kept: 112
[GD] normalized rows: 112
[GD] blocked by specialty/diesel filter: 107; passing: 5
[Proxibid] parsed 30 rows across 1 page(s)
[Renebates] found 57 events on index
[Renebates] event: City Of Miami, Florida secs=41210
[Renebates] City Of Miami, Florida -> 3 lots via https://renebates.com/a_list_2.php?id=249&cat=all
[Renebates] event: Wylie Auto Towing, Inc. Abandoned Impounded Vehicle Auction For Multiple Municipalities Located In Collin County, Texas secs=44807
[Renebates] Wylie Auto Towing, Inc. Abandoned Impounded Vehicle Auction For Multiple Municipalities Located In Collin County, Texas -> 60 lots via https://renebates.com/a_list_2.php?id=297&cat=all
[DEBUG] collected 24 listings from all sites (after filter)
[GD] HTTP 200 | CT=application/json; charset=utf-8 | page=1
[GD] page 1: 24 items
[GD] HTTP 200 | CT=application/json; charset=utf-8 | page=2
[GD] page 2: 24 items
[GD] HTTP 200 | CT=application/json; charset=utf-8 | page=3
[GD] page 3: 24 items
[GD] HTTP 200 | CT=application/json; charset=utf-8 | page=4
[GD] page 4: 24 items
[GD] HTTP 200 | CT=application/json; charset=utf-8 | page=5
[GD] page 5: 24 items
[GD] total raw items before normalize: 120; unique kept: 112
[GD] normalized rows: 112
[GD] blocked by specialty/diesel filter: 107; passing: 5
[Proxibid] parsed 30 rows across 1 page(s)
[Renebates] found 57 events on index
[Renebates] event: City Of Miami, Florida secs=40561
[Renebates] City Of Miami, Florida -> 3 lots via https://renebates.com/a_list_2.php?id=249&cat=all
[Renebates] event: Wylie Auto Towing, Inc. Abandoned Impounded Vehicle Auction For Multiple Municipalities Located In Collin County, Texas secs=44159
[Renebates] Wylie Auto Towing, Inc. Abandoned Impounded Vehicle Auction For Multiple Municipalities Located In Collin County, Texas -> 60 lots via https://renebates.com/a_list_2.php?id=297&cat=all
[DEBUG] collected 24 listings from all sites (after filter)
[GD] HTTP 200 | CT=application/json; charset=utf-8 | page=1
[GD] page 1: 24 items
[GD] HTTP 200 | CT=application/json; charset=utf-8 | page=2
[GD] page 2: 24 items
[GD] HTTP 200 | CT=application/json; charset=utf-8 | page=3
[GD] page 3: 24 items
[GD] HTTP 200 | CT=application/json; charset=utf-8 | page=4
[GD] page 4: 24 items
[GD] HTTP 200 | CT=application/json; charset=utf-8 | page=5
[GD] page 5: 24 items
[GD] total raw items before normalize: 120; unique kept: 112
[GD] normalized rows: 112
[GD] blocked by specialty/diesel filter: 107; passing: 5
[Proxibid] parsed 30 rows across 1 page(s)
[Renebates] found 57 events on index
[Renebates] event: City Of Miami, Florida secs=39918
[Renebates] City Of Miami, Florida -> 3 lots via https://renebates.com/a_list_2.php?id=249&cat=all
[Renebates] event: Wylie Auto Towing, Inc. Abandoned Impounded Vehicle Auction For Multiple Municipalities Located In Collin County, Texas secs=43515
[Renebates] Wylie Auto Towing, Inc. Abandoned Impounded Vehicle Auction For Multiple Municipalities Located In Collin County, Texas -> 60 lots via https://renebates.com/a_list_2.php?id=297&cat=all
[DEBUG] collected 24 listings from all sites (after filter)
[GD] HTTP 200 | CT=application/json; charset=utf-8 | page=1
[GD] page 1: 24 items
[GD] HTTP 200 | CT=application/json; charset=utf-8 | page=2
[GD] page 2: 24 items
[GD] HTTP 200 | CT=application/json; charset=utf-8 | page=3
[GD] page 3: 24 items
[GD] HTTP 200 | CT=application/json; charset=utf-8 | page=4
[GD] page 4: 24 items
[GD] HTTP 200 | CT=application/json; charset=utf-8 | page=5
[GD] page 5: 24 items
[GD] total raw items before normalize: 120; unique kept: 112
[GD] normalized rows: 112
[GD] blocked by specialty/diesel filter: 107; passing: 5
[Proxibid] parsed 30 rows across 1 page(s)
[Renebates] found 57 events on index
[Renebates] event: City Of Miami, Florida secs=39264
[Renebates] City Of Miami, Florida -> 3 lots via https://renebates.com/a_list_2.php?id=249&cat=all
[Renebates] event: Wylie Auto Towing, Inc. Abandoned Impounded Vehicle Auction For Multiple Municipalities Located In Collin County, Texas secs=42860
[Renebates] Wylie Auto Towing, Inc. Abandoned Impounded Vehicle Auction For Multiple Municipalities Located In Collin County, Texas -> 60 lots via https://renebates.com/a_list_2.php?id=297&cat=all
[DEBUG] collected 24 listings from all sites (after filter)
[GD] HTTP 200 | CT=application/json; charset=utf-8 | page=1
[GD] page 1: 24 items
[GD] HTTP 200 | CT=application/json; charset=utf-8 | page=2
[GD] page 2: 24 items
[GD] HTTP 200 | CT=application/json; charset=utf-8 | page=3
[GD] page 3: 24 items
[GD] HTTP 200 | CT=application/json; charset=utf-8 | page=4
[GD] page 4: 24 items
[GD] HTTP 200 | CT=application/json; charset=utf-8 | page=5
[GD] page 5: 24 items
[GD] total raw items before normalize: 120; unique kept: 112
[GD] normalized rows: 112
[GD] blocked by specialty/diesel filter: 107; passing: 5
[Proxibid] parsed 30 rows across 1 page(s)
[Renebates] found 57 events on index
[Renebates] event: City Of Miami, Florida secs=38621
[Renebates] City Of Miami, Florida -> 3 lots via https://renebates.com/a_list_2.php?id=249&cat=all
[Renebates] event: Wylie Auto Towing, Inc. Abandoned Impounded Vehicle Auction For Multiple Municipalities Located In Collin County, Texas secs=42216
[Renebates] Wylie Auto Towing, Inc. Abandoned Impounded Vehicle Auction For Multiple Municipalities Located In Collin County, Texas -> 60 lots via https://renebates.com/a_list_2.php?id=297&cat=all
[DEBUG] collected 24 listings from all sites (after filter)
[GD] HTTP 200 | CT=application/json; charset=utf-8 | page=1
[GD] page 1: 24 items
[GD] HTTP 200 | CT=application/json; charset=utf-8 | page=2
[GD] page 2: 24 items
[GD] HTTP 200 | CT=application/json; charset=utf-8 | page=3
[GD] page 3: 24 items
[GD] HTTP 200 | CT=application/json; charset=utf-8 | page=4
[GD] page 4: 24 items
[GD] HTTP 200 | CT=application/json; charset=utf-8 | page=5
[GD] page 5: 24 items
[GD] total raw items before normalize: 120; unique kept: 112
[GD] normalized rows: 112
[GD] blocked by specialty/diesel filter: 107; passing: 5
[Proxibid] parsed 30 rows across 1 page(s)
[Renebates] found 57 events on index
[Renebates] event: City Of Miami, Florida secs=37973
[Renebates] City Of Miami, Florida -> 3 lots via https://renebates.com/a_list_2.php?id=249&cat=all
[Renebates] event: Wylie Auto Towing, Inc. Abandoned Impounded Vehicle Auction For Multiple Municipalities Located In Collin County, Texas secs=41570
[Renebates] Wylie Auto Towing, Inc. Abandoned Impounded Vehicle Auction For Multiple Municipalities Located In Collin County, Texas -> 60 lots via https://renebates.com/a_list_2.php?id=297&cat=all
[DEBUG] collected 24 listings from all sites (after filter)
❌ SMS failed: HTTP 401 error: Unable to create record: Authenticate
💓 Healthcheck SMS sent.
[GD] HTTP 200 | CT=application/json; charset=utf-8 | page=1
[GD] page 1: 24 items
[GD] HTTP 200 | CT=application/json; charset=utf-8 | page=2
[GD] page 2: 24 items
[GD] HTTP 200 | CT=application/json; charset=utf-8 | page=3
[GD] page 3: 24 items
[GD] HTTP 200 | CT=application/json; charset=utf-8 | page=4
[GD] page 4: 24 items
[GD] HTTP 200 | CT=application/json; charset=utf-8 | page=5
[GD] page 5: 24 items
[GD] total raw items before normalize: 120; unique kept: 112
[GD] normalized rows: 112
[GD] blocked by specialty/diesel filter: 107; passing: 5
[Proxibid] parsed 30 rows across 1 page(s)
[Renebates] found 57 events on index
[Renebates] event: City Of Miami, Florida secs=37317
[Renebates] City Of Miami, Florida -> 3 lots via https://renebates.com/a_list_2.php?id=249&cat=all
[Renebates] event: Wylie Auto Towing, Inc. Abandoned Impounded Vehicle Auction For Multiple Municipalities Located In Collin County, Texas secs=40914
[Renebates] Wylie Auto Towing, Inc. Abandoned Impounded Vehicle Auction For Multiple Municipalities Located In Collin County, Texas -> 60 lots via https://renebates.com/a_list_2.php?id=297&cat=all
[DEBUG] collected 24 listings from all sites (after filter)
[GD] HTTP 200 | CT=application/json; charset=utf-8 | page=1
[GD] page 1: 24 items
[GD] HTTP 200 | CT=application/json; charset=utf-8 | page=2
[GD] page 2: 24 items
[GD] HTTP 200 | CT=application/json; charset=utf-8 | page=3
[GD] page 3: 24 items
[GD] HTTP 200 | CT=application/json; charset=utf-8 | page=4
[GD] page 4: 24 items
[GD] HTTP 200 | CT=application/json; charset=utf-8 | page=5
[GD] page 5: 24 items
[GD] total raw items before normalize: 120; unique kept: 112
[GD] normalized rows: 112
[GD] blocked by specialty/diesel filter: 107; passing: 5
[Proxibid] parsed 30 rows across 1 page(s)
[Renebates] found 57 events on index
[Renebates] event: City Of Miami, Florida secs=36673
[Renebates] City Of Miami, Florida -> 3 lots via https://renebates.com/a_list_2.php?id=249&cat=all
[Renebates] event: Wylie Auto Towing, Inc. Abandoned Impounded Vehicle Auction For Multiple Municipalities Located In Collin County, Texas secs=40270
[Renebates] Wylie Auto Towing, Inc. Abandoned Impounded Vehicle Auction For Multiple Municipalities Located In Collin County, Texas -> 60 lots via https://renebates.com/a_list_2.php?id=297&cat=all
[DEBUG] collected 24 listings from all sites (after filter)
[GD] HTTP 200 | CT=application/json; charset=utf-8 | page=1
[GD] page 1: 24 items
[GD] HTTP 200 | CT=application/json; charset=utf-8 | page=2
[GD] page 2: 24 items
[GD] HTTP 200 | CT=application/json; charset=utf-8 | page=3
[GD] page 3: 24 items
[GD] HTTP 200 | CT=application/json; charset=utf-8 | page=4
[GD] page 4: 24 items
[GD] HTTP 200 | CT=application/json; charset=utf-8 | page=5
[GD] page 5: 24 items
[GD] total raw items before normalize: 120; unique kept: 112
[GD] normalized rows: 112
[GD] blocked by specialty/diesel filter: 107; passing: 5
[Proxibid] parsed 30 rows across 1 page(s)
[Renebates] found 57 events on index
[Renebates] event: City Of Miami, Florida secs=36024
[Renebates] City Of Miami, Florida -> 3 lots via https://renebates.com/a_list_2.php?id=249&cat=all
[Renebates] event: Wylie Auto Towing, Inc. Abandoned Impounded Vehicle Auction For Multiple Municipalities Located In Collin County, Texas secs=39621
[Renebates] Wylie Auto Towing, Inc. Abandoned Impounded Vehicle Auction For Multiple Municipalities Located In Collin County, Texas -> 60 lots via https://renebates.com/a_list_2.php?id=297&cat=all
[DEBUG] collected 24 listings from all sites (after filter)
[GD] HTTP 200 | CT=application/json; charset=utf-8 | page=1
[GD] page 1: 24 items
[GD] HTTP 200 | CT=application/json; charset=utf-8 | page=2
[GD] page 2: 24 items
[GD] HTTP 200 | CT=application/json; charset=utf-8 | page=3
[GD] page 3: 24 items
[GD] HTTP 200 | CT=application/json; charset=utf-8 | page=4
[GD] page 4: 24 items
[GD] HTTP 200 | CT=application/json; charset=utf-8 | page=5
[GD] page 5: 24 items
[GD] total raw items before normalize: 120; unique kept: 112
[GD] normalized rows: 112
[GD] blocked by specialty/diesel filter: 107; passing: 5
[Proxibid] parsed 30 rows across 1 page(s)
[Renebates] found 57 events on index
[Renebates] event: City Of Miami, Florida secs=35378
[Renebates] City Of Miami, Florida -> 3 lots via https://renebates.com/a_list_2.php?id=249&cat=all
[Renebates] event: Wylie Auto Towing, Inc. Abandoned Impounded Vehicle Auction For Multiple Municipalities Located In Collin County, Texas secs=38975
[Renebates] Wylie Auto Towing, Inc. Abandoned Impounded Vehicle Auction For Multiple Municipalities Located In Collin County, Texas -> 60 lots via https://renebates.com/a_list_2.php?id=297&cat=all
[DEBUG] collected 24 listings from all sites (after filter)
[GD] HTTP 200 | CT=application/json; charset=utf-8 | page=1
[GD] page 1: 24 items
[GD] HTTP 200 | CT=application/json; charset=utf-8 | page=2
[GD] page 2: 24 items
[GD] HTTP 200 | CT=application/json; charset=utf-8 | page=3
[GD] page 3: 24 items
[GD] HTTP 200 | CT=application/json; charset=utf-8 | page=4
[GD] page 4: 24 items
[GD] HTTP 200 | CT=application/json; charset=utf-8 | page=5
[GD] page 5: 24 items
[GD] total raw items before normalize: 120; unique kept: 112
[GD] normalized rows: 112
[GD] blocked by specialty/diesel filter: 107; passing: 5
[Proxibid] parsed 30 rows across 1 page(s)
[Renebates] found 57 events on index
[Renebates] event: City Of Miami, Florida secs=34726
[Renebates] City Of Miami, Florida -> 3 lots via https://renebates.com/a_list_2.php?id=249&cat=all
[Renebates] event: Wylie Auto Towing, Inc. Abandoned Impounded Vehicle Auction For Multiple Municipalities Located In Collin County, Texas secs=38322
[Renebates] Wylie Auto Towing, Inc. Abandoned Impounded Vehicle Auction For Multiple Municipalities Located In Collin County, Texas -> 60 lots via https://renebates.com/a_list_2.php?id=297&cat=all
[DEBUG] collected 29 listings from all sites (after filter)
[GD] HTTP 200 | CT=application/json; charset=utf-8 | page=1
[GD] page 1: 24 items
[GD] HTTP 200 | CT=application/json; charset=utf-8 | page=2
[GD] page 2: 24 items
[GD] HTTP 200 | CT=application/json; charset=utf-8 | page=3
[GD] page 3: 24 items
[GD] HTTP 200 | CT=application/json; charset=utf-8 | page=4
[GD] page 4: 24 items
[GD] HTTP 200 | CT=application/json; charset=utf-8 | page=5
[GD] page 5: 24 items
[GD] total raw items before normalize: 120; unique kept: 112
[GD] normalized rows: 112
[GD] blocked by specialty/diesel filter: 107; passing: 5
[Proxibid] parsed 30 rows across 1 page(s)
[Renebates] found 57 events on index
[Renebates] event: City Of Miami, Florida secs=34070
[Renebates] City Of Miami, Florida -> 3 lots via https://renebates.com/a_list_2.php?id=249&cat=all
[Renebates] event: Wylie Auto Towing, Inc. Abandoned Impounded Vehicle Auction For Multiple Municipalities Located In Collin County, Texas secs=37667
[Renebates] Wylie Auto Towing, Inc. Abandoned Impounded Vehicle Auction For Multiple Municipalities Located In Collin County, Texas -> 60 lots via https://renebates.com/a_list_2.php?id=297&cat=all
[DEBUG] collected 29 listings from all sites (after filter)
[GD] HTTP 200 | CT=application/json; charset=utf-8 | page=1
[GD] page 1: 24 items
[GD] HTTP 200 | CT=application/json; charset=utf-8 | page=2
[GD] page 2: 24 items
[GD] HTTP 200 | CT=application/json; charset=utf-8 | page=3
[GD] page 3: 24 items
[GD] HTTP 200 | CT=application/json; charset=utf-8 | page=4
[GD] page 4: 24 items
[GD] HTTP 200 | CT=application/json; charset=utf-8 | page=5
[GD] page 5: 24 items
[GD] total raw items before normalize: 120; unique kept: 112
[GD] normalized rows: 112
[GD] blocked by specialty/diesel filter: 107; passing: 5
[Proxibid] parsed 30 rows across 1 page(s)
[Renebates] found 57 events on index
[Renebates] event: City Of Miami, Florida secs=33429
[Renebates] City Of Miami, Florida -> 3 lots via https://renebates.com/a_list_2.php?id=249&cat=all
[Renebates] event: Wylie Auto Towing, Inc. Abandoned Impounded Vehicle Auction For Multiple Municipalities Located In Collin County, Texas secs=37025
[Renebates] Wylie Auto Towing, Inc. Abandoned Impounded Vehicle Auction For Multiple Municipalities Located In Collin County, Texas -> 60 lots via https://renebates.com/a_list_2.php?id=297&cat=all
[DEBUG] collected 29 listings from all sites (after filter)
[GD] HTTP 200 | CT=application/json; charset=utf-8 | page=1
[GD] page 1: 24 items
[GD] HTTP 200 | CT=application/json; charset=utf-8 | page=2
[GD] page 2: 24 items
[GD] HTTP 200 | CT=application/json; charset=utf-8 | page=3
[GD] page 3: 24 items
[GD] HTTP 200 | CT=application/json; charset=utf-8 | page=4
[GD] page 4: 24 items
[GD] HTTP 200 | CT=application/json; charset=utf-8 | page=5
[GD] page 5: 24 items
[GD] total raw items before normalize: 120; unique kept: 112
[GD] normalized rows: 112
[GD] blocked by specialty/diesel filter: 107; passing: 5
[Proxibid] parsed 30 rows across 1 page(s)
[Renebates] found 57 events on index
[Renebates] event: City Of Miami, Florida secs=32776
[Renebates] City Of Miami, Florida -> 3 lots via https://renebates.com/a_list_2.php?id=249&cat=all
[Renebates] event: Wylie Auto Towing, Inc. Abandoned Impounded Vehicle Auction For Multiple Municipalities Located In Collin County, Texas secs=36373
[Renebates] Wylie Auto Towing, Inc. Abandoned Impounded Vehicle Auction For Multiple Municipalities Located In Collin County, Texas -> 60 lots via https://renebates.com/a_list_2.php?id=297&cat=all
[DEBUG] collected 29 listings from all sites (after filter)
[GD] HTTP 200 | CT=application/json; charset=utf-8 | page=1
[GD] page 1: 24 items
[GD] HTTP 200 | CT=application/json; charset=utf-8 | page=2
[GD] page 2: 24 items
[GD] HTTP 200 | CT=application/json; charset=utf-8 | page=3
[GD] page 3: 24 items
[GD] HTTP 200 | CT=application/json; charset=utf-8 | page=4
[GD] page 4: 24 items
[GD] HTTP 200 | CT=application/json; charset=utf-8 | page=5
[GD] page 5: 24 items
[GD] total raw items before normalize: 120; unique kept: 112
[GD] normalized rows: 112
[GD] blocked by specialty/diesel filter: 107; passing: 5
[Proxibid] parsed 30 rows across 1 page(s)
[Renebates] found 57 events on index
[Renebates] event: City Of Miami, Florida secs=32121
[Renebates] City Of Miami, Florida -> 3 lots via https://renebates.com/a_list_2.php?id=249&cat=all
[Renebates] event: Wylie Auto Towing, Inc. Abandoned Impounded Vehicle Auction For Multiple Municipalities Located In Collin County, Texas secs=35717
[Renebates] Wylie Auto Towing, Inc. Abandoned Impounded Vehicle Auction For Multiple Municipalities Located In Collin County, Texas -> 60 lots via https://renebates.com/a_list_2.php?id=297&cat=all
[DEBUG] collected 29 listings from all sites (after filter)
[GD] HTTP 200 | CT=application/json; charset=utf-8 | page=1
[GD] page 1: 24 items
[GD] HTTP 200 | CT=application/json; charset=utf-8 | page=2
[GD] page 2: 24 items
[GD] HTTP 200 | CT=application/json; charset=utf-8 | page=3
[GD] page 3: 24 items
[GD] HTTP 200 | CT=application/json; charset=utf-8 | page=4
[GD] page 4: 24 items
[GD] HTTP 200 | CT=application/json; charset=utf-8 | page=5
[GD] page 5: 24 items
[GD] total raw items before normalize: 120; unique kept: 112
[GD] normalized rows: 112
[GD] blocked by specialty/diesel filter: 107; passing: 5
[Proxibid] parsed 30 rows across 1 page(s)
[Renebates] found 57 events on index
[Renebates] event: City Of Miami, Florida secs=31483
[Renebates] City Of Miami, Florida -> 3 lots via https://renebates.com/a_list_2.php?id=249&cat=all
[Renebates] event: Wylie Auto Towing, Inc. Abandoned Impounded Vehicle Auction For Multiple Municipalities Located In Collin County, Texas secs=35080
[Renebates] Wylie Auto Towing, Inc. Abandoned Impounded Vehicle Auction For Multiple Municipalities Located In Collin County, Texas -> 60 lots via https://renebates.com/a_list_2.php?id=297&cat=all
[DEBUG] collected 29 listings from all sites (after filter)
[GD] HTTP 200 | CT=application/json; charset=utf-8 | page=1
[GD] page 1: 24 items
[GD] HTTP 200 | CT=application/json; charset=utf-8 | page=2
[GD] page 2: 24 items
[GD] HTTP 200 | CT=application/json; charset=utf-8 | page=3
[GD] page 3: 24 items
[GD] HTTP 200 | CT=application/json; charset=utf-8 | page=4
[GD] page 4: 24 items
[GD] HTTP 200 | CT=application/json; charset=utf-8 | page=5
[GD] page 5: 24 items
[GD] total raw items before normalize: 120; unique kept: 112
[GD] normalized rows: 112
[GD] blocked by specialty/diesel filter: 107; passing: 5
[Proxibid] parsed 30 rows across 1 page(s)
[Renebates] found 57 events on index
[Renebates] event: City Of Miami, Florida secs=30843
[Renebates] City Of Miami, Florida -> 3 lots via https://renebates.com/a_list_2.php?id=249&cat=all
[Renebates] event: Wylie Auto Towing, Inc. Abandoned Impounded Vehicle Auction For Multiple Municipalities Located In Collin County, Texas secs=34440
[Renebates] Wylie Auto Towing, Inc. Abandoned Impounded Vehicle Auction For Multiple Municipalities Located In Collin County, Texas -> 60 lots via https://renebates.com/a_list_2.php?id=297&cat=all
[DEBUG] collected 29 listings from all sites (after filter)
[GD] HTTP 200 | CT=application/json; charset=utf-8 | page=1
[GD] page 1: 24 items
[GD] HTTP 200 | CT=application/json; charset=utf-8 | page=2
[GD] page 2: 24 items
[GD] HTTP 200 | CT=application/json; charset=utf-8 | page=3
[GD] page 3: 24 items
[GD] HTTP 200 | CT=application/json; charset=utf-8 | page=4
[GD] page 4: 24 items
[GD] HTTP 200 | CT=application/json; charset=utf-8 | page=5
[GD] page 5: 24 items
[GD] total raw items before normalize: 120; unique kept: 112
[GD] normalized rows: 112
[GD] blocked by specialty/diesel filter: 107; passing: 5
[Proxibid] parsed 30 rows across 1 page(s)
[Renebates] found 57 events on index
[Renebates] event: City Of Miami, Florida secs=30186
[Renebates] City Of Miami, Florida -> 3 lots via https://renebates.com/a_list_2.php?id=249&cat=all
[Renebates] event: Wylie Auto Towing, Inc. Abandoned Impounded Vehicle Auction For Multiple Municipalities Located In Collin County, Texas secs=33783
[Renebates] Wylie Auto Towing, Inc. Abandoned Impounded Vehicle Auction For Multiple Municipalities Located In Collin County, Texas -> 60 lots via https://renebates.com/a_list_2.php?id=297&cat=all
[DEBUG] collected 29 listings from all sites (after filter)
[GD] HTTP 200 | CT=application/json; charset=utf-8 | page=1
[GD] page 1: 24 items
[GD] HTTP 200 | CT=application/json; charset=utf-8 | page=2
[GD] page 2: 24 items
[GD] HTTP 200 | CT=application/json; charset=utf-8 | page=3
[GD] page 3: 24 items
[GD] HTTP 200 | CT=application/json; charset=utf-8 | page=4
[GD] page 4: 24 items
[GD] HTTP 200 | CT=application/json; charset=utf-8 | page=5
[GD] page 5: 24 items
[GD] total raw items before normalize: 120; unique kept: 112
[GD] normalized rows: 112
[GD] blocked by specialty/diesel filter: 107; passing: 5
[Proxibid] parsed 30 rows across 1 page(s)
[Renebates] found 57 events on index
[Renebates] event: City Of Miami, Florida secs=29543
[Renebates] City Of Miami, Florida -> 3 lots via https://renebates.com/a_list_2.php?id=249&cat=all
[Renebates] event: Wylie Auto Towing, Inc. Abandoned Impounded Vehicle Auction For Multiple Municipalities Located In Collin County, Texas secs=33139
[Renebates] Wylie Auto Towing, Inc. Abandoned Impounded Vehicle Auction For Multiple Municipalities Located In Collin County, Texas -> 60 lots via https://renebates.com/a_list_2.php?id=297&cat=all
[DEBUG] collected 29 listings from all sites (after filter)
[GD] HTTP 200 | CT=application/json; charset=utf-8 | page=1
[GD] page 1: 24 items
[GD] HTTP 200 | CT=application/json; charset=utf-8 | page=2
[GD] page 2: 24 items
[GD] HTTP 200 | CT=application/json; charset=utf-8 | page=3
[GD] page 3: 24 items
[GD] HTTP 200 | CT=application/json; charset=utf-8 | page=4
[GD] page 4: 24 items
[GD] HTTP 200 | CT=application/json; charset=utf-8 | page=5
[GD] page 5: 24 items
[GD] total raw items before normalize: 120; unique kept: 112
[GD] normalized rows: 112
[GD] blocked by specialty/diesel filter: 107; passing: 5
[Proxibid] parsed 30 rows across 1 page(s)
[Renebates] found 57 events on index
[Renebates] event: City Of Miami, Florida secs=28880
[Renebates] City Of Miami, Florida -> 3 lots via https://renebates.com/a_list_2.php?id=249&cat=all
[Renebates] event: Wylie Auto Towing, Inc. Abandoned Impounded Vehicle Auction For Multiple Municipalities Located In Collin County, Texas secs=32476
[Renebates] Wylie Auto Towing, Inc. Abandoned Impounded Vehicle Auction For Multiple Municipalities Located In Collin County, Texas -> 60 lots via https://renebates.com/a_list_2.php?id=297&cat=all
[DEBUG] collected 29 listings from all sites (after filter)
[GD] HTTP 200 | CT=application/json; charset=utf-8 | page=1
[GD] page 1: 24 items
[GD] HTTP 200 | CT=application/json; charset=utf-8 | page=2
[GD] page 2: 24 items
[GD] HTTP 200 | CT=application/json; charset=utf-8 | page=3
[GD] page 3: 24 items
[GD] HTTP 200 | CT=application/json; charset=utf-8 | page=4
[GD] page 4: 24 items
[GD] HTTP 200 | CT=application/json; charset=utf-8 | page=5
[GD] page 5: 24 items
[GD] total raw items before normalize: 120; unique kept: 112
[GD] normalized rows: 112
[GD] blocked by specialty/diesel filter: 107; passing: 5
[Proxibid] parsed 30 rows across 1 page(s)
[Renebates] found 57 events on index
[Renebates] event: City Of Miami, Florida secs=28233
[Renebates] City Of Miami, Florida -> 3 lots via https://renebates.com/a_list_2.php?id=249&cat=all
[Renebates] event: Wylie Auto Towing, Inc. Abandoned Impounded Vehicle Auction For Multiple Municipalities Located In Collin County, Texas secs=31829
[Renebates] Wylie Auto Towing, Inc. Abandoned Impounded Vehicle Auction For Multiple Municipalities Located In Collin County, Texas -> 60 lots via https://renebates.com/a_list_2.php?id=297&cat=all
[DEBUG] collected 29 listings from all sites (after filter)
[GD] HTTP 200 | CT=application/json; charset=utf-8 | page=1
[GD] page 1: 24 items
[GD] HTTP 200 | CT=application/json; charset=utf-8 | page=2
[GD] page 2: 24 items
[GD] HTTP 200 | CT=application/json; charset=utf-8 | page=3
[GD] page 3: 24 items
[GD] HTTP 200 | CT=application/json; charset=utf-8 | page=4
[GD] page 4: 24 items
[GD] HTTP 200 | CT=application/json; charset=utf-8 | page=5
[GD] page 5: 24 items
[GD] total raw items before normalize: 120; unique kept: 112
[GD] normalized rows: 112
[GD] blocked by specialty/diesel filter: 107; passing: 5
[Proxibid] parsed 30 rows across 1 page(s)
[Renebates] found 57 events on index
[Renebates] event: City Of Miami, Florida secs=27578
[Renebates] City Of Miami, Florida -> 3 lots via https://renebates.com/a_list_2.php?id=249&cat=all
[Renebates] event: Wylie Auto Towing, Inc. Abandoned Impounded Vehicle Auction For Multiple Municipalities Located In Collin County, Texas secs=31174
[Renebates] Wylie Auto Towing, Inc. Abandoned Impounded Vehicle Auction For Multiple Municipalities Located In Collin County, Texas -> 60 lots via https://renebates.com/a_list_2.php?id=297&cat=all
[DEBUG] collected 29 listings from all sites (after filter)
[GD] HTTP 200 | CT=application/json; charset=utf-8 | page=1
[GD] page 1: 24 items
[GD] HTTP 200 | CT=application/json; charset=utf-8 | page=2
[GD] page 2: 24 items
[GD] HTTP 200 | CT=application/json; charset=utf-8 | page=3
[GD] page 3: 24 items
[GD] HTTP 200 | CT=application/json; charset=utf-8 | page=4
[GD] page 4: 24 items
[GD] HTTP 200 | CT=application/json; charset=utf-8 | page=5
[GD] page 5: 24 items
[GD] total raw items before normalize: 120; unique kept: 112
[GD] normalized rows: 112
[GD] blocked by specialty/diesel filter: 107; passing: 5
[Proxibid] parsed 30 rows across 1 page(s)
[Renebates] found 57 events on index
[Renebates] event: City Of Miami, Florida secs=26926
[Renebates] City Of Miami, Florida -> 3 lots via https://renebates.com/a_list_2.php?id=249&cat=all
[Renebates] event: Wylie Auto Towing, Inc. Abandoned Impounded Vehicle Auction For Multiple Municipalities Located In Collin County, Texas secs=30521
[Renebates] Wylie Auto Towing, Inc. Abandoned Impounded Vehicle Auction For Multiple Municipalities Located In Collin County, Texas -> 60 lots via https://renebates.com/a_list_2.php?id=297&cat=all
[DEBUG] collected 29 listings from all sites (after filter)
[GD] HTTP 200 | CT=application/json; charset=utf-8 | page=1
[GD] page 1: 24 items
[GD] HTTP 200 | CT=application/json; charset=utf-8 | page=2
[GD] page 2: 24 items
[GD] HTTP 200 | CT=application/json; charset=utf-8 | page=3
[GD] page 3: 24 items
[GD] HTTP 200 | CT=application/json; charset=utf-8 | page=4
[GD] page 4: 24 items
[GD] HTTP 200 | CT=application/json; charset=utf-8 | page=5
[GD] page 5: 24 items
[GD] total raw items before normalize: 120; unique kept: 112
[GD] normalized rows: 112
[GD] blocked by specialty/diesel filter: 107; passing: 5
[Proxibid] parsed 30 rows across 1 page(s)
[Renebates] found 57 events on index
[Renebates] event: City Of Miami, Florida secs=26277
[Renebates] City Of Miami, Florida -> 3 lots via https://renebates.com/a_list_2.php?id=249&cat=all
[Renebates] event: Wylie Auto Towing, Inc. Abandoned Impounded Vehicle Auction For Multiple Municipalities Located In Collin County, Texas secs=29875
[Renebates] Wylie Auto Towing, Inc. Abandoned Impounded Vehicle Auction For Multiple Municipalities Located In Collin County, Texas -> 60 lots via https://renebates.com/a_list_2.php?id=297&cat=all
[DEBUG] collected 29 listings from all sites (after filter)
[GD] HTTP 200 | CT=application/json; charset=utf-8 | page=1
[GD] page 1: 24 items
[GD] HTTP 200 | CT=application/json; charset=utf-8 | page=2
[GD] page 2: 24 items
[GD] HTTP 200 | CT=application/json; charset=utf-8 | page=3
[GD] page 3: 24 items
[GD] HTTP 200 | CT=application/json; charset=utf-8 | page=4
[GD] page 4: 24 items
[GD] HTTP 200 | CT=application/json; charset=utf-8 | page=5
[GD] page 5: 24 items
[GD] total raw items before normalize: 120; unique kept: 112
[GD] normalized rows: 112
[GD] blocked by specialty/diesel filter: 107; passing: 5
[Proxibid] parsed 30 rows across 1 page(s)
[Renebates] found 57 events on index
[Renebates] event: City Of Miami, Florida secs=25626
[Renebates] City Of Miami, Florida -> 3 lots via https://renebates.com/a_list_2.php?id=249&cat=all
[Renebates] event: Wylie Auto Towing, Inc. Abandoned Impounded Vehicle Auction For Multiple Municipalities Located In Collin County, Texas secs=29223
[Renebates] Wylie Auto Towing, Inc. Abandoned Impounded Vehicle Auction For Multiple Municipalities Located In Collin County, Texas -> 60 lots via https://renebates.com/a_list_2.php?id=297&cat=all
[DEBUG] collected 29 listings from all sites (after filter)
[GD] HTTP 200 | CT=application/json; charset=utf-8 | page=1
[GD] page 1: 24 items
[GD] HTTP 200 | CT=application/json; charset=utf-8 | page=2
[GD] page 2: 24 items
[GD] HTTP 200 | CT=application/json; charset=utf-8 | page=3
[GD] page 3: 24 items
[GD] HTTP 200 | CT=application/json; charset=utf-8 | page=4
[GD] page 4: 24 items
[GD] HTTP 200 | CT=application/json; charset=utf-8 | page=5
[GD] page 5: 24 items
[GD] total raw items before normalize: 120; unique kept: 112
[GD] normalized rows: 112
[GD] blocked by specialty/diesel filter: 107; passing: 5
[Proxibid] parsed 30 rows across 1 page(s)
[Renebates] found 57 events on index
[Renebates] event: City Of Miami, Florida secs=24972
[Renebates] City Of Miami, Florida -> 3 lots via https://renebates.com/a_list_2.php?id=249&cat=all
[Renebates] event: Wylie Auto Towing, Inc. Abandoned Impounded Vehicle Auction For Multiple Municipalities Located In Collin County, Texas secs=28568
[Renebates] Wylie Auto Towing, Inc. Abandoned Impounded Vehicle Auction For Multiple Municipalities Located In Collin County, Texas -> 60 lots via https://renebates.com/a_list_2.php?id=297&cat=all
[DEBUG] collected 29 listings from all sites (after filter)
[GD] HTTP 200 | CT=application/json; charset=utf-8 | page=1
[GD] page 1: 24 items
[GD] HTTP 200 | CT=application/json; charset=utf-8 | page=2
[GD] page 2: 24 items
[GD] HTTP 200 | CT=application/json; charset=utf-8 | page=3
[GD] page 3: 24 items
[GD] HTTP 200 | CT=application/json; charset=utf-8 | page=4
[GD] page 4: 24 items
[GD] HTTP 200 | CT=application/json; charset=utf-8 | page=5
[GD] page 5: 24 items
[GD] total raw items before normalize: 120; unique kept: 112
[GD] normalized rows: 112
[GD] blocked by specialty/diesel filter: 107; passing: 5
[Proxibid] parsed 30 rows across 1 page(s)
[Renebates] found 57 events on index
[Renebates] event: City Of Miami, Florida secs=24321
[Renebates] City Of Miami, Florida -> 3 lots via https://renebates.com/a_list_2.php?id=249&cat=all
[Renebates] event: Wylie Auto Towing, Inc. Abandoned Impounded Vehicle Auction For Multiple Municipalities Located In Collin County, Texas secs=27918
[Renebates] Wylie Auto Towing, Inc. Abandoned Impounded Vehicle Auction For Multiple Municipalities Located In Collin County, Texas -> 60 lots via https://renebates.com/a_list_2.php?id=297&cat=all
[DEBUG] collected 29 listings from all sites (after filter)
[GD] HTTP 200 | CT=application/json; charset=utf-8 | page=1
[GD] page 1: 24 items
[GD] HTTP 200 | CT=application/json; charset=utf-8 | page=2
[GD] page 2: 24 items
[GD] HTTP 200 | CT=application/json; charset=utf-8 | page=3
[GD] page 3: 24 items
[GD] HTTP 200 | CT=application/json; charset=utf-8 | page=4
[GD] page 4: 24 items
[GD] HTTP 200 | CT=application/json; charset=utf-8 | page=5
[GD] page 5: 24 items
[GD] total raw items before normalize: 120; unique kept: 112
[GD] normalized rows: 112
[GD] blocked by specialty/diesel filter: 107; passing: 5
[Proxibid] parsed 30 rows across 1 page(s)
[Renebates] found 57 events on index
[Renebates] event: City Of Miami, Florida secs=23664
[Renebates] City Of Miami, Florida -> 3 lots via https://renebates.com/a_list_2.php?id=249&cat=all
[Renebates] event: Wylie Auto Towing, Inc. Abandoned Impounded Vehicle Auction For Multiple Municipalities Located In Collin County, Texas secs=27259
[Renebates] Wylie Auto Towing, Inc. Abandoned Impounded Vehicle Auction For Multiple Municipalities Located In Collin County, Texas -> 60 lots via https://renebates.com/a_list_2.php?id=297&cat=all
[DEBUG] collected 29 listings from all sites (after filter)
[GD] HTTP 200 | CT=application/json; charset=utf-8 | page=1
[GD] page 1: 24 items
[GD] HTTP 200 | CT=application/json; charset=utf-8 | page=2
[GD] page 2: 24 items
[GD] HTTP 200 | CT=application/json; charset=utf-8 | page=3
[GD] page 3: 24 items
[GD] HTTP 200 | CT=application/json; charset=utf-8 | page=4
[GD] page 4: 24 items
[GD] HTTP 200 | CT=application/json; charset=utf-8 | page=5
[GD] page 5: 24 items
[GD] total raw items before normalize: 120; unique kept: 112
[GD] normalized rows: 112
[GD] blocked by specialty/diesel filter: 107; passing: 5
[Proxibid] parsed 30 rows across 1 page(s)
[Renebates] found 57 events on index
[Renebates] event: City Of Miami, Florida secs=23018
[Renebates] City Of Miami, Florida -> 3 lots via https://renebates.com/a_list_2.php?id=249&cat=all
[Renebates] event: Wylie Auto Towing, Inc. Abandoned Impounded Vehicle Auction For Multiple Municipalities Located In Collin County, Texas secs=26614
[Renebates] Wylie Auto Towing, Inc. Abandoned Impounded Vehicle Auction For Multiple Municipalities Located In Collin County, Texas -> 60 lots via https://renebates.com/a_list_2.php?id=297&cat=all
[DEBUG] collected 29 listings from all sites (after filter)
[GD] HTTP 200 | CT=application/json; charset=utf-8 | page=1
[GD] page 1: 24 items
[GD] HTTP 200 | CT=application/json; charset=utf-8 | page=2
[GD] page 2: 24 items
[GD] HTTP 200 | CT=application/json; charset=utf-8 | page=3
[GD] page 3: 24 items
[GD] HTTP 200 | CT=application/json; charset=utf-8 | page=4
[GD] page 4: 24 items
[GD] HTTP 200 | CT=application/json; charset=utf-8 | page=5
[GD] page 5: 24 items
[GD] total raw items before normalize: 120; unique kept: 112
[GD] normalized rows: 112
[GD] blocked by specialty/diesel filter: 107; passing: 5
[Proxibid] parsed 30 rows across 1 page(s)
[Renebates] found 57 events on index
[Renebates] event: City Of Miami, Florida secs=22370
[Renebates] City Of Miami, Florida -> 3 lots via https://renebates.com/a_list_2.php?id=249&cat=all
[Renebates] event: Wylie Auto Towing, Inc. Abandoned Impounded Vehicle Auction For Multiple Municipalities Located In Collin County, Texas secs=25967
[Renebates] Wylie Auto Towing, Inc. Abandoned Impounded Vehicle Auction For Multiple Municipalities Located In Collin County, Texas -> 60 lots via https://renebates.com/a_list_2.php?id=297&cat=all
[DEBUG] collected 29 listings from all sites (after filter)
[GD] HTTP 200 | CT=application/json; charset=utf-8 | page=1
[GD] page 1: 24 items
[GD] HTTP 200 | CT=application/json; charset=utf-8 | page=2
[GD] page 2: 24 items
[GD] HTTP 200 | CT=application/json; charset=utf-8 | page=3
[GD] page 3: 24 items
[GD] HTTP 200 | CT=application/json; charset=utf-8 | page=4
[GD] page 4: 24 items
[GD] HTTP 200 | CT=application/json; charset=utf-8 | page=5
[GD] page 5: 24 items
[GD] total raw items before normalize: 120; unique kept: 112
[GD] normalized rows: 112
[GD] blocked by specialty/diesel filter: 107; passing: 5
[Proxibid] parsed 30 rows across 1 page(s)
[Renebates] found 57 events on index
[Renebates] event: City Of Miami, Florida secs=21714
[Renebates] City Of Miami, Florida -> 3 lots via https://renebates.com/a_list_2.php?id=249&cat=all
[Renebates] event: Wylie Auto Towing, Inc. Abandoned Impounded Vehicle Auction For Multiple Municipalities Located In Collin County, Texas secs=25311
[Renebates] Wylie Auto Towing, Inc. Abandoned Impounded Vehicle Auction For Multiple Municipalities Located In Collin County, Texas -> 60 lots via https://renebates.com/a_list_2.php?id=297&cat=all
[DEBUG] collected 29 listings from all sites (after filter)
[GD] HTTP 200 | CT=application/json; charset=utf-8 | page=1
[GD] page 1: 24 items
[GD] HTTP 200 | CT=application/json; charset=utf-8 | page=2
[GD] page 2: 24 items
[GD] HTTP 200 | CT=application/json; charset=utf-8 | page=3
[GD] page 3: 24 items
[GD] HTTP 200 | CT=application/json; charset=utf-8 | page=4
[GD] page 4: 24 items
[GD] HTTP 200 | CT=application/json; charset=utf-8 | page=5
[GD] page 5: 24 items
[GD] total raw items before normalize: 120; unique kept: 112
[GD] normalized rows: 112
[GD] blocked by specialty/diesel filter: 107; passing: 5
[Proxibid] parsed 30 rows across 1 page(s)
[Renebates] found 57 events on index
[Renebates] event: City Of Miami, Florida secs=21058
[Renebates] City Of Miami, Florida -> 3 lots via https://renebates.com/a_list_2.php?id=249&cat=all
[Renebates] event: Wylie Auto Towing, Inc. Abandoned Impounded Vehicle Auction For Multiple Municipalities Located In Collin County, Texas secs=24656
[Renebates] Wylie Auto Towing, Inc. Abandoned Impounded Vehicle Auction For Multiple Municipalities Located In Collin County, Texas -> 60 lots via https://renebates.com/a_list_2.php?id=297&cat=all
[DEBUG] collected 29 listings from all sites (after filter)
[GD] HTTP 200 | CT=application/json; charset=utf-8 | page=1
[GD] page 1: 24 items
[GD] HTTP 200 | CT=application/json; charset=utf-8 | page=2
[GD] page 2: 24 items
[GD] HTTP 200 | CT=application/json; charset=utf-8 | page=3
[GD] page 3: 24 items
[GD] HTTP 200 | CT=application/json; charset=utf-8 | page=4
[GD] page 4: 24 items
[GD] HTTP 200 | CT=application/json; charset=utf-8 | page=5
[GD] page 5: 24 items
[GD] total raw items before normalize: 120; unique kept: 112
[GD] normalized rows: 112
[GD] blocked by specialty/diesel filter: 107; passing: 5
[Proxibid] parsed 30 rows across 1 page(s)
[Renebates] found 57 events on index
[Renebates] event: City Of Miami, Florida secs=20401
[Renebates] City Of Miami, Florida -> 3 lots via https://renebates.com/a_list_2.php?id=249&cat=all
[Renebates] event: Wylie Auto Towing, Inc. Abandoned Impounded Vehicle Auction For Multiple Municipalities Located In Collin County, Texas secs=23997
[Renebates] Wylie Auto Towing, Inc. Abandoned Impounded Vehicle Auction For Multiple Municipalities Located In Collin County, Texas -> 60 lots via https://renebates.com/a_list_2.php?id=297&cat=all
[DEBUG] collected 29 listings from all sites (after filter)
[GD] HTTP 200 | CT=application/json; charset=utf-8 | page=1
[GD] page 1: 24 items
[GD] HTTP 200 | CT=application/json; charset=utf-8 | page=2
[GD] page 2: 24 items
[GD] HTTP 200 | CT=application/json; charset=utf-8 | page=3
[GD] page 3: 24 items
[GD] HTTP 200 | CT=application/json; charset=utf-8 | page=4
[GD] page 4: 24 items
[GD] HTTP 200 | CT=application/json; charset=utf-8 | page=5
[GD] page 5: 24 items
[GD] total raw items before normalize: 120; unique kept: 112
[GD] normalized rows: 112
[GD] blocked by specialty/diesel filter: 107; passing: 5
[Proxibid] parsed 30 rows across 1 page(s)
[Renebates] found 57 events on index
[Renebates] event: City Of Miami, Florida secs=19746
[Renebates] City Of Miami, Florida -> 3 lots via https://renebates.com/a_list_2.php?id=249&cat=all
[Renebates] event: Wylie Auto Towing, Inc. Abandoned Impounded Vehicle Auction For Multiple Municipalities Located In Collin County, Texas secs=23342
[Renebates] Wylie Auto Towing, Inc. Abandoned Impounded Vehicle Auction For Multiple Municipalities Located In Collin County, Texas -> 60 lots via https://renebates.com/a_list_2.php?id=297&cat=all
[DEBUG] collected 29 listings from all sites (after filter)
[GD] HTTP 200 | CT=application/json; charset=utf-8 | page=1
[GD] page 1: 24 items
[GD] HTTP 200 | CT=application/json; charset=utf-8 | page=2
[GD] page 2: 24 items
[GD] HTTP 200 | CT=application/json; charset=utf-8 | page=3
[GD] page 3: 24 items
[GD] HTTP 200 | CT=application/json; charset=utf-8 | page=4
[GD] page 4: 24 items
[GD] HTTP 200 | CT=application/json; charset=utf-8 | page=5
[GD] page 5: 24 items
[GD] total raw items before normalize: 120; unique kept: 112
[GD] normalized rows: 112
[GD] blocked by specialty/diesel filter: 107; passing: 5
[Proxibid] parsed 30 rows across 1 page(s)
[Renebates] found 57 events on index
[Renebates] event: City Of Miami, Florida secs=19085
[Renebates] City Of Miami, Florida -> 3 lots via https://renebates.com/a_list_2.php?id=249&cat=all
[Renebates] event: Wylie Auto Towing, Inc. Abandoned Impounded Vehicle Auction For Multiple Municipalities Located In Collin County, Texas secs=22683
[Renebates] Wylie Auto Towing, Inc. Abandoned Impounded Vehicle Auction For Multiple Municipalities Located In Collin County, Texas -> 60 lots via https://renebates.com/a_list_2.php?id=297&cat=all
[DEBUG] collected 29 listings from all sites (after filter)
[GD] HTTP 200 | CT=application/json; charset=utf-8 | page=1
[GD] page 1: 24 items
[GD] HTTP 200 | CT=application/json; charset=utf-8 | page=2
[GD] page 2: 24 items
[GD] HTTP 200 | CT=application/json; charset=utf-8 | page=3
[GD] page 3: 24 items
[GD] HTTP 200 | CT=application/json; charset=utf-8 | page=4
[GD] page 4: 24 items
[GD] HTTP 200 | CT=application/json; charset=utf-8 | page=5
[GD] page 5: 24 items
[GD] total raw items before normalize: 120; unique kept: 112
[GD] normalized rows: 112
[GD] blocked by specialty/diesel filter: 107; passing: 5
[Proxibid] parsed 30 rows across 1 page(s)
[Renebates] found 57 events on index
[Renebates] event: City Of Miami, Florida secs=18440
[Renebates] City Of Miami, Florida -> 3 lots via https://renebates.com/a_list_2.php?id=249&cat=all
[Renebates] event: Wylie Auto Towing, Inc. Abandoned Impounded Vehicle Auction For Multiple Municipalities Located In Collin County, Texas secs=22037
[Renebates] Wylie Auto Towing, Inc. Abandoned Impounded Vehicle Auction For Multiple Municipalities Located In Collin County, Texas -> 60 lots via https://renebates.com/a_list_2.php?id=297&cat=all
[DEBUG] collected 29 listings from all sites (after filter)
[GD] HTTP 200 | CT=application/json; charset=utf-8 | page=1
[GD] page 1: 24 items
[GD] HTTP 200 | CT=application/json; charset=utf-8 | page=2
[GD] page 2: 24 items
[GD] HTTP 200 | CT=application/json; charset=utf-8 | page=3
[GD] page 3: 24 items
[GD] HTTP 200 | CT=application/json; charset=utf-8 | page=4
[GD] page 4: 24 items
[GD] HTTP 200 | CT=application/json; charset=utf-8 | page=5
[GD] page 5: 24 items
[GD] total raw items before normalize: 120; unique kept: 112
[GD] normalized rows: 112
[GD] blocked by specialty/diesel filter: 107; passing: 5
[Proxibid] parsed 30 rows across 1 page(s)
[Renebates] found 57 events on index
[Renebates] event: City Of Miami, Florida secs=17798
[Renebates] City Of Miami, Florida -> 3 lots via https://renebates.com/a_list_2.php?id=249&cat=all
[Renebates] event: Wylie Auto Towing, Inc. Abandoned Impounded Vehicle Auction For Multiple Municipalities Located In Collin County, Texas secs=21394
[Renebates] Wylie Auto Towing, Inc. Abandoned Impounded Vehicle Auction For Multiple Municipalities Located In Collin County, Texas -> 60 lots via https://renebates.com/a_list_2.php?id=297&cat=all
[DEBUG] collected 29 listings from all sites (after filter)
[GD] HTTP 200 | CT=application/json; charset=utf-8 | page=1
[GD] page 1: 24 items
[GD] HTTP 200 | CT=application/json; charset=utf-8 | page=2
[GD] page 2: 24 items
[GD] HTTP 200 | CT=application/json; charset=utf-8 | page=3
[GD] page 3: 24 items
[GD] HTTP 200 | CT=application/json; charset=utf-8 | page=4
[GD] page 4: 24 items
[GD] HTTP 200 | CT=application/json; charset=utf-8 | page=5
[GD] page 5: 24 items
[GD] total raw items before normalize: 120; unique kept: 112
[GD] normalized rows: 112
[GD] blocked by specialty/diesel filter: 107; passing: 5
[Proxibid] parsed 30 rows across 1 page(s)
[Renebates] found 57 events on index
[Renebates] event: City Of Miami, Florida secs=17149
[Renebates] City Of Miami, Florida -> 3 lots via https://renebates.com/a_list_2.php?id=249&cat=all
[Renebates] event: Wylie Auto Towing, Inc. Abandoned Impounded Vehicle Auction For Multiple Municipalities Located In Collin County, Texas secs=20745
[Renebates] Wylie Auto Towing, Inc. Abandoned Impounded Vehicle Auction For Multiple Municipalities Located In Collin County, Texas -> 60 lots via https://renebates.com/a_list_2.php?id=297&cat=all
[DEBUG] collected 29 listings from all sites (after filter)
[GD] HTTP 200 | CT=application/json; charset=utf-8 | page=1
[GD] page 1: 24 items
[GD] HTTP 200 | CT=application/json; charset=utf-8 | page=2
[GD] page 2: 24 items
[GD] HTTP 200 | CT=application/json; charset=utf-8 | page=3
[GD] page 3: 24 items
[GD] HTTP 200 | CT=application/json; charset=utf-8 | page=4
[GD] page 4: 24 items
[GD] HTTP 200 | CT=application/json; charset=utf-8 | page=5
[GD] page 5: 24 items
[GD] total raw items before normalize: 120; unique kept: 112
[GD] normalized rows: 112
[GD] blocked by specialty/diesel filter: 107; passing: 5
[Proxibid] parsed 30 rows across 1 page(s)
[Renebates] found 57 events on index
[Renebates] event: City Of Miami, Florida secs=16499
[Renebates] City Of Miami, Florida -> 3 lots via https://renebates.com/a_list_2.php?id=249&cat=all
[Renebates] event: Wylie Auto Towing, Inc. Abandoned Impounded Vehicle Auction For Multiple Municipalities Located In Collin County, Texas secs=20096
[Renebates] Wylie Auto Towing, Inc. Abandoned Impounded Vehicle Auction For Multiple Municipalities Located In Collin County, Texas -> 60 lots via https://renebates.com/a_list_2.php?id=297&cat=all
[DEBUG] collected 29 listings from all sites (after filter)
[GD] HTTP 200 | CT=application/json; charset=utf-8 | page=1
[GD] page 1: 24 items
[GD] HTTP 200 | CT=application/json; charset=utf-8 | page=2
[GD] page 2: 24 items
[GD] HTTP 200 | CT=application/json; charset=utf-8 | page=3
[GD] page 3: 24 items
[GD] HTTP 200 | CT=application/json; charset=utf-8 | page=4
[GD] page 4: 24 items
[GD] HTTP 200 | CT=application/json; charset=utf-8 | page=5
[GD] page 5: 24 items
[GD] total raw items before normalize: 120; unique kept: 112
[GD] normalized rows: 112
[GD] blocked by specialty/diesel filter: 107; passing: 5
[Proxibid] parsed 30 rows across 1 page(s)
[Renebates] found 57 events on index
[Renebates] event: City Of Miami, Florida secs=15842
[Renebates] City Of Miami, Florida -> 3 lots via https://renebates.com/a_list_2.php?id=249&cat=all
[Renebates] event: Wylie Auto Towing, Inc. Abandoned Impounded Vehicle Auction For Multiple Municipalities Located In Collin County, Texas secs=19439
[Renebates] Wylie Auto Towing, Inc. Abandoned Impounded Vehicle Auction For Multiple Municipalities Located In Collin County, Texas -> 60 lots via https://renebates.com/a_list_2.php?id=297&cat=all
[DEBUG] collected 29 listings from all sites (after filter)
[GD] HTTP 200 | CT=application/json; charset=utf-8 | page=1
[GD] page 1: 24 items
[GD] HTTP 200 | CT=application/json; charset=utf-8 | page=2
[GD] page 2: 24 items
[GD] HTTP 200 | CT=application/json; charset=utf-8 | page=3
[GD] page 3: 24 items
[GD] HTTP 200 | CT=application/json; charset=utf-8 | page=4
[GD] page 4: 24 items
[GD] HTTP 200 | CT=application/json; charset=utf-8 | page=5
[GD] page 5: 24 items
[GD] total raw items before normalize: 120; unique kept: 112
[GD] normalized rows: 112
[GD] blocked by specialty/diesel filter: 107; passing: 5
[Proxibid] parsed 30 rows across 1 page(s)
[Renebates] found 57 events on index
[Renebates] event: City Of Miami, Florida secs=15197
[Renebates] City Of Miami, Florida -> 3 lots via https://renebates.com/a_list_2.php?id=249&cat=all
[Renebates] event: Wylie Auto Towing, Inc. Abandoned Impounded Vehicle Auction For Multiple Municipalities Located In Collin County, Texas secs=18793
[Renebates] Wylie Auto Towing, Inc. Abandoned Impounded Vehicle Auction For Multiple Municipalities Located In Collin County, Texas -> 60 lots via https://renebates.com/a_list_2.php?id=297&cat=all
[DEBUG] collected 29 listings from all sites (after filter)
[GD] HTTP 200 | CT=application/json; charset=utf-8 | page=1
[GD] page 1: 24 items
[GD] HTTP 200 | CT=application/json; charset=utf-8 | page=2
[GD] page 2: 24 items
[GD] HTTP 200 | CT=application/json; charset=utf-8 | page=3
[GD] page 3: 24 items
[GD] HTTP 200 | CT=application/json; charset=utf-8 | page=4
[GD] page 4: 24 items
[GD] HTTP 200 | CT=application/json; charset=utf-8 | page=5
[GD] page 5: 24 items
[GD] total raw items before normalize: 120; unique kept: 112
[GD] normalized rows: 112
[GD] blocked by specialty/diesel filter: 107; passing: 5
[Proxibid] parsed 30 rows across 1 page(s)
[Renebates] found 57 events on index
[Renebates] event: City Of Miami, Florida secs=14548
[Renebates] City Of Miami, Florida -> 3 lots via https://renebates.com/a_list_2.php?id=249&cat=all
[Renebates] event: Wylie Auto Towing, Inc. Abandoned Impounded Vehicle Auction For Multiple Municipalities Located In Collin County, Texas secs=18144
[Renebates] Wylie Auto Towing, Inc. Abandoned Impounded Vehicle Auction For Multiple Municipalities Located In Collin County, Texas -> 60 lots via https://renebates.com/a_list_2.php?id=297&cat=all
[DEBUG] collected 29 listings from all sites (after filter)
[GD] HTTP 200 | CT=application/json; charset=utf-8 | page=1
[GD] page 1: 24 items
[GD] HTTP 200 | CT=application/json; charset=utf-8 | page=2
[GD] page 2: 24 items
[GD] HTTP 200 | CT=application/json; charset=utf-8 | page=3
[GD] page 3: 24 items
[GD] HTTP 200 | CT=application/json; charset=utf-8 | page=4
[GD] page 4: 24 items
[GD] HTTP 200 | CT=application/json; charset=utf-8 | page=5
[GD] page 5: 24 items
[GD] total raw items before normalize: 120; unique kept: 112
[GD] normalized rows: 112
[GD] blocked by specialty/diesel filter: 107; passing: 5
[Proxibid] parsed 30 rows across 1 page(s)
[Renebates] found 57 events on index
[Renebates] event: City Of Miami, Florida secs=13900
[Renebates] City Of Miami, Florida -> 3 lots via https://renebates.com/a_list_2.php?id=249&cat=all
[Renebates] event: Wylie Auto Towing, Inc. Abandoned Impounded Vehicle Auction For Multiple Municipalities Located In Collin County, Texas secs=17496
[Renebates] Wylie Auto Towing, Inc. Abandoned Impounded Vehicle Auction For Multiple Municipalities Located In Collin County, Texas -> 60 lots via https://renebates.com/a_list_2.php?id=297&cat=all
[DEBUG] collected 29 listings from all sites (after filter)
[GD] HTTP 200 | CT=application/json; charset=utf-8 | page=1
[GD] page 1: 24 items
[GD] HTTP 200 | CT=application/json; charset=utf-8 | page=2
[GD] page 2: 24 items
[GD] HTTP 200 | CT=application/json; charset=utf-8 | page=3
[GD] page 3: 24 items
[GD] HTTP 200 | CT=application/json; charset=utf-8 | page=4
[GD] page 4: 24 items
[GD] HTTP 200 | CT=application/json; charset=utf-8 | page=5
[GD] page 5: 24 items
[GD] total raw items before normalize: 120; unique kept: 112
[GD] normalized rows: 112
[GD] blocked by specialty/diesel filter: 107; passing: 5
[Proxibid] parsed 30 rows across 1 page(s)
[Renebates] found 57 events on index
[Renebates] event: City Of Miami, Florida secs=13261
[Renebates] City Of Miami, Florida -> 3 lots via https://renebates.com/a_list_2.php?id=249&cat=all
[Renebates] event: Wylie Auto Towing, Inc. Abandoned Impounded Vehicle Auction For Multiple Municipalities Located In Collin County, Texas secs=16859
[Renebates] Wylie Auto Towing, Inc. Abandoned Impounded Vehicle Auction For Multiple Municipalities Located In Collin County, Texas -> 60 lots via https://renebates.com/a_list_2.php?id=297&cat=all
[DEBUG] collected 29 listings from all sites (after filter)
[GD] HTTP 200 | CT=application/json; charset=utf-8 | page=1
[GD] page 1: 24 items
[GD] HTTP 200 | CT=application/json; charset=utf-8 | page=2
[GD] page 2: 24 items
[GD] HTTP 200 | CT=application/json; charset=utf-8 | page=3
[GD] page 3: 24 items
[GD] HTTP 200 | CT=application/json; charset=utf-8 | page=4
[GD] page 4: 24 items
[GD] HTTP 200 | CT=application/json; charset=utf-8 | page=5
[GD] page 5: 24 items
[GD] total raw items before normalize: 120; unique kept: 112
[GD] normalized rows: 112
[GD] blocked by specialty/diesel filter: 107; passing: 5
[Proxibid] parsed 30 rows across 1 page(s)
[Renebates] found 58 events on index
[Renebates] event: City Of Miami, Florida secs=12599
[Renebates] City Of Miami, Florida -> 3 lots via https://renebates.com/a_list_2.php?id=249&cat=all
[Renebates] event: Wylie Auto Towing, Inc. Abandoned Impounded Vehicle Auction For Multiple Municipalities Located In Collin County, Texas secs=16195
[Renebates] Wylie Auto Towing, Inc. Abandoned Impounded Vehicle Auction For Multiple Municipalities Located In Collin County, Texas -> 60 lots via https://renebates.com/a_list_2.php?id=297&cat=all
[DEBUG] collected 29 listings from all sites (after filter)
[GD] HTTP 200 | CT=application/json; charset=utf-8 | page=1
[GD] page 1: 24 items
[GD] HTTP 200 | CT=application/json; charset=utf-8 | page=2
[GD] page 2: 24 items
[GD] HTTP 200 | CT=application/json; charset=utf-8 | page=3
[GD] page 3: 24 items
[GD] HTTP 200 | CT=application/json; charset=utf-8 | page=4
[GD] page 4: 24 items
[GD] HTTP 200 | CT=application/json; charset=utf-8 | page=5
[GD] page 5: 24 items
[GD] total raw items before normalize: 120; unique kept: 112
[GD] normalized rows: 112
[GD] blocked by specialty/diesel filter: 107; passing: 5
[Proxibid] parsed 30 rows across 1 page(s)
[Renebates] found 58 events on index
[Renebates] event: City Of Miami, Florida secs=11947
[Renebates] City Of Miami, Florida -> 3 lots via https://renebates.com/a_list_2.php?id=249&cat=all
[Renebates] event: Wylie Auto Towing, Inc. Abandoned Impounded Vehicle Auction For Multiple Municipalities Located In Collin County, Texas secs=15545
[Renebates] Wylie Auto Towing, Inc. Abandoned Impounded Vehicle Auction For Multiple Municipalities Located In Collin County, Texas -> 60 lots via https://renebates.com/a_list_2.php?id=297&cat=all
[DEBUG] collected 29 listings from all sites (after filter)
[GD] HTTP 200 | CT=application/json; charset=utf-8 | page=1
[GD] page 1: 24 items
[GD] HTTP 200 | CT=application/json; charset=utf-8 | page=2
[GD] page 2: 24 items
[GD] HTTP 200 | CT=application/json; charset=utf-8 | page=3
[GD] page 3: 24 items
[GD] HTTP 200 | CT=application/json; charset=utf-8 | page=4
[GD] page 4: 24 items
[GD] HTTP 200 | CT=application/json; charset=utf-8 | page=5
[GD] page 5: 24 items
[GD] total raw items before normalize: 120; unique kept: 112
[GD] normalized rows: 112
[GD] blocked by specialty/diesel filter: 107; passing: 5
[Proxibid] parsed 30 rows across 1 page(s)
[Renebates] found 58 events on index
[Renebates] event: City Of Miami, Florida secs=11301
[Renebates] City Of Miami, Florida -> 3 lots via https://renebates.com/a_list_2.php?id=249&cat=all
[Renebates] event: Wylie Auto Towing, Inc. Abandoned Impounded Vehicle Auction For Multiple Municipalities Located In Collin County, Texas secs=14897
[Renebates] Wylie Auto Towing, Inc. Abandoned Impounded Vehicle Auction For Multiple Municipalities Located In Collin County, Texas -> 60 lots via https://renebates.com/a_list_2.php?id=297&cat=all
[DEBUG] collected 22 listings from all sites (after filter)
[GD] HTTP 200 | CT=application/json; charset=utf-8 | page=1
[GD] page 1: 24 items
[GD] HTTP 200 | CT=application/json; charset=utf-8 | page=2
[GD] page 2: 24 items
[GD] HTTP 200 | CT=application/json; charset=utf-8 | page=3
[GD] page 3: 24 items
[GD] HTTP 200 | CT=application/json; charset=utf-8 | page=4
[GD] page 4: 24 items
[GD] HTTP 200 | CT=application/json; charset=utf-8 | page=5
[GD] page 5: 24 items
[GD] total raw items before normalize: 120; unique kept: 112
[GD] normalized rows: 112
[GD] blocked by specialty/diesel filter: 107; passing: 5
[Proxibid] parsed 30 rows across 1 page(s)
[Renebates] found 58 events on index
[Renebates] event: City Of Miami, Florida secs=10646
[Renebates] City Of Miami, Florida -> 3 lots via https://renebates.com/a_list_2.php?id=249&cat=all
[Renebates] event: Wylie Auto Towing, Inc. Abandoned Impounded Vehicle Auction For Multiple Municipalities Located In Collin County, Texas secs=14243
[Renebates] Wylie Auto Towing, Inc. Abandoned Impounded Vehicle Auction For Multiple Municipalities Located In Collin County, Texas -> 60 lots via https://renebates.com/a_list_2.php?id=297&cat=all
[DEBUG] collected 22 listings from all sites (after filter)
[GD] HTTP 200 | CT=application/json; charset=utf-8 | page=1
[GD] page 1: 24 items
[GD] HTTP 200 | CT=application/json; charset=utf-8 | page=2
[GD] page 2: 24 items
[GD] HTTP 200 | CT=application/json; charset=utf-8 | page=3
[GD] page 3: 24 items
[GD] HTTP 200 | CT=application/json; charset=utf-8 | page=4
[GD] page 4: 24 items
[GD] HTTP 200 | CT=application/json; charset=utf-8 | page=5
[GD] page 5: 24 items
[GD] total raw items before normalize: 120; unique kept: 112
[GD] normalized rows: 112
[GD] blocked by specialty/diesel filter: 107; passing: 5
[Proxibid] parsed 30 rows across 1 page(s)
[Renebates] found 58 events on index
[Renebates] event: City Of Miami, Florida secs=9995
[Renebates] City Of Miami, Florida -> 3 lots via https://renebates.com/a_list_2.php?id=249&cat=all
[Renebates] event: Wylie Auto Towing, Inc. Abandoned Impounded Vehicle Auction For Multiple Municipalities Located In Collin County, Texas secs=13592
[Renebates] Wylie Auto Towing, Inc. Abandoned Impounded Vehicle Auction For Multiple Municipalities Located In Collin County, Texas -> 60 lots via https://renebates.com/a_list_2.php?id=297&cat=all
[DEBUG] collected 22 listings from all sites (after filter)
[GD] HTTP 200 | CT=application/json; charset=utf-8 | page=1
[GD] page 1: 24 items
[GD] HTTP 200 | CT=application/json; charset=utf-8 | page=2
[GD] page 2: 24 items
[GD] HTTP 200 | CT=application/json; charset=utf-8 | page=3
[GD] page 3: 24 items
[GD] HTTP 200 | CT=application/json; charset=utf-8 | page=4
[GD] page 4: 24 items
[GD] HTTP 200 | CT=application/json; charset=utf-8 | page=5
[GD] page 5: 24 items
[GD] total raw items before normalize: 120; unique kept: 112
[GD] normalized rows: 112
[GD] blocked by specialty/diesel filter: 107; passing: 5
[Proxibid] parsed 30 rows across 1 page(s)
[Renebates] found 58 events on index
[Renebates] event: City Of Miami, Florida secs=9340
[Renebates] City Of Miami, Florida -> 3 lots via https://renebates.com/a_list_2.php?id=249&cat=all
[Renebates] event: Wylie Auto Towing, Inc. Abandoned Impounded Vehicle Auction For Multiple Municipalities Located In Collin County, Texas secs=12936
[Renebates] Wylie Auto Towing, Inc. Abandoned Impounded Vehicle Auction For Multiple Municipalities Located In Collin County, Texas -> 60 lots via https://renebates.com/a_list_2.php?id=297&cat=all
[DEBUG] collected 22 listings from all sites (after filter)
[GD] HTTP 200 | CT=application/json; charset=utf-8 | page=1
[GD] page 1: 24 items
[GD] HTTP 200 | CT=application/json; charset=utf-8 | page=2
[GD] page 2: 24 items
[GD] HTTP 200 | CT=application/json; charset=utf-8 | page=3
[GD] page 3: 24 items
[GD] HTTP 200 | CT=application/json; charset=utf-8 | page=4
[GD] page 4: 24 items
[GD] HTTP 200 | CT=application/json; charset=utf-8 | page=5
[GD] page 5: 24 items
[GD] total raw items before normalize: 120; unique kept: 112
[GD] normalized rows: 112
[GD] blocked by specialty/diesel filter: 107; passing: 5
[Proxibid] parsed 30 rows across 1 page(s)
[Renebates] found 58 events on index
[Renebates] event: City Of Miami, Florida secs=8682
[Renebates] City Of Miami, Florida -> 3 lots via https://renebates.com/a_list_2.php?id=249&cat=all
[Renebates] event: Wylie Auto Towing, Inc. Abandoned Impounded Vehicle Auction For Multiple Municipalities Located In Collin County, Texas secs=12279
[Renebates] Wylie Auto Towing, Inc. Abandoned Impounded Vehicle Auction For Multiple Municipalities Located In Collin County, Texas -> 60 lots via https://renebates.com/a_list_2.php?id=297&cat=all
[DEBUG] collected 22 listings from all sites (after filter)
[GD] HTTP 200 | CT=application/json; charset=utf-8 | page=1
[GD] page 1: 24 items
[GD] HTTP 200 | CT=application/json; charset=utf-8 | page=2
[GD] page 2: 24 items
[GD] HTTP 200 | CT=application/json; charset=utf-8 | page=3
[GD] page 3: 24 items
[GD] HTTP 200 | CT=application/json; charset=utf-8 | page=4
[GD] page 4: 24 items
[GD] HTTP 200 | CT=application/json; charset=utf-8 | page=5
[GD] page 5: 24 items
[GD] total raw items before normalize: 120; unique kept: 112
[GD] normalized rows: 112
[GD] blocked by specialty/diesel filter: 107; passing: 5
[Proxibid] parsed 30 rows across 1 page(s)
[Renebates] found 58 events on index
[Renebates] event: City Of Miami, Florida secs=8032
[Renebates] City Of Miami, Florida -> 3 lots via https://renebates.com/a_list_2.php?id=249&cat=all
[Renebates] event: Wylie Auto Towing, Inc. Abandoned Impounded Vehicle Auction For Multiple Municipalities Located In Collin County, Texas secs=11628
[Renebates] Wylie Auto Towing, Inc. Abandoned Impounded Vehicle Auction For Multiple Municipalities Located In Collin County, Texas -> 60 lots via https://renebates.com/a_list_2.php?id=297&cat=all
[DEBUG] collected 22 listings from all sites (after filter)
[GD] HTTP 200 | CT=application/json; charset=utf-8 | page=1
[GD] page 1: 24 items
[GD] HTTP 200 | CT=application/json; charset=utf-8 | page=2
[GD] page 2: 24 items
[GD] HTTP 200 | CT=application/json; charset=utf-8 | page=3
[GD] page 3: 24 items
[GD] HTTP 200 | CT=application/json; charset=utf-8 | page=4
[GD] page 4: 24 items
[GD] HTTP 200 | CT=application/json; charset=utf-8 | page=5
[GD] page 5: 24 items
[GD] total raw items before normalize: 120; unique kept: 112
[GD] normalized rows: 112
[GD] blocked by specialty/diesel filter: 107; passing: 5
[Proxibid] parsed 30 rows across 1 page(s)
[Renebates] found 58 events on index
[Renebates] event: City Of Miami, Florida secs=7372
[Renebates] City Of Miami, Florida -> 3 lots via https://renebates.com/a_list_2.php?id=249&cat=all
[Renebates] event: Wylie Auto Towing, Inc. Abandoned Impounded Vehicle Auction For Multiple Municipalities Located In Collin County, Texas secs=10967
[Renebates] Wylie Auto Towing, Inc. Abandoned Impounded Vehicle Auction For Multiple Municipalities Located In Collin County, Texas -> 60 lots via https://renebates.com/a_list_2.php?id=297&cat=all
[DEBUG] collected 22 listings from all sites (after filter)
[GD] HTTP 200 | CT=application/json; charset=utf-8 | page=1
[GD] page 1: 24 items
[GD] HTTP 200 | CT=application/json; charset=utf-8 | page=2
[GD] page 2: 24 items
[GD] HTTP 200 | CT=application/json; charset=utf-8 | page=3
[GD] page 3: 24 items
[GD] HTTP 200 | CT=application/json; charset=utf-8 | page=4
[GD] page 4: 24 items
[GD] HTTP 200 | CT=application/json; charset=utf-8 | page=5
[GD] page 5: 24 items
[GD] total raw items before normalize: 120; unique kept: 114
[GD] normalized rows: 114
[GD] blocked by specialty/diesel filter: 109; passing: 5
[Proxibid] parsed 30 rows across 1 page(s)
[Renebates] found 58 events on index
[Renebates] event: City Of Miami, Florida secs=6714
[Renebates] City Of Miami, Florida -> 3 lots via https://renebates.com/a_list_2.php?id=249&cat=all
[Renebates] event: Wylie Auto Towing, Inc. Abandoned Impounded Vehicle Auction For Multiple Municipalities Located In Collin County, Texas secs=10310
[Renebates] Wylie Auto Towing, Inc. Abandoned Impounded Vehicle Auction For Multiple Municipalities Located In Collin County, Texas -> 60 lots via https://renebates.com/a_list_2.php?id=297&cat=all
[DEBUG] collected 22 listings from all sites (after filter)
❌ Digest SMS failed: HTTP 401 error: Unable to create record: Authenticate
📬 Daily digest SMS sent.
[GD] HTTP 200 | CT=application/json; charset=utf-8 | page=1
[GD] page 1: 24 items
[GD] HTTP 200 | CT=application/json; charset=utf-8 | page=2
[GD] page 2: 24 items
[GD] HTTP 200 | CT=application/json; charset=utf-8 | page=3
[GD] page 3: 24 items
[GD] HTTP 200 | CT=application/json; charset=utf-8 | page=4
[GD] page 4: 24 items
[GD] HTTP 200 | CT=application/json; charset=utf-8 | page=5
[GD] page 5: 24 items
[GD] total raw items before normalize: 120; unique kept: 114
[GD] normalized rows: 114
[GD] blocked by specialty/diesel filter: 109; passing: 5
[Proxibid] parsed 30 rows across 1 page(s)
[Renebates] found 58 events on index
[Renebates] event: City Of Miami, Florida secs=6055
[Renebates] City Of Miami, Florida -> 3 lots via https://renebates.com/a_list_2.php?id=249&cat=all
[Renebates] event: Wylie Auto Towing, Inc. Abandoned Impounded Vehicle Auction For Multiple Municipalities Located In Collin County, Texas secs=9651
[Renebates] Wylie Auto Towing, Inc. Abandoned Impounded Vehicle Auction For Multiple Municipalities Located In Collin County, Texas -> 60 lots via https://renebates.com/a_list_2.php?id=297&cat=all
[DEBUG] collected 22 listings from all sites (after filter)
[GD] HTTP 200 | CT=application/json; charset=utf-8 | page=1
[GD] page 1: 24 items
[GD] HTTP 200 | CT=application/json; charset=utf-8 | page=2
[GD] page 2: 24 items
[GD] HTTP 200 | CT=application/json; charset=utf-8 | page=3
[GD] page 3: 24 items
[GD] HTTP 200 | CT=application/json; charset=utf-8 | page=4
[GD] page 4: 24 items
[GD] HTTP 200 | CT=application/json; charset=utf-8 | page=5
[GD] page 5: 24 items
[GD] total raw items before normalize: 120; unique kept: 114
[GD] normalized rows: 114
[GD] blocked by specialty/diesel filter: 109; passing: 5
[Proxibid] parsed 30 rows across 1 page(s)
[Renebates] found 58 events on index
[Renebates] event: City Of Miami, Florida secs=5404
[Renebates] City Of Miami, Florida -> 3 lots via https://renebates.com/a_list_2.php?id=249&cat=all
[Renebates] event: Wylie Auto Towing, Inc. Abandoned Impounded Vehicle Auction For Multiple Municipalities Located In Collin County, Texas secs=9002
[Renebates] Wylie Auto Towing, Inc. Abandoned Impounded Vehicle Auction For Multiple Municipalities Located In Collin County, Texas -> 60 lots via https://renebates.com/a_list_2.php?id=297&cat=all
[DEBUG] collected 22 listings from all sites (after filter)
[GD] HTTP 200 | CT=application/json; charset=utf-8 | page=1
[GD] page 1: 24 items
[GD] HTTP 200 | CT=application/json; charset=utf-8 | page=2
[GD] page 2: 24 items
[GD] HTTP 200 | CT=application/json; charset=utf-8 | page=3
[GD] page 3: 24 items
[GD] HTTP 200 | CT=application/json; charset=utf-8 | page=4
[GD] page 4: 24 items
[GD] HTTP 200 | CT=application/json; charset=utf-8 | page=5
[GD] page 5: 24 items
[GD] total raw items before normalize: 120; unique kept: 114
[GD] normalized rows: 114
[GD] blocked by specialty/diesel filter: 109; passing: 5
[Proxibid] parsed 30 rows across 1 page(s)
[Renebates] found 58 events on index
[Renebates] event: City Of Miami, Florida secs=4753
[Renebates] City Of Miami, Florida -> 3 lots via https://renebates.com/a_list_2.php?id=249&cat=all
[Renebates] event: Wylie Auto Towing, Inc. Abandoned Impounded Vehicle Auction For Multiple Municipalities Located In Collin County, Texas secs=8348
[Renebates] Wylie Auto Towing, Inc. Abandoned Impounded Vehicle Auction For Multiple Municipalities Located In Collin County, Texas -> 60 lots via https://renebates.com/a_list_2.php?id=297&cat=all
[DEBUG] collected 22 listings from all sites (after filter)
[GD] HTTP 200 | CT=application/json; charset=utf-8 | page=1
[GD] page 1: 24 items
[GD] HTTP 200 | CT=application/json; charset=utf-8 | page=2
[GD] page 2: 24 items
[GD] HTTP 200 | CT=application/json; charset=utf-8 | page=3
[GD] page 3: 24 items
[GD] HTTP 200 | CT=application/json; charset=utf-8 | page=4
[GD] page 4: 24 items
[GD] HTTP 200 | CT=application/json; charset=utf-8 | page=5
[GD] page 5: 24 items
[GD] total raw items before normalize: 120; unique kept: 114
[GD] normalized rows: 114
[GD] blocked by specialty/diesel filter: 109; passing: 5
[Proxibid] parsed 30 rows across 1 page(s)
[Renebates] found 58 events on index
[Renebates] event: City Of Miami, Florida secs=4100
[Renebates] City Of Miami, Florida -> 3 lots via https://renebates.com/a_list_2.php?id=249&cat=all
[Renebates] event: Wylie Auto Towing, Inc. Abandoned Impounded Vehicle Auction For Multiple Municipalities Located In Collin County, Texas secs=7696
[Renebates] Wylie Auto Towing, Inc. Abandoned Impounded Vehicle Auction For Multiple Municipalities Located In Collin County, Texas -> 60 lots via https://renebates.com/a_list_2.php?id=297&cat=all
[DEBUG] collected 22 listings from all sites (after filter)
[GD] HTTP 200 | CT=application/json; charset=utf-8 | page=1
[GD] page 1: 24 items
[GD] HTTP 200 | CT=application/json; charset=utf-8 | page=2
[GD] page 2: 24 items
[GD] HTTP 200 | CT=application/json; charset=utf-8 | page=3
[GD] page 3: 24 items
[GD] HTTP 200 | CT=application/json; charset=utf-8 | page=4
[GD] page 4: 24 items
[GD] HTTP 200 | CT=application/json; charset=utf-8 | page=5
[GD] page 5: 24 items
[GD] total raw items before normalize: 120; unique kept: 114
[GD] normalized rows: 114
[GD] blocked by specialty/diesel filter: 109; passing: 5
[Proxibid] parsed 30 rows across 1 page(s)
[Renebates] found 58 events on index
[Renebates] event: City Of Miami, Florida secs=3442
[Renebates] City Of Miami, Florida -> 3 lots via https://renebates.com/a_list_2.php?id=249&cat=all
[Renebates] event: Wylie Auto Towing, Inc. Abandoned Impounded Vehicle Auction For Multiple Municipalities Located In Collin County, Texas secs=7038
[Renebates] Wylie Auto Towing, Inc. Abandoned Impounded Vehicle Auction For Multiple Municipalities Located In Collin County, Texas -> 60 lots via https://renebates.com/a_list_2.php?id=297&cat=all
[DEBUG] collected 22 listings from all sites (after filter)
[GD] HTTP 200 | CT=application/json; charset=utf-8 | page=1
[GD] page 1: 24 items
[GD] HTTP 200 | CT=application/json; charset=utf-8 | page=2
[GD] page 2: 24 items
[GD] HTTP 200 | CT=application/json; charset=utf-8 | page=3
[GD] page 3: 24 items
[GD] HTTP 200 | CT=application/json; charset=utf-8 | page=4
[GD] page 4: 24 items
[GD] HTTP 200 | CT=application/json; charset=utf-8 | page=5
[GD] page 5: 24 items
[GD] total raw items before normalize: 120; unique kept: 114
[GD] normalized rows: 114
[GD] blocked by specialty/diesel filter: 109; passing: 5
[Proxibid] parsed 30 rows across 1 page(s)
[Renebates] found 58 events on index
[Renebates] event: City Of Miami, Florida secs=2785
[Renebates] City Of Miami, Florida -> 3 lots via https://renebates.com/a_list_2.php?id=249&cat=all
[Renebates] event: Wylie Auto Towing, Inc. Abandoned Impounded Vehicle Auction For Multiple Municipalities Located In Collin County, Texas secs=6381
[Renebates] Wylie Auto Towing, Inc. Abandoned Impounded Vehicle Auction For Multiple Municipalities Located In Collin County, Texas -> 60 lots via https://renebates.com/a_list_2.php?id=297&cat=all
[DEBUG] collected 22 listings from all sites (after filter)
[GD] HTTP 200 | CT=application/json; charset=utf-8 | page=1
[GD] page 1: 24 items
[GD] HTTP 200 | CT=application/json; charset=utf-8 | page=2
[GD] page 2: 24 items
[GD] HTTP 200 | CT=application/json; charset=utf-8 | page=3
[GD] page 3: 24 items
[GD] HTTP 200 | CT=application/json; charset=utf-8 | page=4
[GD] page 4: 24 items
[GD] HTTP 200 | CT=application/json; charset=utf-8 | page=5
[GD] page 5: 24 items
[GD] total raw items before normalize: 120; unique kept: 114
[GD] normalized rows: 114
[GD] blocked by specialty/diesel filter: 109; passing: 5
[Proxibid] parsed 30 rows across 1 page(s)
[Renebates] found 58 events on index
[Renebates] event: City Of Miami, Florida secs=2138
[Renebates] City Of Miami, Florida -> 3 lots via https://renebates.com/a_list_2.php?id=249&cat=all
[Renebates] event: Wylie Auto Towing, Inc. Abandoned Impounded Vehicle Auction For Multiple Municipalities Located In Collin County, Texas secs=5735
[Renebates] Wylie Auto Towing, Inc. Abandoned Impounded Vehicle Auction For Multiple Municipalities Located In Collin County, Texas -> 60 lots via https://renebates.com/a_list_2.php?id=297&cat=all
[DEBUG] collected 22 listings from all sites (after filter)
[GD] HTTP 200 | CT=application/json; charset=utf-8 | page=1
[GD] page 1: 24 items
[GD] HTTP 200 | CT=application/json; charset=utf-8 | page=2
[GD] page 2: 24 items
[GD] HTTP 200 | CT=application/json; charset=utf-8 | page=3
[GD] page 3: 24 items
[GD] HTTP 200 | CT=application/json; charset=utf-8 | page=4
[GD] page 4: 24 items
[GD] HTTP 200 | CT=application/json; charset=utf-8 | page=5
[GD] page 5: 24 items
[GD] total raw items before normalize: 120; unique kept: 114
[GD] normalized rows: 114
[GD] blocked by specialty/diesel filter: 110; passing: 4
[Proxibid] parsed 30 rows across 1 page(s)
[Renebates] found 58 events on index
[Renebates] event: City Of Miami, Florida secs=1481
[Renebates] City Of Miami, Florida -> 3 lots via https://renebates.com/a_list_2.php?id=249&cat=all
[Renebates] event: Wylie Auto Towing, Inc. Abandoned Impounded Vehicle Auction For Multiple Municipalities Located In Collin County, Texas secs=5079
[Renebates] Wylie Auto Towing, Inc. Abandoned Impounded Vehicle Auction For Multiple Municipalities Located In Collin County, Texas -> 60 lots via https://renebates.com/a_list_2.php?id=297&cat=all
[DEBUG] collected 21 listings from all sites (after filter)
[GD] HTTP 200 | CT=application/json; charset=utf-8 | page=1
[GD] page 1: 24 items
[GD] HTTP 200 | CT=application/json; charset=utf-8 | page=2
[GD] page 2: 24 items
[GD] HTTP 200 | CT=application/json; charset=utf-8 | page=3
[GD] page 3: 24 items
[GD] HTTP 200 | CT=application/json; charset=utf-8 | page=4
[GD] page 4: 24 items
[GD] HTTP 200 | CT=application/json; charset=utf-8 | page=5
[GD] page 5: 24 items
[GD] total raw items before normalize: 120; unique kept: 114
[GD] normalized rows: 114
[GD] blocked by specialty/diesel filter: 110; passing: 4
[Proxibid] parsed 30 rows across 1 page(s)
[Renebates] found 58 events on index
[Renebates] event: City Of Miami, Florida secs=834
[Renebates] City Of Miami, Florida -> 3 lots via https://renebates.com/a_list_2.php?id=249&cat=all
[Renebates] event: Wylie Auto Towing, Inc. Abandoned Impounded Vehicle Auction For Multiple Municipalities Located In Collin County, Texas secs=4430
[Renebates] Wylie Auto Towing, Inc. Abandoned Impounded Vehicle Auction For Multiple Municipalities Located In Collin County, Texas -> 60 lots via https://renebates.com/a_list_2.php?id=297&cat=all
[DEBUG] collected 21 listings from all sites (after filter)
[GD] HTTP 200 | CT=application/json; charset=utf-8 | page=1
[GD] page 1: 24 items
[GD] HTTP 200 | CT=application/json; charset=utf-8 | page=2
[GD] page 2: 24 items
[GD] HTTP 200 | CT=application/json; charset=utf-8 | page=3
[GD] page 3: 24 items
[GD] HTTP 200 | CT=application/json; charset=utf-8 | page=4
[GD] page 4: 24 items
[GD] HTTP 200 | CT=application/json; charset=utf-8 | page=5
[GD] page 5: 24 items
[GD] total raw items before normalize: 120; unique kept: 114
[GD] normalized rows: 114
[GD] blocked by specialty/diesel filter: 110; passing: 4
[Proxibid] parsed 30 rows across 1 page(s)
[Renebates] found 58 events on index
[Renebates] event: City Of Miami, Florida secs=189
[Renebates] City Of Miami, Florida -> 3 lots via https://renebates.com/a_list_2.php?id=249&cat=all
[Renebates] event: Wylie Auto Towing, Inc. Abandoned Impounded Vehicle Auction For Multiple Municipalities Located In Collin County, Texas secs=3785
[Renebates] Wylie Auto Towing, Inc. Abandoned Impounded Vehicle Auction For Multiple Municipalities Located In Collin County, Texas -> 60 lots via https://renebates.com/a_list_2.php?id=297&cat=all
[DEBUG] collected 21 listings from all sites (after filter)
[GD] HTTP 200 | CT=application/json; charset=utf-8 | page=1
[GD] page 1: 24 items
[GD] HTTP 200 | CT=application/json; charset=utf-8 | page=2
[GD] page 2: 24 items
[GD] HTTP 200 | CT=application/json; charset=utf-8 | page=3
[GD] page 3: 24 items
[GD] HTTP 200 | CT=application/json; charset=utf-8 | page=4
[GD] page 4: 24 items
[GD] HTTP 200 | CT=application/json; charset=utf-8 | page=5
[GD] page 5: 24 items
[GD] total raw items before normalize: 120; unique kept: 112
[GD] normalized rows: 112
[GD] blocked by specialty/diesel filter: 108; passing: 4
[Proxibid] parsed 30 rows across 1 page(s)
[Renebates] found 58 events on index
[Renebates] event: Wylie Auto Towing, Inc. Abandoned Impounded Vehicle Auction For Multiple Municipalities Located In Collin County, Texas secs=3135
[Renebates] Wylie Auto Towing, Inc. Abandoned Impounded Vehicle Auction For Multiple Municipalities Located In Collin County, Texas -> 60 lots via https://renebates.com/a_list_2.php?id=297&cat=all
[Renebates] event: Kemp's Wrecker Service - Texas secs=6731
[Renebates] Kemp's Wrecker Service - Texas -> 24 lots via https://renebates.com/a_list_2.php?id=220&cat=all
[DEBUG] collected 17 listings from all sites (after filter)
[GD] HTTP 200 | CT=application/json; charset=utf-8 | page=1
[GD] page 1: 24 items
[GD] HTTP 200 | CT=application/json; charset=utf-8 | page=2
[GD] page 2: 24 items
[GD] HTTP 200 | CT=application/json; charset=utf-8 | page=3
[GD] page 3: 24 items
[GD] HTTP 200 | CT=application/json; charset=utf-8 | page=4
[GD] page 4: 24 items
[GD] HTTP 200 | CT=application/json; charset=utf-8 | page=5
[GD] page 5: 24 items
[GD] total raw items before normalize: 120; unique kept: 110
[GD] normalized rows: 110
[GD] blocked by specialty/diesel filter: 107; passing: 3
[Proxibid] parsed 30 rows across 1 page(s)
[Renebates] found 57 events on index
[Renebates] event: Wylie Auto Towing, Inc. Abandoned Impounded Vehicle Auction For Multiple Municipalities Located In Collin County, Texas secs=2486
[Renebates] Wylie Auto Towing, Inc. Abandoned Impounded Vehicle Auction For Multiple Municipalities Located In Collin County, Texas -> 60 lots via https://renebates.com/a_list_2.php?id=297&cat=all
[Renebates] event: Kemp's Wrecker Service - Texas secs=6082
[Renebates] Kemp's Wrecker Service - Texas -> 24 lots via https://renebates.com/a_list_2.php?id=220&cat=all
[DEBUG] collected 16 listings from all sites (after filter)
[GD] HTTP 200 | CT=application/json; charset=utf-8 | page=1
[GD] page 1: 24 items
[GD] HTTP 200 | CT=application/json; charset=utf-8 | page=2
[GD] page 2: 24 items
[GD] HTTP 200 | CT=application/json; charset=utf-8 | page=3
[GD] page 3: 24 items
[GD] HTTP 200 | CT=application/json; charset=utf-8 | page=4
[GD] page 4: 24 items
[GD] HTTP 200 | CT=application/json; charset=utf-8 | page=5
[GD] page 5: 24 items
[GD] total raw items before normalize: 120; unique kept: 110
[GD] normalized rows: 110
[GD] blocked by specialty/diesel filter: 107; passing: 3
[Proxibid] parsed 30 rows across 1 page(s)
[Renebates] found 57 events on index
[Renebates] event: Wylie Auto Towing, Inc. Abandoned Impounded Vehicle Auction For Multiple Municipalities Located In Collin County, Texas secs=1830
[Renebates] Wylie Auto Towing, Inc. Abandoned Impounded Vehicle Auction For Multiple Municipalities Located In Collin County, Texas -> 60 lots via https://renebates.com/a_list_2.php?id=297&cat=all
[Renebates] event: Kemp's Wrecker Service - Texas secs=5426
[Renebates] Kemp's Wrecker Service - Texas -> 24 lots via https://renebates.com/a_list_2.php?id=220&cat=all
[DEBUG] collected 15 listings from all sites (after filter)
[GD] HTTP 200 | CT=application/json; charset=utf-8 | page=1
[GD] page 1: 24 items
[GD] HTTP 200 | CT=application/json; charset=utf-8 | page=2
[GD] page 2: 24 items
[GD] HTTP 200 | CT=application/json; charset=utf-8 | page=3
[GD] page 3: 24 items
[GD] HTTP 200 | CT=application/json; charset=utf-8 | page=4
[GD] page 4: 24 items
[GD] HTTP 200 | CT=application/json; charset=utf-8 | page=5
[GD] page 5: 24 items
[GD] total raw items before normalize: 120; unique kept: 110
[GD] normalized rows: 110
[GD] blocked by specialty/diesel filter: 106; passing: 4
[Proxibid] parsed 30 rows across 1 page(s)
[Renebates] found 57 events on index
[Renebates] event: Wylie Auto Towing, Inc. Abandoned Impounded Vehicle Auction For Multiple Municipalities Located In Collin County, Texas secs=1177
[Renebates] Wylie Auto Towing, Inc. Abandoned Impounded Vehicle Auction For Multiple Municipalities Located In Collin County, Texas -> 60 lots via https://renebates.com/a_list_2.php?id=297&cat=all
[Renebates] event: Kemp's Wrecker Service - Texas secs=4775
[Renebates] Kemp's Wrecker Service - Texas -> 24 lots via https://renebates.com/a_list_2.php?id=220&cat=all
[DEBUG] collected 16 listings from all sites (after filter)
[GD] HTTP 200 | CT=application/json; charset=utf-8 | page=1
[GD] page 1: 24 items
[GD] HTTP 200 | CT=application/json; charset=utf-8 | page=2
[GD] page 2: 24 items
[GD] HTTP 200 | CT=application/json; charset=utf-8 | page=3
[GD] page 3: 24 items
[GD] HTTP 200 | CT=application/json; charset=utf-8 | page=4
[GD] page 4: 24 items
[GD] HTTP 200 | CT=application/json; charset=utf-8 | page=5
[GD] page 5: 24 items
[GD] total raw items before normalize: 120; unique kept: 110
[GD] normalized rows: 110
[GD] blocked by specialty/diesel filter: 106; passing: 4
[Proxibid] parsed 30 rows across 1 page(s)
[Renebates] found 57 events on index
[Renebates] event: Wylie Auto Towing, Inc. Abandoned Impounded Vehicle Auction For Multiple Municipalities Located In Collin County, Texas secs=525
[Renebates] Wylie Auto Towing, Inc. Abandoned Impounded Vehicle Auction For Multiple Municipalities Located In Collin County, Texas -> 60 lots via https://renebates.com/a_list_2.php?id=297&cat=all
[Renebates] event: Kemp's Wrecker Service - Texas secs=4122
[Renebates] Kemp's Wrecker Service - Texas -> 24 lots via https://renebates.com/a_list_2.php?id=220&cat=all
[DEBUG] collected 16 listings from all sites (after filter)
[GD] HTTP 200 | CT=application/json; charset=utf-8 | page=1
[GD] page 1: 24 items
[GD] HTTP 200 | CT=application/json; charset=utf-8 | page=2
[GD] page 2: 24 items
[GD] HTTP 200 | CT=application/json; charset=utf-8 | page=3
[GD] page 3: 24 items
[GD] HTTP 200 | CT=application/json; charset=utf-8 | page=4
[GD] page 4: 24 items
[GD] HTTP 200 | CT=application/json; charset=utf-8 | page=5
[GD] page 5: 24 items
[GD] total raw items before normalize: 120; unique kept: 110
[GD] normalized rows: 110
[GD] blocked by specialty/diesel filter: 106; passing: 4
[Proxibid] parsed 30 rows across 1 page(s)
[Renebates] found 57 events on index
[Renebates] event: Wylie Auto Towing, Inc. Abandoned Impounded Vehicle Auction For Multiple Municipalities Located In Collin County, Texas secs=0
[Renebates] Wylie Auto Towing, Inc. Abandoned Impounded Vehicle Auction For Multiple Municipalities Located In Collin County, Texas -> 59 lots via https://renebates.com/a_list_2.php?id=297&cat=all
[Renebates] event: Kemp's Wrecker Service - Texas secs=3477
[Renebates] Kemp's Wrecker Service - Texas -> 24 lots via https://renebates.com/a_list_2.php?id=220&cat=all
[DEBUG] collected 16 listings from all sites (after filter)
[GD] HTTP 200 | CT=application/json; charset=utf-8 | page=1
[GD] page 1: 24 items
[GD] HTTP 200 | CT=application/json; charset=utf-8 | page=2
[GD] page 2: 24 items
[GD] HTTP 200 | CT=application/json; charset=utf-8 | page=3
[GD] page 3: 24 items
[GD] HTTP 200 | CT=application/json; charset=utf-8 | page=4
[GD] page 4: 24 items
[GD] HTTP 200 | CT=application/json; charset=utf-8 | page=5
[GD] page 5: 24 items
[GD] total raw items before normalize: 120; unique kept: 108
[GD] normalized rows: 108
[GD] blocked by specialty/diesel filter: 104; passing: 4
[Proxibid] parsed 30 rows across 1 page(s)
[Renebates] found 57 events on index
[Renebates] event: Wylie Auto Towing, Inc. Abandoned Impounded Vehicle Auction For Multiple Municipalities Located In Collin County, Texas secs=0
[Renebates] Wylie Auto Towing, Inc. Abandoned Impounded Vehicle Auction For Multiple Municipalities Located In Collin County, Texas -> 48 lots via https://renebates.com/a_list_2.php?id=297&cat=all
[Renebates] event: Kemp's Wrecker Service - Texas secs=2822
[Renebates] Kemp's Wrecker Service - Texas -> 24 lots via https://renebates.com/a_list_2.php?id=220&cat=all
[DEBUG] collected 16 listings from all sites (after filter)
[GD] HTTP 200 | CT=application/json; charset=utf-8 | page=1
[GD] page 1: 24 items
[GD] HTTP 200 | CT=application/json; charset=utf-8 | page=2
[GD] page 2: 24 items
[GD] HTTP 200 | CT=application/json; charset=utf-8 | page=3
[GD] page 3: 24 items
[GD] HTTP 200 | CT=application/json; charset=utf-8 | page=4
[GD] page 4: 24 items
[GD] HTTP 200 | CT=application/json; charset=utf-8 | page=5
[GD] page 5: 24 items
[GD] total raw items before normalize: 120; unique kept: 108
[GD] normalized rows: 108
[GD] blocked by specialty/diesel filter: 103; passing: 5
[Proxibid] parsed 30 rows across 1 page(s)
[Renebates] found 58 events on index
[Renebates] event: Wylie Auto Towing, Inc. Abandoned Impounded Vehicle Auction For Multiple Municipalities Located In Collin County, Texas secs=0
[Renebates] Wylie Auto Towing, Inc. Abandoned Impounded Vehicle Auction For Multiple Municipalities Located In Collin County, Texas -> 41 lots via https://renebates.com/a_list_2.php?id=297&cat=all
[Renebates] event: Kemp's Wrecker Service - Texas secs=2167
[Renebates] Kemp's Wrecker Service - Texas -> 24 lots via https://renebates.com/a_list_2.php?id=220&cat=all
[DEBUG] collected 16 listings from all sites (after filter)
[GD] HTTP 200 | CT=application/json; charset=utf-8 | page=1
[GD] page 1: 24 items
[GD] HTTP 200 | CT=application/json; charset=utf-8 | page=2
[GD] page 2: 24 items
[GD] HTTP 200 | CT=application/json; charset=utf-8 | page=3
[GD] page 3: 24 items
[GD] HTTP 200 | CT=application/json; charset=utf-8 | page=4
[GD] page 4: 24 items
[GD] HTTP 200 | CT=application/json; charset=utf-8 | page=5
[GD] page 5: 24 items
[GD] total raw items before normalize: 120; unique kept: 107
[GD] normalized rows: 107
[GD] blocked by specialty/diesel filter: 102; passing: 5
[Proxibid] parsed 30 rows across 1 page(s)
[Renebates] found 58 events on index
[Renebates] event: Kemp's Wrecker Service - Texas secs=1515
[Renebates] Kemp's Wrecker Service - Texas -> 24 lots via https://renebates.com/a_list_2.php?id=220&cat=all
[Renebates] event: Graham's Wrecker Service - Carrollton, Texas secs=5112
[Renebates] Graham's Wrecker Service - Carrollton, Texas -> 60 lots via https://renebates.com/a_list_2.php?id=206&cat=all
[DEBUG] collected 14 listings from all sites (after filter)
[GD] HTTP 200 | CT=application/json; charset=utf-8 | page=1
[GD] page 1: 24 items
[GD] HTTP 200 | CT=application/json; charset=utf-8 | page=2
[GD] page 2: 24 items
[GD] HTTP 200 | CT=application/json; charset=utf-8 | page=3
[GD] page 3: 24 items
[GD] HTTP 200 | CT=application/json; charset=utf-8 | page=4
[GD] page 4: 24 items
[GD] HTTP 200 | CT=application/json; charset=utf-8 | page=5
[GD] page 5: 24 items
[GD] total raw items before normalize: 120; unique kept: 107
[GD] normalized rows: 107
[GD] blocked by specialty/diesel filter: 102; passing: 5
[Proxibid] parsed 30 rows across 1 page(s)
[Renebates] found 58 events on index
[Renebates] event: Kemp's Wrecker Service - Texas secs=871
[Renebates] Kemp's Wrecker Service - Texas -> 24 lots via https://renebates.com/a_list_2.php?id=220&cat=all
[Renebates] event: Graham's Wrecker Service - Carrollton, Texas secs=4468
[Renebates] Graham's Wrecker Service - Carrollton, Texas -> 60 lots via https://renebates.com/a_list_2.php?id=206&cat=all
[DEBUG] collected 14 listings from all sites (after filter)
[GD] HTTP 200 | CT=application/json; charset=utf-8 | page=1
[GD] page 1: 24 items
[GD] HTTP 200 | CT=application/json; charset=utf-8 | page=2
[GD] page 2: 24 items
[GD] HTTP 200 | CT=application/json; charset=utf-8 | page=3
[GD] page 3: 24 items
[GD] HTTP 200 | CT=application/json; charset=utf-8 | page=4
[GD] page 4: 24 items
[GD] HTTP 200 | CT=application/json; charset=utf-8 | page=5
[GD] page 5: 24 items
[GD] total raw items before normalize: 120; unique kept: 107
[GD] normalized rows: 107
[GD] blocked by specialty/diesel filter: 102; passing: 5
[Proxibid] parsed 30 rows across 1 page(s)
[Renebates] found 58 events on index
[Renebates] event: Kemp's Wrecker Service - Texas secs=221
[Renebates] Kemp's Wrecker Service - Texas -> 24 lots via https://renebates.com/a_list_2.php?id=220&cat=all
[Renebates] event: Graham's Wrecker Service - Carrollton, Texas secs=3818
[Renebates] Graham's Wrecker Service - Carrollton, Texas -> 60 lots via https://renebates.com/a_list_2.php?id=206&cat=all
[DEBUG] collected 14 listings from all sites (after filter)
[GD] HTTP 200 | CT=application/json; charset=utf-8 | page=1
[GD] page 1: 24 items
[GD] HTTP 200 | CT=application/json; charset=utf-8 | page=2
[GD] page 2: 24 items
[GD] HTTP 200 | CT=application/json; charset=utf-8 | page=3
[GD] page 3: 24 items
[GD] HTTP 200 | CT=application/json; charset=utf-8 | page=4
[GD] page 4: 24 items
[GD] HTTP 200 | CT=application/json; charset=utf-8 | page=5
[GD] page 5: 24 items
[GD] total raw items before normalize: 120; unique kept: 107
[GD] normalized rows: 107
[GD] blocked by specialty/diesel filter: 101; passing: 6
[Proxibid] parsed 30 rows across 1 page(s)
[Renebates] found 58 events on index
[Renebates] event: Kemp's Wrecker Service - Texas secs=0
[Renebates] Kemp's Wrecker Service - Texas -> 17 lots via https://renebates.com/a_list_2.php?id=220&cat=all
[Renebates] event: Graham's Wrecker Service - Carrollton, Texas secs=3166
[Renebates] Graham's Wrecker Service - Carrollton, Texas -> 60 lots via https://renebates.com/a_list_2.php?id=206&cat=all
[DEBUG] collected 14 listings from all sites (after filter)
[GD] HTTP 200 | CT=application/json; charset=utf-8 | page=1
[GD] page 1: 24 items
[GD] HTTP 200 | CT=application/json; charset=utf-8 | page=2
[GD] page 2: 24 items
[GD] HTTP 200 | CT=application/json; charset=utf-8 | page=3
[GD] page 3: 24 items
[GD] HTTP 200 | CT=application/json; charset=utf-8 | page=4
[GD] page 4: 24 items
[GD] HTTP 200 | CT=application/json; charset=utf-8 | page=5
[GD] page 5: 24 items
[GD] total raw items before normalize: 120; unique kept: 107
[GD] normalized rows: 107
[GD] blocked by specialty/diesel filter: 101; passing: 6
[Proxibid] parsed 30 rows across 1 page(s)
[Renebates] found 58 events on index
[Renebates] event: Graham's Wrecker Service - Carrollton, Texas secs=2517
[Renebates] Graham's Wrecker Service - Carrollton, Texas -> 60 lots via https://renebates.com/a_list_2.php?id=206&cat=all
[Renebates] event: CITY OF GRAND PRAIRIE LIVE ABANDONED & IMPOUNDED VEHICLE AUCTION secs=None
[DEBUG] collected 15 listings from all sites (after filter)
[GD] HTTP 200 | CT=application/json; charset=utf-8 | page=1
[GD] page 1: 24 items
[GD] HTTP 200 | CT=application/json; charset=utf-8 | page=2
[GD] page 2: 24 items
[GD] HTTP 200 | CT=application/json; charset=utf-8 | page=3
[GD] page 3: 24 items
[GD] HTTP 200 | CT=application/json; charset=utf-8 | page=4
[GD] page 4: 24 items
[GD] HTTP 200 | CT=application/json; charset=utf-8 | page=5
[GD] page 5: 24 items
[GD] total raw items before normalize: 120; unique kept: 108
[GD] normalized rows: 108
[GD] blocked by specialty/diesel filter: 102; passing: 6
[Proxibid] parsed 30 rows across 1 page(s)
[Renebates] found 58 events on index
[Renebates] event: Graham's Wrecker Service - Carrollton, Texas secs=1871
[Renebates] Graham's Wrecker Service - Carrollton, Texas -> 60 lots via https://renebates.com/a_list_2.php?id=206&cat=all
[Renebates] event: CITY OF GRAND PRAIRIE LIVE ABANDONED & IMPOUNDED VEHICLE AUCTION secs=None
[DEBUG] collected 15 listings from all sites (after filter)
[GD] HTTP 200 | CT=application/json; charset=utf-8 | page=1
[GD] page 1: 24 items
[GD] HTTP 200 | CT=application/json; charset=utf-8 | page=2
[GD] page 2: 24 items
[GD] HTTP 200 | CT=application/json; charset=utf-8 | page=3
[GD] page 3: 24 items
[GD] HTTP 200 | CT=application/json; charset=utf-8 | page=4
[GD] page 4: 24 items
[GD] HTTP 200 | CT=application/json; charset=utf-8 | page=5
[GD] page 5: 24 items
[GD] total raw items before normalize: 120; unique kept: 108
[GD] normalized rows: 108
[GD] blocked by specialty/diesel filter: 102; passing: 6
[Proxibid] parsed 30 rows across 1 page(s)
[Renebates] found 59 events on index
[Renebates] event: Graham's Wrecker Service - Carrollton, Texas secs=1221
[Renebates] Graham's Wrecker Service - Carrollton, Texas -> 60 lots via https://renebates.com/a_list_2.php?id=206&cat=all
[Renebates] event: CITY OF GRAND PRAIRIE LIVE ABANDONED & IMPOUNDED VEHICLE AUCTION secs=None
[DEBUG] collected 15 listings from all sites (after filter)
[GD] HTTP 200 | CT=application/json; charset=utf-8 | page=1
[GD] page 1: 24 items
[GD] HTTP 200 | CT=application/json; charset=utf-8 | page=2
[GD] page 2: 24 items
[GD] HTTP 200 | CT=application/json; charset=utf-8 | page=3
[GD] page 3: 24 items
[GD] HTTP 200 | CT=application/json; charset=utf-8 | page=4
[GD] page 4: 24 items
[GD] HTTP 200 | CT=application/json; charset=utf-8 | page=5
[GD] page 5: 24 items
[GD] total raw items before normalize: 120; unique kept: 108
[GD] normalized rows: 108
[GD] blocked by specialty/diesel filter: 102; passing: 6
[Proxibid] parsed 30 rows across 1 page(s)
[Renebates] found 59 events on index
[Renebates] event: Graham's Wrecker Service - Carrollton, Texas secs=571
[Renebates] Graham's Wrecker Service - Carrollton, Texas -> 60 lots via https://renebates.com/a_list_2.php?id=206&cat=all
[Renebates] event: CITY OF GRAND PRAIRIE LIVE ABANDONED & IMPOUNDED VEHICLE AUCTION secs=None
[DEBUG] collected 16 listings from all sites (after filter)
[GD] HTTP 200 | CT=application/json; charset=utf-8 | page=1
[GD] page 1: 24 items
[GD] HTTP 200 | CT=application/json; charset=utf-8 | page=2
[GD] page 2: 24 items
[GD] HTTP 200 | CT=application/json; charset=utf-8 | page=3
[GD] page 3: 24 items
[GD] HTTP 200 | CT=application/json; charset=utf-8 | page=4
[GD] page 4: 24 items
[GD] HTTP 200 | CT=application/json; charset=utf-8 | page=5
[GD] page 5: 24 items
[GD] total raw items before normalize: 120; unique kept: 108
[GD] normalized rows: 108
[GD] blocked by specialty/diesel filter: 102; passing: 6
[Proxibid] parsed 30 rows across 1 page(s)
[Renebates] found 59 events on index
[Renebates] event: Graham's Wrecker Service - Carrollton, Texas secs=0
[Renebates] Graham's Wrecker Service - Carrollton, Texas -> 59 lots via https://renebates.com/a_list_2.php?id=206&cat=all
[Renebates] event: CITY OF GRAND PRAIRIE LIVE ABANDONED & IMPOUNDED VEHICLE AUCTION secs=None
[DEBUG] collected 16 listings from all sites (after filter)
[GD] HTTP 200 | CT=application/json; charset=utf-8 | page=1
[GD] page 1: 24 items
[GD] HTTP 200 | CT=application/json; charset=utf-8 | page=2
[GD] page 2: 24 items
[GD] HTTP 200 | CT=application/json; charset=utf-8 | page=3
[GD] page 3: 24 items
[GD] HTTP 200 | CT=application/json; charset=utf-8 | page=4
[GD] page 4: 24 items
[GD] HTTP 200 | CT=application/json; charset=utf-8 | page=5
[GD] page 5: 24 items
[GD] total raw items before normalize: 120; unique kept: 108
[GD] normalized rows: 108
[GD] blocked by specialty/diesel filter: 102; passing: 6
[Proxibid] parsed 30 rows across 1 page(s)
[Renebates] found 59 events on index
[Renebates] event: Graham's Wrecker Service - Carrollton, Texas secs=0
[Renebates] Graham's Wrecker Service - Carrollton, Texas -> 52 lots via https://renebates.com/a_list_2.php?id=206&cat=all
[Renebates] event: CITY OF GRAND PRAIRIE LIVE ABANDONED & IMPOUNDED VEHICLE AUCTION secs=None
[DEBUG] collected 27 listings from all sites (after filter)
[GD] HTTP 200 | CT=application/json; charset=utf-8 | page=1
[GD] page 1: 24 items
[GD] HTTP 200 | CT=application/json; charset=utf-8 | page=2
[GD] page 2: 24 items
[GD] HTTP 200 | CT=application/json; charset=utf-8 | page=3
[GD] page 3: 24 items
[GD] HTTP 200 | CT=application/json; charset=utf-8 | page=4
[GD] page 4: 24 items
[GD] HTTP 200 | CT=application/json; charset=utf-8 | page=5
[GD] page 5: 24 items
[GD] total raw items before normalize: 120; unique kept: 109
[GD] normalized rows: 109
[GD] blocked by specialty/diesel filter: 102; passing: 7
[Proxibid] parsed 30 rows across 1 page(s)
[Renebates] found 59 events on index
[Renebates] event: Graham's Wrecker Service - Carrollton, Texas secs=0
[Renebates] Graham's Wrecker Service - Carrollton, Texas -> 42 lots via https://renebates.com/a_list_2.php?id=206&cat=all
[Renebates] event: CITY OF GRAND PRAIRIE LIVE ABANDONED & IMPOUNDED VEHICLE AUCTION secs=None
[DEBUG] collected 28 listings from all sites (after filter)
[GD] HTTP 200 | CT=application/json; charset=utf-8 | page=1
[GD] page 1: 24 items
[GD] HTTP 200 | CT=application/json; charset=utf-8 | page=2
[GD] page 2: 24 items
[GD] HTTP 200 | CT=application/json; charset=utf-8 | page=3
[GD] page 3: 24 items
[GD] HTTP 200 | CT=application/json; charset=utf-8 | page=4
[GD] page 4: 24 items
[GD] HTTP 200 | CT=application/json; charset=utf-8 | page=5
[GD] page 5: 24 items
[GD] total raw items before normalize: 120; unique kept: 109
[GD] normalized rows: 109
[GD] blocked by specialty/diesel filter: 102; passing: 7
[Proxibid] parsed 30 rows across 1 page(s)
[Renebates] found 60 events on index
[Renebates] event: Graham's Wrecker Service - Carrollton, Texas secs=0
[Renebates] Graham's Wrecker Service - Carrollton, Texas -> 41 lots via https://renebates.com/a_list_2.php?id=206&cat=all
[Renebates] event: CITY OF GRAND PRAIRIE LIVE ABANDONED & IMPOUNDED VEHICLE AUCTION secs=None
[DEBUG] collected 28 listings from all sites (after filter)
[GD] HTTP 200 | CT=application/json; charset=utf-8 | page=1
[GD] page 1: 24 items
[GD] HTTP 200 | CT=application/json; charset=utf-8 | page=2
[GD] page 2: 24 items
[GD] HTTP 200 | CT=application/json; charset=utf-8 | page=3
[GD] page 3: 24 items
[GD] HTTP 200 | CT=application/json; charset=utf-8 | page=4
[GD] page 4: 24 items
[GD] HTTP 200 | CT=application/json; charset=utf-8 | page=5
[GD] page 5: 24 items
[GD] total raw items before normalize: 120; unique kept: 109
[GD] normalized rows: 109
[GD] blocked by specialty/diesel filter: 102; passing: 7
[Proxibid] parsed 30 rows across 1 page(s)
[Renebates] found 60 events on index
[Renebates] event: Graham's Wrecker Service - Carrollton, Texas secs=0
[Renebates] Graham's Wrecker Service - Carrollton, Texas -> 40 lots via https://renebates.com/a_list_2.php?id=206&cat=all
[Renebates] event: CITY OF GRAND PRAIRIE LIVE ABANDONED & IMPOUNDED VEHICLE AUCTION secs=None
[DEBUG] collected 28 listings from all sites (after filter)
[GD] HTTP 200 | CT=application/json; charset=utf-8 | page=1
[GD] page 1: 24 items
[GD] HTTP 200 | CT=application/json; charset=utf-8 | page=2
[GD] page 2: 24 items
[GD] HTTP 200 | CT=application/json; charset=utf-8 | page=3
[GD] page 3: 24 items
[GD] HTTP 200 | CT=application/json; charset=utf-8 | page=4
[GD] page 4: 24 items
[GD] HTTP 200 | CT=application/json; charset=utf-8 | page=5
[GD] page 5: 24 items
[GD] total raw items before normalize: 120; unique kept: 109
[GD] normalized rows: 109
[GD] blocked by specialty/diesel filter: 102; passing: 7
[Proxibid] parsed 30 rows across 1 page(s)
[Renebates] found 60 events on index
[Renebates] event: Graham's Wrecker Service - Carrollton, Texas secs=0
[Renebates] Graham's Wrecker Service - Carrollton, Texas -> 40 lots via https://renebates.com/a_list_2.php?id=206&cat=all
[Renebates] event: CITY OF GRAND PRAIRIE LIVE ABANDONED & IMPOUNDED VEHICLE AUCTION secs=None
[DEBUG] collected 28 listings from all sites (after filter)
[GD] HTTP 200 | CT=application/json; charset=utf-8 | page=1
[GD] page 1: 24 items
[GD] HTTP 200 | CT=application/json; charset=utf-8 | page=2
[GD] page 2: 24 items
[GD] HTTP 200 | CT=application/json; charset=utf-8 | page=3
[GD] page 3: 24 items
[GD] HTTP 200 | CT=application/json; charset=utf-8 | page=4
[GD] page 4: 24 items
[GD] HTTP 200 | CT=application/json; charset=utf-8 | page=5
[GD] page 5: 24 items
[GD] total raw items before normalize: 120; unique kept: 108
[GD] normalized rows: 108
[GD] blocked by specialty/diesel filter: 99; passing: 9
[Proxibid] parsed 30 rows across 1 page(s)
[Renebates] found 60 events on index
[Renebates] event: CITY OF GRAND PRAIRIE LIVE ABANDONED & IMPOUNDED VEHICLE AUCTION secs=None
[Renebates] event: City Of Keller, Texas secs=75216
[Renebates] City Of Keller, Texas -> 60 lots via https://renebates.com/a_list_2.php?id=222&cat=all
[DEBUG] collected 30 listings from all sites (after filter)
[GD] HTTP 200 | CT=application/json; charset=utf-8 | page=1
[GD] page 1: 24 items
[GD] HTTP 200 | CT=application/json; charset=utf-8 | page=2
[GD] page 2: 24 items
[GD] HTTP 200 | CT=application/json; charset=utf-8 | page=3
[GD] page 3: 24 items
[GD] HTTP 200 | CT=application/json; charset=utf-8 | page=4
[GD] page 4: 24 items
[GD] HTTP 200 | CT=application/json; charset=utf-8 | page=5
[GD] page 5: 24 items
[GD] total raw items before normalize: 120; unique kept: 107
[GD] normalized rows: 107
[GD] blocked by specialty/diesel filter: 98; passing: 9
[Proxibid] parsed 30 rows across 1 page(s)
[Renebates] found 61 events on index
[Renebates] event: CITY OF GRAND PRAIRIE LIVE ABANDONED & IMPOUNDED VEHICLE AUCTION secs=None
[Renebates] event: City Of Keller, Texas secs=74565
[Renebates] City Of Keller, Texas -> 60 lots via https://renebates.com/a_list_2.php?id=222&cat=all
[DEBUG] collected 30 listings from all sites (after filter)
[GD] HTTP 200 | CT=application/json; charset=utf-8 | page=1
[GD] page 1: 24 items
[GD] HTTP 200 | CT=application/json; charset=utf-8 | page=2
[GD] page 2: 24 items
[GD] HTTP 200 | CT=application/json; charset=utf-8 | page=3
[GD] page 3: 24 items
[GD] HTTP 200 | CT=application/json; charset=utf-8 | page=4
[GD] page 4: 24 items
[GD] HTTP 200 | CT=application/json; charset=utf-8 | page=5
[GD] page 5: 24 items
[GD] total raw items before normalize: 120; unique kept: 107
[GD] normalized rows: 107
[GD] blocked by specialty/diesel filter: 98; passing: 9
[Proxibid] parsed 30 rows across 1 page(s)
[Renebates] found 61 events on index
[Renebates] event: CITY OF GRAND PRAIRIE LIVE ABANDONED & IMPOUNDED VEHICLE AUCTION secs=None
[Renebates] event: City Of Keller, Texas secs=73914
[Renebates] City Of Keller, Texas -> 60 lots via https://renebates.com/a_list_2.php?id=222&cat=all
[DEBUG] collected 30 listings from all sites (after filter)
[GD] HTTP 200 | CT=application/json; charset=utf-8 | page=1
[GD] page 1: 24 items
[GD] HTTP 200 | CT=application/json; charset=utf-8 | page=2
[GD] page 2: 24 items
[GD] HTTP 200 | CT=application/json; charset=utf-8 | page=3
[GD] page 3: 24 items
[GD] HTTP 200 | CT=application/json; charset=utf-8 | page=4
[GD] page 4: 24 items
[GD] HTTP 200 | CT=application/json; charset=utf-8 | page=5
[GD] page 5: 24 items
[GD] total raw items before normalize: 120; unique kept: 107
[GD] normalized rows: 107
[GD] blocked by specialty/diesel filter: 98; passing: 9
[Proxibid] parsed 30 rows across 1 page(s)
[Renebates] found 61 events on index
[Renebates] event: CITY OF GRAND PRAIRIE LIVE ABANDONED & IMPOUNDED VEHICLE AUCTION secs=None
[Renebates] event: City Of Keller, Texas secs=73266
[Renebates] City Of Keller, Texas -> 60 lots via https://renebates.com/a_list_2.php?id=222&cat=all
[DEBUG] collected 20 listings from all sites (after filter)
[GD] HTTP 200 | CT=application/json; charset=utf-8 | page=1
[GD] page 1: 24 items
[GD] HTTP 200 | CT=application/json; charset=utf-8 | page=2
[GD] page 2: 24 items
[GD] HTTP 200 | CT=application/json; charset=utf-8 | page=3
[GD] page 3: 24 items
[GD] HTTP 200 | CT=application/json; charset=utf-8 | page=4
[GD] page 4: 24 items
[GD] HTTP 200 | CT=application/json; charset=utf-8 | page=5
[GD] page 5: 24 items
[GD] total raw items before normalize: 120; unique kept: 107
[GD] normalized rows: 107
[GD] blocked by specialty/diesel filter: 98; passing: 9
[Proxibid] parsed 30 rows across 1 page(s)
[Renebates] found 62 events on index
[Renebates] event: CITY OF GRAND PRAIRIE LIVE ABANDONED & IMPOUNDED VEHICLE AUCTION secs=None
[Renebates] event: City Of Keller, Texas secs=72610
[Renebates] City Of Keller, Texas -> 60 lots via https://renebates.com/a_list_2.php?id=222&cat=all
[DEBUG] collected 20 listings from all sites (after filter)
[GD] HTTP 200 | CT=application/json; charset=utf-8 | page=1
[GD] page 1: 24 items
[GD] HTTP 200 | CT=application/json; charset=utf-8 | page=2
[GD] page 2: 24 items
[GD] HTTP 200 | CT=application/json; charset=utf-8 | page=3
[GD] page 3: 24 items
[GD] HTTP 200 | CT=application/json; charset=utf-8 | page=4
[GD] page 4: 24 items
[GD] HTTP 200 | CT=application/json; charset=utf-8 | page=5
[GD] page 5: 24 items
[GD] total raw items before normalize: 120; unique kept: 106
[GD] normalized rows: 106
[GD] blocked by specialty/diesel filter: 97; passing: 9
[Proxibid] parsed 30 rows across 1 page(s)
[Renebates] found 62 events on index
[Renebates] event: CITY OF GRAND PRAIRIE LIVE ABANDONED & IMPOUNDED VEHICLE AUCTION secs=None
[Renebates] event: City Of Keller, Texas secs=71954
[Renebates] City Of Keller, Texas -> 60 lots via https://renebates.com/a_list_2.php?id=222&cat=all
[DEBUG] collected 20 listings from all sites (after filter)
[GD] HTTP 200 | CT=application/json; charset=utf-8 | page=1
[GD] page 1: 24 items
[GD] HTTP 200 | CT=application/json; charset=utf-8 | page=2
[GD] page 2: 24 items
[GD] HTTP 200 | CT=application/json; charset=utf-8 | page=3
[GD] page 3: 24 items
[GD] HTTP 200 | CT=application/json; charset=utf-8 | page=4
[GD] page 4: 24 items
[GD] HTTP 200 | CT=application/json; charset=utf-8 | page=5
[GD] page 5: 24 items
[GD] total raw items before normalize: 120; unique kept: 104
[GD] normalized rows: 104
[GD] blocked by specialty/diesel filter: 95; passing: 9
[Proxibid] parsed 30 rows across 1 page(s)
[Renebates] found 62 events on index
[Renebates] event: CITY OF GRAND PRAIRIE LIVE ABANDONED & IMPOUNDED VEHICLE AUCTION secs=None
[Renebates] event: City Of Keller, Texas secs=71305
[Renebates] City Of Keller, Texas -> 60 lots via https://renebates.com/a_list_2.php?id=222&cat=all
[DEBUG] collected 20 listings from all sites (after filter)
[GD] HTTP 200 | CT=application/json; charset=utf-8 | page=1
[GD] page 1: 24 items
[GD] HTTP 200 | CT=application/json; charset=utf-8 | page=2
[GD] page 2: 24 items
[GD] HTTP 200 | CT=application/json; charset=utf-8 | page=3
[GD] page 3: 24 items
[GD] HTTP 200 | CT=application/json; charset=utf-8 | page=4
[GD] page 4: 24 items
[GD] HTTP 200 | CT=application/json; charset=utf-8 | page=5
[GD] page 5: 24 items
[GD] total raw items before normalize: 120; unique kept: 104
[GD] normalized rows: 104
[GD] blocked by specialty/diesel filter: 95; passing: 9
[Proxibid] parsed 30 rows across 1 page(s)
[Renebates] found 62 events on index
[Renebates] event: CITY OF GRAND PRAIRIE LIVE ABANDONED & IMPOUNDED VEHICLE AUCTION secs=None
[Renebates] event: City Of Keller, Texas secs=70653
[Renebates] City Of Keller, Texas -> 60 lots via https://renebates.com/a_list_2.php?id=222&cat=all
[DEBUG] collected 20 listings from all sites (after filter)
[GD] HTTP 200 | CT=application/json; charset=utf-8 | page=1
[GD] page 1: 24 items
[GD] HTTP 200 | CT=application/json; charset=utf-8 | page=2
[GD] page 2: 24 items
[GD] HTTP 200 | CT=application/json; charset=utf-8 | page=3
[GD] page 3: 24 items
[GD] HTTP 200 | CT=application/json; charset=utf-8 | page=4
[GD] page 4: 24 items
[GD] HTTP 200 | CT=application/json; charset=utf-8 | page=5
[GD] page 5: 24 items
[GD] total raw items before normalize: 120; unique kept: 104
[GD] normalized rows: 104
[GD] blocked by specialty/diesel filter: 95; passing: 9
[Proxibid] parsed 30 rows across 1 page(s)
[Renebates] found 62 events on index
[Renebates] event: CITY OF GRAND PRAIRIE LIVE ABANDONED & IMPOUNDED VEHICLE AUCTION secs=None
[Renebates] event: City Of Keller, Texas secs=69993
[Renebates] City Of Keller, Texas -> 60 lots via https://renebates.com/a_list_2.php?id=222&cat=all
[DEBUG] collected 20 listings from all sites (after filter)
[GD] HTTP 200 | CT=application/json; charset=utf-8 | page=1
[GD] page 1: 24 items
[GD] HTTP 200 | CT=application/json; charset=utf-8 | page=2
[GD] page 2: 24 items
[GD] HTTP 200 | CT=application/json; charset=utf-8 | page=3
[GD] page 3: 24 items
[GD] HTTP 200 | CT=application/json; charset=utf-8 | page=4
[GD] page 4: 24 items
[GD] HTTP 200 | CT=application/json; charset=utf-8 | page=5
[GD] page 5: 24 items
[GD] total raw items before normalize: 120; unique kept: 104
[GD] normalized rows: 104
[GD] blocked by specialty/diesel filter: 95; passing: 9
[Proxibid] parsed 30 rows across 1 page(s)
[Renebates] found 62 events on index
[Renebates] event: CITY OF GRAND PRAIRIE LIVE ABANDONED & IMPOUNDED VEHICLE AUCTION secs=None
[Renebates] event: City Of Keller, Texas secs=69338
[Renebates] City Of Keller, Texas -> 60 lots via https://renebates.com/a_list_2.php?id=222&cat=all
[DEBUG] collected 20 listings from all sites (after filter)
[GD] HTTP 200 | CT=application/json; charset=utf-8 | page=1
[GD] page 1: 24 items
[GD] HTTP 200 | CT=application/json; charset=utf-8 | page=2
[GD] page 2: 24 items
[GD] HTTP 200 | CT=application/json; charset=utf-8 | page=3
[GD] page 3: 24 items
[GD] HTTP 200 | CT=application/json; charset=utf-8 | page=4
[GD] page 4: 24 items
[GD] HTTP 200 | CT=application/json; charset=utf-8 | page=5
[GD] page 5: 24 items
[GD] total raw items before normalize: 120; unique kept: 104
[GD] normalized rows: 104
[GD] blocked by specialty/diesel filter: 95; passing: 9
[Proxibid] parsed 30 rows across 1 page(s)
[Renebates] found 60 events on index
[Renebates] event: CITY OF GRAND PRAIRIE LIVE ABANDONED & IMPOUNDED VEHICLE AUCTION secs=None
[Renebates] event: City Of Keller, Texas secs=68685
[Renebates] City Of Keller, Texas -> 60 lots via https://renebates.com/a_list_2.php?id=222&cat=all
[DEBUG] collected 20 listings from all sites (after filter)
[GD] HTTP 200 | CT=application/json; charset=utf-8 | page=1
[GD] page 1: 24 items
[GD] HTTP 200 | CT=application/json; charset=utf-8 | page=2
[GD] page 2: 24 items
[GD] HTTP 200 | CT=application/json; charset=utf-8 | page=3
[GD] page 3: 24 items
[GD] HTTP 200 | CT=application/json; charset=utf-8 | page=4
[GD] page 4: 24 items
[GD] HTTP 200 | CT=application/json; charset=utf-8 | page=5
[GD] page 5: 24 items
[GD] total raw items before normalize: 120; unique kept: 105
[GD] normalized rows: 105
[GD] blocked by specialty/diesel filter: 96; passing: 9
[Proxibid] parsed 30 rows across 1 page(s)
[Renebates] found 60 events on index
[Renebates] event: CITY OF GRAND PRAIRIE LIVE ABANDONED & IMPOUNDED VEHICLE AUCTION secs=None
[Renebates] event: City Of Keller, Texas secs=68030
[Renebates] City Of Keller, Texas -> 60 lots via https://renebates.com/a_list_2.php?id=222&cat=all
[DEBUG] collected 20 listings from all sites (after filter)
[GD] HTTP 200 | CT=application/json; charset=utf-8 | page=1
[GD] page 1: 24 items
[GD] HTTP 200 | CT=application/json; charset=utf-8 | page=2
[GD] page 2: 24 items
[GD] HTTP 200 | CT=application/json; charset=utf-8 | page=3
[GD] page 3: 24 items
[GD] HTTP 200 | CT=application/json; charset=utf-8 | page=4
[GD] page 4: 24 items
[GD] HTTP 200 | CT=application/json; charset=utf-8 | page=5
[GD] page 5: 24 items
[GD] total raw items before normalize: 120; unique kept: 105
[GD] normalized rows: 105
[GD] blocked by specialty/diesel filter: 96; passing: 9
[Proxibid] parsed 30 rows across 1 page(s)
[Renebates] found 60 events on index
[Renebates] event: CITY OF GRAND PRAIRIE LIVE ABANDONED & IMPOUNDED VEHICLE AUCTION secs=None
[Renebates] event: City Of Keller, Texas secs=67368
[Renebates] City Of Keller, Texas -> 60 lots via https://renebates.com/a_list_2.php?id=222&cat=all
[DEBUG] collected 20 listings from all sites (after filter)
[GD] HTTP 200 | CT=application/json; charset=utf-8 | page=1
[GD] page 1: 24 items
[GD] HTTP 200 | CT=application/json; charset=utf-8 | page=2
[GD] page 2: 24 items
[GD] HTTP 200 | CT=application/json; charset=utf-8 | page=3
[GD] page 3: 24 items
[GD] HTTP 200 | CT=application/json; charset=utf-8 | page=4
[GD] page 4: 24 items
[GD] HTTP 200 | CT=application/json; charset=utf-8 | page=5
[GD] page 5: 24 items
[GD] total raw items before normalize: 120; unique kept: 105
[GD] normalized rows: 105
[GD] blocked by specialty/diesel filter: 96; passing: 9
[Proxibid] parsed 30 rows across 1 page(s)
[Renebates] found 60 events on index
[Renebates] event: CITY OF GRAND PRAIRIE LIVE ABANDONED & IMPOUNDED VEHICLE AUCTION secs=None
[Renebates] event: City Of Keller, Texas secs=66711
[Renebates] City Of Keller, Texas -> 60 lots via https://renebates.com/a_list_2.php?id=222&cat=all
[DEBUG] collected 20 listings from all sites (after filter)
[GD] HTTP 200 | CT=application/json; charset=utf-8 | page=1
[GD] page 1: 24 items
[GD] HTTP 200 | CT=application/json; charset=utf-8 | page=2
[GD] page 2: 24 items
[GD] HTTP 200 | CT=application/json; charset=utf-8 | page=3
[GD] page 3: 24 items
[GD] HTTP 200 | CT=application/json; charset=utf-8 | page=4
[GD] page 4: 24 items
[GD] HTTP 200 | CT=application/json; charset=utf-8 | page=5
[GD] page 5: 24 items
[GD] total raw items before normalize: 120; unique kept: 105
[GD] normalized rows: 105
[GD] blocked by specialty/diesel filter: 96; passing: 9
[Proxibid] parsed 30 rows across 1 page(s)
[Renebates] found 60 events on index
[Renebates] event: CITY OF GRAND PRAIRIE LIVE ABANDONED & IMPOUNDED VEHICLE AUCTION secs=None
[Renebates] event: City Of Keller, Texas secs=66063
[Renebates] City Of Keller, Texas -> 60 lots via https://renebates.com/a_list_2.php?id=222&cat=all
[DEBUG] collected 20 listings from all sites (after filter)
[GD] HTTP 200 | CT=application/json; charset=utf-8 | page=1
[GD] page 1: 24 items
[GD] HTTP 200 | CT=application/json; charset=utf-8 | page=2
[GD] page 2: 24 items
[GD] HTTP 200 | CT=application/json; charset=utf-8 | page=3
[GD] page 3: 24 items
[GD] HTTP 200 | CT=application/json; charset=utf-8 | page=4
[GD] page 4: 24 items
[GD] HTTP 200 | CT=application/json; charset=utf-8 | page=5
[GD] page 5: 24 items
[GD] total raw items before normalize: 120; unique kept: 105
[GD] normalized rows: 105
[GD] blocked by specialty/diesel filter: 97; passing: 8
[Proxibid] parsed 30 rows across 1 page(s)
[Renebates] found 60 events on index
[Renebates] event: CITY OF GRAND PRAIRIE LIVE ABANDONED & IMPOUNDED VEHICLE AUCTION secs=None
[Renebates] event: City Of Keller, Texas secs=65408
[Renebates] City Of Keller, Texas -> 60 lots via https://renebates.com/a_list_2.php?id=222&cat=all
[DEBUG] collected 19 listings from all sites (after filter)
[GD] HTTP 200 | CT=application/json; charset=utf-8 | page=1
[GD] page 1: 24 items
[GD] HTTP 200 | CT=application/json; charset=utf-8 | page=2
[GD] page 2: 24 items
[GD] HTTP 200 | CT=application/json; charset=utf-8 | page=3
[GD] page 3: 24 items
[GD] HTTP 200 | CT=application/json; charset=utf-8 | page=4
[GD] page 4: 24 items
[GD] HTTP 200 | CT=application/json; charset=utf-8 | page=5
[GD] page 5: 24 items
[GD] total raw items before normalize: 120; unique kept: 105
[GD] normalized rows: 105
[GD] blocked by specialty/diesel filter: 97; passing: 8
[Proxibid] parsed 30 rows across 1 page(s)
[Renebates] found 60 events on index
[Renebates] event: CITY OF GRAND PRAIRIE LIVE ABANDONED & IMPOUNDED VEHICLE AUCTION secs=None
[Renebates] event: City Of Keller, Texas secs=64752
[Renebates] City Of Keller, Texas -> 60 lots via https://renebates.com/a_list_2.php?id=222&cat=all
[DEBUG] collected 19 listings from all sites (after filter)
[GD] HTTP 200 | CT=application/json; charset=utf-8 | page=1
[GD] page 1: 24 items
[GD] HTTP 200 | CT=application/json; charset=utf-8 | page=2
[GD] page 2: 24 items
[GD] HTTP 200 | CT=application/json; charset=utf-8 | page=3
[GD] page 3: 24 items
[GD] HTTP 200 | CT=application/json; charset=utf-8 | page=4
[GD] page 4: 24 items
[GD] HTTP 200 | CT=application/json; charset=utf-8 | page=5
[GD] page 5: 24 items
[GD] total raw items before normalize: 120; unique kept: 103
[GD] normalized rows: 103
[GD] blocked by specialty/diesel filter: 95; passing: 8
[Proxibid] parsed 30 rows across 1 page(s)
[Renebates] found 60 events on index
[Renebates] event: CITY OF GRAND PRAIRIE LIVE ABANDONED & IMPOUNDED VEHICLE AUCTION secs=None
[Renebates] event: City Of Keller, Texas secs=64097
[Renebates] City Of Keller, Texas -> 60 lots via https://renebates.com/a_list_2.php?id=222&cat=all
[DEBUG] collected 19 listings from all sites (after filter)
[GD] HTTP 200 | CT=application/json; charset=utf-8 | page=1
[GD] page 1: 24 items
[GD] HTTP 200 | CT=application/json; charset=utf-8 | page=2
[GD] page 2: 24 items
[GD] HTTP 200 | CT=application/json; charset=utf-8 | page=3
[GD] page 3: 24 items
[GD] HTTP 200 | CT=application/json; charset=utf-8 | page=4
[GD] page 4: 24 items
[GD] HTTP 200 | CT=application/json; charset=utf-8 | page=5
[GD] page 5: 24 items
[GD] total raw items before normalize: 120; unique kept: 103
[GD] normalized rows: 103
[GD] blocked by specialty/diesel filter: 95; passing: 8
[Proxibid] parsed 30 rows across 1 page(s)
[Renebates] found 60 events on index
[Renebates] event: CITY OF GRAND PRAIRIE LIVE ABANDONED & IMPOUNDED VEHICLE AUCTION secs=None
[Renebates] event: City Of Keller, Texas secs=63450
[Renebates] City Of Keller, Texas -> 60 lots via https://renebates.com/a_list_2.php?id=222&cat=all
[DEBUG] collected 19 listings from all sites (after filter)
[GD] HTTP 200 | CT=application/json; charset=utf-8 | page=1
[GD] page 1: 24 items
[GD] HTTP 200 | CT=application/json; charset=utf-8 | page=2
[GD] page 2: 24 items
[GD] HTTP 200 | CT=application/json; charset=utf-8 | page=3
[GD] page 3: 24 items
[GD] HTTP 200 | CT=application/json; charset=utf-8 | page=4
[GD] page 4: 24 items
[GD] HTTP 200 | CT=application/json; charset=utf-8 | page=5
[GD] page 5: 24 items
[GD] total raw items before normalize: 120; unique kept: 103
[GD] normalized rows: 103
[GD] blocked by specialty/diesel filter: 95; passing: 8
[Proxibid] parsed 30 rows across 1 page(s)
[Renebates] found 60 events on index
[Renebates] event: CITY OF GRAND PRAIRIE LIVE ABANDONED & IMPOUNDED VEHICLE AUCTION secs=None
[Renebates] event: City Of Keller, Texas secs=62799
[Renebates] City Of Keller, Texas -> 60 lots via https://renebates.com/a_list_2.php?id=222&cat=all
[DEBUG] collected 19 listings from all sites (after filter)
[GD] HTTP 200 | CT=application/json; charset=utf-8 | page=1
[GD] page 1: 24 items
[GD] HTTP 200 | CT=application/json; charset=utf-8 | page=2
[GD] page 2: 24 items
[GD] HTTP 200 | CT=application/json; charset=utf-8 | page=3
[GD] page 3: 24 items
[GD] HTTP 200 | CT=application/json; charset=utf-8 | page=4
[GD] page 4: 24 items
[GD] HTTP 200 | CT=application/json; charset=utf-8 | page=5
[GD] page 5: 24 items
[GD] total raw items before normalize: 120; unique kept: 104
[GD] normalized rows: 104
[GD] blocked by specialty/diesel filter: 96; passing: 8
[Proxibid] parsed 30 rows across 1 page(s)
[Renebates] found 57 events on index
[Renebates] event: CITY OF GRAND PRAIRIE LIVE ABANDONED & IMPOUNDED VEHICLE AUCTION secs=None
[Renebates] event: City Of Keller, Texas secs=62146
[Renebates] City Of Keller, Texas -> 60 lots via https://renebates.com/a_list_2.php?id=222&cat=all
[DEBUG] collected 19 listings from all sites (after filter)
[GD] HTTP 200 | CT=application/json; charset=utf-8 | page=1
[GD] page 1: 24 items
[GD] HTTP 200 | CT=application/json; charset=utf-8 | page=2
[GD] page 2: 24 items
[GD] HTTP 200 | CT=application/json; charset=utf-8 | page=3
[GD] page 3: 24 items
[GD] HTTP 200 | CT=application/json; charset=utf-8 | page=4
[GD] page 4: 24 items
[GD] HTTP 200 | CT=application/json; charset=utf-8 | page=5
[GD] page 5: 24 items
[GD] total raw items before normalize: 120; unique kept: 104
[GD] normalized rows: 104
[GD] blocked by specialty/diesel filter: 95; passing: 9
[Proxibid] parsed 30 rows across 1 page(s)
[Renebates] found 53 events on index
[Renebates] event: CITY OF GRAND PRAIRIE LIVE ABANDONED & IMPOUNDED VEHICLE AUCTION secs=None
[Renebates] event: City Of Keller, Texas secs=61503
[Renebates] City Of Keller, Texas -> 60 lots via https://renebates.com/a_list_2.php?id=222&cat=all
[DEBUG] collected 20 listings from all sites (after filter)
[GD] HTTP 200 | CT=application/json; charset=utf-8 | page=1
[GD] page 1: 24 items
[GD] HTTP 200 | CT=application/json; charset=utf-8 | page=2
[GD] page 2: 24 items
[GD] HTTP 200 | CT=application/json; charset=utf-8 | page=3
[GD] page 3: 24 items
[GD] HTTP 200 | CT=application/json; charset=utf-8 | page=4
[GD] page 4: 24 items
[GD] HTTP 200 | CT=application/json; charset=utf-8 | page=5
[GD] page 5: 24 items
[GD] total raw items before normalize: 120; unique kept: 104
[GD] normalized rows: 104
[GD] blocked by specialty/diesel filter: 95; passing: 9
[Proxibid] parsed 30 rows across 1 page(s)
[Renebates] found 53 events on index
[Renebates] event: CITY OF GRAND PRAIRIE LIVE ABANDONED & IMPOUNDED VEHICLE AUCTION secs=None
[Renebates] event: City Of Keller, Texas secs=60845
[Renebates] City Of Keller, Texas -> 60 lots via https://renebates.com/a_list_2.php?id=222&cat=all
[DEBUG] collected 20 listings from all sites (after filter)
[GD] HTTP 200 | CT=application/json; charset=utf-8 | page=1
[GD] page 1: 24 items
[GD] HTTP 200 | CT=application/json; charset=utf-8 | page=2
[GD] page 2: 24 items
[GD] HTTP 200 | CT=application/json; charset=utf-8 | page=3
[GD] page 3: 24 items
[GD] HTTP 200 | CT=application/json; charset=utf-8 | page=4
[GD] page 4: 24 items
[GD] HTTP 200 | CT=application/json; charset=utf-8 | page=5
[GD] page 5: 24 items
[GD] total raw items before normalize: 120; unique kept: 105
[GD] normalized rows: 105
[GD] blocked by specialty/diesel filter: 96; passing: 9
[Proxibid] parsed 30 rows across 1 page(s)
[Renebates] found 53 events on index
[Renebates] event: CITY OF GRAND PRAIRIE LIVE ABANDONED & IMPOUNDED VEHICLE AUCTION secs=None
[Renebates] event: City Of Keller, Texas secs=60196
[Renebates] City Of Keller, Texas -> 60 lots via https://renebates.com/a_list_2.php?id=222&cat=all
[DEBUG] collected 20 listings from all sites (after filter)
[GD] HTTP 200 | CT=application/json; charset=utf-8 | page=1
[GD] page 1: 24 items
[GD] HTTP 200 | CT=application/json; charset=utf-8 | page=2
[GD] page 2: 24 items
[GD] HTTP 200 | CT=application/json; charset=utf-8 | page=3
[GD] page 3: 24 items
[GD] HTTP 200 | CT=application/json; charset=utf-8 | page=4
[GD] page 4: 24 items
[GD] HTTP 200 | CT=application/json; charset=utf-8 | page=5
[GD] page 5: 24 items
[GD] total raw items before normalize: 120; unique kept: 105
[GD] normalized rows: 105
[GD] blocked by specialty/diesel filter: 96; passing: 9
[Proxibid] parsed 30 rows across 1 page(s)
[Renebates] found 53 events on index
[Renebates] event: CITY OF GRAND PRAIRIE LIVE ABANDONED & IMPOUNDED VEHICLE AUCTION secs=None
[Renebates] event: City Of Keller, Texas secs=59539
[Renebates] City Of Keller, Texas -> 60 lots via https://renebates.com/a_list_2.php?id=222&cat=all
[DEBUG] collected 20 listings from all sites (after filter)
[GD] HTTP 200 | CT=application/json; charset=utf-8 | page=1
[GD] page 1: 24 items
[GD] HTTP 200 | CT=application/json; charset=utf-8 | page=2
[GD] page 2: 24 items
[GD] HTTP 200 | CT=application/json; charset=utf-8 | page=3
[GD] page 3: 24 items
[GD] HTTP 200 | CT=application/json; charset=utf-8 | page=4
[GD] page 4: 24 items
[GD] HTTP 200 | CT=application/json; charset=utf-8 | page=5
[GD] page 5: 24 items
[GD] total raw items before normalize: 120; unique kept: 105
[GD] normalized rows: 105
[GD] blocked by specialty/diesel filter: 96; passing: 9
[Proxibid] parsed 30 rows across 1 page(s)
[Renebates] found 53 events on index
[Renebates] event: CITY OF GRAND PRAIRIE LIVE ABANDONED & IMPOUNDED VEHICLE AUCTION secs=None
[Renebates] event: City Of Keller, Texas secs=58894
[Renebates] City Of Keller, Texas -> 60 lots via https://renebates.com/a_list_2.php?id=222&cat=all
[DEBUG] collected 20 listings from all sites (after filter)
[GD] HTTP 200 | CT=application/json; charset=utf-8 | page=1
[GD] page 1: 24 items
[GD] HTTP 200 | CT=application/json; charset=utf-8 | page=2
[GD] page 2: 24 items
[GD] HTTP 200 | CT=application/json; charset=utf-8 | page=3
[GD] page 3: 24 items
[GD] HTTP 200 | CT=application/json; charset=utf-8 | page=4
[GD] page 4: 24 items
[GD] HTTP 200 | CT=application/json; charset=utf-8 | page=5
[GD] page 5: 24 items
[GD] total raw items before normalize: 120; unique kept: 105
[GD] normalized rows: 105
[GD] blocked by specialty/diesel filter: 96; passing: 9
[Proxibid] parsed 30 rows across 1 page(s)
[Renebates] found 53 events on index
[Renebates] event: CITY OF GRAND PRAIRIE LIVE ABANDONED & IMPOUNDED VEHICLE AUCTION secs=None
[Renebates] event: City Of Keller, Texas secs=58240
[Renebates] City Of Keller, Texas -> 60 lots via https://renebates.com/a_list_2.php?id=222&cat=all
[DEBUG] collected 20 listings from all sites (after filter)
[GD] HTTP 200 | CT=application/json; charset=utf-8 | page=1
[GD] page 1: 24 items
[GD] HTTP 200 | CT=application/json; charset=utf-8 | page=2
[GD] page 2: 24 items
[GD] HTTP 200 | CT=application/json; charset=utf-8 | page=3
[GD] page 3: 24 items
[GD] HTTP 200 | CT=application/json; charset=utf-8 | page=4
[GD] page 4: 24 items
[GD] HTTP 200 | CT=application/json; charset=utf-8 | page=5
[GD] page 5: 24 items
[GD] total raw items before normalize: 120; unique kept: 105
[GD] normalized rows: 105
[GD] blocked by specialty/diesel filter: 96; passing: 9
[Proxibid] parsed 30 rows across 1 page(s)
[Renebates] found 53 events on index
[Renebates] event: CITY OF GRAND PRAIRIE LIVE ABANDONED & IMPOUNDED VEHICLE AUCTION secs=None
[Renebates] event: City Of Keller, Texas secs=57580
[Renebates] City Of Keller, Texas -> 60 lots via https://renebates.com/a_list_2.php?id=222&cat=all
[DEBUG] collected 20 listings from all sites (after filter)
[GD] HTTP 200 | CT=application/json; charset=utf-8 | page=1
[GD] page 1: 24 items
[GD] HTTP 200 | CT=application/json; charset=utf-8 | page=2
[GD] page 2: 24 items
[GD] HTTP 200 | CT=application/json; charset=utf-8 | page=3
[GD] page 3: 24 items
[GD] HTTP 200 | CT=application/json; charset=utf-8 | page=4
[GD] page 4: 24 items
[GD] HTTP 200 | CT=application/json; charset=utf-8 | page=5
[GD] page 5: 24 items
[GD] total raw items before normalize: 120; unique kept: 105
[GD] normalized rows: 105
[GD] blocked by specialty/diesel filter: 96; passing: 9
[Proxibid] parsed 30 rows across 1 page(s)
[Renebates] found 53 events on index
[Renebates] event: CITY OF GRAND PRAIRIE LIVE ABANDONED & IMPOUNDED VEHICLE AUCTION secs=None
[Renebates] event: City Of Keller, Texas secs=56931
[Renebates] City Of Keller, Texas -> 60 lots via https://renebates.com/a_list_2.php?id=222&cat=all
[DEBUG] collected 20 listings from all sites (after filter)
[GD] HTTP 200 | CT=application/json; charset=utf-8 | page=1
[GD] page 1: 24 items
[GD] HTTP 200 | CT=application/json; charset=utf-8 | page=2
[GD] page 2: 24 items
[GD] HTTP 200 | CT=application/json; charset=utf-8 | page=3
[GD] page 3: 24 items
[GD] HTTP 200 | CT=application/json; charset=utf-8 | page=4
[GD] page 4: 24 items
[GD] HTTP 200 | CT=application/json; charset=utf-8 | page=5
[GD] page 5: 24 items
[GD] total raw items before normalize: 120; unique kept: 105
[GD] normalized rows: 105
[GD] blocked by specialty/diesel filter: 96; passing: 9
[Proxibid] parsed 30 rows across 1 page(s)
[Renebates] found 53 events on index
[Renebates] event: CITY OF GRAND PRAIRIE LIVE ABANDONED & IMPOUNDED VEHICLE AUCTION secs=None
[Renebates] event: City Of Keller, Texas secs=56273
[Renebates] City Of Keller, Texas -> 60 lots via https://renebates.com/a_list_2.php?id=222&cat=all
[DEBUG] collected 20 listings from all sites (after filter)
[GD] HTTP 200 | CT=application/json; charset=utf-8 | page=1
[GD] page 1: 24 items
[GD] HTTP 200 | CT=application/json; charset=utf-8 | page=2
[GD] page 2: 24 items
[GD] HTTP 200 | CT=application/json; charset=utf-8 | page=3
[GD] page 3: 24 items
[GD] HTTP 200 | CT=application/json; charset=utf-8 | page=4
[GD] page 4: 24 items
[GD] HTTP 200 | CT=application/json; charset=utf-8 | page=5
[GD] page 5: 24 items
[GD] total raw items before normalize: 120; unique kept: 105
[GD] normalized rows: 105
[GD] blocked by specialty/diesel filter: 96; passing: 9
[Proxibid] parsed 30 rows across 1 page(s)
[Renebates] found 53 events on index
[Renebates] event: CITY OF GRAND PRAIRIE LIVE ABANDONED & IMPOUNDED VEHICLE AUCTION secs=None
[Renebates] event: City Of Keller, Texas secs=55622
[Renebates] City Of Keller, Texas -> 60 lots via https://renebates.com/a_list_2.php?id=222&cat=all
[DEBUG] collected 20 listings from all sites (after filter)
[GD] HTTP 200 | CT=application/json; charset=utf-8 | page=1
[GD] page 1: 24 items
[GD] HTTP 200 | CT=application/json; charset=utf-8 | page=2
[GD] page 2: 24 items
[GD] HTTP 200 | CT=application/json; charset=utf-8 | page=3
[GD] page 3: 24 items
[GD] HTTP 200 | CT=application/json; charset=utf-8 | page=4
[GD] page 4: 24 items
[GD] HTTP 200 | CT=application/json; charset=utf-8 | page=5
[GD] page 5: 24 items
[GD] total raw items before normalize: 120; unique kept: 105
[GD] normalized rows: 105
[GD] blocked by specialty/diesel filter: 96; passing: 9
[Proxibid] parsed 30 rows across 1 page(s)
[Renebates] found 53 events on index
[Renebates] event: CITY OF GRAND PRAIRIE LIVE ABANDONED & IMPOUNDED VEHICLE AUCTION secs=None
[Renebates] event: City Of Keller, Texas secs=54967
[Renebates] City Of Keller, Texas -> 60 lots via https://renebates.com/a_list_2.php?id=222&cat=all
[DEBUG] collected 20 listings from all sites (after filter)
[GD] HTTP 200 | CT=application/json; charset=utf-8 | page=1
[GD] page 1: 24 items
[GD] HTTP 200 | CT=application/json; charset=utf-8 | page=2
[GD] page 2: 24 items
[GD] HTTP 200 | CT=application/json; charset=utf-8 | page=3
[GD] page 3: 24 items
[GD] HTTP 200 | CT=application/json; charset=utf-8 | page=4
[GD] page 4: 24 items
[GD] HTTP 200 | CT=application/json; charset=utf-8 | page=5
[GD] page 5: 24 items
[GD] total raw items before normalize: 120; unique kept: 105
[GD] normalized rows: 105
[GD] blocked by specialty/diesel filter: 96; passing: 9
[Proxibid] parsed 30 rows across 1 page(s)
[Renebates] found 53 events on index
[Renebates] event: CITY OF GRAND PRAIRIE LIVE ABANDONED & IMPOUNDED VEHICLE AUCTION secs=None
[Renebates] event: City Of Keller, Texas secs=54313
[Renebates] City Of Keller, Texas -> 60 lots via https://renebates.com/a_list_2.php?id=222&cat=all
[DEBUG] collected 20 listings from all sites (after filter)
[GD] HTTP 200 | CT=application/json; charset=utf-8 | page=1
[GD] page 1: 24 items
[GD] HTTP 200 | CT=application/json; charset=utf-8 | page=2
[GD] page 2: 24 items
[GD] HTTP 200 | CT=application/json; charset=utf-8 | page=3
[GD] page 3: 24 items
[GD] HTTP 200 | CT=application/json; charset=utf-8 | page=4
[GD] page 4: 24 items
[GD] HTTP 200 | CT=application/json; charset=utf-8 | page=5
[GD] page 5: 24 items
[GD] total raw items before normalize: 120; unique kept: 105
[GD] normalized rows: 105
[GD] blocked by specialty/diesel filter: 95; passing: 10
[Proxibid] parsed 30 rows across 1 page(s)
[Renebates] found 53 events on index
[Renebates] event: CITY OF GRAND PRAIRIE LIVE ABANDONED & IMPOUNDED VEHICLE AUCTION secs=None
[Renebates] event: City Of Keller, Texas secs=53658
[Renebates] City Of Keller, Texas -> 60 lots via https://renebates.com/a_list_2.php?id=222&cat=all
[DEBUG] collected 21 listings from all sites (after filter)
[GD] HTTP 200 | CT=application/json; charset=utf-8 | page=1
[GD] page 1: 24 items
[GD] HTTP 200 | CT=application/json; charset=utf-8 | page=2
[GD] page 2: 24 items
[GD] HTTP 200 | CT=application/json; charset=utf-8 | page=3
[GD] page 3: 24 items
[GD] HTTP 200 | CT=application/json; charset=utf-8 | page=4
[GD] page 4: 24 items
[GD] HTTP 200 | CT=application/json; charset=utf-8 | page=5
[GD] page 5: 24 items
[GD] total raw items before normalize: 120; unique kept: 104
[GD] normalized rows: 104
[GD] blocked by specialty/diesel filter: 94; passing: 10
[Proxibid] parsed 30 rows across 1 page(s)
[Renebates] found 53 events on index
[Renebates] event: CITY OF GRAND PRAIRIE LIVE ABANDONED & IMPOUNDED VEHICLE AUCTION secs=None
[Renebates] event: City Of Keller, Texas secs=53008
[Renebates] City Of Keller, Texas -> 60 lots via https://renebates.com/a_list_2.php?id=222&cat=all
[DEBUG] collected 21 listings from all sites (after filter)
[GD] HTTP 200 | CT=application/json; charset=utf-8 | page=1
[GD] page 1: 24 items
[GD] HTTP 200 | CT=application/json; charset=utf-8 | page=2
[GD] page 2: 24 items
[GD] HTTP 200 | CT=application/json; charset=utf-8 | page=3
[GD] page 3: 24 items
[GD] HTTP 200 | CT=application/json; charset=utf-8 | page=4
[GD] page 4: 24 items
[GD] HTTP 200 | CT=application/json; charset=utf-8 | page=5
[GD] page 5: 24 items
[GD] total raw items before normalize: 120; unique kept: 104
[GD] normalized rows: 104
[GD] blocked by specialty/diesel filter: 94; passing: 10
[Proxibid] parsed 30 rows across 1 page(s)
[Renebates] found 53 events on index
[Renebates] event: CITY OF GRAND PRAIRIE LIVE ABANDONED & IMPOUNDED VEHICLE AUCTION secs=None
[Renebates] event: City Of Keller, Texas secs=52351
[Renebates] City Of Keller, Texas -> 60 lots via https://renebates.com/a_list_2.php?id=222&cat=all
[DEBUG] collected 21 listings from all sites (after filter)
[GD] HTTP 200 | CT=application/json; charset=utf-8 | page=1
[GD] page 1: 24 items
[GD] HTTP 200 | CT=application/json; charset=utf-8 | page=2
[GD] page 2: 24 items
[GD] HTTP 200 | CT=application/json; charset=utf-8 | page=3
[GD] page 3: 24 items
[GD] HTTP 200 | CT=application/json; charset=utf-8 | page=4
[GD] page 4: 24 items
[GD] HTTP 200 | CT=application/json; charset=utf-8 | page=5
[GD] page 5: 24 items
[GD] total raw items before normalize: 120; unique kept: 104
[GD] normalized rows: 104
[GD] blocked by specialty/diesel filter: 94; passing: 10
[Proxibid] parsed 30 rows across 1 page(s)
[Renebates] found 53 events on index
[Renebates] event: CITY OF GRAND PRAIRIE LIVE ABANDONED & IMPOUNDED VEHICLE AUCTION secs=None
[Renebates] event: City Of Keller, Texas secs=51706
[Renebates] City Of Keller, Texas -> 60 lots via https://renebates.com/a_list_2.php?id=222&cat=all
[DEBUG] collected 21 listings from all sites (after filter)
[GD] HTTP 200 | CT=application/json; charset=utf-8 | page=1
[GD] page 1: 24 items
[GD] HTTP 200 | CT=application/json; charset=utf-8 | page=2
[GD] page 2: 24 items
[GD] HTTP 200 | CT=application/json; charset=utf-8 | page=3
[GD] page 3: 24 items
[GD] HTTP 200 | CT=application/json; charset=utf-8 | page=4
[GD] page 4: 24 items
[GD] HTTP 200 | CT=application/json; charset=utf-8 | page=5
[GD] page 5: 24 items
[GD] total raw items before normalize: 120; unique kept: 105
[GD] normalized rows: 105
[GD] blocked by specialty/diesel filter: 95; passing: 10
[Proxibid] parsed 30 rows across 1 page(s)
[Renebates] found 53 events on index
[Renebates] event: CITY OF GRAND PRAIRIE LIVE ABANDONED & IMPOUNDED VEHICLE AUCTION secs=None
[Renebates] event: City Of Keller, Texas secs=51055
[Renebates] City Of Keller, Texas -> 60 lots via https://renebates.com/a_list_2.php?id=222&cat=all
[DEBUG] collected 21 listings from all sites (after filter)
[GD] HTTP 200 | CT=application/json; charset=utf-8 | page=1
[GD] page 1: 24 items
[GD] HTTP 200 | CT=application/json; charset=utf-8 | page=2
[GD] page 2: 24 items
[GD] HTTP 200 | CT=application/json; charset=utf-8 | page=3
[GD] page 3: 24 items
[GD] HTTP 200 | CT=application/json; charset=utf-8 | page=4
[GD] page 4: 24 items
[GD] HTTP 200 | CT=application/json; charset=utf-8 | page=5
[GD] page 5: 24 items
[GD] total raw items before normalize: 120; unique kept: 105
[GD] normalized rows: 105
[GD] blocked by specialty/diesel filter: 95; passing: 10
[Proxibid] parsed 30 rows across 1 page(s)
[Renebates] found 53 events on index
[Renebates] event: CITY OF GRAND PRAIRIE LIVE ABANDONED & IMPOUNDED VEHICLE AUCTION secs=None
[Renebates] event: City Of Keller, Texas secs=50399
[Renebates] City Of Keller, Texas -> 60 lots via https://renebates.com/a_list_2.php?id=222&cat=all
[DEBUG] collected 21 listings from all sites (after filter)
[GD] HTTP 200 | CT=application/json; charset=utf-8 | page=1
[GD] page 1: 24 items
[GD] HTTP 200 | CT=application/json; charset=utf-8 | page=2
[GD] page 2: 24 items
[GD] HTTP 200 | CT=application/json; charset=utf-8 | page=3
[GD] page 3: 24 items
[GD] HTTP 200 | CT=application/json; charset=utf-8 | page=4
[GD] page 4: 24 items
[GD] HTTP 200 | CT=application/json; charset=utf-8 | page=5
[GD] page 5: 24 items
[GD] total raw items before normalize: 120; unique kept: 105
[GD] normalized rows: 105
[GD] blocked by specialty/diesel filter: 95; passing: 10
[Proxibid] parsed 30 rows across 1 page(s)
[Renebates] found 53 events on index
[Renebates] event: CITY OF GRAND PRAIRIE LIVE ABANDONED & IMPOUNDED VEHICLE AUCTION secs=None
[Renebates] event: City Of Keller, Texas secs=49744
[Renebates] City Of Keller, Texas -> 60 lots via https://renebates.com/a_list_2.php?id=222&cat=all
[DEBUG] collected 21 listings from all sites (after filter)
[GD] HTTP 200 | CT=application/json; charset=utf-8 | page=1
[GD] page 1: 24 items
[GD] HTTP 200 | CT=application/json; charset=utf-8 | page=2
[GD] page 2: 24 items
[GD] HTTP 200 | CT=application/json; charset=utf-8 | page=3
[GD] page 3: 24 items
[GD] HTTP 200 | CT=application/json; charset=utf-8 | page=4
[GD] page 4: 24 items
[GD] HTTP 200 | CT=application/json; charset=utf-8 | page=5
[GD] page 5: 24 items
[GD] total raw items before normalize: 120; unique kept: 105
[GD] normalized rows: 105
[GD] blocked by specialty/diesel filter: 95; passing: 10
[Proxibid] parsed 30 rows across 1 page(s)
[Renebates] found 53 events on index
[Renebates] event: CITY OF GRAND PRAIRIE LIVE ABANDONED & IMPOUNDED VEHICLE AUCTION secs=None
[Renebates] event: City Of Keller, Texas secs=49097
[Renebates] City Of Keller, Texas -> 60 lots via https://renebates.com/a_list_2.php?id=222&cat=all
[DEBUG] collected 21 listings from all sites (after filter)
[GD] HTTP 200 | CT=application/json; charset=utf-8 | page=1
[GD] page 1: 24 items
[GD] HTTP 200 | CT=application/json; charset=utf-8 | page=2
[GD] page 2: 24 items
[GD] HTTP 200 | CT=application/json; charset=utf-8 | page=3
[GD] page 3: 24 items
[GD] HTTP 200 | CT=application/json; charset=utf-8 | page=4
[GD] page 4: 24 items
[GD] HTTP 200 | CT=application/json; charset=utf-8 | page=5
[GD] page 5: 24 items
[GD] total raw items before normalize: 120; unique kept: 105
[GD] normalized rows: 105
[GD] blocked by specialty/diesel filter: 95; passing: 10
[Proxibid] parsed 30 rows across 1 page(s)
[Renebates] found 53 events on index
[Renebates] event: CITY OF GRAND PRAIRIE LIVE ABANDONED & IMPOUNDED VEHICLE AUCTION secs=None
[Renebates] event: City Of Keller, Texas secs=48451
[Renebates] City Of Keller, Texas -> 60 lots via https://renebates.com/a_list_2.php?id=222&cat=all
[DEBUG] collected 21 listings from all sites (after filter)
[GD] HTTP 200 | CT=application/json; charset=utf-8 | page=1
[GD] page 1: 24 items
[GD] HTTP 200 | CT=application/json; charset=utf-8 | page=2
[GD] page 2: 24 items
[GD] HTTP 200 | CT=application/json; charset=utf-8 | page=3
[GD] page 3: 24 items
[GD] HTTP 200 | CT=application/json; charset=utf-8 | page=4
[GD] page 4: 24 items
[GD] HTTP 200 | CT=application/json; charset=utf-8 | page=5
[GD] page 5: 24 items
[GD] total raw items before normalize: 120; unique kept: 105
[GD] normalized rows: 105
[GD] blocked by specialty/diesel filter: 95; passing: 10
[Proxibid] parsed 30 rows across 1 page(s)
[Renebates] found 53 events on index
[Renebates] event: CITY OF GRAND PRAIRIE LIVE ABANDONED & IMPOUNDED VEHICLE AUCTION secs=None
[Renebates] event: City Of Keller, Texas secs=47788
[Renebates] City Of Keller, Texas -> 60 lots via https://renebates.com/a_list_2.php?id=222&cat=all
[DEBUG] collected 21 listings from all sites (after filter)
[GD] HTTP 200 | CT=application/json; charset=utf-8 | page=1
[GD] page 1: 24 items
[GD] HTTP 200 | CT=application/json; charset=utf-8 | page=2
[GD] page 2: 24 items
[GD] HTTP 200 | CT=application/json; charset=utf-8 | page=3
[GD] page 3: 24 items
[GD] HTTP 200 | CT=application/json; charset=utf-8 | page=4
[GD] page 4: 24 items
[GD] HTTP 200 | CT=application/json; charset=utf-8 | page=5
[GD] page 5: 24 items
[GD] total raw items before normalize: 120; unique kept: 105
[GD] normalized rows: 105
[GD] blocked by specialty/diesel filter: 95; passing: 10
[Proxibid] parsed 30 rows across 1 page(s)
[Renebates] found 53 events on index
[Renebates] event: CITY OF GRAND PRAIRIE LIVE ABANDONED & IMPOUNDED VEHICLE AUCTION secs=None
[Renebates] event: City Of Keller, Texas secs=47129
[Renebates] City Of Keller, Texas -> 60 lots via https://renebates.com/a_list_2.php?id=222&cat=all
[DEBUG] collected 21 listings from all sites (after filter)
[GD] HTTP 200 | CT=application/json; charset=utf-8 | page=1
[GD] page 1: 24 items
[GD] HTTP 200 | CT=application/json; charset=utf-8 | page=2
[GD] page 2: 24 items
[GD] HTTP 200 | CT=application/json; charset=utf-8 | page=3
[GD] page 3: 24 items
[GD] HTTP 200 | CT=application/json; charset=utf-8 | page=4
[GD] page 4: 24 items
[GD] HTTP 200 | CT=application/json; charset=utf-8 | page=5
[GD] page 5: 24 items
[GD] total raw items before normalize: 120; unique kept: 105
[GD] normalized rows: 105
[GD] blocked by specialty/diesel filter: 95; passing: 10
[Proxibid] parsed 30 rows across 1 page(s)
[Renebates] found 53 events on index
[Renebates] event: CITY OF GRAND PRAIRIE LIVE ABANDONED & IMPOUNDED VEHICLE AUCTION secs=None
[Renebates] event: City Of Keller, Texas secs=46476
[Renebates] City Of Keller, Texas -> 60 lots via https://renebates.com/a_list_2.php?id=222&cat=all
[DEBUG] collected 21 listings from all sites (after filter)
[GD] HTTP 200 | CT=application/json; charset=utf-8 | page=1
[GD] page 1: 24 items
[GD] HTTP 200 | CT=application/json; charset=utf-8 | page=2
[GD] page 2: 24 items
[GD] HTTP 200 | CT=application/json; charset=utf-8 | page=3
[GD] page 3: 24 items
[GD] HTTP 200 | CT=application/json; charset=utf-8 | page=4
[GD] page 4: 24 items
[GD] HTTP 200 | CT=application/json; charset=utf-8 | page=5
[GD] page 5: 24 items
[GD] total raw items before normalize: 120; unique kept: 105
[GD] normalized rows: 105
[GD] blocked by specialty/diesel filter: 95; passing: 10
[Proxibid] parsed 30 rows across 1 page(s)
[Renebates] found 53 events on index
[Renebates] event: CITY OF GRAND PRAIRIE LIVE ABANDONED & IMPOUNDED VEHICLE AUCTION secs=None
[Renebates] event: City Of Keller, Texas secs=45822
[Renebates] City Of Keller, Texas -> 60 lots via https://renebates.com/a_list_2.php?id=222&cat=all
[DEBUG] collected 21 listings from all sites (after filter)
[GD] HTTP 200 | CT=application/json; charset=utf-8 | page=1
[GD] page 1: 24 items
[GD] HTTP 200 | CT=application/json; charset=utf-8 | page=2
[GD] page 2: 24 items
[GD] HTTP 200 | CT=application/json; charset=utf-8 | page=3
[GD] page 3: 24 items
[GD] HTTP 200 | CT=application/json; charset=utf-8 | page=4
[GD] page 4: 24 items
[GD] HTTP 200 | CT=application/json; charset=utf-8 | page=5
[GD] page 5: 24 items
[GD] total raw items before normalize: 120; unique kept: 105
[GD] normalized rows: 105
[GD] blocked by specialty/diesel filter: 95; passing: 10
[Proxibid] parsed 30 rows across 1 page(s)
[Renebates] found 53 events on index
[Renebates] event: CITY OF GRAND PRAIRIE LIVE ABANDONED & IMPOUNDED VEHICLE AUCTION secs=None
[Renebates] event: City Of Keller, Texas secs=45168
[Renebates] City Of Keller, Texas -> 60 lots via https://renebates.com/a_list_2.php?id=222&cat=all
[DEBUG] collected 21 listings from all sites (after filter)
[GD] HTTP 200 | CT=application/json; charset=utf-8 | page=1
[GD] page 1: 24 items
[GD] HTTP 200 | CT=application/json; charset=utf-8 | page=2
[GD] page 2: 24 items
[GD] HTTP 200 | CT=application/json; charset=utf-8 | page=3
[GD] page 3: 24 items
[GD] HTTP 200 | CT=application/json; charset=utf-8 | page=4
[GD] page 4: 24 items
[GD] HTTP 200 | CT=application/json; charset=utf-8 | page=5
[GD] page 5: 24 items
[GD] total raw items before normalize: 120; unique kept: 105
[GD] normalized rows: 105
[GD] blocked by specialty/diesel filter: 95; passing: 10
[Proxibid] parsed 30 rows across 1 page(s)
[Renebates] found 53 events on index
[Renebates] event: CITY OF GRAND PRAIRIE LIVE ABANDONED & IMPOUNDED VEHICLE AUCTION secs=None
[Renebates] event: City Of Keller, Texas secs=44511
[Renebates] City Of Keller, Texas -> 60 lots via https://renebates.com/a_list_2.php?id=222&cat=all
[DEBUG] collected 21 listings from all sites (after filter)
[GD] HTTP 200 | CT=application/json; charset=utf-8 | page=1
[GD] page 1: 24 items
[GD] HTTP 200 | CT=application/json; charset=utf-8 | page=2
[GD] page 2: 24 items
[GD] HTTP 200 | CT=application/json; charset=utf-8 | page=3
[GD] page 3: 24 items
[GD] HTTP 200 | CT=application/json; charset=utf-8 | page=4
[GD] page 4: 24 items
[GD] HTTP 200 | CT=application/json; charset=utf-8 | page=5
[GD] page 5: 24 items
[GD] total raw items before normalize: 120; unique kept: 105
[GD] normalized rows: 105
[GD] blocked by specialty/diesel filter: 95; passing: 10
[Proxibid] parsed 30 rows across 1 page(s)
[Renebates] found 53 events on index
[Renebates] event: CITY OF GRAND PRAIRIE LIVE ABANDONED & IMPOUNDED VEHICLE AUCTION secs=None
[Renebates] event: City Of Keller, Texas secs=43868
[Renebates] City Of Keller, Texas -> 60 lots via https://renebates.com/a_list_2.php?id=222&cat=all
[DEBUG] collected 21 listings from all sites (after filter)
[GD] HTTP 200 | CT=application/json; charset=utf-8 | page=1
[GD] page 1: 24 items
[GD] HTTP 200 | CT=application/json; charset=utf-8 | page=2
[GD] page 2: 24 items
[GD] HTTP 200 | CT=application/json; charset=utf-8 | page=3
[GD] page 3: 24 items
[GD] HTTP 200 | CT=application/json; charset=utf-8 | page=4
[GD] page 4: 24 items
[GD] HTTP 200 | CT=application/json; charset=utf-8 | page=5
[GD] page 5: 24 items
[GD] total raw items before normalize: 120; unique kept: 105
[GD] normalized rows: 105
[GD] blocked by specialty/diesel filter: 95; passing: 10
[Proxibid] parsed 30 rows across 1 page(s)
[Renebates] found 53 events on index
[Renebates] event: CITY OF GRAND PRAIRIE LIVE ABANDONED & IMPOUNDED VEHICLE AUCTION secs=None
[Renebates] event: City Of Keller, Texas secs=43215
[Renebates] City Of Keller, Texas -> 60 lots via https://renebates.com/a_list_2.php?id=222&cat=all
[DEBUG] collected 21 listings from all sites (after filter)
[GD] HTTP 200 | CT=application/json; charset=utf-8 | page=1
[GD] page 1: 24 items
[GD] HTTP 200 | CT=application/json; charset=utf-8 | page=2
[GD] page 2: 24 items
[GD] HTTP 200 | CT=application/json; charset=utf-8 | page=3
[GD] page 3: 24 items
[GD] HTTP 200 | CT=application/json; charset=utf-8 | page=4
[GD] page 4: 24 items
[GD] HTTP 200 | CT=application/json; charset=utf-8 | page=5
[GD] page 5: 24 items
[GD] total raw items before normalize: 120; unique kept: 105
[GD] normalized rows: 105
[GD] blocked by specialty/diesel filter: 95; passing: 10
[Proxibid] parsed 30 rows across 1 page(s)
[Renebates] found 53 events on index
[Renebates] event: CITY OF GRAND PRAIRIE LIVE ABANDONED & IMPOUNDED VEHICLE AUCTION secs=None
[Renebates] event: City Of Keller, Texas secs=42569
[Renebates] City Of Keller, Texas -> 60 lots via https://renebates.com/a_list_2.php?id=222&cat=all
[DEBUG] collected 21 listings from all sites (after filter)
[GD] HTTP 200 | CT=application/json; charset=utf-8 | page=1
[GD] page 1: 24 items
[GD] HTTP 200 | CT=application/json; charset=utf-8 | page=2
[GD] page 2: 24 items
[GD] HTTP 200 | CT=application/json; charset=utf-8 | page=3
[GD] page 3: 24 items
[GD] HTTP 200 | CT=application/json; charset=utf-8 | page=4
[GD] page 4: 24 items
[GD] HTTP 200 | CT=application/json; charset=utf-8 | page=5
[GD] page 5: 24 items
[GD] total raw items before normalize: 120; unique kept: 105
[GD] normalized rows: 105
[GD] blocked by specialty/diesel filter: 95; passing: 10
[Proxibid] parsed 30 rows across 1 page(s)
[Renebates] found 53 events on index
[Renebates] event: CITY OF GRAND PRAIRIE LIVE ABANDONED & IMPOUNDED VEHICLE AUCTION secs=None
[Renebates] event: City Of Keller, Texas secs=41921
[Renebates] City Of Keller, Texas -> 60 lots via https://renebates.com/a_list_2.php?id=222&cat=all
[DEBUG] collected 21 listings from all sites (after filter)
[GD] HTTP 200 | CT=application/json; charset=utf-8 | page=1
[GD] page 1: 24 items
[GD] HTTP 200 | CT=application/json; charset=utf-8 | page=2
[GD] page 2: 24 items
[GD] HTTP 200 | CT=application/json; charset=utf-8 | page=3
[GD] page 3: 24 items
[GD] HTTP 200 | CT=application/json; charset=utf-8 | page=4
[GD] page 4: 24 items
[GD] HTTP 200 | CT=application/json; charset=utf-8 | page=5
[GD] page 5: 24 items
[GD] total raw items before normalize: 120; unique kept: 105
[GD] normalized rows: 105
[GD] blocked by specialty/diesel filter: 95; passing: 10
[Proxibid] parsed 30 rows across 1 page(s)
[Renebates] found 53 events on index
[Renebates] event: CITY OF GRAND PRAIRIE LIVE ABANDONED & IMPOUNDED VEHICLE AUCTION secs=None
[Renebates] event: City Of Keller, Texas secs=41269
[Renebates] City Of Keller, Texas -> 60 lots via https://renebates.com/a_list_2.php?id=222&cat=all
[DEBUG] collected 21 listings from all sites (after filter)
❌ SMS failed: HTTP 401 error: Unable to create record: Authenticate
💓 Healthcheck SMS sent.
[GD] HTTP 200 | CT=application/json; charset=utf-8 | page=1
[GD] page 1: 24 items
[GD] HTTP 200 | CT=application/json; charset=utf-8 | page=2
[GD] page 2: 24 items
[GD] HTTP 200 | CT=application/json; charset=utf-8 | page=3
[GD] page 3: 24 items
[GD] HTTP 200 | CT=application/json; charset=utf-8 | page=4
[GD] page 4: 24 items
[GD] HTTP 200 | CT=application/json; charset=utf-8 | page=5
[GD] page 5: 24 items
[GD] total raw items before normalize: 120; unique kept: 105
[GD] normalized rows: 105
[GD] blocked by specialty/diesel filter: 95; passing: 10
[Proxibid] parsed 30 rows across 1 page(s)
[Renebates] found 53 events on index
[Renebates] event: CITY OF GRAND PRAIRIE LIVE ABANDONED & IMPOUNDED VEHICLE AUCTION secs=None
[Renebates] event: City Of Keller, Texas secs=40621
[Renebates] City Of Keller, Texas -> 60 lots via https://renebates.com/a_list_2.php?id=222&cat=all
[DEBUG] collected 21 listings from all sites (after filter)
[GD] HTTP 200 | CT=application/json; charset=utf-8 | page=1
[GD] page 1: 24 items
[GD] HTTP 200 | CT=application/json; charset=utf-8 | page=2
[GD] page 2: 24 items
[GD] HTTP 200 | CT=application/json; charset=utf-8 | page=3
[GD] page 3: 24 items
[GD] HTTP 200 | CT=application/json; charset=utf-8 | page=4
[GD] page 4: 24 items
[GD] HTTP 200 | CT=application/json; charset=utf-8 | page=5
[GD] page 5: 24 items
[GD] total raw items before normalize: 120; unique kept: 105
[GD] normalized rows: 105
[GD] blocked by specialty/diesel filter: 95; passing: 10
[Proxibid] parsed 30 rows across 1 page(s)
[Renebates] found 53 events on index
[Renebates] event: CITY OF GRAND PRAIRIE LIVE ABANDONED & IMPOUNDED VEHICLE AUCTION secs=None
[Renebates] event: City Of Keller, Texas secs=39973
[Renebates] City Of Keller, Texas -> 60 lots via https://renebates.com/a_list_2.php?id=222&cat=all
[DEBUG] collected 21 listings from all sites (after filter)
[GD] HTTP 200 | CT=application/json; charset=utf-8 | page=1
[GD] page 1: 24 items
[GD] HTTP 200 | CT=application/json; charset=utf-8 | page=2
[GD] page 2: 24 items
[GD] HTTP 200 | CT=application/json; charset=utf-8 | page=3
[GD] page 3: 24 items
[GD] HTTP 200 | CT=application/json; charset=utf-8 | page=4
[GD] page 4: 24 items
[GD] HTTP 200 | CT=application/json; charset=utf-8 | page=5
[GD] page 5: 24 items
[GD] total raw items before normalize: 120; unique kept: 105
[GD] normalized rows: 105
[GD] blocked by specialty/diesel filter: 95; passing: 10
[Proxibid] parsed 30 rows across 1 page(s)
[Renebates] found 53 events on index
[Renebates] event: CITY OF GRAND PRAIRIE LIVE ABANDONED & IMPOUNDED VEHICLE AUCTION secs=None
[Renebates] event: City Of Keller, Texas secs=39321
[Renebates] City Of Keller, Texas -> 60 lots via https://renebates.com/a_list_2.php?id=222&cat=all
[DEBUG] collected 21 listings from all sites (after filter)
[GD] HTTP 200 | CT=application/json; charset=utf-8 | page=1
[GD] page 1: 24 items
[GD] HTTP 200 | CT=application/json; charset=utf-8 | page=2
[GD] page 2: 24 items
[GD] HTTP 200 | CT=application/json; charset=utf-8 | page=3
[GD] page 3: 24 items
[GD] HTTP 200 | CT=application/json; charset=utf-8 | page=4
[GD] page 4: 24 items
[GD] HTTP 200 | CT=application/json; charset=utf-8 | page=5
[GD] page 5: 24 items
[GD] total raw items before normalize: 120; unique kept: 105
[GD] normalized rows: 105
[GD] blocked by specialty/diesel filter: 95; passing: 10
[Proxibid] parsed 30 rows across 1 page(s)
[Renebates] found 53 events on index
[Renebates] event: CITY OF GRAND PRAIRIE LIVE ABANDONED & IMPOUNDED VEHICLE AUCTION secs=None
[Renebates] event: City Of Keller, Texas secs=38681
[Renebates] City Of Keller, Texas -> 60 lots via https://renebates.com/a_list_2.php?id=222&cat=all
[DEBUG] collected 35 listings from all sites (after filter)
[GD] HTTP 200 | CT=application/json; charset=utf-8 | page=1
[GD] page 1: 24 items
[GD] HTTP 200 | CT=application/json; charset=utf-8 | page=2
[GD] page 2: 24 items
[GD] HTTP 200 | CT=application/json; charset=utf-8 | page=3
[GD] page 3: 24 items
[GD] HTTP 200 | CT=application/json; charset=utf-8 | page=4
[GD] page 4: 24 items
[GD] HTTP 200 | CT=application/json; charset=utf-8 | page=5
[GD] page 5: 24 items
[GD] total raw items before normalize: 120; unique kept: 105
[GD] normalized rows: 105
[GD] blocked by specialty/diesel filter: 95; passing: 10
[Proxibid] parsed 30 rows across 1 page(s)
[Renebates] found 53 events on index
[Renebates] event: CITY OF GRAND PRAIRIE LIVE ABANDONED & IMPOUNDED VEHICLE AUCTION secs=None
[Renebates] event: City Of Keller, Texas secs=38038
[Renebates] City Of Keller, Texas -> 60 lots via https://renebates.com/a_list_2.php?id=222&cat=all
[DEBUG] collected 35 listings from all sites (after filter)
[GD] HTTP 200 | CT=application/json; charset=utf-8 | page=1
[GD] page 1: 24 items
[GD] HTTP 200 | CT=application/json; charset=utf-8 | page=2
[GD] page 2: 24 items
[GD] HTTP 200 | CT=application/json; charset=utf-8 | page=3
[GD] page 3: 24 items
[GD] HTTP 200 | CT=application/json; charset=utf-8 | page=4
[GD] page 4: 24 items
[GD] HTTP 200 | CT=application/json; charset=utf-8 | page=5
[GD] page 5: 24 items
[GD] total raw items before normalize: 120; unique kept: 105
[GD] normalized rows: 105
[GD] blocked by specialty/diesel filter: 95; passing: 10
[Proxibid] parsed 30 rows across 1 page(s)
[Renebates] found 53 events on index
[Renebates] event: CITY OF GRAND PRAIRIE LIVE ABANDONED & IMPOUNDED VEHICLE AUCTION secs=None
[Renebates] event: City Of Keller, Texas secs=37395
[Renebates] City Of Keller, Texas -> 60 lots via https://renebates.com/a_list_2.php?id=222&cat=all
[DEBUG] collected 35 listings from all sites (after filter)
[GD] HTTP 200 | CT=application/json; charset=utf-8 | page=1
[GD] page 1: 24 items
[GD] HTTP 200 | CT=application/json; charset=utf-8 | page=2
[GD] page 2: 24 items
[GD] HTTP 200 | CT=application/json; charset=utf-8 | page=3
[GD] page 3: 24 items
[GD] HTTP 200 | CT=application/json; charset=utf-8 | page=4
[GD] page 4: 24 items
[GD] HTTP 200 | CT=application/json; charset=utf-8 | page=5
[GD] page 5: 24 items
[GD] total raw items before normalize: 120; unique kept: 105
[GD] normalized rows: 105
[GD] blocked by specialty/diesel filter: 95; passing: 10
[Proxibid] parsed 30 rows across 1 page(s)
[Renebates] found 53 events on index
[Renebates] event: CITY OF GRAND PRAIRIE LIVE ABANDONED & IMPOUNDED VEHICLE AUCTION secs=None
[Renebates] event: City Of Keller, Texas secs=36755
[Renebates] City Of Keller, Texas -> 60 lots via https://renebates.com/a_list_2.php?id=222&cat=all
[DEBUG] collected 35 listings from all sites (after filter)
[GD] HTTP 200 | CT=application/json; charset=utf-8 | page=1
[GD] page 1: 24 items
[GD] HTTP 200 | CT=application/json; charset=utf-8 | page=2
[GD] page 2: 24 items
[GD] HTTP 200 | CT=application/json; charset=utf-8 | page=3
[GD] page 3: 24 items
[GD] HTTP 200 | CT=application/json; charset=utf-8 | page=4
[GD] page 4: 24 items
[GD] HTTP 200 | CT=application/json; charset=utf-8 | page=5
[GD] page 5: 24 items
[GD] total raw items before normalize: 120; unique kept: 105
[GD] normalized rows: 105
[GD] blocked by specialty/diesel filter: 95; passing: 10
[Proxibid] parsed 30 rows across 1 page(s)
[Renebates] found 53 events on index
[Renebates] event: CITY OF GRAND PRAIRIE LIVE ABANDONED & IMPOUNDED VEHICLE AUCTION secs=None
[Renebates] event: City Of Keller, Texas secs=36109
[Renebates] City Of Keller, Texas -> 60 lots via https://renebates.com/a_list_2.php?id=222&cat=all
[DEBUG] collected 35 listings from all sites (after filter)
[GD] HTTP 200 | CT=application/json; charset=utf-8 | page=1
[GD] page 1: 24 items
[GD] HTTP 200 | CT=application/json; charset=utf-8 | page=2
[GD] page 2: 24 items
[GD] HTTP 200 | CT=application/json; charset=utf-8 | page=3
[GD] page 3: 24 items
[GD] HTTP 200 | CT=application/json; charset=utf-8 | page=4
[GD] page 4: 24 items
[GD] HTTP 200 | CT=application/json; charset=utf-8 | page=5
[GD] page 5: 24 items
[GD] total raw items before normalize: 120; unique kept: 105
[GD] normalized rows: 105
[GD] blocked by specialty/diesel filter: 95; passing: 10
[Proxibid] parsed 30 rows across 1 page(s)
[Renebates] found 53 events on index
[Renebates] event: CITY OF GRAND PRAIRIE LIVE ABANDONED & IMPOUNDED VEHICLE AUCTION secs=None
[Renebates] event: City Of Keller, Texas secs=35460
[Renebates] City Of Keller, Texas -> 60 lots via https://renebates.com/a_list_2.php?id=222&cat=all
[DEBUG] collected 35 listings from all sites (after filter)
[GD] HTTP 200 | CT=application/json; charset=utf-8 | page=1
[GD] page 1: 24 items
[GD] HTTP 200 | CT=application/json; charset=utf-8 | page=2
[GD] page 2: 24 items
[GD] HTTP 200 | CT=application/json; charset=utf-8 | page=3
[GD] page 3: 24 items
[GD] HTTP 200 | CT=application/json; charset=utf-8 | page=4
[GD] page 4: 24 items
[GD] HTTP 200 | CT=application/json; charset=utf-8 | page=5
[GD] page 5: 24 items
[GD] total raw items before normalize: 120; unique kept: 105
[GD] normalized rows: 105
[GD] blocked by specialty/diesel filter: 95; passing: 10
[Proxibid] parsed 30 rows across 1 page(s)
[Renebates] found 53 events on index
[Renebates] event: CITY OF GRAND PRAIRIE LIVE ABANDONED & IMPOUNDED VEHICLE AUCTION secs=None
[Renebates] event: City Of Keller, Texas secs=34813
[Renebates] City Of Keller, Texas -> 60 lots via https://renebates.com/a_list_2.php?id=222&cat=all
[DEBUG] collected 35 listings from all sites (after filter)
[GD] HTTP 200 | CT=application/json; charset=utf-8 | page=1
[GD] page 1: 24 items
[GD] HTTP 200 | CT=application/json; charset=utf-8 | page=2
[GD] page 2: 24 items
[GD] HTTP 200 | CT=application/json; charset=utf-8 | page=3
[GD] page 3: 24 items
[GD] HTTP 200 | CT=application/json; charset=utf-8 | page=4
[GD] page 4: 24 items
[GD] HTTP 200 | CT=application/json; charset=utf-8 | page=5
[GD] page 5: 24 items
[GD] total raw items before normalize: 120; unique kept: 105
[GD] normalized rows: 105
[GD] blocked by specialty/diesel filter: 95; passing: 10
[Proxibid] parsed 30 rows across 1 page(s)
[Renebates] found 53 events on index
[Renebates] event: CITY OF GRAND PRAIRIE LIVE ABANDONED & IMPOUNDED VEHICLE AUCTION secs=None
[Renebates] event: City Of Keller, Texas secs=34170
[Renebates] City Of Keller, Texas -> 60 lots via https://renebates.com/a_list_2.php?id=222&cat=all
[DEBUG] collected 35 listings from all sites (after filter)
[GD] HTTP 200 | CT=application/json; charset=utf-8 | page=1
[GD] page 1: 24 items
[GD] HTTP 200 | CT=application/json; charset=utf-8 | page=2
[GD] page 2: 24 items
[GD] HTTP 200 | CT=application/json; charset=utf-8 | page=3
[GD] page 3: 24 items
[GD] HTTP 200 | CT=application/json; charset=utf-8 | page=4
[GD] page 4: 24 items
[GD] HTTP 200 | CT=application/json; charset=utf-8 | page=5
[GD] page 5: 24 items
[GD] total raw items before normalize: 120; unique kept: 105
[GD] normalized rows: 105
[GD] blocked by specialty/diesel filter: 95; passing: 10
[Proxibid] parsed 30 rows across 1 page(s)
[Renebates] found 53 events on index
[Renebates] event: CITY OF GRAND PRAIRIE LIVE ABANDONED & IMPOUNDED VEHICLE AUCTION secs=None
[Renebates] event: City Of Keller, Texas secs=33527
[Renebates] City Of Keller, Texas -> 60 lots via https://renebates.com/a_list_2.php?id=222&cat=all
[DEBUG] collected 35 listings from all sites (after filter)
[GD] HTTP 200 | CT=application/json; charset=utf-8 | page=1
[GD] page 1: 24 items
[GD] HTTP 200 | CT=application/json; charset=utf-8 | page=2
[GD] page 2: 24 items
[GD] HTTP 200 | CT=application/json; charset=utf-8 | page=3
[GD] page 3: 24 items
[GD] HTTP 200 | CT=application/json; charset=utf-8 | page=4
[GD] page 4: 24 items
[GD] HTTP 200 | CT=application/json; charset=utf-8 | page=5
[GD] page 5: 24 items
[GD] total raw items before normalize: 120; unique kept: 105
[GD] normalized rows: 105
[GD] blocked by specialty/diesel filter: 95; passing: 10
[Proxibid] parsed 30 rows across 1 page(s)
[Renebates] found 53 events on index
[Renebates] event: CITY OF GRAND PRAIRIE LIVE ABANDONED & IMPOUNDED VEHICLE AUCTION secs=None
[Renebates] event: City Of Keller, Texas secs=32871
[Renebates] City Of Keller, Texas -> 60 lots via https://renebates.com/a_list_2.php?id=222&cat=all
[DEBUG] collected 35 listings from all sites (after filter)
[GD] HTTP 200 | CT=application/json; charset=utf-8 | page=1
[GD] page 1: 24 items
[GD] HTTP 200 | CT=application/json; charset=utf-8 | page=2
[GD] page 2: 24 items
[GD] HTTP 200 | CT=application/json; charset=utf-8 | page=3
[GD] page 3: 24 items
[GD] HTTP 200 | CT=application/json; charset=utf-8 | page=4
[GD] page 4: 24 items
[GD] HTTP 200 | CT=application/json; charset=utf-8 | page=5
[GD] page 5: 24 items
[GD] total raw items before normalize: 120; unique kept: 105
[GD] normalized rows: 105
[GD] blocked by specialty/diesel filter: 95; passing: 10
[Proxibid] parsed 30 rows across 1 page(s)
[Renebates] found 53 events on index
[Renebates] event: CITY OF GRAND PRAIRIE LIVE ABANDONED & IMPOUNDED VEHICLE AUCTION secs=None
[Renebates] event: City Of Keller, Texas secs=32227
[Renebates] City Of Keller, Texas -> 60 lots via https://renebates.com/a_list_2.php?id=222&cat=all
[DEBUG] collected 35 listings from all sites (after filter)
[GD] HTTP 200 | CT=application/json; charset=utf-8 | page=1
[GD] page 1: 24 items
[GD] HTTP 200 | CT=application/json; charset=utf-8 | page=2
[GD] page 2: 24 items
[GD] HTTP 200 | CT=application/json; charset=utf-8 | page=3
[GD] page 3: 24 items
[GD] HTTP 200 | CT=application/json; charset=utf-8 | page=4
[GD] page 4: 24 items
[GD] HTTP 200 | CT=application/json; charset=utf-8 | page=5
[GD] page 5: 24 items
[GD] total raw items before normalize: 120; unique kept: 105
[GD] normalized rows: 105
[GD] blocked by specialty/diesel filter: 95; passing: 10
[Proxibid] parsed 30 rows across 1 page(s)
[Renebates] found 53 events on index
[Renebates] event: CITY OF GRAND PRAIRIE LIVE ABANDONED & IMPOUNDED VEHICLE AUCTION secs=None
[Renebates] event: City Of Keller, Texas secs=31577
[Renebates] City Of Keller, Texas -> 60 lots via https://renebates.com/a_list_2.php?id=222&cat=all
[DEBUG] collected 35 listings from all sites (after filter)
[GD] HTTP 200 | CT=application/json; charset=utf-8 | page=1
[GD] page 1: 24 items
[GD] HTTP 200 | CT=application/json; charset=utf-8 | page=2
[GD] page 2: 24 items
[GD] HTTP 200 | CT=application/json; charset=utf-8 | page=3
[GD] page 3: 24 items
[GD] HTTP 200 | CT=application/json; charset=utf-8 | page=4
[GD] page 4: 24 items
[GD] HTTP 200 | CT=application/json; charset=utf-8 | page=5
[GD] page 5: 24 items
[GD] total raw items before normalize: 120; unique kept: 105
[GD] normalized rows: 105
[GD] blocked by specialty/diesel filter: 95; passing: 10
[Proxibid] parsed 30 rows across 1 page(s)
[Renebates] found 53 events on index
[Renebates] event: CITY OF GRAND PRAIRIE LIVE ABANDONED & IMPOUNDED VEHICLE AUCTION secs=None
[Renebates] event: City Of Keller, Texas secs=30927
[Renebates] City Of Keller, Texas -> 60 lots via https://renebates.com/a_list_2.php?id=222&cat=all
[DEBUG] collected 35 listings from all sites (after filter)
[GD] HTTP 200 | CT=application/json; charset=utf-8 | page=1
[GD] page 1: 24 items
[GD] HTTP 200 | CT=application/json; charset=utf-8 | page=2
[GD] page 2: 24 items
[GD] HTTP 200 | CT=application/json; charset=utf-8 | page=3
[GD] page 3: 24 items
[GD] HTTP 200 | CT=application/json; charset=utf-8 | page=4
[GD] page 4: 24 items
[GD] HTTP 200 | CT=application/json; charset=utf-8 | page=5
[GD] page 5: 24 items
[GD] total raw items before normalize: 120; unique kept: 105
[GD] normalized rows: 105
[GD] blocked by specialty/diesel filter: 95; passing: 10
[Proxibid] parsed 30 rows across 1 page(s)
[Renebates] found 53 events on index
[Renebates] event: CITY OF GRAND PRAIRIE LIVE ABANDONED & IMPOUNDED VEHICLE AUCTION secs=None
[Renebates] event: City Of Keller, Texas secs=30275
[Renebates] City Of Keller, Texas -> 60 lots via https://renebates.com/a_list_2.php?id=222&cat=all
[DEBUG] collected 35 listings from all sites (after filter)
[GD] HTTP 200 | CT=application/json; charset=utf-8 | page=1
[GD] page 1: 24 items
[GD] HTTP 200 | CT=application/json; charset=utf-8 | page=2
[GD] page 2: 24 items
[GD] HTTP 200 | CT=application/json; charset=utf-8 | page=3
[GD] page 3: 24 items
[GD] HTTP 200 | CT=application/json; charset=utf-8 | page=4
[GD] page 4: 24 items
[GD] HTTP 200 | CT=application/json; charset=utf-8 | page=5
[GD] page 5: 24 items
[GD] total raw items before normalize: 120; unique kept: 105
[GD] normalized rows: 105
[GD] blocked by specialty/diesel filter: 95; passing: 10
[Proxibid] parsed 30 rows across 1 page(s)
[Renebates] found 53 events on index
[Renebates] event: CITY OF GRAND PRAIRIE LIVE ABANDONED & IMPOUNDED VEHICLE AUCTION secs=None
[Renebates] event: City Of Keller, Texas secs=29625
[Renebates] City Of Keller, Texas -> 60 lots via https://renebates.com/a_list_2.php?id=222&cat=all
[DEBUG] collected 35 listings from all sites (after filter)
[GD] HTTP 200 | CT=application/json; charset=utf-8 | page=1
[GD] page 1: 24 items
[GD] HTTP 200 | CT=application/json; charset=utf-8 | page=2
[GD] page 2: 24 items
[GD] HTTP 200 | CT=application/json; charset=utf-8 | page=3
[GD] page 3: 24 items
[GD] HTTP 200 | CT=application/json; charset=utf-8 | page=4
[GD] page 4: 24 items
[GD] HTTP 200 | CT=application/json; charset=utf-8 | page=5
[GD] page 5: 24 items
[GD] total raw items before normalize: 120; unique kept: 105
[GD] normalized rows: 105
[GD] blocked by specialty/diesel filter: 95; passing: 10
[Proxibid] parsed 30 rows across 1 page(s)
[Renebates] found 53 events on index
[Renebates] event: CITY OF GRAND PRAIRIE LIVE ABANDONED & IMPOUNDED VEHICLE AUCTION secs=None
[Renebates] event: City Of Keller, Texas secs=28972
[Renebates] City Of Keller, Texas -> 60 lots via https://renebates.com/a_list_2.php?id=222&cat=all
[DEBUG] collected 35 listings from all sites (after filter)
[GD] HTTP 200 | CT=application/json; charset=utf-8 | page=1
[GD] page 1: 24 items
[GD] HTTP 200 | CT=application/json; charset=utf-8 | page=2
[GD] page 2: 24 items
[GD] HTTP 200 | CT=application/json; charset=utf-8 | page=3
[GD] page 3: 24 items
[GD] HTTP 200 | CT=application/json; charset=utf-8 | page=4
[GD] page 4: 24 items
[GD] HTTP 200 | CT=application/json; charset=utf-8 | page=5
[GD] page 5: 24 items
[GD] total raw items before normalize: 120; unique kept: 105
[GD] normalized rows: 105
[GD] blocked by specialty/diesel filter: 95; passing: 10
[Proxibid] parsed 30 rows across 1 page(s)
[Renebates] found 53 events on index
[Renebates] event: CITY OF GRAND PRAIRIE LIVE ABANDONED & IMPOUNDED VEHICLE AUCTION secs=None
[Renebates] event: City Of Keller, Texas secs=28315
[Renebates] City Of Keller, Texas -> 60 lots via https://renebates.com/a_list_2.php?id=222&cat=all
[DEBUG] collected 35 listings from all sites (after filter)
[GD] HTTP 200 | CT=application/json; charset=utf-8 | page=1
[GD] page 1: 24 items
[GD] HTTP 200 | CT=application/json; charset=utf-8 | page=2
[GD] page 2: 24 items
[GD] HTTP 200 | CT=application/json; charset=utf-8 | page=3
[GD] page 3: 24 items
[GD] HTTP 200 | CT=application/json; charset=utf-8 | page=4
[GD] page 4: 24 items
[GD] HTTP 200 | CT=application/json; charset=utf-8 | page=5
[GD] page 5: 24 items
[GD] total raw items before normalize: 120; unique kept: 105
[GD] normalized rows: 105
[GD] blocked by specialty/diesel filter: 95; passing: 10
[Proxibid] parsed 30 rows across 1 page(s)
[Renebates] found 53 events on index
[Renebates] event: CITY OF GRAND PRAIRIE LIVE ABANDONED & IMPOUNDED VEHICLE AUCTION secs=None
[Renebates] event: City Of Keller, Texas secs=27672
[Renebates] City Of Keller, Texas -> 60 lots via https://renebates.com/a_list_2.php?id=222&cat=all
[DEBUG] collected 35 listings from all sites (after filter)
[GD] HTTP 200 | CT=application/json; charset=utf-8 | page=1
[GD] page 1: 24 items
[GD] HTTP 200 | CT=application/json; charset=utf-8 | page=2
[GD] page 2: 24 items
[GD] HTTP 200 | CT=application/json; charset=utf-8 | page=3
[GD] page 3: 24 items
[GD] HTTP 200 | CT=application/json; charset=utf-8 | page=4
[GD] page 4: 24 items
[GD] HTTP 200 | CT=application/json; charset=utf-8 | page=5
[GD] page 5: 24 items
[GD] total raw items before normalize: 120; unique kept: 105
[GD] normalized rows: 105
[GD] blocked by specialty/diesel filter: 95; passing: 10
[Proxibid] parsed 30 rows across 1 page(s)
[Renebates] found 53 events on index
[Renebates] event: CITY OF GRAND PRAIRIE LIVE ABANDONED & IMPOUNDED VEHICLE AUCTION secs=None
[Renebates] event: City Of Keller, Texas secs=27022
[Renebates] City Of Keller, Texas -> 60 lots via https://renebates.com/a_list_2.php?id=222&cat=all
[DEBUG] collected 35 listings from all sites (after filter)
[GD] HTTP 200 | CT=application/json; charset=utf-8 | page=1
[GD] page 1: 24 items
[GD] HTTP 200 | CT=application/json; charset=utf-8 | page=2
[GD] page 2: 24 items
[GD] HTTP 200 | CT=application/json; charset=utf-8 | page=3
[GD] page 3: 24 items
[GD] HTTP 200 | CT=application/json; charset=utf-8 | page=4
[GD] page 4: 24 items
[GD] HTTP 200 | CT=application/json; charset=utf-8 | page=5
[GD] page 5: 24 items
[GD] total raw items before normalize: 120; unique kept: 105
[GD] normalized rows: 105
[GD] blocked by specialty/diesel filter: 95; passing: 10
[Proxibid] parsed 30 rows across 1 page(s)
[Renebates] found 53 events on index
[Renebates] event: CITY OF GRAND PRAIRIE LIVE ABANDONED & IMPOUNDED VEHICLE AUCTION secs=None
[Renebates] event: City Of Keller, Texas secs=26366
[Renebates] City Of Keller, Texas -> 60 lots via https://renebates.com/a_list_2.php?id=222&cat=all
[DEBUG] collected 35 listings from all sites (after filter)
[GD] HTTP 200 | CT=application/json; charset=utf-8 | page=1
[GD] page 1: 24 items
[GD] HTTP 200 | CT=application/json; charset=utf-8 | page=2
[GD] page 2: 24 items
[GD] HTTP 200 | CT=application/json; charset=utf-8 | page=3
[GD] page 3: 24 items
[GD] HTTP 200 | CT=application/json; charset=utf-8 | page=4
[GD] page 4: 24 items
[GD] HTTP 200 | CT=application/json; charset=utf-8 | page=5
[GD] page 5: 24 items
[GD] total raw items before normalize: 120; unique kept: 105
[GD] normalized rows: 105
[GD] blocked by specialty/diesel filter: 95; passing: 10
[Proxibid] parsed 30 rows across 1 page(s)
[Renebates] found 53 events on index
[Renebates] event: CITY OF GRAND PRAIRIE LIVE ABANDONED & IMPOUNDED VEHICLE AUCTION secs=None
[Renebates] event: City Of Keller, Texas secs=25715
[Renebates] City Of Keller, Texas -> 60 lots via https://renebates.com/a_list_2.php?id=222&cat=all
[DEBUG] collected 35 listings from all sites (after filter)
[GD] HTTP 200 | CT=application/json; charset=utf-8 | page=1
[GD] page 1: 24 items
[GD] HTTP 200 | CT=application/json; charset=utf-8 | page=2
[GD] page 2: 24 items
[GD] HTTP 200 | CT=application/json; charset=utf-8 | page=3
[GD] page 3: 24 items
[GD] HTTP 200 | CT=application/json; charset=utf-8 | page=4
[GD] page 4: 24 items
[GD] HTTP 200 | CT=application/json; charset=utf-8 | page=5
[GD] page 5: 24 items
[GD] total raw items before normalize: 120; unique kept: 105
[GD] normalized rows: 105
[GD] blocked by specialty/diesel filter: 95; passing: 10
[Proxibid] parsed 30 rows across 1 page(s)
[Renebates] found 53 events on index
[Renebates] event: CITY OF GRAND PRAIRIE LIVE ABANDONED & IMPOUNDED VEHICLE AUCTION secs=None
[Renebates] event: City Of Keller, Texas secs=25062
[Renebates] City Of Keller, Texas -> 60 lots via https://renebates.com/a_list_2.php?id=222&cat=all
[DEBUG] collected 35 listings from all sites (after filter)
[GD] HTTP 200 | CT=application/json; charset=utf-8 | page=1
[GD] page 1: 24 items
[GD] HTTP 200 | CT=application/json; charset=utf-8 | page=2
[GD] page 2: 24 items
[GD] HTTP 200 | CT=application/json; charset=utf-8 | page=3
[GD] page 3: 24 items
[GD] HTTP 200 | CT=application/json; charset=utf-8 | page=4
[GD] page 4: 24 items
[GD] HTTP 200 | CT=application/json; charset=utf-8 | page=5
[GD] page 5: 24 items
[GD] total raw items before normalize: 120; unique kept: 105
[GD] normalized rows: 105
[GD] blocked by specialty/diesel filter: 95; passing: 10
[Proxibid] parsed 30 rows across 1 page(s)
[Renebates] found 53 events on index
[Renebates] event: CITY OF GRAND PRAIRIE LIVE ABANDONED & IMPOUNDED VEHICLE AUCTION secs=None
[Renebates] event: City Of Keller, Texas secs=24408
[Renebates] City Of Keller, Texas -> 60 lots via https://renebates.com/a_list_2.php?id=222&cat=all
[DEBUG] collected 35 listings from all sites (after filter)
[GD] HTTP 200 | CT=application/json; charset=utf-8 | page=1
[GD] page 1: 24 items
[GD] HTTP 200 | CT=application/json; charset=utf-8 | page=2
[GD] page 2: 24 items
[GD] HTTP 200 | CT=application/json; charset=utf-8 | page=3
[GD] page 3: 24 items
[GD] HTTP 200 | CT=application/json; charset=utf-8 | page=4
[GD] page 4: 24 items
[GD] HTTP 200 | CT=application/json; charset=utf-8 | page=5
[GD] page 5: 24 items
[GD] total raw items before normalize: 120; unique kept: 105
[GD] normalized rows: 105
[GD] blocked by specialty/diesel filter: 95; passing: 10
[Proxibid] parsed 30 rows across 1 page(s)
[Renebates] found 53 events on index
[Renebates] event: CITY OF GRAND PRAIRIE LIVE ABANDONED & IMPOUNDED VEHICLE AUCTION secs=None
[Renebates] event: City Of Keller, Texas secs=23761
[Renebates] City Of Keller, Texas -> 60 lots via https://renebates.com/a_list_2.php?id=222&cat=all
[DEBUG] collected 35 listings from all sites (after filter)
[GD] HTTP 200 | CT=application/json; charset=utf-8 | page=1
[GD] page 1: 24 items
[GD] HTTP 200 | CT=application/json; charset=utf-8 | page=2
[GD] page 2: 24 items
[GD] HTTP 200 | CT=application/json; charset=utf-8 | page=3
[GD] page 3: 24 items
[GD] HTTP 200 | CT=application/json; charset=utf-8 | page=4
[GD] page 4: 24 items
[GD] HTTP 200 | CT=application/json; charset=utf-8 | page=5
[GD] page 5: 24 items
[GD] total raw items before normalize: 120; unique kept: 105
[GD] normalized rows: 105
[GD] blocked by specialty/diesel filter: 95; passing: 10
[Proxibid] parsed 30 rows across 1 page(s)
[Renebates] found 53 events on index
[Renebates] event: CITY OF GRAND PRAIRIE LIVE ABANDONED & IMPOUNDED VEHICLE AUCTION secs=None
[Renebates] event: City Of Keller, Texas secs=23110
[Renebates] City Of Keller, Texas -> 60 lots via https://renebates.com/a_list_2.php?id=222&cat=all
[DEBUG] collected 35 listings from all sites (after filter)
[GD] HTTP 200 | CT=application/json; charset=utf-8 | page=1
[GD] page 1: 24 items
[GD] HTTP 200 | CT=application/json; charset=utf-8 | page=2
[GD] page 2: 24 items
[GD] HTTP 200 | CT=application/json; charset=utf-8 | page=3
[GD] page 3: 24 items
[GD] HTTP 200 | CT=application/json; charset=utf-8 | page=4
[GD] page 4: 24 items
[GD] HTTP 200 | CT=application/json; charset=utf-8 | page=5
[GD] page 5: 24 items
[GD] total raw items before normalize: 120; unique kept: 105
[GD] normalized rows: 105
[GD] blocked by specialty/diesel filter: 95; passing: 10
[Proxibid] parsed 30 rows across 1 page(s)
[Renebates] found 53 events on index
[Renebates] event: CITY OF GRAND PRAIRIE LIVE ABANDONED & IMPOUNDED VEHICLE AUCTION secs=None
[Renebates] event: City Of Keller, Texas secs=22454
[Renebates] City Of Keller, Texas -> 60 lots via https://renebates.com/a_list_2.php?id=222&cat=all
[DEBUG] collected 35 listings from all sites (after filter)
[GD] HTTP 200 | CT=application/json; charset=utf-8 | page=1
[GD] page 1: 24 items
[GD] HTTP 200 | CT=application/json; charset=utf-8 | page=2
[GD] page 2: 24 items
[GD] HTTP 200 | CT=application/json; charset=utf-8 | page=3
[GD] page 3: 24 items
[GD] HTTP 200 | CT=application/json; charset=utf-8 | page=4
[GD] page 4: 24 items
[GD] HTTP 200 | CT=application/json; charset=utf-8 | page=5
[GD] page 5: 24 items
[GD] total raw items before normalize: 120; unique kept: 105
[GD] normalized rows: 105
[GD] blocked by specialty/diesel filter: 95; passing: 10
[Proxibid] parsed 30 rows across 1 page(s)
[Renebates] found 53 events on index
[Renebates] event: CITY OF GRAND PRAIRIE LIVE ABANDONED & IMPOUNDED VEHICLE AUCTION secs=None
[Renebates] event: City Of Keller, Texas secs=21806
[Renebates] City Of Keller, Texas -> 60 lots via https://renebates.com/a_list_2.php?id=222&cat=all
[DEBUG] collected 35 listings from all sites (after filter)
[GD] HTTP 200 | CT=application/json; charset=utf-8 | page=1
[GD] page 1: 24 items
[GD] HTTP 200 | CT=application/json; charset=utf-8 | page=2
[GD] page 2: 24 items
[GD] HTTP 200 | CT=application/json; charset=utf-8 | page=3
[GD] page 3: 24 items
[GD] HTTP 200 | CT=application/json; charset=utf-8 | page=4
[GD] page 4: 24 items
[GD] HTTP 200 | CT=application/json; charset=utf-8 | page=5
[GD] page 5: 24 items
[GD] total raw items before normalize: 120; unique kept: 105
[GD] normalized rows: 105
[GD] blocked by specialty/diesel filter: 95; passing: 10
[Proxibid] parsed 30 rows across 1 page(s)
[Renebates] found 53 events on index
[Renebates] event: CITY OF GRAND PRAIRIE LIVE ABANDONED & IMPOUNDED VEHICLE AUCTION secs=None
[Renebates] event: City Of Keller, Texas secs=21155
[Renebates] City Of Keller, Texas -> 60 lots via https://renebates.com/a_list_2.php?id=222&cat=all
[DEBUG] collected 35 listings from all sites (after filter)
[GD] HTTP 200 | CT=application/json; charset=utf-8 | page=1
[GD] page 1: 24 items
[GD] HTTP 200 | CT=application/json; charset=utf-8 | page=2
[GD] page 2: 24 items
[GD] HTTP 200 | CT=application/json; charset=utf-8 | page=3
[GD] page 3: 24 items
[GD] HTTP 200 | CT=application/json; charset=utf-8 | page=4
[GD] page 4: 24 items
[GD] HTTP 200 | CT=application/json; charset=utf-8 | page=5
[GD] page 5: 24 items
[GD] total raw items before normalize: 120; unique kept: 105
[GD] normalized rows: 105
[GD] blocked by specialty/diesel filter: 95; passing: 10
[Proxibid] parsed 30 rows across 1 page(s)
[Renebates] found 53 events on index
[Renebates] event: CITY OF GRAND PRAIRIE LIVE ABANDONED & IMPOUNDED VEHICLE AUCTION secs=None
[Renebates] event: City Of Keller, Texas secs=20502
[Renebates] City Of Keller, Texas -> 60 lots via https://renebates.com/a_list_2.php?id=222&cat=all
[DEBUG] collected 35 listings from all sites (after filter)
[GD] HTTP 200 | CT=application/json; charset=utf-8 | page=1
[GD] page 1: 24 items
[GD] HTTP 200 | CT=application/json; charset=utf-8 | page=2
[GD] page 2: 24 items
[GD] HTTP 200 | CT=application/json; charset=utf-8 | page=3
[GD] page 3: 24 items
[GD] HTTP 200 | CT=application/json; charset=utf-8 | page=4
[GD] page 4: 24 items
[GD] HTTP 200 | CT=application/json; charset=utf-8 | page=5
[GD] page 5: 24 items
[GD] total raw items before normalize: 120; unique kept: 105
[GD] normalized rows: 105
[GD] blocked by specialty/diesel filter: 95; passing: 10
[Proxibid] parsed 30 rows across 1 page(s)
[Renebates] found 53 events on index
[Renebates] event: CITY OF GRAND PRAIRIE LIVE ABANDONED & IMPOUNDED VEHICLE AUCTION secs=None
[Renebates] event: City Of Keller, Texas secs=19852
[Renebates] City Of Keller, Texas -> 60 lots via https://renebates.com/a_list_2.php?id=222&cat=all
[DEBUG] collected 35 listings from all sites (after filter)
[GD] HTTP 200 | CT=application/json; charset=utf-8 | page=1
[GD] page 1: 24 items
[GD] HTTP 200 | CT=application/json; charset=utf-8 | page=2
[GD] page 2: 24 items
[GD] HTTP 200 | CT=application/json; charset=utf-8 | page=3
[GD] page 3: 24 items
[GD] HTTP 200 | CT=application/json; charset=utf-8 | page=4
[GD] page 4: 24 items
[GD] HTTP 200 | CT=application/json; charset=utf-8 | page=5
[GD] page 5: 24 items
[GD] total raw items before normalize: 120; unique kept: 105
[GD] normalized rows: 105
[GD] blocked by specialty/diesel filter: 95; passing: 10
[Proxibid] parsed 30 rows across 1 page(s)
[Renebates] found 53 events on index
[Renebates] event: CITY OF GRAND PRAIRIE LIVE ABANDONED & IMPOUNDED VEHICLE AUCTION secs=None
[Renebates] event: City Of Keller, Texas secs=19210
[Renebates] City Of Keller, Texas -> 60 lots via https://renebates.com/a_list_2.php?id=222&cat=all
[DEBUG] collected 35 listings from all sites (after filter)
[GD] HTTP 200 | CT=application/json; charset=utf-8 | page=1
[GD] page 1: 24 items
[GD] HTTP 200 | CT=application/json; charset=utf-8 | page=2
[GD] page 2: 24 items
[GD] HTTP 200 | CT=application/json; charset=utf-8 | page=3
[GD] page 3: 24 items
[GD] HTTP 200 | CT=application/json; charset=utf-8 | page=4
[GD] page 4: 24 items
[GD] HTTP 200 | CT=application/json; charset=utf-8 | page=5
[GD] page 5: 24 items
[GD] total raw items before normalize: 120; unique kept: 105
[GD] normalized rows: 105
[GD] blocked by specialty/diesel filter: 95; passing: 10
[Proxibid] parsed 30 rows across 1 page(s)
[Renebates] found 53 events on index
[Renebates] event: CITY OF GRAND PRAIRIE LIVE ABANDONED & IMPOUNDED VEHICLE AUCTION secs=None
[Renebates] event: City Of Keller, Texas secs=18567
[Renebates] City Of Keller, Texas -> 60 lots via https://renebates.com/a_list_2.php?id=222&cat=all
[DEBUG] collected 35 listings from all sites (after filter)
[GD] HTTP 200 | CT=application/json; charset=utf-8 | page=1
[GD] page 1: 24 items
[GD] HTTP 200 | CT=application/json; charset=utf-8 | page=2
[GD] page 2: 24 items
[GD] HTTP 200 | CT=application/json; charset=utf-8 | page=3
[GD] page 3: 24 items
[GD] HTTP 200 | CT=application/json; charset=utf-8 | page=4
[GD] page 4: 24 items
[GD] HTTP 200 | CT=application/json; charset=utf-8 | page=5
[GD] page 5: 24 items
[GD] total raw items before normalize: 120; unique kept: 105
[GD] normalized rows: 105
[GD] blocked by specialty/diesel filter: 95; passing: 10
[Proxibid] parsed 30 rows across 1 page(s)
[Renebates] found 53 events on index
[Renebates] event: CITY OF GRAND PRAIRIE LIVE ABANDONED & IMPOUNDED VEHICLE AUCTION secs=None
[Renebates] event: City Of Keller, Texas secs=17909
[Renebates] City Of Keller, Texas -> 60 lots via https://renebates.com/a_list_2.php?id=222&cat=all
[DEBUG] collected 35 listings from all sites (after filter)
[GD] HTTP 200 | CT=application/json; charset=utf-8 | page=1
[GD] page 1: 24 items
[GD] HTTP 200 | CT=application/json; charset=utf-8 | page=2
[GD] page 2: 24 items
[GD] HTTP 200 | CT=application/json; charset=utf-8 | page=3
[GD] page 3: 24 items
[GD] HTTP 200 | CT=application/json; charset=utf-8 | page=4
[GD] page 4: 24 items
[GD] HTTP 200 | CT=application/json; charset=utf-8 | page=5
[GD] page 5: 24 items
[GD] total raw items before normalize: 120; unique kept: 105
[GD] normalized rows: 105
[GD] blocked by specialty/diesel filter: 95; passing: 10
[Proxibid] parsed 30 rows across 1 page(s)
[Renebates] found 53 events on index
[Renebates] event: CITY OF GRAND PRAIRIE LIVE ABANDONED & IMPOUNDED VEHICLE AUCTION secs=None
[Renebates] event: City Of Keller, Texas secs=17250
[Renebates] City Of Keller, Texas -> 60 lots via https://renebates.com/a_list_2.php?id=222&cat=all
[DEBUG] collected 35 listings from all sites (after filter)
[GD] HTTP 200 | CT=application/json; charset=utf-8 | page=1
[GD] page 1: 24 items
[GD] HTTP 200 | CT=application/json; charset=utf-8 | page=2
[GD] page 2: 24 items
[GD] HTTP 200 | CT=application/json; charset=utf-8 | page=3
[GD] page 3: 24 items
[GD] HTTP 200 | CT=application/json; charset=utf-8 | page=4
[GD] page 4: 24 items
[GD] HTTP 200 | CT=application/json; charset=utf-8 | page=5
[GD] page 5: 24 items
[GD] total raw items before normalize: 120; unique kept: 105
[GD] normalized rows: 105
[GD] blocked by specialty/diesel filter: 95; passing: 10
[Proxibid] parsed 30 rows across 1 page(s)
[Renebates] found 53 events on index
[Renebates] event: CITY OF GRAND PRAIRIE LIVE ABANDONED & IMPOUNDED VEHICLE AUCTION secs=None
[Renebates] event: City Of Keller, Texas secs=16606
[Renebates] City Of Keller, Texas -> 60 lots via https://renebates.com/a_list_2.php?id=222&cat=all
[DEBUG] collected 35 listings from all sites (after filter)
[GD] HTTP 200 | CT=application/json; charset=utf-8 | page=1
[GD] page 1: 24 items
[GD] HTTP 200 | CT=application/json; charset=utf-8 | page=2
[GD] page 2: 24 items
[GD] HTTP 200 | CT=application/json; charset=utf-8 | page=3
[GD] page 3: 24 items
[GD] HTTP 200 | CT=application/json; charset=utf-8 | page=4
[GD] page 4: 24 items
[GD] HTTP 200 | CT=application/json; charset=utf-8 | page=5
[GD] page 5: 24 items
[GD] total raw items before normalize: 120; unique kept: 105
[GD] normalized rows: 105
[GD] blocked by specialty/diesel filter: 95; passing: 10
[Proxibid] parsed 30 rows across 1 page(s)
[Renebates] found 53 events on index
[Renebates] event: CITY OF GRAND PRAIRIE LIVE ABANDONED & IMPOUNDED VEHICLE AUCTION secs=None
[Renebates] event: City Of Keller, Texas secs=15957
[Renebates] City Of Keller, Texas -> 60 lots via https://renebates.com/a_list_2.php?id=222&cat=all
[DEBUG] collected 35 listings from all sites (after filter)
[GD] HTTP 200 | CT=application/json; charset=utf-8 | page=1
[GD] page 1: 24 items
[GD] HTTP 200 | CT=application/json; charset=utf-8 | page=2
[GD] page 2: 24 items
[GD] HTTP 200 | CT=application/json; charset=utf-8 | page=3
[GD] page 3: 24 items
[GD] HTTP 200 | CT=application/json; charset=utf-8 | page=4
[GD] page 4: 24 items
[GD] HTTP 200 | CT=application/json; charset=utf-8 | page=5
[GD] page 5: 24 items
[GD] total raw items before normalize: 120; unique kept: 105
[GD] normalized rows: 105
[GD] blocked by specialty/diesel filter: 95; passing: 10
[Proxibid] parsed 30 rows across 1 page(s)
[Renebates] found 53 events on index
[Renebates] event: CITY OF GRAND PRAIRIE LIVE ABANDONED & IMPOUNDED VEHICLE AUCTION secs=None
[Renebates] event: City Of Keller, Texas secs=15314
[Renebates] City Of Keller, Texas -> 60 lots via https://renebates.com/a_list_2.php?id=222&cat=all
[DEBUG] collected 35 listings from all sites (after filter)
[GD] HTTP 200 | CT=application/json; charset=utf-8 | page=1
[GD] page 1: 24 items
[GD] HTTP 200 | CT=application/json; charset=utf-8 | page=2
[GD] page 2: 24 items
[GD] HTTP 200 | CT=application/json; charset=utf-8 | page=3
[GD] page 3: 24 items
[GD] HTTP 200 | CT=application/json; charset=utf-8 | page=4
[GD] page 4: 24 items
[GD] HTTP 200 | CT=application/json; charset=utf-8 | page=5
[GD] page 5: 24 items
[GD] total raw items before normalize: 120; unique kept: 105
[GD] normalized rows: 105
[GD] blocked by specialty/diesel filter: 95; passing: 10
[Proxibid] parsed 30 rows across 1 page(s)
[Renebates] found 53 events on index
[Renebates] event: CITY OF GRAND PRAIRIE LIVE ABANDONED & IMPOUNDED VEHICLE AUCTION secs=None
[Renebates] event: City Of Keller, Texas secs=14667
[Renebates] City Of Keller, Texas -> 60 lots via https://renebates.com/a_list_2.php?id=222&cat=all
[DEBUG] collected 35 listings from all sites (after filter)
[GD] HTTP 200 | CT=application/json; charset=utf-8 | page=1
[GD] page 1: 24 items
[GD] HTTP 200 | CT=application/json; charset=utf-8 | page=2
[GD] page 2: 24 items
[GD] HTTP 200 | CT=application/json; charset=utf-8 | page=3
[GD] page 3: 24 items
[GD] HTTP 200 | CT=application/json; charset=utf-8 | page=4
[GD] page 4: 24 items
[GD] HTTP 200 | CT=application/json; charset=utf-8 | page=5
[GD] page 5: 24 items
[GD] total raw items before normalize: 120; unique kept: 105
[GD] normalized rows: 105
[GD] blocked by specialty/diesel filter: 95; passing: 10
[Proxibid] parsed 30 rows across 1 page(s)
[Renebates] found 53 events on index
[Renebates] event: CITY OF GRAND PRAIRIE LIVE ABANDONED & IMPOUNDED VEHICLE AUCTION secs=None
[Renebates] event: City Of Keller, Texas secs=14015
[Renebates] City Of Keller, Texas -> 60 lots via https://renebates.com/a_list_2.php?id=222&cat=all
[DEBUG] collected 35 listings from all sites (after filter)
[GD] HTTP 200 | CT=application/json; charset=utf-8 | page=1
[GD] page 1: 24 items
[GD] HTTP 200 | CT=application/json; charset=utf-8 | page=2
[GD] page 2: 24 items
[GD] HTTP 200 | CT=application/json; charset=utf-8 | page=3
[GD] page 3: 24 items
[GD] HTTP 200 | CT=application/json; charset=utf-8 | page=4
[GD] page 4: 24 items
[GD] HTTP 200 | CT=application/json; charset=utf-8 | page=5
[GD] page 5: 24 items
[GD] total raw items before normalize: 120; unique kept: 105
[GD] normalized rows: 105
[GD] blocked by specialty/diesel filter: 95; passing: 10
[Proxibid] parsed 30 rows across 1 page(s)
[Renebates] found 53 events on index
[Renebates] event: CITY OF GRAND PRAIRIE LIVE ABANDONED & IMPOUNDED VEHICLE AUCTION secs=None
[Renebates] event: City Of Keller, Texas secs=13360
[Renebates] City Of Keller, Texas -> 60 lots via https://renebates.com/a_list_2.php?id=222&cat=all
[DEBUG] collected 35 listings from all sites (after filter)
[GD] HTTP 200 | CT=application/json; charset=utf-8 | page=1
[GD] page 1: 24 items
[GD] HTTP 200 | CT=application/json; charset=utf-8 | page=2
[GD] page 2: 24 items
[GD] HTTP 200 | CT=application/json; charset=utf-8 | page=3
[GD] page 3: 24 items
[GD] HTTP 200 | CT=application/json; charset=utf-8 | page=4
[GD] page 4: 24 items
[GD] HTTP 200 | CT=application/json; charset=utf-8 | page=5
[GD] page 5: 24 items
[GD] total raw items before normalize: 120; unique kept: 105
[GD] normalized rows: 105
[GD] blocked by specialty/diesel filter: 95; passing: 10
[Proxibid] parsed 30 rows across 1 page(s)
[Renebates] found 53 events on index
[Renebates] event: CITY OF GRAND PRAIRIE LIVE ABANDONED & IMPOUNDED VEHICLE AUCTION secs=None
[Renebates] event: City Of Keller, Texas secs=12716
[Renebates] City Of Keller, Texas -> 60 lots via https://renebates.com/a_list_2.php?id=222&cat=all
[DEBUG] collected 35 listings from all sites (after filter)
[GD] HTTP 200 | CT=application/json; charset=utf-8 | page=1
[GD] page 1: 24 items
[GD] HTTP 200 | CT=application/json; charset=utf-8 | page=2
[GD] page 2: 24 items
[GD] HTTP 200 | CT=application/json; charset=utf-8 | page=3
[GD] page 3: 24 items
[GD] HTTP 200 | CT=application/json; charset=utf-8 | page=4
[GD] page 4: 24 items
[GD] HTTP 200 | CT=application/json; charset=utf-8 | page=5
[GD] page 5: 24 items
[GD] total raw items before normalize: 120; unique kept: 106
[GD] normalized rows: 106
[GD] blocked by specialty/diesel filter: 96; passing: 10
[Proxibid] parsed 30 rows across 1 page(s)
[Renebates] found 53 events on index
[Renebates] event: CITY OF GRAND PRAIRIE LIVE ABANDONED & IMPOUNDED VEHICLE AUCTION secs=None
[Renebates] event: City Of Keller, Texas secs=12068
[Renebates] City Of Keller, Texas -> 60 lots via https://renebates.com/a_list_2.php?id=222&cat=all
[DEBUG] collected 35 listings from all sites (after filter)
[GD] HTTP 200 | CT=application/json; charset=utf-8 | page=1
[GD] page 1: 24 items
[GD] HTTP 200 | CT=application/json; charset=utf-8 | page=2
[GD] page 2: 24 items
[GD] HTTP 200 | CT=application/json; charset=utf-8 | page=3
[GD] page 3: 24 items
[GD] HTTP 200 | CT=application/json; charset=utf-8 | page=4
[GD] page 4: 24 items
[GD] HTTP 200 | CT=application/json; charset=utf-8 | page=5
[GD] page 5: 24 items
[GD] total raw items before normalize: 120; unique kept: 106
[GD] normalized rows: 106
[GD] blocked by specialty/diesel filter: 96; passing: 10
[Proxibid] parsed 30 rows across 1 page(s)
[Renebates] found 53 events on index
[Renebates] event: CITY OF GRAND PRAIRIE LIVE ABANDONED & IMPOUNDED VEHICLE AUCTION secs=None
[Renebates] event: City Of Keller, Texas secs=11423
[Renebates] City Of Keller, Texas -> 60 lots via https://renebates.com/a_list_2.php?id=222&cat=all
[DEBUG] collected 35 listings from all sites (after filter)
[GD] HTTP 200 | CT=application/json; charset=utf-8 | page=1
[GD] page 1: 24 items
[GD] HTTP 200 | CT=application/json; charset=utf-8 | page=2
[GD] page 2: 24 items
[GD] HTTP 200 | CT=application/json; charset=utf-8 | page=3
[GD] page 3: 24 items
[GD] HTTP 200 | CT=application/json; charset=utf-8 | page=4
[GD] page 4: 24 items
[GD] HTTP 200 | CT=application/json; charset=utf-8 | page=5
[GD] page 5: 24 items
[GD] total raw items before normalize: 120; unique kept: 106
[GD] normalized rows: 106
[GD] blocked by specialty/diesel filter: 96; passing: 10
[Proxibid] parsed 30 rows across 1 page(s)
[Renebates] found 53 events on index
[Renebates] event: CITY OF GRAND PRAIRIE LIVE ABANDONED & IMPOUNDED VEHICLE AUCTION secs=None
[Renebates] event: City Of Keller, Texas secs=10776
[Renebates] City Of Keller, Texas -> 60 lots via https://renebates.com/a_list_2.php?id=222&cat=all
[DEBUG] collected 36 listings from all sites (after filter)
❌ Digest SMS failed: HTTP 401 error: Unable to create record: Authenticate
📬 Daily digest SMS sent.
[GD] HTTP 200 | CT=application/json; charset=utf-8 | page=1
[GD] page 1: 24 items
[GD] HTTP 200 | CT=application/json; charset=utf-8 | page=2
[GD] page 2: 24 items
[GD] HTTP 200 | CT=application/json; charset=utf-8 | page=3
[GD] page 3: 24 items
[GD] HTTP 200 | CT=application/json; charset=utf-8 | page=4
[GD] page 4: 24 items
[GD] HTTP 200 | CT=application/json; charset=utf-8 | page=5
[GD] page 5: 24 items
[GD] total raw items before normalize: 120; unique kept: 106
[GD] normalized rows: 106
[GD] blocked by specialty/diesel filter: 96; passing: 10
[Proxibid] parsed 30 rows across 1 page(s)
[Renebates] found 53 events on index
[Renebates] event: CITY OF GRAND PRAIRIE LIVE ABANDONED & IMPOUNDED VEHICLE AUCTION secs=None
[Renebates] event: City Of Keller, Texas secs=10127
[Renebates] City Of Keller, Texas -> 60 lots via https://renebates.com/a_list_2.php?id=222&cat=all
[DEBUG] collected 40 listings from all sites (after filter)
[GD] HTTP 200 | CT=application/json; charset=utf-8 | page=1
[GD] page 1: 24 items
[GD] HTTP 200 | CT=application/json; charset=utf-8 | page=2
[GD] page 2: 24 items
[GD] HTTP 200 | CT=application/json; charset=utf-8 | page=3
[GD] page 3: 24 items
[GD] HTTP 200 | CT=application/json; charset=utf-8 | page=4
[GD] page 4: 24 items
[GD] HTTP 200 | CT=application/json; charset=utf-8 | page=5
[GD] page 5: 24 items
[GD] total raw items before normalize: 120; unique kept: 106
[GD] normalized rows: 106
[GD] blocked by specialty/diesel filter: 96; passing: 10
[Proxibid] parsed 30 rows across 1 page(s)
[Renebates] found 53 events on index
[Renebates] event: CITY OF GRAND PRAIRIE LIVE ABANDONED & IMPOUNDED VEHICLE AUCTION secs=None
[Renebates] event: City Of Keller, Texas secs=9475
[Renebates] City Of Keller, Texas -> 60 lots via https://renebates.com/a_list_2.php?id=222&cat=all
[DEBUG] collected 40 listings from all sites (after filter)
[GD] HTTP 200 | CT=application/json; charset=utf-8 | page=1
[GD] page 1: 24 items
[GD] HTTP 200 | CT=application/json; charset=utf-8 | page=2
[GD] page 2: 24 items
[GD] HTTP 200 | CT=application/json; charset=utf-8 | page=3
[GD] page 3: 24 items
[GD] HTTP 200 | CT=application/json; charset=utf-8 | page=4
[GD] page 4: 24 items
[GD] HTTP 200 | CT=application/json; charset=utf-8 | page=5
[GD] page 5: 24 items
[GD] total raw items before normalize: 120; unique kept: 106
[GD] normalized rows: 106
[GD] blocked by specialty/diesel filter: 96; passing: 10
[Proxibid] parsed 30 rows across 1 page(s)
[Renebates] found 53 events on index
[Renebates] event: CITY OF GRAND PRAIRIE LIVE ABANDONED & IMPOUNDED VEHICLE AUCTION secs=None
[Renebates] event: City Of Keller, Texas secs=8815
[Renebates] City Of Keller, Texas -> 60 lots via https://renebates.com/a_list_2.php?id=222&cat=all
[DEBUG] collected 40 listings from all sites (after filter)
[GD] HTTP 200 | CT=application/json; charset=utf-8 | page=1
[GD] page 1: 24 items
[GD] HTTP 200 | CT=application/json; charset=utf-8 | page=2
[GD] page 2: 24 items
[GD] HTTP 200 | CT=application/json; charset=utf-8 | page=3
[GD] page 3: 24 items
[GD] HTTP 200 | CT=application/json; charset=utf-8 | page=4
[GD] page 4: 24 items
[GD] HTTP 200 | CT=application/json; charset=utf-8 | page=5
[GD] page 5: 24 items
[GD] total raw items before normalize: 120; unique kept: 106
[GD] normalized rows: 106
[GD] blocked by specialty/diesel filter: 96; passing: 10
[Proxibid] parsed 30 rows across 1 page(s)
[Renebates] found 53 events on index
[Renebates] event: CITY OF GRAND PRAIRIE LIVE ABANDONED & IMPOUNDED VEHICLE AUCTION secs=None
[Renebates] event: City Of Keller, Texas secs=8159
[Renebates] City Of Keller, Texas -> 60 lots via https://renebates.com/a_list_2.php?id=222&cat=all
[DEBUG] collected 40 listings from all sites (after filter)
[GD] HTTP 200 | CT=application/json; charset=utf-8 | page=1
[GD] page 1: 24 items
[GD] HTTP 200 | CT=application/json; charset=utf-8 | page=2
[GD] page 2: 24 items
[GD] HTTP 200 | CT=application/json; charset=utf-8 | page=3
[GD] page 3: 24 items
[GD] HTTP 200 | CT=application/json; charset=utf-8 | page=4
[GD] page 4: 24 items
[GD] HTTP 200 | CT=application/json; charset=utf-8 | page=5
[GD] page 5: 24 items
[GD] total raw items before normalize: 120; unique kept: 106
[GD] normalized rows: 106
[GD] blocked by specialty/diesel filter: 96; passing: 10
[Proxibid] parsed 30 rows across 1 page(s)
[Renebates] found 53 events on index
[Renebates] event: CITY OF GRAND PRAIRIE LIVE ABANDONED & IMPOUNDED VEHICLE AUCTION secs=None
[Renebates] event: City Of Keller, Texas secs=7506
[Renebates] City Of Keller, Texas -> 60 lots via https://renebates.com/a_list_2.php?id=222&cat=all
[DEBUG] collected 40 listings from all sites (after filter)
[GD] HTTP 200 | CT=application/json; charset=utf-8 | page=1
[GD] page 1: 24 items
[GD] HTTP 200 | CT=application/json; charset=utf-8 | page=2
[GD] page 2: 24 items
[GD] HTTP 200 | CT=application/json; charset=utf-8 | page=3
[GD] page 3: 24 items
[GD] HTTP 200 | CT=application/json; charset=utf-8 | page=4
[GD] page 4: 24 items
[GD] HTTP 200 | CT=application/json; charset=utf-8 | page=5
[GD] page 5: 24 items
[GD] total raw items before normalize: 120; unique kept: 106
[GD] normalized rows: 106
[GD] blocked by specialty/diesel filter: 96; passing: 10
[Proxibid] parsed 30 rows across 1 page(s)
[Renebates] found 54 events on index
[Renebates] event: CITY OF GRAND PRAIRIE LIVE ABANDONED & IMPOUNDED VEHICLE AUCTION secs=None
[Renebates] event: City Of Keller, Texas secs=6855
[Renebates] City Of Keller, Texas -> 60 lots via https://renebates.com/a_list_2.php?id=222&cat=all
[DEBUG] collected 40 listings from all sites (after filter)
[GD] HTTP 200 | CT=application/json; charset=utf-8 | page=1
[GD] page 1: 24 items
[GD] HTTP 200 | CT=application/json; charset=utf-8 | page=2
[GD] page 2: 24 items
[GD] HTTP 200 | CT=application/json; charset=utf-8 | page=3
[GD] page 3: 24 items
[GD] HTTP 200 | CT=application/json; charset=utf-8 | page=4
[GD] page 4: 24 items
[GD] HTTP 200 | CT=application/json; charset=utf-8 | page=5
[GD] page 5: 24 items
[GD] total raw items before normalize: 120; unique kept: 106
[GD] normalized rows: 106
[GD] blocked by specialty/diesel filter: 95; passing: 11
[Proxibid] parsed 30 rows across 1 page(s)
[Renebates] found 54 events on index
[Renebates] event: CITY OF GRAND PRAIRIE LIVE ABANDONED & IMPOUNDED VEHICLE AUCTION secs=None
[Renebates] event: City Of Keller, Texas secs=6209
[Renebates] City Of Keller, Texas -> 60 lots via https://renebates.com/a_list_2.php?id=222&cat=all
[DEBUG] collected 41 listings from all sites (after filter)
[GD] HTTP 200 | CT=application/json; charset=utf-8 | page=1
[GD] page 1: 24 items
[GD] HTTP 200 | CT=application/json; charset=utf-8 | page=2
[GD] page 2: 24 items
[GD] HTTP 200 | CT=application/json; charset=utf-8 | page=3
[GD] page 3: 24 items
[GD] HTTP 200 | CT=application/json; charset=utf-8 | page=4
[GD] page 4: 24 items
[GD] HTTP 200 | CT=application/json; charset=utf-8 | page=5
[GD] page 5: 24 items
[GD] total raw items before normalize: 120; unique kept: 106
[GD] normalized rows: 106
[GD] blocked by specialty/diesel filter: 95; passing: 11
[Proxibid] parsed 30 rows across 1 page(s)
[Renebates] found 54 events on index
[Renebates] event: CITY OF GRAND PRAIRIE LIVE ABANDONED & IMPOUNDED VEHICLE AUCTION secs=None
[Renebates] event: City Of Keller, Texas secs=5558
[Renebates] City Of Keller, Texas -> 60 lots via https://renebates.com/a_list_2.php?id=222&cat=all
[DEBUG] collected 41 listings from all sites (after filter)
[GD] HTTP 200 | CT=application/json; charset=utf-8 | page=1
[GD] page 1: 24 items
[GD] HTTP 200 | CT=application/json; charset=utf-8 | page=2
[GD] page 2: 24 items
[GD] HTTP 200 | CT=application/json; charset=utf-8 | page=3
[GD] page 3: 24 items
[GD] HTTP 200 | CT=application/json; charset=utf-8 | page=4
[GD] page 4: 24 items
[GD] HTTP 200 | CT=application/json; charset=utf-8 | page=5
[GD] page 5: 24 items
[GD] total raw items before normalize: 120; unique kept: 106
[GD] normalized rows: 106
[GD] blocked by specialty/diesel filter: 95; passing: 11
[Proxibid] parsed 30 rows across 1 page(s)
[Renebates] found 54 events on index
[Renebates] event: CITY OF GRAND PRAIRIE LIVE ABANDONED & IMPOUNDED VEHICLE AUCTION secs=None
[Renebates] event: City Of Keller, Texas secs=4903
[Renebates] City Of Keller, Texas -> 60 lots via https://renebates.com/a_list_2.php?id=222&cat=all
[DEBUG] collected 41 listings from all sites (after filter)
[GD] HTTP 200 | CT=application/json; charset=utf-8 | page=1
[GD] page 1: 24 items
[GD] HTTP 200 | CT=application/json; charset=utf-8 | page=2
[GD] page 2: 24 items
[GD] HTTP 200 | CT=application/json; charset=utf-8 | page=3
[GD] page 3: 24 items
[GD] HTTP 200 | CT=application/json; charset=utf-8 | page=4
[GD] page 4: 24 items
[GD] HTTP 200 | CT=application/json; charset=utf-8 | page=5
[GD] page 5: 24 items
[GD] total raw items before normalize: 120; unique kept: 106
[GD] normalized rows: 106
[GD] blocked by specialty/diesel filter: 95; passing: 11
[Proxibid] parsed 30 rows across 1 page(s)
[Renebates] found 54 events on index
[Renebates] event: CITY OF GRAND PRAIRIE LIVE ABANDONED & IMPOUNDED VEHICLE AUCTION secs=None
[Renebates] event: City Of Keller, Texas secs=4247
[Renebates] City Of Keller, Texas -> 60 lots via https://renebates.com/a_list_2.php?id=222&cat=all
[DEBUG] collected 41 listings from all sites (after filter)
[GD] HTTP 200 | CT=application/json; charset=utf-8 | page=1
[GD] page 1: 24 items
[GD] HTTP 200 | CT=application/json; charset=utf-8 | page=2
[GD] page 2: 24 items
[GD] HTTP 200 | CT=application/json; charset=utf-8 | page=3
[GD] page 3: 24 items
[GD] HTTP 200 | CT=application/json; charset=utf-8 | page=4
[GD] page 4: 24 items
[GD] HTTP 200 | CT=application/json; charset=utf-8 | page=5
[GD] page 5: 24 items
[GD] total raw items before normalize: 120; unique kept: 106
[GD] normalized rows: 106
[GD] blocked by specialty/diesel filter: 95; passing: 11
[Proxibid] parsed 30 rows across 1 page(s)
[Renebates] found 54 events on index
[Renebates] event: CITY OF GRAND PRAIRIE LIVE ABANDONED & IMPOUNDED VEHICLE AUCTION secs=None
[Renebates] event: City Of Keller, Texas secs=3600
[Renebates] City Of Keller, Texas -> 60 lots via https://renebates.com/a_list_2.php?id=222&cat=all
[DEBUG] collected 41 listings from all sites (after filter)
[GD] HTTP 200 | CT=application/json; charset=utf-8 | page=1
[GD] page 1: 24 items
[GD] HTTP 200 | CT=application/json; charset=utf-8 | page=2
[GD] page 2: 24 items
[GD] HTTP 200 | CT=application/json; charset=utf-8 | page=3
[GD] page 3: 24 items
[GD] HTTP 200 | CT=application/json; charset=utf-8 | page=4
[GD] page 4: 24 items
[GD] HTTP 200 | CT=application/json; charset=utf-8 | page=5
[GD] page 5: 24 items
[GD] total raw items before normalize: 120; unique kept: 106
[GD] normalized rows: 106
[GD] blocked by specialty/diesel filter: 95; passing: 11
[Proxibid] parsed 30 rows across 1 page(s)
[Renebates] found 54 events on index
[Renebates] event: CITY OF GRAND PRAIRIE LIVE ABANDONED & IMPOUNDED VEHICLE AUCTION secs=None
[Renebates] event: City Of Keller, Texas secs=2950
[Renebates] City Of Keller, Texas -> 60 lots via https://renebates.com/a_list_2.php?id=222&cat=all
[DEBUG] collected 41 listings from all sites (after filter)
[GD] HTTP 200 | CT=application/json; charset=utf-8 | page=1
[GD] page 1: 24 items
[GD] HTTP 200 | CT=application/json; charset=utf-8 | page=2
[GD] page 2: 24 items
[GD] HTTP 200 | CT=application/json; charset=utf-8 | page=3
[GD] page 3: 24 items
[GD] HTTP 200 | CT=application/json; charset=utf-8 | page=4
[GD] page 4: 24 items
[GD] HTTP 200 | CT=application/json; charset=utf-8 | page=5
[GD] page 5: 24 items
[GD] total raw items before normalize: 120; unique kept: 106
[GD] normalized rows: 106
[GD] blocked by specialty/diesel filter: 95; passing: 11
[Proxibid] parsed 30 rows across 1 page(s)
[Renebates] found 54 events on index
[Renebates] event: CITY OF GRAND PRAIRIE LIVE ABANDONED & IMPOUNDED VEHICLE AUCTION secs=None
[Renebates] event: City Of Keller, Texas secs=2305
[Renebates] City Of Keller, Texas -> 60 lots via https://renebates.com/a_list_2.php?id=222&cat=all
[DEBUG] collected 41 listings from all sites (after filter)
[GD] HTTP 200 | CT=application/json; charset=utf-8 | page=1
[GD] page 1: 24 items
[GD] HTTP 200 | CT=application/json; charset=utf-8 | page=2
[GD] page 2: 24 items
[GD] HTTP 200 | CT=application/json; charset=utf-8 | page=3
[GD] page 3: 24 items
[GD] HTTP 200 | CT=application/json; charset=utf-8 | page=4
[GD] page 4: 24 items
[GD] HTTP 200 | CT=application/json; charset=utf-8 | page=5
[GD] page 5: 24 items
[GD] total raw items before normalize: 120; unique kept: 106
[GD] normalized rows: 106
[GD] blocked by specialty/diesel filter: 95; passing: 11
[Proxibid] parsed 30 rows across 1 page(s)
[Renebates] found 54 events on index
[Renebates] event: CITY OF GRAND PRAIRIE LIVE ABANDONED & IMPOUNDED VEHICLE AUCTION secs=None
[Renebates] event: City Of Keller, Texas secs=1650
[Renebates] City Of Keller, Texas -> 60 lots via https://renebates.com/a_list_2.php?id=222&cat=all
[DEBUG] collected 41 listings from all sites (after filter)
[GD] HTTP 200 | CT=application/json; charset=utf-8 | page=1
[GD] page 1: 24 items
[GD] HTTP 200 | CT=application/json; charset=utf-8 | page=2
[GD] page 2: 24 items
[GD] HTTP 200 | CT=application/json; charset=utf-8 | page=3
[GD] page 3: 24 items
[GD] HTTP 200 | CT=application/json; charset=utf-8 | page=4
[GD] page 4: 24 items
[GD] HTTP 200 | CT=application/json; charset=utf-8 | page=5
[GD] page 5: 24 items
[GD] total raw items before normalize: 120; unique kept: 105
[GD] normalized rows: 105
[GD] blocked by specialty/diesel filter: 94; passing: 11
[Proxibid] parsed 30 rows across 1 page(s)
[Renebates] found 54 events on index
[Renebates] event: CITY OF GRAND PRAIRIE LIVE ABANDONED & IMPOUNDED VEHICLE AUCTION secs=None
[Renebates] event: City Of Keller, Texas secs=1006
[Renebates] City Of Keller, Texas -> 60 lots via https://renebates.com/a_list_2.php?id=222&cat=all
[DEBUG] collected 41 listings from all sites (after filter)
[GD] HTTP 200 | CT=application/json; charset=utf-8 | page=1
[GD] page 1: 24 items
[GD] HTTP 200 | CT=application/json; charset=utf-8 | page=2
[GD] page 2: 24 items
[GD] HTTP 200 | CT=application/json; charset=utf-8 | page=3
[GD] page 3: 24 items
[GD] HTTP 200 | CT=application/json; charset=utf-8 | page=4
[GD] page 4: 24 items
[GD] HTTP 200 | CT=application/json; charset=utf-8 | page=5
[GD] page 5: 24 items
[GD] total raw items before normalize: 120; unique kept: 106
[GD] normalized rows: 106
[GD] blocked by specialty/diesel filter: 95; passing: 11
[Proxibid] parsed 30 rows across 1 page(s)
[Renebates] found 54 events on index
[Renebates] event: CITY OF GRAND PRAIRIE LIVE ABANDONED & IMPOUNDED VEHICLE AUCTION secs=None
[Renebates] event: City Of Keller, Texas secs=361
[Renebates] City Of Keller, Texas -> 60 lots via https://renebates.com/a_list_2.php?id=222&cat=all
[DEBUG] collected 41 listings from all sites (after filter)
[GD] HTTP 200 | CT=application/json; charset=utf-8 | page=1
[GD] page 1: 24 items
[GD] HTTP 200 | CT=application/json; charset=utf-8 | page=2
[GD] page 2: 24 items
[GD] HTTP 200 | CT=application/json; charset=utf-8 | page=3
[GD] page 3: 24 items
[GD] HTTP 200 | CT=application/json; charset=utf-8 | page=4
[GD] page 4: 24 items
[GD] HTTP 200 | CT=application/json; charset=utf-8 | page=5
[GD] page 5: 24 items
[GD] total raw items before normalize: 120; unique kept: 105
[GD] normalized rows: 105
[GD] blocked by specialty/diesel filter: 95; passing: 10
[Proxibid] parsed 30 rows across 1 page(s)
[Renebates] found 54 events on index
[Renebates] event: CITY OF GRAND PRAIRIE LIVE ABANDONED & IMPOUNDED VEHICLE AUCTION secs=None
[Renebates] event: City Of Keller, Texas secs=0
[Renebates] City Of Keller, Texas -> 57 lots via https://renebates.com/a_list_2.php?id=222&cat=all
[DEBUG] collected 41 listings from all sites (after filter)
[GD] HTTP 200 | CT=application/json; charset=utf-8 | page=1
[GD] page 1: 24 items
[GD] HTTP 200 | CT=application/json; charset=utf-8 | page=2
[GD] page 2: 24 items
[GD] HTTP 200 | CT=application/json; charset=utf-8 | page=3
[GD] page 3: 24 items
[GD] HTTP 200 | CT=application/json; charset=utf-8 | page=4
[GD] page 4: 24 items
[GD] HTTP 200 | CT=application/json; charset=utf-8 | page=5
[GD] page 5: 24 items
[GD] total raw items before normalize: 120; unique kept: 105
[GD] normalized rows: 105
[GD] blocked by specialty/diesel filter: 94; passing: 11
[Proxibid] parsed 30 rows across 1 page(s)
[Renebates] found 54 events on index
[Renebates] event: CITY OF GRAND PRAIRIE LIVE ABANDONED & IMPOUNDED VEHICLE AUCTION secs=None
[Renebates] event: City Of Keller, Texas secs=0
[Renebates] City Of Keller, Texas -> 45 lots via https://renebates.com/a_list_2.php?id=222&cat=all
[DEBUG] collected 42 listings from all sites (after filter)
[GD] HTTP 200 | CT=application/json; charset=utf-8 | page=1
[GD] page 1: 24 items
[GD] HTTP 200 | CT=application/json; charset=utf-8 | page=2
[GD] page 2: 24 items
[GD] HTTP 200 | CT=application/json; charset=utf-8 | page=3
[GD] page 3: 24 items
[GD] HTTP 200 | CT=application/json; charset=utf-8 | page=4
[GD] page 4: 24 items
[GD] HTTP 200 | CT=application/json; charset=utf-8 | page=5
[GD] page 5: 24 items
[GD] total raw items before normalize: 120; unique kept: 104
[GD] normalized rows: 104
[GD] blocked by specialty/diesel filter: 93; passing: 11
[Proxibid] parsed 30 rows across 1 page(s)
[Renebates] found 54 events on index
[Renebates] event: CITY OF GRAND PRAIRIE LIVE ABANDONED & IMPOUNDED VEHICLE AUCTION secs=None
[Renebates] event: City Of Keller, Texas secs=0
[Renebates] City Of Keller, Texas -> 40 lots via https://renebates.com/a_list_2.php?id=222&cat=all
[DEBUG] collected 42 listings from all sites (after filter)
[GD] HTTP 200 | CT=application/json; charset=utf-8 | page=1
[GD] page 1: 24 items
[GD] HTTP 200 | CT=application/json; charset=utf-8 | page=2
[GD] page 2: 24 items
[GD] HTTP 200 | CT=application/json; charset=utf-8 | page=3
[GD] page 3: 24 items
[GD] HTTP 200 | CT=application/json; charset=utf-8 | page=4
[GD] page 4: 24 items
[GD] HTTP 200 | CT=application/json; charset=utf-8 | page=5
[GD] page 5: 24 items
[GD] total raw items before normalize: 120; unique kept: 105
[GD] normalized rows: 105
[GD] blocked by specialty/diesel filter: 94; passing: 11
[Proxibid] parsed 30 rows across 1 page(s)
[Renebates] found 54 events on index
[Renebates] event: CITY OF GRAND PRAIRIE LIVE ABANDONED & IMPOUNDED VEHICLE AUCTION secs=None
[Renebates] event: City Of Keller, Texas secs=0
[Renebates] City Of Keller, Texas -> 40 lots via https://renebates.com/a_list_2.php?id=222&cat=all
[DEBUG] collected 42 listings from all sites (after filter)
[GD] HTTP 200 | CT=application/json; charset=utf-8 | page=1
[GD] page 1: 24 items
[GD] HTTP 200 | CT=application/json; charset=utf-8 | page=2
[GD] page 2: 24 items
[GD] HTTP 200 | CT=application/json; charset=utf-8 | page=3
[GD] page 3: 24 items
[GD] HTTP 200 | CT=application/json; charset=utf-8 | page=4
[GD] page 4: 24 items
[GD] HTTP 200 | CT=application/json; charset=utf-8 | page=5
[GD] page 5: 24 items
[GD] total raw items before normalize: 120; unique kept: 103
[GD] normalized rows: 103
[GD] blocked by specialty/diesel filter: 93; passing: 10
[Proxibid] parsed 30 rows across 1 page(s)
[Renebates] found 54 events on index
[Renebates] event: CITY OF GRAND PRAIRIE LIVE ABANDONED & IMPOUNDED VEHICLE AUCTION secs=None
[Renebates] event: Nick Towing LLC - Caddo Mills, Texas secs=4303
[Renebates] Nick Towing LLC - Caddo Mills, Texas -> 60 lots via https://renebates.com/a_list_2.php?id=136&cat=all
[DEBUG] collected 41 listings from all sites (after filter)
[GD] HTTP 200 | CT=application/json; charset=utf-8 | page=1
[GD] page 1: 24 items
[GD] HTTP 200 | CT=application/json; charset=utf-8 | page=2
[GD] page 2: 24 items
[GD] HTTP 200 | CT=application/json; charset=utf-8 | page=3
[GD] page 3: 24 items
[GD] HTTP 200 | CT=application/json; charset=utf-8 | page=4
[GD] page 4: 24 items
[GD] HTTP 200 | CT=application/json; charset=utf-8 | page=5
[GD] page 5: 24 items
[GD] total raw items before normalize: 120; unique kept: 103
[GD] normalized rows: 103
[GD] blocked by specialty/diesel filter: 92; passing: 11
[Proxibid] parsed 30 rows across 1 page(s)
[Renebates] found 54 events on index
[Renebates] event: CITY OF GRAND PRAIRIE LIVE ABANDONED & IMPOUNDED VEHICLE AUCTION secs=None
[Renebates] event: Nick Towing LLC - Caddo Mills, Texas secs=3660
[Renebates] Nick Towing LLC - Caddo Mills, Texas -> 60 lots via https://renebates.com/a_list_2.php?id=136&cat=all
[DEBUG] collected 42 listings from all sites (after filter)
[GD] HTTP 200 | CT=application/json; charset=utf-8 | page=1
[GD] page 1: 24 items
[GD] HTTP 200 | CT=application/json; charset=utf-8 | page=2
[GD] page 2: 24 items
[GD] HTTP 200 | CT=application/json; charset=utf-8 | page=3
[GD] page 3: 24 items
[GD] HTTP 200 | CT=application/json; charset=utf-8 | page=4
[GD] page 4: 24 items
[GD] HTTP 200 | CT=application/json; charset=utf-8 | page=5
[GD] page 5: 24 items
[GD] total raw items before normalize: 120; unique kept: 104
[GD] normalized rows: 104
[GD] blocked by specialty/diesel filter: 92; passing: 12
[Proxibid] parsed 30 rows across 1 page(s)
[Renebates] found 55 events on index
[Renebates] event: CITY OF GRAND PRAIRIE LIVE ABANDONED & IMPOUNDED VEHICLE AUCTION secs=None
[Renebates] event: Nick Towing LLC - Caddo Mills, Texas secs=3006
[Renebates] Nick Towing LLC - Caddo Mills, Texas -> 60 lots via https://renebates.com/a_list_2.php?id=136&cat=all
[DEBUG] collected 43 listings from all sites (after filter)
[GD] HTTP 200 | CT=application/json; charset=utf-8 | page=1
[GD] page 1: 24 items
[GD] HTTP 200 | CT=application/json; charset=utf-8 | page=2
[GD] page 2: 24 items
[GD] HTTP 200 | CT=application/json; charset=utf-8 | page=3
[GD] page 3: 24 items
[GD] HTTP 200 | CT=application/json; charset=utf-8 | page=4
[GD] page 4: 24 items
[GD] HTTP 200 | CT=application/json; charset=utf-8 | page=5
[GD] page 5: 24 items
[GD] total raw items before normalize: 120; unique kept: 104
[GD] normalized rows: 104
[GD] blocked by specialty/diesel filter: 92; passing: 12
[Proxibid] parsed 30 rows across 1 page(s)
[Renebates] found 56 events on index
[Renebates] event: CITY OF GRAND PRAIRIE LIVE ABANDONED & IMPOUNDED VEHICLE AUCTION secs=None
[Renebates] event: Nick Towing LLC - Caddo Mills, Texas secs=2352
[Renebates] Nick Towing LLC - Caddo Mills, Texas -> 60 lots via https://renebates.com/a_list_2.php?id=136&cat=all
[DEBUG] collected 43 listings from all sites (after filter)
[GD] HTTP 200 | CT=application/json; charset=utf-8 | page=1
[GD] page 1: 24 items
[GD] HTTP 200 | CT=application/json; charset=utf-8 | page=2
[GD] page 2: 24 items
[GD] HTTP 200 | CT=application/json; charset=utf-8 | page=3
[GD] page 3: 24 items
[GD] HTTP 200 | CT=application/json; charset=utf-8 | page=4
[GD] page 4: 24 items
[GD] HTTP 200 | CT=application/json; charset=utf-8 | page=5
[GD] page 5: 24 items
[GD] total raw items before normalize: 120; unique kept: 104
[GD] normalized rows: 104
[GD] blocked by specialty/diesel filter: 92; passing: 12
[Proxibid] parsed 30 rows across 1 page(s)
[Renebates] found 56 events on index
[Renebates] event: CITY OF GRAND PRAIRIE LIVE ABANDONED & IMPOUNDED VEHICLE AUCTION secs=None
[Renebates] event: Nick Towing LLC - Caddo Mills, Texas secs=1710
[Renebates] Nick Towing LLC - Caddo Mills, Texas -> 60 lots via https://renebates.com/a_list_2.php?id=136&cat=all
[DEBUG] collected 43 listings from all sites (after filter)
[GD] HTTP 200 | CT=application/json; charset=utf-8 | page=1
[GD] page 1: 24 items
[GD] HTTP 200 | CT=application/json; charset=utf-8 | page=2
[GD] page 2: 24 items
[GD] HTTP 200 | CT=application/json; charset=utf-8 | page=3
[GD] page 3: 24 items
[GD] HTTP 200 | CT=application/json; charset=utf-8 | page=4
[GD] page 4: 24 items
[GD] HTTP 200 | CT=application/json; charset=utf-8 | page=5
[GD] page 5: 24 items
[GD] total raw items before normalize: 120; unique kept: 104
[GD] normalized rows: 104
[GD] blocked by specialty/diesel filter: 92; passing: 12
[Proxibid] parsed 30 rows across 1 page(s)
[Renebates] found 56 events on index
[Renebates] event: CITY OF GRAND PRAIRIE LIVE ABANDONED & IMPOUNDED VEHICLE AUCTION secs=None
[Renebates] event: Nick Towing LLC - Caddo Mills, Texas secs=1058
[Renebates] Nick Towing LLC - Caddo Mills, Texas -> 60 lots via https://renebates.com/a_list_2.php?id=136&cat=all
[DEBUG] collected 43 listings from all sites (after filter)
[GD] HTTP 200 | CT=application/json; charset=utf-8 | page=1
[GD] page 1: 24 items
[GD] HTTP 200 | CT=application/json; charset=utf-8 | page=2
[GD] page 2: 24 items
[GD] HTTP 200 | CT=application/json; charset=utf-8 | page=3
[GD] page 3: 24 items
[GD] HTTP 200 | CT=application/json; charset=utf-8 | page=4
[GD] page 4: 24 items
[GD] HTTP 200 | CT=application/json; charset=utf-8 | page=5
[GD] page 5: 24 items
[GD] total raw items before normalize: 120; unique kept: 103
[GD] normalized rows: 103
[GD] blocked by specialty/diesel filter: 91; passing: 12
[Proxibid] parsed 30 rows across 1 page(s)
[Renebates] found 56 events on index
[Renebates] event: CITY OF GRAND PRAIRIE LIVE ABANDONED & IMPOUNDED VEHICLE AUCTION secs=None
[Renebates] event: Nick Towing LLC - Caddo Mills, Texas secs=401
[Renebates] Nick Towing LLC - Caddo Mills, Texas -> 60 lots via https://renebates.com/a_list_2.php?id=136&cat=all
[DEBUG] collected 43 listings from all sites (after filter)
[GD] HTTP 200 | CT=application/json; charset=utf-8 | page=1
[GD] page 1: 24 items
[GD] HTTP 200 | CT=application/json; charset=utf-8 | page=2
[GD] page 2: 24 items
[GD] HTTP 200 | CT=application/json; charset=utf-8 | page=3
[GD] page 3: 24 items
[GD] HTTP 200 | CT=application/json; charset=utf-8 | page=4
[GD] page 4: 24 items
[GD] HTTP 200 | CT=application/json; charset=utf-8 | page=5
[GD] page 5: 24 items
[GD] total raw items before normalize: 120; unique kept: 104
[GD] normalized rows: 104
[GD] blocked by specialty/diesel filter: 91; passing: 13
[Proxibid] parsed 30 rows across 1 page(s)
[Renebates] found 56 events on index
[Renebates] event: CITY OF GRAND PRAIRIE LIVE ABANDONED & IMPOUNDED VEHICLE AUCTION secs=None
[Renebates] event: Nick Towing LLC - Caddo Mills, Texas secs=0
[Renebates] Nick Towing LLC - Caddo Mills, Texas -> 57 lots via https://renebates.com/a_list_2.php?id=136&cat=all
[DEBUG] collected 44 listings from all sites (after filter)
[GD] HTTP 200 | CT=application/json; charset=utf-8 | page=1
[GD] page 1: 24 items
[GD] HTTP 200 | CT=application/json; charset=utf-8 | page=2
[GD] page 2: 24 items
[GD] HTTP 200 | CT=application/json; charset=utf-8 | page=3
[GD] page 3: 24 items
[GD] HTTP 200 | CT=application/json; charset=utf-8 | page=4
[GD] page 4: 24 items
[GD] HTTP 200 | CT=application/json; charset=utf-8 | page=5
[GD] page 5: 24 items
[GD] total raw items before normalize: 120; unique kept: 105
[GD] normalized rows: 105
[GD] blocked by specialty/diesel filter: 91; passing: 14
[Proxibid] parsed 30 rows across 1 page(s)
[Renebates] found 56 events on index
[Renebates] event: CITY OF GRAND PRAIRIE LIVE ABANDONED & IMPOUNDED VEHICLE AUCTION secs=None
[Renebates] event: Nick Towing LLC - Caddo Mills, Texas secs=0
[Renebates] Nick Towing LLC - Caddo Mills, Texas -> 50 lots via https://renebates.com/a_list_2.php?id=136&cat=all
[DEBUG] collected 45 listings from all sites (after filter)
[GD] HTTP 200 | CT=application/json; charset=utf-8 | page=1
[GD] page 1: 24 items
[GD] HTTP 200 | CT=application/json; charset=utf-8 | page=2
[GD] page 2: 24 items
[GD] HTTP 200 | CT=application/json; charset=utf-8 | page=3
[GD] page 3: 24 items
[GD] HTTP 200 | CT=application/json; charset=utf-8 | page=4
[GD] page 4: 24 items
[GD] HTTP 200 | CT=application/json; charset=utf-8 | page=5
[GD] page 5: 24 items
[GD] total raw items before normalize: 120; unique kept: 105
[GD] normalized rows: 105
[GD] blocked by specialty/diesel filter: 91; passing: 14
[Proxibid] parsed 30 rows across 1 page(s)
[Renebates] found 56 events on index
[Renebates] event: CITY OF GRAND PRAIRIE LIVE ABANDONED & IMPOUNDED VEHICLE AUCTION secs=None
[Renebates] event: Nick Towing LLC - Caddo Mills, Texas secs=0
[Renebates] Nick Towing LLC - Caddo Mills, Texas -> 43 lots via https://renebates.com/a_list_2.php?id=136&cat=all
[DEBUG] collected 45 listings from all sites (after filter)
[GD] HTTP 200 | CT=application/json; charset=utf-8 | page=1
[GD] page 1: 24 items
[GD] HTTP 200 | CT=application/json; charset=utf-8 | page=2
[GD] page 2: 24 items
[GD] HTTP 200 | CT=application/json; charset=utf-8 | page=3
[GD] page 3: 24 items
[GD] HTTP 200 | CT=application/json; charset=utf-8 | page=4
[GD] page 4: 24 items
[GD] HTTP 200 | CT=application/json; charset=utf-8 | page=5
[GD] page 5: 24 items
[GD] total raw items before normalize: 120; unique kept: 107
[GD] normalized rows: 107
[GD] blocked by specialty/diesel filter: 92; passing: 15
[Proxibid] parsed 30 rows across 1 page(s)
[Renebates] found 56 events on index
[Renebates] event: CITY OF GRAND PRAIRIE LIVE ABANDONED & IMPOUNDED VEHICLE AUCTION secs=None
[Renebates] event: Nick Towing LLC - Caddo Mills, Texas secs=0
[Renebates] Nick Towing LLC - Caddo Mills, Texas -> 41 lots via https://renebates.com/a_list_2.php?id=136&cat=all
[DEBUG] collected 46 listings from all sites (after filter)
[GD] HTTP 200 | CT=application/json; charset=utf-8 | page=1
[GD] page 1: 24 items
[GD] HTTP 200 | CT=application/json; charset=utf-8 | page=2
[GD] page 2: 24 items
[GD] HTTP 200 | CT=application/json; charset=utf-8 | page=3
[GD] page 3: 24 items
[GD] HTTP 200 | CT=application/json; charset=utf-8 | page=4
[GD] page 4: 24 items
[GD] HTTP 200 | CT=application/json; charset=utf-8 | page=5
[GD] page 5: 24 items
[GD] total raw items before normalize: 120; unique kept: 107
[GD] normalized rows: 107
[GD] blocked by specialty/diesel filter: 92; passing: 15
[Proxibid] parsed 30 rows across 1 page(s)
[Renebates] found 56 events on index
[Renebates] event: CITY OF GRAND PRAIRIE LIVE ABANDONED & IMPOUNDED VEHICLE AUCTION secs=None
[Renebates] event: Nick Towing LLC - Caddo Mills, Texas secs=0
[Renebates] Nick Towing LLC - Caddo Mills, Texas -> 40 lots via https://renebates.com/a_list_2.php?id=136&cat=all
[DEBUG] collected 46 listings from all sites (after filter)
[GD] HTTP 200 | CT=application/json; charset=utf-8 | page=1
[GD] page 1: 24 items
[GD] HTTP 200 | CT=application/json; charset=utf-8 | page=2
[GD] page 2: 24 items
[GD] HTTP 200 | CT=application/json; charset=utf-8 | page=3
[GD] page 3: 24 items
[GD] HTTP 200 | CT=application/json; charset=utf-8 | page=4
[GD] page 4: 24 items
[GD] HTTP 200 | CT=application/json; charset=utf-8 | page=5
[GD] page 5: 24 items
[GD] total raw items before normalize: 120; unique kept: 106
[GD] normalized rows: 106
[GD] blocked by specialty/diesel filter: 91; passing: 15
[Proxibid] parsed 30 rows across 1 page(s)
[Renebates] found 56 events on index
[Renebates] event: CITY OF GRAND PRAIRIE LIVE ABANDONED & IMPOUNDED VEHICLE AUCTION secs=None
[Renebates] event: Bolivar Water Supply Corporation - Sanger, Texas secs=68487
[Renebates] Bolivar Water Supply Corporation - Sanger, Texas -> 48 lots via https://renebates.com/a_list_2.php?id=294&cat=all
[DEBUG] collected 46 listings from all sites (after filter)
[GD] HTTP 200 | CT=application/json; charset=utf-8 | page=1
[GD] page 1: 24 items
[GD] HTTP 200 | CT=application/json; charset=utf-8 | page=2
[GD] page 2: 24 items
[GD] HTTP 200 | CT=application/json; charset=utf-8 | page=3
[GD] page 3: 24 items
[GD] HTTP 200 | CT=application/json; charset=utf-8 | page=4
[GD] page 4: 24 items
[GD] HTTP 200 | CT=application/json; charset=utf-8 | page=5
[GD] page 5: 24 items
[GD] total raw items before normalize: 120; unique kept: 106
[GD] normalized rows: 106
[GD] blocked by specialty/diesel filter: 92; passing: 14
[Proxibid] parsed 30 rows across 1 page(s)
[Renebates] found 56 events on index
[Renebates] event: CITY OF GRAND PRAIRIE LIVE ABANDONED & IMPOUNDED VEHICLE AUCTION secs=None
[Renebates] event: Bolivar Water Supply Corporation - Sanger, Texas secs=67834
[Renebates] Bolivar Water Supply Corporation - Sanger, Texas -> 48 lots via https://renebates.com/a_list_2.php?id=294&cat=all
[DEBUG] collected 45 listings from all sites (after filter)
[GD] HTTP 200 | CT=application/json; charset=utf-8 | page=1
[GD] page 1: 24 items
[GD] HTTP 200 | CT=application/json; charset=utf-8 | page=2
[GD] page 2: 24 items
[GD] HTTP 200 | CT=application/json; charset=utf-8 | page=3
[GD] page 3: 24 items
[GD] HTTP 200 | CT=application/json; charset=utf-8 | page=4
[GD] page 4: 24 items
[GD] HTTP 200 | CT=application/json; charset=utf-8 | page=5
[GD] page 5: 24 items
[GD] total raw items before normalize: 120; unique kept: 106
[GD] normalized rows: 106
[GD] blocked by specialty/diesel filter: 92; passing: 14
[Proxibid] parsed 30 rows across 1 page(s)
[Renebates] found 56 events on index
[Renebates] event: CITY OF GRAND PRAIRIE LIVE ABANDONED & IMPOUNDED VEHICLE AUCTION secs=None
[Renebates] event: Bolivar Water Supply Corporation - Sanger, Texas secs=67192
[Renebates] Bolivar Water Supply Corporation - Sanger, Texas -> 48 lots via https://renebates.com/a_list_2.php?id=294&cat=all
[DEBUG] collected 45 listings from all sites (after filter)
[GD] HTTP 200 | CT=application/json; charset=utf-8 | page=1
[GD] page 1: 24 items
[GD] HTTP 200 | CT=application/json; charset=utf-8 | page=2
[GD] page 2: 24 items
[GD] HTTP 200 | CT=application/json; charset=utf-8 | page=3
[GD] page 3: 24 items
[GD] HTTP 200 | CT=application/json; charset=utf-8 | page=4
[GD] page 4: 24 items
[GD] HTTP 200 | CT=application/json; charset=utf-8 | page=5
[GD] page 5: 24 items
[GD] total raw items before normalize: 120; unique kept: 104
[GD] normalized rows: 104
[GD] blocked by specialty/diesel filter: 92; passing: 12
[Proxibid] parsed 30 rows across 1 page(s)
[Renebates] found 56 events on index
[Renebates] event: CITY OF GRAND PRAIRIE LIVE ABANDONED & IMPOUNDED VEHICLE AUCTION secs=None
[Renebates] event: Bolivar Water Supply Corporation - Sanger, Texas secs=66531
[Renebates] Bolivar Water Supply Corporation - Sanger, Texas -> 48 lots via https://renebates.com/a_list_2.php?id=294&cat=all
[DEBUG] collected 43 listings from all sites (after filter)
[GD] HTTP 200 | CT=application/json; charset=utf-8 | page=1
[GD] page 1: 24 items
[GD] HTTP 200 | CT=application/json; charset=utf-8 | page=2
[GD] page 2: 24 items
[GD] HTTP 200 | CT=application/json; charset=utf-8 | page=3
[GD] page 3: 24 items
[GD] HTTP 200 | CT=application/json; charset=utf-8 | page=4
[GD] page 4: 24 items
[GD] HTTP 200 | CT=application/json; charset=utf-8 | page=5
[GD] page 5: 24 items
[GD] total raw items before normalize: 120; unique kept: 102
[GD] normalized rows: 102
[GD] blocked by specialty/diesel filter: 90; passing: 12
[Proxibid] parsed 30 rows across 1 page(s)
[Renebates] found 55 events on index
[Renebates] event: Bolivar Water Supply Corporation - Sanger, Texas secs=65889
[Renebates] Bolivar Water Supply Corporation - Sanger, Texas -> 48 lots via https://renebates.com/a_list_2.php?id=294&cat=all
[Renebates] event: Allen Independent School District - Allen, Texas secs=69487
[Renebates] Allen Independent School District - Allen, Texas -> 45 lots via https://renebates.com/a_list_2.php?id=234&cat=all
[DEBUG] collected 42 listings from all sites (after filter)
[GD] HTTP 200 | CT=application/json; charset=utf-8 | page=1
[GD] page 1: 24 items
[GD] HTTP 200 | CT=application/json; charset=utf-8 | page=2
[GD] page 2: 24 items
[GD] HTTP 200 | CT=application/json; charset=utf-8 | page=3
[GD] page 3: 24 items
[GD] HTTP 200 | CT=application/json; charset=utf-8 | page=4
[GD] page 4: 24 items
[GD] HTTP 200 | CT=application/json; charset=utf-8 | page=5
[GD] page 5: 24 items
[GD] total raw items before normalize: 120; unique kept: 102
[GD] normalized rows: 102
[GD] blocked by specialty/diesel filter: 90; passing: 12
[Proxibid] parsed 30 rows across 1 page(s)
[Renebates] found 55 events on index
[Renebates] event: Bolivar Water Supply Corporation - Sanger, Texas secs=65247
[Renebates] Bolivar Water Supply Corporation - Sanger, Texas -> 48 lots via https://renebates.com/a_list_2.php?id=294&cat=all
[Renebates] event: Allen Independent School District - Allen, Texas secs=68843
[Renebates] Allen Independent School District - Allen, Texas -> 45 lots via https://renebates.com/a_list_2.php?id=234&cat=all
[DEBUG] collected 42 listings from all sites (after filter)
[GD] HTTP 200 | CT=application/json; charset=utf-8 | page=1
[GD] page 1: 24 items
[GD] HTTP 200 | CT=application/json; charset=utf-8 | page=2
[GD] page 2: 24 items
[GD] HTTP 200 | CT=application/json; charset=utf-8 | page=3
[GD] page 3: 24 items
[GD] HTTP 200 | CT=application/json; charset=utf-8 | page=4
[GD] page 4: 24 items
[GD] HTTP 200 | CT=application/json; charset=utf-8 | page=5
[GD] page 5: 24 items
[GD] total raw items before normalize: 120; unique kept: 101
[GD] normalized rows: 101
[GD] blocked by specialty/diesel filter: 90; passing: 11
[Proxibid] parsed 30 rows across 1 page(s)
[Renebates] found 55 events on index
[Renebates] event: Bolivar Water Supply Corporation - Sanger, Texas secs=64598
[Renebates] Bolivar Water Supply Corporation - Sanger, Texas -> 48 lots via https://renebates.com/a_list_2.php?id=294&cat=all
[Renebates] event: Allen Independent School District - Allen, Texas secs=68196
[Renebates] Allen Independent School District - Allen, Texas -> 45 lots via https://renebates.com/a_list_2.php?id=234&cat=all
[DEBUG] collected 41 listings from all sites (after filter)
[GD] HTTP 200 | CT=application/json; charset=utf-8 | page=1
[GD] page 1: 24 items
[GD] HTTP 200 | CT=application/json; charset=utf-8 | page=2
[GD] page 2: 24 items
[GD] HTTP 200 | CT=application/json; charset=utf-8 | page=3
[GD] page 3: 24 items
[GD] HTTP 200 | CT=application/json; charset=utf-8 | page=4
[GD] page 4: 24 items
[GD] HTTP 200 | CT=application/json; charset=utf-8 | page=5
[GD] page 5: 24 items
[GD] total raw items before normalize: 120; unique kept: 101
[GD] normalized rows: 101
[GD] blocked by specialty/diesel filter: 91; passing: 10
[Proxibid] parsed 30 rows across 1 page(s)
[Renebates] found 55 events on index
[Renebates] event: Bolivar Water Supply Corporation - Sanger, Texas secs=63959
[Renebates] Bolivar Water Supply Corporation - Sanger, Texas -> 48 lots via https://renebates.com/a_list_2.php?id=294&cat=all
[Renebates] event: Allen Independent School District - Allen, Texas secs=67555
[Renebates] Allen Independent School District - Allen, Texas -> 45 lots via https://renebates.com/a_list_2.php?id=234&cat=all
[DEBUG] collected 40 listings from all sites (after filter)
[GD] HTTP 200 | CT=application/json; charset=utf-8 | page=1
[GD] page 1: 24 items
[GD] HTTP 200 | CT=application/json; charset=utf-8 | page=2
[GD] page 2: 24 items
[GD] HTTP 200 | CT=application/json; charset=utf-8 | page=3
[GD] page 3: 24 items
[GD] HTTP 200 | CT=application/json; charset=utf-8 | page=4
[GD] page 4: 24 items
[GD] HTTP 200 | CT=application/json; charset=utf-8 | page=5
[GD] page 5: 24 items
[GD] total raw items before normalize: 120; unique kept: 100
[GD] normalized rows: 100
[GD] blocked by specialty/diesel filter: 90; passing: 10
[Proxibid] parsed 30 rows across 1 page(s)
[Renebates] found 55 events on index
[Renebates] event: Bolivar Water Supply Corporation - Sanger, Texas secs=63312
[Renebates] Bolivar Water Supply Corporation - Sanger, Texas -> 48 lots via https://renebates.com/a_list_2.php?id=294&cat=all
[Renebates] event: Allen Independent School District - Allen, Texas secs=66908
[Renebates] Allen Independent School District - Allen, Texas -> 45 lots via https://renebates.com/a_list_2.php?id=234&cat=all
[DEBUG] collected 40 listings from all sites (after filter)
[GD] HTTP 200 | CT=application/json; charset=utf-8 | page=1
[GD] page 1: 24 items
[GD] HTTP 200 | CT=application/json; charset=utf-8 | page=2
[GD] page 2: 24 items
[GD] HTTP 200 | CT=application/json; charset=utf-8 | page=3
[GD] page 3: 24 items
[GD] HTTP 200 | CT=application/json; charset=utf-8 | page=4
[GD] page 4: 24 items
[GD] HTTP 200 | CT=application/json; charset=utf-8 | page=5
[GD] page 5: 24 items
[GD] total raw items before normalize: 120; unique kept: 101
[GD] normalized rows: 101
[GD] blocked by specialty/diesel filter: 90; passing: 11
[Proxibid] parsed 30 rows across 1 page(s)
[Renebates] found 56 events on index
[Renebates] event: Bolivar Water Supply Corporation - Sanger, Texas secs=62669
[Renebates] Bolivar Water Supply Corporation - Sanger, Texas -> 48 lots via https://renebates.com/a_list_2.php?id=294&cat=all
[Renebates] event: Allen Independent School District - Allen, Texas secs=66266
[Renebates] Allen Independent School District - Allen, Texas -> 45 lots via https://renebates.com/a_list_2.php?id=234&cat=all
[DEBUG] collected 41 listings from all sites (after filter)
[GD] HTTP 200 | CT=application/json; charset=utf-8 | page=1
[GD] page 1: 24 items
[GD] HTTP 200 | CT=application/json; charset=utf-8 | page=2
[GD] page 2: 24 items
[GD] HTTP 200 | CT=application/json; charset=utf-8 | page=3
[GD] page 3: 24 items
[GD] HTTP 200 | CT=application/json; charset=utf-8 | page=4
[GD] page 4: 24 items
[GD] HTTP 200 | CT=application/json; charset=utf-8 | page=5
[GD] page 5: 24 items
[GD] total raw items before normalize: 120; unique kept: 101
[GD] normalized rows: 101
[GD] blocked by specialty/diesel filter: 90; passing: 11
[Proxibid] parsed 30 rows across 1 page(s)
[Renebates] found 56 events on index
[Renebates] event: Bolivar Water Supply Corporation - Sanger, Texas secs=62014
[Renebates] Bolivar Water Supply Corporation - Sanger, Texas -> 48 lots via https://renebates.com/a_list_2.php?id=294&cat=all
[Renebates] event: Allen Independent School District - Allen, Texas secs=65611
[Renebates] Allen Independent School District - Allen, Texas -> 45 lots via https://renebates.com/a_list_2.php?id=234&cat=all
[DEBUG] collected 41 listings from all sites (after filter)
[GD] HTTP 200 | CT=application/json; charset=utf-8 | page=1
[GD] page 1: 24 items
[GD] HTTP 200 | CT=application/json; charset=utf-8 | page=2
[GD] page 2: 24 items
[GD] HTTP 200 | CT=application/json; charset=utf-8 | page=3
[GD] page 3: 24 items
[GD] HTTP 200 | CT=application/json; charset=utf-8 | page=4
[GD] page 4: 24 items
[GD] HTTP 200 | CT=application/json; charset=utf-8 | page=5
[GD] page 5: 24 items
[GD] total raw items before normalize: 120; unique kept: 101
[GD] normalized rows: 101
[GD] blocked by specialty/diesel filter: 90; passing: 11
[Proxibid] parsed 30 rows across 1 page(s)
[Renebates] found 56 events on index
[Renebates] event: Bolivar Water Supply Corporation - Sanger, Texas secs=61373
[Renebates] Bolivar Water Supply Corporation - Sanger, Texas -> 48 lots via https://renebates.com/a_list_2.php?id=294&cat=all
[Renebates] event: Allen Independent School District - Allen, Texas secs=64970
[Renebates] Allen Independent School District - Allen, Texas -> 45 lots via https://renebates.com/a_list_2.php?id=234&cat=all
[DEBUG] collected 41 listings from all sites (after filter)
[GD] HTTP 200 | CT=application/json; charset=utf-8 | page=1
[GD] page 1: 24 items
[GD] HTTP 200 | CT=application/json; charset=utf-8 | page=2
[GD] page 2: 24 items
[GD] HTTP 200 | CT=application/json; charset=utf-8 | page=3
[GD] page 3: 24 items
[GD] HTTP 200 | CT=application/json; charset=utf-8 | page=4
[GD] page 4: 24 items
[GD] HTTP 200 | CT=application/json; charset=utf-8 | page=5
[GD] page 5: 24 items
[GD] total raw items before normalize: 120; unique kept: 103
[GD] normalized rows: 103
[GD] blocked by specialty/diesel filter: 91; passing: 12
[Proxibid] parsed 30 rows across 1 page(s)
[Renebates] found 56 events on index
[Renebates] event: Bolivar Water Supply Corporation - Sanger, Texas secs=60723
[Renebates] Bolivar Water Supply Corporation - Sanger, Texas -> 48 lots via https://renebates.com/a_list_2.php?id=294&cat=all
[Renebates] event: Allen Independent School District - Allen, Texas secs=64318
[Renebates] Allen Independent School District - Allen, Texas -> 45 lots via https://renebates.com/a_list_2.php?id=234&cat=all
[DEBUG] collected 42 listings from all sites (after filter)
[GD] HTTP 200 | CT=application/json; charset=utf-8 | page=1
[GD] page 1: 24 items
[GD] HTTP 200 | CT=application/json; charset=utf-8 | page=2
[GD] page 2: 24 items
[GD] HTTP 200 | CT=application/json; charset=utf-8 | page=3
[GD] page 3: 24 items
[GD] HTTP 200 | CT=application/json; charset=utf-8 | page=4
[GD] page 4: 24 items
[GD] HTTP 200 | CT=application/json; charset=utf-8 | page=5
[GD] page 5: 24 items
[GD] total raw items before normalize: 120; unique kept: 103
[GD] normalized rows: 103
[GD] blocked by specialty/diesel filter: 91; passing: 12
[Proxibid] parsed 30 rows across 1 page(s)
[Renebates] found 56 events on index
[Renebates] event: Bolivar Water Supply Corporation - Sanger, Texas secs=60068
[Renebates] Bolivar Water Supply Corporation - Sanger, Texas -> 48 lots via https://renebates.com/a_list_2.php?id=294&cat=all
[Renebates] event: Allen Independent School District - Allen, Texas secs=63664
[Renebates] Allen Independent School District - Allen, Texas -> 45 lots via https://renebates.com/a_list_2.php?id=234&cat=all
[DEBUG] collected 42 listings from all sites (after filter)
[GD] HTTP 200 | CT=application/json; charset=utf-8 | page=1
[GD] page 1: 24 items
[GD] HTTP 200 | CT=application/json; charset=utf-8 | page=2
[GD] page 2: 24 items
[GD] HTTP 200 | CT=application/json; charset=utf-8 | page=3
[GD] page 3: 24 items
[GD] HTTP 200 | CT=application/json; charset=utf-8 | page=4
[GD] page 4: 24 items
[GD] HTTP 200 | CT=application/json; charset=utf-8 | page=5
[GD] page 5: 24 items
[GD] total raw items before normalize: 120; unique kept: 103
[GD] normalized rows: 103
[GD] blocked by specialty/diesel filter: 91; passing: 12
[Proxibid] parsed 30 rows across 1 page(s)
[Renebates] found 56 events on index
[Renebates] event: Bolivar Water Supply Corporation - Sanger, Texas secs=59420
[Renebates] Bolivar Water Supply Corporation - Sanger, Texas -> 48 lots via https://renebates.com/a_list_2.php?id=294&cat=all
[Renebates] event: Allen Independent School District - Allen, Texas secs=63017
[Renebates] Allen Independent School District - Allen, Texas -> 45 lots via https://renebates.com/a_list_2.php?id=234&cat=all
[DEBUG] collected 42 listings from all sites (after filter)
[GD] HTTP 200 | CT=application/json; charset=utf-8 | page=1
[GD] page 1: 24 items
[GD] HTTP 200 | CT=application/json; charset=utf-8 | page=2
[GD] page 2: 24 items
[GD] HTTP 200 | CT=application/json; charset=utf-8 | page=3
[GD] page 3: 24 items
[GD] HTTP 200 | CT=application/json; charset=utf-8 | page=4
[GD] page 4: 24 items
[GD] HTTP 200 | CT=application/json; charset=utf-8 | page=5
[GD] page 5: 24 items
[GD] total raw items before normalize: 120; unique kept: 103
[GD] normalized rows: 103
[GD] blocked by specialty/diesel filter: 92; passing: 11
[Proxibid] parsed 30 rows across 1 page(s)
[Renebates] found 56 events on index
[Renebates] event: Bolivar Water Supply Corporation - Sanger, Texas secs=58771
[Renebates] Bolivar Water Supply Corporation - Sanger, Texas -> 48 lots via https://renebates.com/a_list_2.php?id=294&cat=all
[Renebates] event: Allen Independent School District - Allen, Texas secs=62368
[Renebates] Allen Independent School District - Allen, Texas -> 45 lots via https://renebates.com/a_list_2.php?id=234&cat=all
[DEBUG] collected 41 listings from all sites (after filter)
[GD] HTTP 200 | CT=application/json; charset=utf-8 | page=1
[GD] page 1: 24 items
[GD] HTTP 200 | CT=application/json; charset=utf-8 | page=2
[GD] page 2: 24 items
[GD] HTTP 200 | CT=application/json; charset=utf-8 | page=3
[GD] page 3: 24 items
[GD] HTTP 200 | CT=application/json; charset=utf-8 | page=4
[GD] page 4: 24 items
[GD] HTTP 200 | CT=application/json; charset=utf-8 | page=5
[GD] page 5: 24 items
[GD] total raw items before normalize: 120; unique kept: 103
[GD] normalized rows: 103
[GD] blocked by specialty/diesel filter: 92; passing: 11
[Proxibid] parsed 30 rows across 1 page(s)
[Renebates] found 56 events on index
[Renebates] event: Bolivar Water Supply Corporation - Sanger, Texas secs=58122
[Renebates] Bolivar Water Supply Corporation - Sanger, Texas -> 48 lots via https://renebates.com/a_list_2.php?id=294&cat=all
[Renebates] event: Allen Independent School District - Allen, Texas secs=61718
[Renebates] Allen Independent School District - Allen, Texas -> 45 lots via https://renebates.com/a_list_2.php?id=234&cat=all
[DEBUG] collected 41 listings from all sites (after filter)
[GD] HTTP 200 | CT=application/json; charset=utf-8 | page=1
[GD] page 1: 24 items
[GD] HTTP 200 | CT=application/json; charset=utf-8 | page=2
[GD] page 2: 24 items
[GD] HTTP 200 | CT=application/json; charset=utf-8 | page=3
[GD] page 3: 24 items
[GD] HTTP 200 | CT=application/json; charset=utf-8 | page=4
[GD] page 4: 24 items
[GD] HTTP 200 | CT=application/json; charset=utf-8 | page=5
[GD] page 5: 24 items
[GD] total raw items before normalize: 120; unique kept: 105
[GD] normalized rows: 105
[GD] blocked by specialty/diesel filter: 94; passing: 11
[Proxibid] parsed 30 rows across 1 page(s)
[Renebates] found 57 events on index
[Renebates] event: Bolivar Water Supply Corporation - Sanger, Texas secs=57465
[Renebates] Bolivar Water Supply Corporation - Sanger, Texas -> 48 lots via https://renebates.com/a_list_2.php?id=294&cat=all
[Renebates] event: Allen Independent School District - Allen, Texas secs=61061
[Renebates] Allen Independent School District - Allen, Texas -> 45 lots via https://renebates.com/a_list_2.php?id=234&cat=all
[DEBUG] collected 41 listings from all sites (after filter)
[GD] HTTP 200 | CT=application/json; charset=utf-8 | page=1
[GD] page 1: 24 items
[GD] HTTP 200 | CT=application/json; charset=utf-8 | page=2
[GD] page 2: 24 items
[GD] HTTP 200 | CT=application/json; charset=utf-8 | page=3
[GD] page 3: 24 items
[GD] HTTP 200 | CT=application/json; charset=utf-8 | page=4
[GD] page 4: 24 items
[GD] HTTP 200 | CT=application/json; charset=utf-8 | page=5
[GD] page 5: 24 items
[GD] total raw items before normalize: 120; unique kept: 105
[GD] normalized rows: 105
[GD] blocked by specialty/diesel filter: 94; passing: 11
[Proxibid] parsed 30 rows across 1 page(s)
[Renebates] found 57 events on index
[Renebates] event: Bolivar Water Supply Corporation - Sanger, Texas secs=56822
[Renebates] Bolivar Water Supply Corporation - Sanger, Texas -> 48 lots via https://renebates.com/a_list_2.php?id=294&cat=all
[Renebates] event: Allen Independent School District - Allen, Texas secs=60418
[Renebates] Allen Independent School District - Allen, Texas -> 45 lots via https://renebates.com/a_list_2.php?id=234&cat=all
[DEBUG] collected 41 listings from all sites (after filter)
[GD] HTTP 200 | CT=application/json; charset=utf-8 | page=1
[GD] page 1: 24 items
[GD] HTTP 200 | CT=application/json; charset=utf-8 | page=2
[GD] page 2: 24 items
[GD] HTTP 200 | CT=application/json; charset=utf-8 | page=3
[GD] page 3: 24 items
[GD] HTTP 200 | CT=application/json; charset=utf-8 | page=4
[GD] page 4: 24 items
[GD] HTTP 200 | CT=application/json; charset=utf-8 | page=5
[GD] page 5: 24 items
[GD] total raw items before normalize: 120; unique kept: 104
[GD] normalized rows: 104
[GD] blocked by specialty/diesel filter: 93; passing: 11
[Proxibid] parsed 30 rows across 1 page(s)
[Renebates] found 57 events on index
[Renebates] event: Bolivar Water Supply Corporation - Sanger, Texas secs=56175
[Renebates] Bolivar Water Supply Corporation - Sanger, Texas -> 48 lots via https://renebates.com/a_list_2.php?id=294&cat=all
[Renebates] event: Allen Independent School District - Allen, Texas secs=59772
[Renebates] Allen Independent School District - Allen, Texas -> 45 lots via https://renebates.com/a_list_2.php?id=234&cat=all
[DEBUG] collected 41 listings from all sites (after filter)
[GD] HTTP 200 | CT=application/json; charset=utf-8 | page=1
[GD] page 1: 24 items
[GD] HTTP 200 | CT=application/json; charset=utf-8 | page=2
[GD] page 2: 24 items
[GD] HTTP 200 | CT=application/json; charset=utf-8 | page=3
[GD] page 3: 24 items
[GD] HTTP 200 | CT=application/json; charset=utf-8 | page=4
[GD] page 4: 24 items
[GD] HTTP 200 | CT=application/json; charset=utf-8 | page=5
[GD] page 5: 24 items
[GD] total raw items before normalize: 120; unique kept: 103
[GD] normalized rows: 103
[GD] blocked by specialty/diesel filter: 92; passing: 11
[Proxibid] parsed 30 rows across 1 page(s)
[Renebates] found 57 events on index
[Renebates] event: Bolivar Water Supply Corporation - Sanger, Texas secs=55520
[Renebates] Bolivar Water Supply Corporation - Sanger, Texas -> 48 lots via https://renebates.com/a_list_2.php?id=294&cat=all
[Renebates] event: Allen Independent School District - Allen, Texas secs=59117
[Renebates] Allen Independent School District - Allen, Texas -> 45 lots via https://renebates.com/a_list_2.php?id=234&cat=all
[DEBUG] collected 41 listings from all sites (after filter)
[GD] HTTP 200 | CT=application/json; charset=utf-8 | page=1
[GD] page 1: 24 items
[GD] HTTP 200 | CT=application/json; charset=utf-8 | page=2
[GD] page 2: 24 items
[GD] HTTP 200 | CT=application/json; charset=utf-8 | page=3
[GD] page 3: 24 items
[GD] HTTP 200 | CT=application/json; charset=utf-8 | page=4
[GD] page 4: 24 items
[GD] HTTP 200 | CT=application/json; charset=utf-8 | page=5
[GD] page 5: 24 items
[GD] total raw items before normalize: 120; unique kept: 103
[GD] normalized rows: 103
[GD] blocked by specialty/diesel filter: 92; passing: 11
[Proxibid] parsed 30 rows across 1 page(s)
[Renebates] found 57 events on index
[Renebates] event: Bolivar Water Supply Corporation - Sanger, Texas secs=54868
[Renebates] Bolivar Water Supply Corporation - Sanger, Texas -> 48 lots via https://renebates.com/a_list_2.php?id=294&cat=all
[Renebates] event: Allen Independent School District - Allen, Texas secs=58466
[Renebates] Allen Independent School District - Allen, Texas -> 45 lots via https://renebates.com/a_list_2.php?id=234&cat=all
[DEBUG] collected 41 listings from all sites (after filter)
[GD] HTTP 200 | CT=application/json; charset=utf-8 | page=1
[GD] page 1: 24 items
[GD] HTTP 200 | CT=application/json; charset=utf-8 | page=2
[GD] page 2: 24 items
[GD] HTTP 200 | CT=application/json; charset=utf-8 | page=3
[GD] page 3: 24 items
[GD] HTTP 200 | CT=application/json; charset=utf-8 | page=4
[GD] page 4: 24 items
[GD] HTTP 200 | CT=application/json; charset=utf-8 | page=5
[GD] page 5: 24 items
[GD] total raw items before normalize: 120; unique kept: 104
[GD] normalized rows: 104
[GD] blocked by specialty/diesel filter: 93; passing: 11
[Proxibid] parsed 30 rows across 1 page(s)
[Renebates] found 57 events on index
[Renebates] event: Bolivar Water Supply Corporation - Sanger, Texas secs=54223
[Renebates] Bolivar Water Supply Corporation - Sanger, Texas -> 48 lots via https://renebates.com/a_list_2.php?id=294&cat=all
[Renebates] event: Allen Independent School District - Allen, Texas secs=57821
[Renebates] Allen Independent School District - Allen, Texas -> 45 lots via https://renebates.com/a_list_2.php?id=234&cat=all
[DEBUG] collected 41 listings from all sites (after filter)
[GD] HTTP 200 | CT=application/json; charset=utf-8 | page=1
[GD] page 1: 24 items
[GD] HTTP 200 | CT=application/json; charset=utf-8 | page=2
[GD] page 2: 24 items
[GD] HTTP 200 | CT=application/json; charset=utf-8 | page=3
[GD] page 3: 24 items
[GD] HTTP 200 | CT=application/json; charset=utf-8 | page=4
[GD] page 4: 24 items
[GD] HTTP 200 | CT=application/json; charset=utf-8 | page=5
[GD] page 5: 24 items
[GD] total raw items before normalize: 120; unique kept: 103
[GD] normalized rows: 103
[GD] blocked by specialty/diesel filter: 92; passing: 11
[Proxibid] parsed 30 rows across 1 page(s)
[Renebates] found 57 events on index
[Renebates] event: Bolivar Water Supply Corporation - Sanger, Texas secs=53574
[Renebates] Bolivar Water Supply Corporation - Sanger, Texas -> 48 lots via https://renebates.com/a_list_2.php?id=294&cat=all
[Renebates] event: Allen Independent School District - Allen, Texas secs=57169
[Renebates] Allen Independent School District - Allen, Texas -> 45 lots via https://renebates.com/a_list_2.php?id=234&cat=all
[DEBUG] collected 41 listings from all sites (after filter)
[GD] HTTP 200 | CT=application/json; charset=utf-8 | page=1
[GD] page 1: 24 items
[GD] HTTP 200 | CT=application/json; charset=utf-8 | page=2
[GD] page 2: 24 items
[GD] HTTP 200 | CT=application/json; charset=utf-8 | page=3
[GD] page 3: 24 items
[GD] HTTP 200 | CT=application/json; charset=utf-8 | page=4
[GD] page 4: 24 items
[GD] HTTP 200 | CT=application/json; charset=utf-8 | page=5
[GD] page 5: 24 items
[GD] total raw items before normalize: 120; unique kept: 103
[GD] normalized rows: 103
[GD] blocked by specialty/diesel filter: 92; passing: 11
[Proxibid] parsed 30 rows across 1 page(s)
[Renebates] found 57 events on index
[Renebates] event: Bolivar Water Supply Corporation - Sanger, Texas secs=52912
[Renebates] Bolivar Water Supply Corporation - Sanger, Texas -> 48 lots via https://renebates.com/a_list_2.php?id=294&cat=all
[Renebates] event: Allen Independent School District - Allen, Texas secs=56507
[Renebates] Allen Independent School District - Allen, Texas -> 45 lots via https://renebates.com/a_list_2.php?id=234&cat=all
[DEBUG] collected 41 listings from all sites (after filter)
[GD] HTTP 200 | CT=application/json; charset=utf-8 | page=1
[GD] page 1: 24 items
[GD] HTTP 200 | CT=application/json; charset=utf-8 | page=2
[GD] page 2: 24 items
[GD] HTTP 200 | CT=application/json; charset=utf-8 | page=3
[GD] page 3: 24 items
[GD] HTTP 200 | CT=application/json; charset=utf-8 | page=4
[GD] page 4: 24 items
[GD] HTTP 200 | CT=application/json; charset=utf-8 | page=5
[GD] page 5: 24 items
[GD] total raw items before normalize: 120; unique kept: 104
[GD] normalized rows: 104
[GD] blocked by specialty/diesel filter: 92; passing: 12
[Proxibid] parsed 30 rows across 1 page(s)
[Renebates] found 57 events on index
[Renebates] event: Bolivar Water Supply Corporation - Sanger, Texas secs=52253
[Renebates] Bolivar Water Supply Corporation - Sanger, Texas -> 48 lots via https://renebates.com/a_list_2.php?id=294&cat=all
[Renebates] event: Allen Independent School District - Allen, Texas secs=55848
[Renebates] Allen Independent School District - Allen, Texas -> 45 lots via https://renebates.com/a_list_2.php?id=234&cat=all
[DEBUG] collected 42 listings from all sites (after filter)
[GD] HTTP 200 | CT=application/json; charset=utf-8 | page=1
[GD] page 1: 24 items
[GD] HTTP 200 | CT=application/json; charset=utf-8 | page=2
[GD] page 2: 24 items
[GD] HTTP 200 | CT=application/json; charset=utf-8 | page=3
[GD] page 3: 24 items
[GD] HTTP 200 | CT=application/json; charset=utf-8 | page=4
[GD] page 4: 24 items
[GD] HTTP 200 | CT=application/json; charset=utf-8 | page=5
[GD] page 5: 24 items
[GD] total raw items before normalize: 120; unique kept: 104
[GD] normalized rows: 104
[GD] blocked by specialty/diesel filter: 92; passing: 12
[Proxibid] parsed 30 rows across 1 page(s)
[Renebates] found 57 events on index
[Renebates] event: Bolivar Water Supply Corporation - Sanger, Texas secs=51599
[Renebates] Bolivar Water Supply Corporation - Sanger, Texas -> 48 lots via https://renebates.com/a_list_2.php?id=294&cat=all
[Renebates] event: Allen Independent School District - Allen, Texas secs=55196
[Renebates] Allen Independent School District - Allen, Texas -> 45 lots via https://renebates.com/a_list_2.php?id=234&cat=all
[DEBUG] collected 42 listings from all sites (after filter)
[GD] HTTP 200 | CT=application/json; charset=utf-8 | page=1
[GD] page 1: 24 items
[GD] HTTP 200 | CT=application/json; charset=utf-8 | page=2
[GD] page 2: 24 items
[GD] HTTP 200 | CT=application/json; charset=utf-8 | page=3
[GD] page 3: 24 items
[GD] HTTP 200 | CT=application/json; charset=utf-8 | page=4
[GD] page 4: 24 items
[GD] HTTP 200 | CT=application/json; charset=utf-8 | page=5
[GD] page 5: 24 items
[GD] total raw items before normalize: 120; unique kept: 103
[GD] normalized rows: 103
[GD] blocked by specialty/diesel filter: 91; passing: 12
[Proxibid] parsed 30 rows across 1 page(s)
[Renebates] found 57 events on index
[Renebates] event: Bolivar Water Supply Corporation - Sanger, Texas secs=50948
[Renebates] Bolivar Water Supply Corporation - Sanger, Texas -> 48 lots via https://renebates.com/a_list_2.php?id=294&cat=all
[Renebates] event: Allen Independent School District - Allen, Texas secs=54543
[Renebates] Allen Independent School District - Allen, Texas -> 45 lots via https://renebates.com/a_list_2.php?id=234&cat=all
[DEBUG] collected 42 listings from all sites (after filter)
[GD] HTTP 200 | CT=application/json; charset=utf-8 | page=1
[GD] page 1: 24 items
[GD] HTTP 200 | CT=application/json; charset=utf-8 | page=2
[GD] page 2: 24 items
[GD] HTTP 200 | CT=application/json; charset=utf-8 | page=3
[GD] page 3: 24 items
[GD] HTTP 200 | CT=application/json; charset=utf-8 | page=4
[GD] page 4: 24 items
[GD] HTTP 200 | CT=application/json; charset=utf-8 | page=5
[GD] page 5: 24 items
[GD] total raw items before normalize: 120; unique kept: 103
[GD] normalized rows: 103
[GD] blocked by specialty/diesel filter: 91; passing: 12
[Proxibid] parsed 30 rows across 1 page(s)
[Renebates] found 57 events on index
[Renebates] event: Bolivar Water Supply Corporation - Sanger, Texas secs=50285
[Renebates] Bolivar Water Supply Corporation - Sanger, Texas -> 48 lots via https://renebates.com/a_list_2.php?id=294&cat=all
[Renebates] event: Allen Independent School District - Allen, Texas secs=53883
[Renebates] Allen Independent School District - Allen, Texas -> 45 lots via https://renebates.com/a_list_2.php?id=234&cat=all
[DEBUG] collected 42 listings from all sites (after filter)
[GD] HTTP 200 | CT=application/json; charset=utf-8 | page=1
[GD] page 1: 24 items
[GD] HTTP 200 | CT=application/json; charset=utf-8 | page=2
[GD] page 2: 24 items
[GD] HTTP 200 | CT=application/json; charset=utf-8 | page=3
[GD] page 3: 24 items
[GD] HTTP 200 | CT=application/json; charset=utf-8 | page=4
[GD] page 4: 24 items
[GD] HTTP 200 | CT=application/json; charset=utf-8 | page=5
[GD] page 5: 24 items
[GD] total raw items before normalize: 120; unique kept: 102
[GD] normalized rows: 102
[GD] blocked by specialty/diesel filter: 90; passing: 12
[Proxibid] parsed 30 rows across 1 page(s)
[Renebates] found 57 events on index
[Renebates] event: Bolivar Water Supply Corporation - Sanger, Texas secs=49638
[Renebates] Bolivar Water Supply Corporation - Sanger, Texas -> 48 lots via https://renebates.com/a_list_2.php?id=294&cat=all
[Renebates] event: Allen Independent School District - Allen, Texas secs=53234
[Renebates] Allen Independent School District - Allen, Texas -> 45 lots via https://renebates.com/a_list_2.php?id=234&cat=all
[DEBUG] collected 42 listings from all sites (after filter)
[GD] HTTP 200 | CT=application/json; charset=utf-8 | page=1
[GD] page 1: 24 items
[GD] HTTP 200 | CT=application/json; charset=utf-8 | page=2
[GD] page 2: 24 items
[GD] HTTP 200 | CT=application/json; charset=utf-8 | page=3
[GD] page 3: 24 items
[GD] HTTP 200 | CT=application/json; charset=utf-8 | page=4
[GD] page 4: 24 items
[GD] HTTP 200 | CT=application/json; charset=utf-8 | page=5
[GD] page 5: 24 items
[GD] total raw items before normalize: 120; unique kept: 102
[GD] normalized rows: 102
[GD] blocked by specialty/diesel filter: 90; passing: 12
[Proxibid] parsed 30 rows across 1 page(s)
[Renebates] found 57 events on index
[Renebates] event: Bolivar Water Supply Corporation - Sanger, Texas secs=48996
[Renebates] Bolivar Water Supply Corporation - Sanger, Texas -> 48 lots via https://renebates.com/a_list_2.php?id=294&cat=all
[Renebates] event: Allen Independent School District - Allen, Texas secs=52593
[Renebates] Allen Independent School District - Allen, Texas -> 45 lots via https://renebates.com/a_list_2.php?id=234&cat=all
[DEBUG] collected 42 listings from all sites (after filter)
[GD] HTTP 200 | CT=application/json; charset=utf-8 | page=1
[GD] page 1: 24 items
[GD] HTTP 200 | CT=application/json; charset=utf-8 | page=2
[GD] page 2: 24 items
[GD] HTTP 200 | CT=application/json; charset=utf-8 | page=3
[GD] page 3: 24 items
[GD] HTTP 200 | CT=application/json; charset=utf-8 | page=4
[GD] page 4: 24 items
[GD] HTTP 200 | CT=application/json; charset=utf-8 | page=5
[GD] page 5: 24 items
[GD] total raw items before normalize: 120; unique kept: 102
[GD] normalized rows: 102
[GD] blocked by specialty/diesel filter: 90; passing: 12
[Proxibid] parsed 30 rows across 1 page(s)
[Renebates] found 57 events on index
[Renebates] event: Bolivar Water Supply Corporation - Sanger, Texas secs=48346
[Renebates] Bolivar Water Supply Corporation - Sanger, Texas -> 48 lots via https://renebates.com/a_list_2.php?id=294&cat=all
[Renebates] event: Allen Independent School District - Allen, Texas secs=51943
[Renebates] Allen Independent School District - Allen, Texas -> 45 lots via https://renebates.com/a_list_2.php?id=234&cat=all
[DEBUG] collected 42 listings from all sites (after filter)
[GD] HTTP 200 | CT=application/json; charset=utf-8 | page=1
[GD] page 1: 24 items
[GD] HTTP 200 | CT=application/json; charset=utf-8 | page=2
[GD] page 2: 24 items
[GD] HTTP 200 | CT=application/json; charset=utf-8 | page=3
[GD] page 3: 24 items
[GD] HTTP 200 | CT=application/json; charset=utf-8 | page=4
[GD] page 4: 24 items
[GD] HTTP 200 | CT=application/json; charset=utf-8 | page=5
[GD] page 5: 24 items
[GD] total raw items before normalize: 120; unique kept: 102
[GD] normalized rows: 102
[GD] blocked by specialty/diesel filter: 90; passing: 12
[Proxibid] parsed 30 rows across 1 page(s)
[Renebates] found 57 events on index
[Renebates] event: Bolivar Water Supply Corporation - Sanger, Texas secs=47700
[Renebates] Bolivar Water Supply Corporation - Sanger, Texas -> 48 lots via https://renebates.com/a_list_2.php?id=294&cat=all
[Renebates] event: Allen Independent School District - Allen, Texas secs=51296
[Renebates] Allen Independent School District - Allen, Texas -> 45 lots via https://renebates.com/a_list_2.php?id=234&cat=all
[DEBUG] collected 42 listings from all sites (after filter)
[GD] HTTP 200 | CT=application/json; charset=utf-8 | page=1
[GD] page 1: 24 items
[GD] HTTP 200 | CT=application/json; charset=utf-8 | page=2
[GD] page 2: 24 items
[GD] HTTP 200 | CT=application/json; charset=utf-8 | page=3
[GD] page 3: 24 items
[GD] HTTP 200 | CT=application/json; charset=utf-8 | page=4
[GD] page 4: 24 items
[GD] HTTP 200 | CT=application/json; charset=utf-8 | page=5
[GD] page 5: 24 items
[GD] total raw items before normalize: 120; unique kept: 102
[GD] normalized rows: 102
[GD] blocked by specialty/diesel filter: 90; passing: 12
[Proxibid] parsed 30 rows across 1 page(s)
[Renebates] found 57 events on index
[Renebates] event: Bolivar Water Supply Corporation - Sanger, Texas secs=47054
[Renebates] Bolivar Water Supply Corporation - Sanger, Texas -> 48 lots via https://renebates.com/a_list_2.php?id=294&cat=all
[Renebates] event: Allen Independent School District - Allen, Texas secs=50652
[Renebates] Allen Independent School District - Allen, Texas -> 45 lots via https://renebates.com/a_list_2.php?id=234&cat=all
[DEBUG] collected 42 listings from all sites (after filter)
[GD] HTTP 200 | CT=application/json; charset=utf-8 | page=1
[GD] page 1: 24 items
[GD] HTTP 200 | CT=application/json; charset=utf-8 | page=2
[GD] page 2: 24 items
[GD] HTTP 200 | CT=application/json; charset=utf-8 | page=3
[GD] page 3: 24 items
[GD] HTTP 200 | CT=application/json; charset=utf-8 | page=4
[GD] page 4: 24 items
[GD] HTTP 200 | CT=application/json; charset=utf-8 | page=5
[GD] page 5: 24 items
[GD] total raw items before normalize: 120; unique kept: 102
[GD] normalized rows: 102
[GD] blocked by specialty/diesel filter: 90; passing: 12
[Proxibid] parsed 30 rows across 1 page(s)
[Renebates] found 57 events on index
[Renebates] event: Bolivar Water Supply Corporation - Sanger, Texas secs=46406
[Renebates] Bolivar Water Supply Corporation - Sanger, Texas -> 48 lots via https://renebates.com/a_list_2.php?id=294&cat=all
[Renebates] event: Allen Independent School District - Allen, Texas secs=50003
[Renebates] Allen Independent School District - Allen, Texas -> 45 lots via https://renebates.com/a_list_2.php?id=234&cat=all
[DEBUG] collected 42 listings from all sites (after filter)
[GD] HTTP 200 | CT=application/json; charset=utf-8 | page=1
[GD] page 1: 24 items
[GD] HTTP 200 | CT=application/json; charset=utf-8 | page=2
[GD] page 2: 24 items
[GD] HTTP 200 | CT=application/json; charset=utf-8 | page=3
[GD] page 3: 24 items
[GD] HTTP 200 | CT=application/json; charset=utf-8 | page=4
[GD] page 4: 24 items
[GD] HTTP 200 | CT=application/json; charset=utf-8 | page=5
[GD] page 5: 24 items
[GD] total raw items before normalize: 120; unique kept: 102
[GD] normalized rows: 102
[GD] blocked by specialty/diesel filter: 90; passing: 12
[Proxibid] parsed 30 rows across 1 page(s)
[Renebates] found 57 events on index
[Renebates] event: Bolivar Water Supply Corporation - Sanger, Texas secs=45766
[Renebates] Bolivar Water Supply Corporation - Sanger, Texas -> 48 lots via https://renebates.com/a_list_2.php?id=294&cat=all
[Renebates] event: Allen Independent School District - Allen, Texas secs=49362
[Renebates] Allen Independent School District - Allen, Texas -> 45 lots via https://renebates.com/a_list_2.php?id=234&cat=all
[DEBUG] collected 42 listings from all sites (after filter)
[GD] HTTP 200 | CT=application/json; charset=utf-8 | page=1
[GD] page 1: 24 items
[GD] HTTP 200 | CT=application/json; charset=utf-8 | page=2
[GD] page 2: 24 items
[GD] HTTP 200 | CT=application/json; charset=utf-8 | page=3
[GD] page 3: 24 items
[GD] HTTP 200 | CT=application/json; charset=utf-8 | page=4
[GD] page 4: 24 items
[GD] HTTP 200 | CT=application/json; charset=utf-8 | page=5
[GD] page 5: 24 items
[GD] total raw items before normalize: 120; unique kept: 102
[GD] normalized rows: 102
[GD] blocked by specialty/diesel filter: 90; passing: 12
[Proxibid] parsed 30 rows across 1 page(s)
[Renebates] found 57 events on index
[Renebates] event: Bolivar Water Supply Corporation - Sanger, Texas secs=45111
[Renebates] Bolivar Water Supply Corporation - Sanger, Texas -> 48 lots via https://renebates.com/a_list_2.php?id=294&cat=all
[Renebates] event: Allen Independent School District - Allen, Texas secs=48707
[Renebates] Allen Independent School District - Allen, Texas -> 45 lots via https://renebates.com/a_list_2.php?id=234&cat=all
[DEBUG] collected 42 listings from all sites (after filter)
[GD] HTTP 200 | CT=application/json; charset=utf-8 | page=1
[GD] page 1: 24 items
[GD] HTTP 200 | CT=application/json; charset=utf-8 | page=2
[GD] page 2: 24 items
[GD] HTTP 200 | CT=application/json; charset=utf-8 | page=3
[GD] page 3: 24 items
[GD] HTTP 200 | CT=application/json; charset=utf-8 | page=4
[GD] page 4: 24 items
[GD] HTTP 200 | CT=application/json; charset=utf-8 | page=5
[GD] page 5: 24 items
[GD] total raw items before normalize: 120; unique kept: 102
[GD] normalized rows: 102
[GD] blocked by specialty/diesel filter: 90; passing: 12
[Proxibid] parsed 30 rows across 1 page(s)
[Renebates] found 57 events on index
[Renebates] event: Bolivar Water Supply Corporation - Sanger, Texas secs=44461
[Renebates] Bolivar Water Supply Corporation - Sanger, Texas -> 48 lots via https://renebates.com/a_list_2.php?id=294&cat=all
[Renebates] event: Allen Independent School District - Allen, Texas secs=48057
[Renebates] Allen Independent School District - Allen, Texas -> 45 lots via https://renebates.com/a_list_2.php?id=234&cat=all
[DEBUG] collected 42 listings from all sites (after filter)
[GD] HTTP 200 | CT=application/json; charset=utf-8 | page=1
[GD] page 1: 24 items
[GD] HTTP 200 | CT=application/json; charset=utf-8 | page=2
[GD] page 2: 24 items
[GD] HTTP 200 | CT=application/json; charset=utf-8 | page=3
[GD] page 3: 24 items
[GD] HTTP 200 | CT=application/json; charset=utf-8 | page=4
[GD] page 4: 24 items
[GD] HTTP 200 | CT=application/json; charset=utf-8 | page=5
[GD] page 5: 24 items
[GD] total raw items before normalize: 120; unique kept: 102
[GD] normalized rows: 102
[GD] blocked by specialty/diesel filter: 90; passing: 12
[Proxibid] parsed 30 rows across 1 page(s)
[Renebates] found 57 events on index
[Renebates] event: Bolivar Water Supply Corporation - Sanger, Texas secs=43810
[Renebates] Bolivar Water Supply Corporation - Sanger, Texas -> 48 lots via https://renebates.com/a_list_2.php?id=294&cat=all
[Renebates] event: Allen Independent School District - Allen, Texas secs=47407
[Renebates] Allen Independent School District - Allen, Texas -> 45 lots via https://renebates.com/a_list_2.php?id=234&cat=all
[DEBUG] collected 42 listings from all sites (after filter)
[GD] HTTP 200 | CT=application/json; charset=utf-8 | page=1
[GD] page 1: 24 items
[GD] HTTP 200 | CT=application/json; charset=utf-8 | page=2
[GD] page 2: 24 items
[GD] HTTP 200 | CT=application/json; charset=utf-8 | page=3
[GD] page 3: 24 items
[GD] HTTP 200 | CT=application/json; charset=utf-8 | page=4
[GD] page 4: 24 items
[GD] HTTP 200 | CT=application/json; charset=utf-8 | page=5
[GD] page 5: 24 items
[GD] total raw items before normalize: 120; unique kept: 102
[GD] normalized rows: 102
[GD] blocked by specialty/diesel filter: 90; passing: 12
[Proxibid] parsed 30 rows across 1 page(s)
[Renebates] found 57 events on index
[Renebates] event: Bolivar Water Supply Corporation - Sanger, Texas secs=43160
[Renebates] Bolivar Water Supply Corporation - Sanger, Texas -> 48 lots via https://renebates.com/a_list_2.php?id=294&cat=all
[Renebates] event: Allen Independent School District - Allen, Texas secs=46756
[Renebates] Allen Independent School District - Allen, Texas -> 45 lots via https://renebates.com/a_list_2.php?id=234&cat=all
[DEBUG] collected 42 listings from all sites (after filter)
[GD] HTTP 200 | CT=application/json; charset=utf-8 | page=1
[GD] page 1: 24 items
[GD] HTTP 200 | CT=application/json; charset=utf-8 | page=2
[GD] page 2: 24 items
[GD] HTTP 200 | CT=application/json; charset=utf-8 | page=3
[GD] page 3: 24 items
[GD] HTTP 200 | CT=application/json; charset=utf-8 | page=4
[GD] page 4: 24 items
[GD] HTTP 200 | CT=application/json; charset=utf-8 | page=5
[GD] page 5: 24 items
[GD] total raw items before normalize: 120; unique kept: 102
[GD] normalized rows: 102
[GD] blocked by specialty/diesel filter: 90; passing: 12
[Proxibid] parsed 30 rows across 1 page(s)
[Renebates] found 57 events on index
[Renebates] event: Bolivar Water Supply Corporation - Sanger, Texas secs=42518
[Renebates] Bolivar Water Supply Corporation - Sanger, Texas -> 48 lots via https://renebates.com/a_list_2.php?id=294&cat=all
[Renebates] event: Allen Independent School District - Allen, Texas secs=46114
[Renebates] Allen Independent School District - Allen, Texas -> 45 lots via https://renebates.com/a_list_2.php?id=234&cat=all
[DEBUG] collected 42 listings from all sites (after filter)
[GD] HTTP 200 | CT=application/json; charset=utf-8 | page=1
[GD] page 1: 24 items
[GD] HTTP 200 | CT=application/json; charset=utf-8 | page=2
[GD] page 2: 24 items
[GD] HTTP 200 | CT=application/json; charset=utf-8 | page=3
[GD] page 3: 24 items
[GD] HTTP 200 | CT=application/json; charset=utf-8 | page=4
[GD] page 4: 24 items
[GD] HTTP 200 | CT=application/json; charset=utf-8 | page=5
[GD] page 5: 24 items
[GD] total raw items before normalize: 120; unique kept: 102
[GD] normalized rows: 102
[GD] blocked by specialty/diesel filter: 90; passing: 12
[Proxibid] parsed 30 rows across 1 page(s)
[Renebates] found 57 events on index
[Renebates] event: Bolivar Water Supply Corporation - Sanger, Texas secs=41866
[Renebates] Bolivar Water Supply Corporation - Sanger, Texas -> 48 lots via https://renebates.com/a_list_2.php?id=294&cat=all
[Renebates] event: Allen Independent School District - Allen, Texas secs=45462
[Renebates] Allen Independent School District - Allen, Texas -> 45 lots via https://renebates.com/a_list_2.php?id=234&cat=all
[DEBUG] collected 42 listings from all sites (after filter)
[GD] HTTP 200 | CT=application/json; charset=utf-8 | page=1
[GD] page 1: 24 items
[GD] HTTP 200 | CT=application/json; charset=utf-8 | page=2
[GD] page 2: 24 items
[GD] HTTP 200 | CT=application/json; charset=utf-8 | page=3
[GD] page 3: 24 items
[GD] HTTP 200 | CT=application/json; charset=utf-8 | page=4
[GD] page 4: 24 items
[GD] HTTP 200 | CT=application/json; charset=utf-8 | page=5
[GD] page 5: 24 items
[GD] total raw items before normalize: 120; unique kept: 102
[GD] normalized rows: 102
[GD] blocked by specialty/diesel filter: 90; passing: 12
[Proxibid] parsed 30 rows across 1 page(s)
[Renebates] found 57 events on index
[Renebates] event: Bolivar Water Supply Corporation - Sanger, Texas secs=41213
[Renebates] Bolivar Water Supply Corporation - Sanger, Texas -> 48 lots via https://renebates.com/a_list_2.php?id=294&cat=all
[Renebates] event: Allen Independent School District - Allen, Texas secs=44809
[Renebates] Allen Independent School District - Allen, Texas -> 45 lots via https://renebates.com/a_list_2.php?id=234&cat=all
[DEBUG] collected 42 listings from all sites (after filter)
[GD] HTTP 200 | CT=application/json; charset=utf-8 | page=1
[GD] page 1: 24 items
[GD] HTTP 200 | CT=application/json; charset=utf-8 | page=2
[GD] page 2: 24 items
[GD] HTTP 200 | CT=application/json; charset=utf-8 | page=3
[GD] page 3: 24 items
[GD] HTTP 200 | CT=application/json; charset=utf-8 | page=4
[GD] page 4: 24 items
[GD] HTTP 200 | CT=application/json; charset=utf-8 | page=5
[GD] page 5: 24 items
[GD] total raw items before normalize: 120; unique kept: 102
[GD] normalized rows: 102
[GD] blocked by specialty/diesel filter: 90; passing: 12
[Proxibid] parsed 30 rows across 1 page(s)
[Renebates] found 57 events on index
[Renebates] event: Bolivar Water Supply Corporation - Sanger, Texas secs=40567
[Renebates] Bolivar Water Supply Corporation - Sanger, Texas -> 48 lots via https://renebates.com/a_list_2.php?id=294&cat=all
[Renebates] event: Allen Independent School District - Allen, Texas secs=44163
[Renebates] Allen Independent School District - Allen, Texas -> 45 lots via https://renebates.com/a_list_2.php?id=234&cat=all
[DEBUG] collected 42 listings from all sites (after filter)
[GD] HTTP 200 | CT=application/json; charset=utf-8 | page=1
[GD] page 1: 24 items
[GD] HTTP 200 | CT=application/json; charset=utf-8 | page=2
[GD] page 2: 24 items
[GD] HTTP 200 | CT=application/json; charset=utf-8 | page=3
[GD] page 3: 24 items
[GD] HTTP 200 | CT=application/json; charset=utf-8 | page=4
[GD] page 4: 24 items
[GD] HTTP 200 | CT=application/json; charset=utf-8 | page=5
[GD] page 5: 24 items
[GD] total raw items before normalize: 120; unique kept: 102
[GD] normalized rows: 102
[GD] blocked by specialty/diesel filter: 90; passing: 12
[Proxibid] parsed 30 rows across 1 page(s)
[Renebates] found 57 events on index
[Renebates] event: Bolivar Water Supply Corporation - Sanger, Texas secs=39922
[Renebates] Bolivar Water Supply Corporation - Sanger, Texas -> 48 lots via https://renebates.com/a_list_2.php?id=294&cat=all
[Renebates] event: Allen Independent School District - Allen, Texas secs=43518
[Renebates] Allen Independent School District - Allen, Texas -> 45 lots via https://renebates.com/a_list_2.php?id=234&cat=all
[DEBUG] collected 42 listings from all sites (after filter)
[GD] HTTP 200 | CT=application/json; charset=utf-8 | page=1
[GD] page 1: 24 items
[GD] HTTP 200 | CT=application/json; charset=utf-8 | page=2
[GD] page 2: 24 items
[GD] HTTP 200 | CT=application/json; charset=utf-8 | page=3
[GD] page 3: 24 items
[GD] HTTP 200 | CT=application/json; charset=utf-8 | page=4
[GD] page 4: 24 items
[GD] HTTP 200 | CT=application/json; charset=utf-8 | page=5
[GD] page 5: 24 items
[GD] total raw items before normalize: 120; unique kept: 102
[GD] normalized rows: 102
[GD] blocked by specialty/diesel filter: 90; passing: 12
[Proxibid] parsed 30 rows across 1 page(s)
[Renebates] found 57 events on index
[Renebates] event: Bolivar Water Supply Corporation - Sanger, Texas secs=39267
[Renebates] Bolivar Water Supply Corporation - Sanger, Texas -> 48 lots via https://renebates.com/a_list_2.php?id=294&cat=all
[Renebates] event: Allen Independent School District - Allen, Texas secs=42864
[Renebates] Allen Independent School District - Allen, Texas -> 45 lots via https://renebates.com/a_list_2.php?id=234&cat=all
[DEBUG] collected 42 listings from all sites (after filter)
[GD] HTTP 200 | CT=application/json; charset=utf-8 | page=1
[GD] page 1: 24 items
[GD] HTTP 200 | CT=application/json; charset=utf-8 | page=2
[GD] page 2: 24 items
[GD] HTTP 200 | CT=application/json; charset=utf-8 | page=3
[GD] page 3: 24 items
[GD] HTTP 200 | CT=application/json; charset=utf-8 | page=4
[GD] page 4: 24 items
[GD] HTTP 200 | CT=application/json; charset=utf-8 | page=5
[GD] page 5: 24 items
[GD] total raw items before normalize: 120; unique kept: 102
[GD] normalized rows: 102
[GD] blocked by specialty/diesel filter: 90; passing: 12
[Proxibid] parsed 30 rows across 1 page(s)
[Renebates] found 57 events on index
[Renebates] event: Bolivar Water Supply Corporation - Sanger, Texas secs=38611
[Renebates] Bolivar Water Supply Corporation - Sanger, Texas -> 48 lots via https://renebates.com/a_list_2.php?id=294&cat=all
[Renebates] event: Allen Independent School District - Allen, Texas secs=42209
[Renebates] Allen Independent School District - Allen, Texas -> 45 lots via https://renebates.com/a_list_2.php?id=234&cat=all
[DEBUG] collected 42 listings from all sites (after filter)
[GD] HTTP 200 | CT=application/json; charset=utf-8 | page=1
[GD] page 1: 24 items
[GD] HTTP 200 | CT=application/json; charset=utf-8 | page=2
[GD] page 2: 24 items
[GD] HTTP 200 | CT=application/json; charset=utf-8 | page=3
[GD] page 3: 24 items
[GD] HTTP 200 | CT=application/json; charset=utf-8 | page=4
[GD] page 4: 24 items
[GD] HTTP 200 | CT=application/json; charset=utf-8 | page=5
[GD] page 5: 24 items
[GD] total raw items before normalize: 120; unique kept: 102
[GD] normalized rows: 102
[GD] blocked by specialty/diesel filter: 90; passing: 12
[Proxibid] parsed 30 rows across 1 page(s)
[Renebates] found 57 events on index
[Renebates] event: Bolivar Water Supply Corporation - Sanger, Texas secs=37966
[Renebates] Bolivar Water Supply Corporation - Sanger, Texas -> 48 lots via https://renebates.com/a_list_2.php?id=294&cat=all
[Renebates] event: Allen Independent School District - Allen, Texas secs=41563
[Renebates] Allen Independent School District - Allen, Texas -> 45 lots via https://renebates.com/a_list_2.php?id=234&cat=all
[DEBUG] collected 42 listings from all sites (after filter)
[GD] HTTP 200 | CT=application/json; charset=utf-8 | page=1
[GD] page 1: 24 items
[GD] HTTP 200 | CT=application/json; charset=utf-8 | page=2
[GD] page 2: 24 items
[GD] HTTP 200 | CT=application/json; charset=utf-8 | page=3
[GD] page 3: 24 items
[GD] HTTP 200 | CT=application/json; charset=utf-8 | page=4
[GD] page 4: 24 items
[GD] HTTP 200 | CT=application/json; charset=utf-8 | page=5
[GD] page 5: 24 items
[GD] total raw items before normalize: 120; unique kept: 102
[GD] normalized rows: 102
[GD] blocked by specialty/diesel filter: 90; passing: 12
[Proxibid] parsed 30 rows across 1 page(s)
[Renebates] found 57 events on index
[Renebates] event: Bolivar Water Supply Corporation - Sanger, Texas secs=37316
[Renebates] Bolivar Water Supply Corporation - Sanger, Texas -> 48 lots via https://renebates.com/a_list_2.php?id=294&cat=all
[Renebates] event: Allen Independent School District - Allen, Texas secs=40912
[Renebates] Allen Independent School District - Allen, Texas -> 45 lots via https://renebates.com/a_list_2.php?id=234&cat=all
[DEBUG] collected 42 listings from all sites (after filter)
[GD] HTTP 200 | CT=application/json; charset=utf-8 | page=1
[GD] page 1: 24 items
[GD] HTTP 200 | CT=application/json; charset=utf-8 | page=2
[GD] page 2: 24 items
[GD] HTTP 200 | CT=application/json; charset=utf-8 | page=3
[GD] page 3: 24 items
[GD] HTTP 200 | CT=application/json; charset=utf-8 | page=4
[GD] page 4: 24 items
[GD] HTTP 200 | CT=application/json; charset=utf-8 | page=5
[GD] page 5: 24 items
[GD] total raw items before normalize: 120; unique kept: 102
[GD] normalized rows: 102
[GD] blocked by specialty/diesel filter: 90; passing: 12
[Proxibid] parsed 30 rows across 1 page(s)
[Renebates] found 57 events on index
[Renebates] event: Bolivar Water Supply Corporation - Sanger, Texas secs=36652
[Renebates] Bolivar Water Supply Corporation - Sanger, Texas -> 48 lots via https://renebates.com/a_list_2.php?id=294&cat=all
[Renebates] event: Allen Independent School District - Allen, Texas secs=40250
[Renebates] Allen Independent School District - Allen, Texas -> 45 lots via https://renebates.com/a_list_2.php?id=234&cat=all
[DEBUG] collected 42 listings from all sites (after filter)
[GD] HTTP 200 | CT=application/json; charset=utf-8 | page=1
[GD] page 1: 24 items
[GD] HTTP 200 | CT=application/json; charset=utf-8 | page=2
[GD] page 2: 24 items
[GD] HTTP 200 | CT=application/json; charset=utf-8 | page=3
[GD] page 3: 24 items
[GD] HTTP 200 | CT=application/json; charset=utf-8 | page=4
[GD] page 4: 24 items
[GD] HTTP 200 | CT=application/json; charset=utf-8 | page=5
[GD] page 5: 24 items
[GD] total raw items before normalize: 120; unique kept: 102
[GD] normalized rows: 102
[GD] blocked by specialty/diesel filter: 90; passing: 12
[Proxibid] parsed 30 rows across 1 page(s)
[Renebates] found 57 events on index
[Renebates] event: Bolivar Water Supply Corporation - Sanger, Texas secs=35991
[Renebates] Bolivar Water Supply Corporation - Sanger, Texas -> 48 lots via https://renebates.com/a_list_2.php?id=294&cat=all
[Renebates] event: Allen Independent School District - Allen, Texas secs=39588
[Renebates] Allen Independent School District - Allen, Texas -> 45 lots via https://renebates.com/a_list_2.php?id=234&cat=all
[DEBUG] collected 42 listings from all sites (after filter)
[GD] HTTP 200 | CT=application/json; charset=utf-8 | page=1
[GD] page 1: 24 items
[GD] HTTP 200 | CT=application/json; charset=utf-8 | page=2
[GD] page 2: 24 items
[GD] HTTP 200 | CT=application/json; charset=utf-8 | page=3
[GD] page 3: 24 items
[GD] HTTP 200 | CT=application/json; charset=utf-8 | page=4
[GD] page 4: 24 items
[GD] HTTP 200 | CT=application/json; charset=utf-8 | page=5
[GD] page 5: 24 items
[GD] total raw items before normalize: 120; unique kept: 102
[GD] normalized rows: 102
[GD] blocked by specialty/diesel filter: 90; passing: 12
[Proxibid] parsed 30 rows across 1 page(s)
[Renebates] found 57 events on index
[Renebates] event: Bolivar Water Supply Corporation - Sanger, Texas secs=35345
[Renebates] Bolivar Water Supply Corporation - Sanger, Texas -> 48 lots via https://renebates.com/a_list_2.php?id=294&cat=all
[Renebates] event: Allen Independent School District - Allen, Texas secs=38941
[Renebates] Allen Independent School District - Allen, Texas -> 45 lots via https://renebates.com/a_list_2.php?id=234&cat=all
[DEBUG] collected 42 listings from all sites (after filter)
[GD] HTTP 200 | CT=application/json; charset=utf-8 | page=1
[GD] page 1: 24 items
[GD] HTTP 200 | CT=application/json; charset=utf-8 | page=2
[GD] page 2: 24 items
[GD] HTTP 200 | CT=application/json; charset=utf-8 | page=3
[GD] page 3: 24 items
[GD] HTTP 200 | CT=application/json; charset=utf-8 | page=4
[GD] page 4: 24 items
[GD] HTTP 200 | CT=application/json; charset=utf-8 | page=5
[GD] page 5: 24 items
[GD] total raw items before normalize: 120; unique kept: 102
[GD] normalized rows: 102
[GD] blocked by specialty/diesel filter: 90; passing: 12
[Proxibid] parsed 30 rows across 1 page(s)
[Renebates] found 57 events on index
[Renebates] event: Bolivar Water Supply Corporation - Sanger, Texas secs=34686
[Renebates] Bolivar Water Supply Corporation - Sanger, Texas -> 48 lots via https://renebates.com/a_list_2.php?id=294&cat=all
[Renebates] event: Allen Independent School District - Allen, Texas secs=38282
[Renebates] Allen Independent School District - Allen, Texas -> 45 lots via https://renebates.com/a_list_2.php?id=234&cat=all
[DEBUG] collected 42 listings from all sites (after filter)
[GD] HTTP 200 | CT=application/json; charset=utf-8 | page=1
[GD] page 1: 24 items
[GD] HTTP 200 | CT=application/json; charset=utf-8 | page=2
[GD] page 2: 24 items
[GD] HTTP 200 | CT=application/json; charset=utf-8 | page=3
[GD] page 3: 24 items
[GD] HTTP 200 | CT=application/json; charset=utf-8 | page=4
[GD] page 4: 24 items
[GD] HTTP 200 | CT=application/json; charset=utf-8 | page=5
[GD] page 5: 24 items
[GD] total raw items before normalize: 120; unique kept: 102
[GD] normalized rows: 102
[GD] blocked by specialty/diesel filter: 90; passing: 12
[Proxibid] parsed 30 rows across 1 page(s)
[Renebates] found 57 events on index
[Renebates] event: Bolivar Water Supply Corporation - Sanger, Texas secs=34033
[Renebates] Bolivar Water Supply Corporation - Sanger, Texas -> 48 lots via https://renebates.com/a_list_2.php?id=294&cat=all
[Renebates] event: Allen Independent School District - Allen, Texas secs=37630
[Renebates] Allen Independent School District - Allen, Texas -> 45 lots via https://renebates.com/a_list_2.php?id=234&cat=all
[DEBUG] collected 42 listings from all sites (after filter)
❌ SMS failed: HTTP 401 error: Unable to create record: Authenticate
💓 Healthcheck SMS sent.
[GD] HTTP 200 | CT=application/json; charset=utf-8 | page=1
[GD] page 1: 24 items
[GD] HTTP 200 | CT=application/json; charset=utf-8 | page=2
[GD] page 2: 24 items
[GD] HTTP 200 | CT=application/json; charset=utf-8 | page=3
[GD] page 3: 24 items
[GD] HTTP 200 | CT=application/json; charset=utf-8 | page=4
[GD] page 4: 24 items
[GD] HTTP 200 | CT=application/json; charset=utf-8 | page=5
[GD] page 5: 24 items
[GD] total raw items before normalize: 120; unique kept: 102
[GD] normalized rows: 102
[GD] blocked by specialty/diesel filter: 90; passing: 12
[Proxibid] parsed 30 rows across 1 page(s)
[Renebates] found 57 events on index
[Renebates] event: Bolivar Water Supply Corporation - Sanger, Texas secs=33390
[Renebates] Bolivar Water Supply Corporation - Sanger, Texas -> 48 lots via https://renebates.com/a_list_2.php?id=294&cat=all
[Renebates] event: Allen Independent School District - Allen, Texas secs=36986
[Renebates] Allen Independent School District - Allen, Texas -> 45 lots via https://renebates.com/a_list_2.php?id=234&cat=all
[DEBUG] collected 42 listings from all sites (after filter)
[GD] HTTP 200 | CT=application/json; charset=utf-8 | page=1
[GD] page 1: 24 items
[GD] HTTP 200 | CT=application/json; charset=utf-8 | page=2
[GD] page 2: 24 items
[GD] HTTP 200 | CT=application/json; charset=utf-8 | page=3
[GD] page 3: 24 items
[GD] HTTP 200 | CT=application/json; charset=utf-8 | page=4
[GD] page 4: 24 items
[GD] HTTP 200 | CT=application/json; charset=utf-8 | page=5
[GD] page 5: 24 items
[GD] total raw items before normalize: 120; unique kept: 102
[GD] normalized rows: 102
[GD] blocked by specialty/diesel filter: 90; passing: 12
[Proxibid] parsed 30 rows across 1 page(s)
[Renebates] found 57 events on index
[Renebates] event: Bolivar Water Supply Corporation - Sanger, Texas secs=32740
[Renebates] Bolivar Water Supply Corporation - Sanger, Texas -> 48 lots via https://renebates.com/a_list_2.php?id=294&cat=all
[Renebates] event: Allen Independent School District - Allen, Texas secs=36337
[Renebates] Allen Independent School District - Allen, Texas -> 45 lots via https://renebates.com/a_list_2.php?id=234&cat=all
[DEBUG] collected 42 listings from all sites (after filter)
[GD] HTTP 200 | CT=application/json; charset=utf-8 | page=1
[GD] page 1: 24 items
[GD] HTTP 200 | CT=application/json; charset=utf-8 | page=2
[GD] page 2: 24 items
[GD] HTTP 200 | CT=application/json; charset=utf-8 | page=3
[GD] page 3: 24 items
[GD] HTTP 200 | CT=application/json; charset=utf-8 | page=4
[GD] page 4: 24 items
[GD] HTTP 200 | CT=application/json; charset=utf-8 | page=5
[GD] page 5: 24 items
[GD] total raw items before normalize: 120; unique kept: 102
[GD] normalized rows: 102
[GD] blocked by specialty/diesel filter: 90; passing: 12
[Proxibid] parsed 30 rows across 1 page(s)
[Renebates] found 57 events on index
[Renebates] event: Bolivar Water Supply Corporation - Sanger, Texas secs=32088
[Renebates] Bolivar Water Supply Corporation - Sanger, Texas -> 48 lots via https://renebates.com/a_list_2.php?id=294&cat=all
[Renebates] event: Allen Independent School District - Allen, Texas secs=35683
[Renebates] Allen Independent School District - Allen, Texas -> 45 lots via https://renebates.com/a_list_2.php?id=234&cat=all
[DEBUG] collected 42 listings from all sites (after filter)
[GD] HTTP 200 | CT=application/json; charset=utf-8 | page=1
[GD] page 1: 24 items
[GD] HTTP 200 | CT=application/json; charset=utf-8 | page=2
[GD] page 2: 24 items
[GD] HTTP 200 | CT=application/json; charset=utf-8 | page=3
[GD] page 3: 24 items
[GD] HTTP 200 | CT=application/json; charset=utf-8 | page=4
[GD] page 4: 24 items
[GD] HTTP 200 | CT=application/json; charset=utf-8 | page=5
[GD] page 5: 24 items
[GD] total raw items before normalize: 120; unique kept: 102
[GD] normalized rows: 102
[GD] blocked by specialty/diesel filter: 90; passing: 12
[Proxibid] parsed 30 rows across 1 page(s)
[Renebates] found 57 events on index
[Renebates] event: Bolivar Water Supply Corporation - Sanger, Texas secs=31431
[Renebates] Bolivar Water Supply Corporation - Sanger, Texas -> 48 lots via https://renebates.com/a_list_2.php?id=294&cat=all
[Renebates] event: Allen Independent School District - Allen, Texas secs=35026
[Renebates] Allen Independent School District - Allen, Texas -> 45 lots via https://renebates.com/a_list_2.php?id=234&cat=all
[DEBUG] collected 42 listings from all sites (after filter)
[GD] HTTP 200 | CT=application/json; charset=utf-8 | page=1
[GD] page 1: 24 items
[GD] HTTP 200 | CT=application/json; charset=utf-8 | page=2
[GD] page 2: 24 items
[GD] HTTP 200 | CT=application/json; charset=utf-8 | page=3
[GD] page 3: 24 items
[GD] HTTP 200 | CT=application/json; charset=utf-8 | page=4
[GD] page 4: 24 items
[GD] HTTP 200 | CT=application/json; charset=utf-8 | page=5
[GD] page 5: 24 items
[GD] total raw items before normalize: 120; unique kept: 102
[GD] normalized rows: 102
[GD] blocked by specialty/diesel filter: 90; passing: 12
[Proxibid] parsed 30 rows across 1 page(s)
[Renebates] found 57 events on index
[Renebates] event: Bolivar Water Supply Corporation - Sanger, Texas secs=30786
[Renebates] Bolivar Water Supply Corporation - Sanger, Texas -> 48 lots via https://renebates.com/a_list_2.php?id=294&cat=all
[Renebates] event: Allen Independent School District - Allen, Texas secs=34382
[Renebates] Allen Independent School District - Allen, Texas -> 45 lots via https://renebates.com/a_list_2.php?id=234&cat=all
[DEBUG] collected 34 listings from all sites (after filter)
[GD] HTTP 200 | CT=application/json; charset=utf-8 | page=1
[GD] page 1: 24 items
[GD] HTTP 200 | CT=application/json; charset=utf-8 | page=2
[GD] page 2: 24 items
[GD] HTTP 200 | CT=application/json; charset=utf-8 | page=3
[GD] page 3: 24 items
[GD] HTTP 200 | CT=application/json; charset=utf-8 | page=4
[GD] page 4: 24 items
[GD] HTTP 200 | CT=application/json; charset=utf-8 | page=5
[GD] page 5: 24 items
[GD] total raw items before normalize: 120; unique kept: 102
[GD] normalized rows: 102
[GD] blocked by specialty/diesel filter: 90; passing: 12
[Proxibid] parsed 30 rows across 1 page(s)
[Renebates] found 57 events on index
[Renebates] event: Bolivar Water Supply Corporation - Sanger, Texas secs=30128
[Renebates] Bolivar Water Supply Corporation - Sanger, Texas -> 48 lots via https://renebates.com/a_list_2.php?id=294&cat=all
[Renebates] event: Allen Independent School District - Allen, Texas secs=33724
[Renebates] Allen Independent School District - Allen, Texas -> 45 lots via https://renebates.com/a_list_2.php?id=234&cat=all
[DEBUG] collected 34 listings from all sites (after filter)
[GD] HTTP 200 | CT=application/json; charset=utf-8 | page=1
[GD] page 1: 24 items
[GD] HTTP 200 | CT=application/json; charset=utf-8 | page=2
[GD] page 2: 24 items
[GD] HTTP 200 | CT=application/json; charset=utf-8 | page=3
[GD] page 3: 24 items
[GD] HTTP 200 | CT=application/json; charset=utf-8 | page=4
[GD] page 4: 24 items
[GD] HTTP 200 | CT=application/json; charset=utf-8 | page=5
[GD] page 5: 24 items
[GD] total raw items before normalize: 120; unique kept: 102
[GD] normalized rows: 102
[GD] blocked by specialty/diesel filter: 90; passing: 12
[Proxibid] parsed 30 rows across 1 page(s)
[Renebates] found 57 events on index
[Renebates] event: Bolivar Water Supply Corporation - Sanger, Texas secs=29472
[Renebates] Bolivar Water Supply Corporation - Sanger, Texas -> 48 lots via https://renebates.com/a_list_2.php?id=294&cat=all
[Renebates] event: Allen Independent School District - Allen, Texas secs=33069
[Renebates] Allen Independent School District - Allen, Texas -> 45 lots via https://renebates.com/a_list_2.php?id=234&cat=all
[DEBUG] collected 34 listings from all sites (after filter)
[GD] HTTP 200 | CT=application/json; charset=utf-8 | page=1
[GD] page 1: 24 items
[GD] HTTP 200 | CT=application/json; charset=utf-8 | page=2
[GD] page 2: 24 items
[GD] HTTP 200 | CT=application/json; charset=utf-8 | page=3
[GD] page 3: 24 items
[GD] HTTP 200 | CT=application/json; charset=utf-8 | page=4
[GD] page 4: 24 items
[GD] HTTP 200 | CT=application/json; charset=utf-8 | page=5
[GD] page 5: 24 items
[GD] total raw items before normalize: 120; unique kept: 102
[GD] normalized rows: 102
[GD] blocked by specialty/diesel filter: 90; passing: 12
[Proxibid] parsed 30 rows across 1 page(s)
[Renebates] found 57 events on index
[Renebates] event: Bolivar Water Supply Corporation - Sanger, Texas secs=28824
[Renebates] Bolivar Water Supply Corporation - Sanger, Texas -> 48 lots via https://renebates.com/a_list_2.php?id=294&cat=all
[Renebates] event: Allen Independent School District - Allen, Texas secs=32421
[Renebates] Allen Independent School District - Allen, Texas -> 45 lots via https://renebates.com/a_list_2.php?id=234&cat=all
[DEBUG] collected 34 listings from all sites (after filter)
[GD] HTTP 200 | CT=application/json; charset=utf-8 | page=1
[GD] page 1: 24 items
[GD] HTTP 200 | CT=application/json; charset=utf-8 | page=2
[GD] page 2: 24 items
[GD] HTTP 200 | CT=application/json; charset=utf-8 | page=3
[GD] page 3: 24 items
[GD] HTTP 200 | CT=application/json; charset=utf-8 | page=4
[GD] page 4: 24 items
[GD] HTTP 200 | CT=application/json; charset=utf-8 | page=5
[GD] page 5: 24 items
[GD] total raw items before normalize: 120; unique kept: 102
[GD] normalized rows: 102
[GD] blocked by specialty/diesel filter: 90; passing: 12
[Proxibid] parsed 30 rows across 1 page(s)
[Renebates] found 57 events on index
[Renebates] event: Bolivar Water Supply Corporation - Sanger, Texas secs=28167
[Renebates] Bolivar Water Supply Corporation - Sanger, Texas -> 48 lots via https://renebates.com/a_list_2.php?id=294&cat=all
[Renebates] event: Allen Independent School District - Allen, Texas secs=31765
[Renebates] Allen Independent School District - Allen, Texas -> 45 lots via https://renebates.com/a_list_2.php?id=234&cat=all
[DEBUG] collected 34 listings from all sites (after filter)
[GD] HTTP 200 | CT=application/json; charset=utf-8 | page=1
[GD] page 1: 24 items
[GD] HTTP 200 | CT=application/json; charset=utf-8 | page=2
[GD] page 2: 24 items
[GD] HTTP 200 | CT=application/json; charset=utf-8 | page=3
[GD] page 3: 24 items
[GD] HTTP 200 | CT=application/json; charset=utf-8 | page=4
[GD] page 4: 24 items
[GD] HTTP 200 | CT=application/json; charset=utf-8 | page=5
[GD] page 5: 24 items
[GD] total raw items before normalize: 120; unique kept: 102
[GD] normalized rows: 102
[GD] blocked by specialty/diesel filter: 90; passing: 12
[Proxibid] parsed 30 rows across 1 page(s)
[Renebates] found 57 events on index
[Renebates] event: Bolivar Water Supply Corporation - Sanger, Texas secs=27515
[Renebates] Bolivar Water Supply Corporation - Sanger, Texas -> 48 lots via https://renebates.com/a_list_2.php?id=294&cat=all
[Renebates] event: Allen Independent School District - Allen, Texas secs=31112
[Renebates] Allen Independent School District - Allen, Texas -> 45 lots via https://renebates.com/a_list_2.php?id=234&cat=all
[DEBUG] collected 34 listings from all sites (after filter)
[GD] HTTP 200 | CT=application/json; charset=utf-8 | page=1
[GD] page 1: 24 items
[GD] HTTP 200 | CT=application/json; charset=utf-8 | page=2
[GD] page 2: 24 items
[GD] HTTP 200 | CT=application/json; charset=utf-8 | page=3
[GD] page 3: 24 items
[GD] HTTP 200 | CT=application/json; charset=utf-8 | page=4
[GD] page 4: 24 items
[GD] HTTP 200 | CT=application/json; charset=utf-8 | page=5
[GD] page 5: 24 items
[GD] total raw items before normalize: 120; unique kept: 102
[GD] normalized rows: 102
[GD] blocked by specialty/diesel filter: 90; passing: 12
[Proxibid] parsed 30 rows across 1 page(s)
[Renebates] found 57 events on index
[Renebates] event: Bolivar Water Supply Corporation - Sanger, Texas secs=26864
[Renebates] Bolivar Water Supply Corporation - Sanger, Texas -> 48 lots via https://renebates.com/a_list_2.php?id=294&cat=all
[Renebates] event: Allen Independent School District - Allen, Texas secs=30459
[Renebates] Allen Independent School District - Allen, Texas -> 45 lots via https://renebates.com/a_list_2.php?id=234&cat=all
[DEBUG] collected 34 listings from all sites (after filter)
[GD] HTTP 200 | CT=application/json; charset=utf-8 | page=1
[GD] page 1: 24 items
[GD] HTTP 200 | CT=application/json; charset=utf-8 | page=2
[GD] page 2: 24 items
[GD] HTTP 200 | CT=application/json; charset=utf-8 | page=3
[GD] page 3: 24 items
[GD] HTTP 200 | CT=application/json; charset=utf-8 | page=4
[GD] page 4: 24 items
[GD] HTTP 200 | CT=application/json; charset=utf-8 | page=5
[GD] page 5: 24 items
[GD] total raw items before normalize: 120; unique kept: 102
[GD] normalized rows: 102
[GD] blocked by specialty/diesel filter: 90; passing: 12
[Proxibid] parsed 30 rows across 1 page(s)
[Renebates] found 57 events on index
[Renebates] event: Bolivar Water Supply Corporation - Sanger, Texas secs=26210
[Renebates] Bolivar Water Supply Corporation - Sanger, Texas -> 48 lots via https://renebates.com/a_list_2.php?id=294&cat=all
[Renebates] event: Allen Independent School District - Allen, Texas secs=29806
[Renebates] Allen Independent School District - Allen, Texas -> 45 lots via https://renebates.com/a_list_2.php?id=234&cat=all
[DEBUG] collected 34 listings from all sites (after filter)
[GD] HTTP 200 | CT=application/json; charset=utf-8 | page=1
[GD] page 1: 24 items
[GD] HTTP 200 | CT=application/json; charset=utf-8 | page=2
[GD] page 2: 24 items
[GD] HTTP 200 | CT=application/json; charset=utf-8 | page=3
[GD] page 3: 24 items
[GD] HTTP 200 | CT=application/json; charset=utf-8 | page=4
[GD] page 4: 24 items
[GD] HTTP 200 | CT=application/json; charset=utf-8 | page=5
[GD] page 5: 24 items
[GD] total raw items before normalize: 120; unique kept: 102
[GD] normalized rows: 102
[GD] blocked by specialty/diesel filter: 90; passing: 12
[Proxibid] parsed 30 rows across 1 page(s)
[Renebates] found 57 events on index
[Renebates] event: Bolivar Water Supply Corporation - Sanger, Texas secs=25552
[Renebates] Bolivar Water Supply Corporation - Sanger, Texas -> 48 lots via https://renebates.com/a_list_2.php?id=294&cat=all
[Renebates] event: Allen Independent School District - Allen, Texas secs=29149
[Renebates] Allen Independent School District - Allen, Texas -> 45 lots via https://renebates.com/a_list_2.php?id=234&cat=all
[DEBUG] collected 34 listings from all sites (after filter)
[GD] HTTP 200 | CT=application/json; charset=utf-8 | page=1
[GD] page 1: 24 items
[GD] HTTP 200 | CT=application/json; charset=utf-8 | page=2
[GD] page 2: 24 items
[GD] HTTP 200 | CT=application/json; charset=utf-8 | page=3
[GD] page 3: 24 items
[GD] HTTP 200 | CT=application/json; charset=utf-8 | page=4
[GD] page 4: 24 items
[GD] HTTP 200 | CT=application/json; charset=utf-8 | page=5
[GD] page 5: 24 items
[GD] total raw items before normalize: 120; unique kept: 102
[GD] normalized rows: 102
[GD] blocked by specialty/diesel filter: 90; passing: 12
[Proxibid] parsed 30 rows across 1 page(s)
[Renebates] found 57 events on index
[Renebates] event: Bolivar Water Supply Corporation - Sanger, Texas secs=24902
[Renebates] Bolivar Water Supply Corporation - Sanger, Texas -> 48 lots via https://renebates.com/a_list_2.php?id=294&cat=all
[Renebates] event: Allen Independent School District - Allen, Texas secs=28498
[Renebates] Allen Independent School District - Allen, Texas -> 45 lots via https://renebates.com/a_list_2.php?id=234&cat=all
[DEBUG] collected 34 listings from all sites (after filter)
[GD] HTTP 200 | CT=application/json; charset=utf-8 | page=1
[GD] page 1: 24 items
[GD] HTTP 200 | CT=application/json; charset=utf-8 | page=2
[GD] page 2: 24 items
[GD] HTTP 200 | CT=application/json; charset=utf-8 | page=3
[GD] page 3: 24 items
[GD] HTTP 200 | CT=application/json; charset=utf-8 | page=4
[GD] page 4: 24 items
[GD] HTTP 200 | CT=application/json; charset=utf-8 | page=5
[GD] page 5: 24 items
[GD] total raw items before normalize: 120; unique kept: 102
[GD] normalized rows: 102
[GD] blocked by specialty/diesel filter: 90; passing: 12
[Proxibid] parsed 30 rows across 1 page(s)
[Renebates] found 57 events on index
[Renebates] event: Bolivar Water Supply Corporation - Sanger, Texas secs=24248
[Renebates] Bolivar Water Supply Corporation - Sanger, Texas -> 48 lots via https://renebates.com/a_list_2.php?id=294&cat=all
[Renebates] event: Allen Independent School District - Allen, Texas secs=27844
[Renebates] Allen Independent School District - Allen, Texas -> 45 lots via https://renebates.com/a_list_2.php?id=234&cat=all
[DEBUG] collected 34 listings from all sites (after filter)
[GD] HTTP 200 | CT=application/json; charset=utf-8 | page=1
[GD] page 1: 24 items
[GD] HTTP 200 | CT=application/json; charset=utf-8 | page=2
[GD] page 2: 24 items
[GD] HTTP 200 | CT=application/json; charset=utf-8 | page=3
[GD] page 3: 24 items
[GD] HTTP 200 | CT=application/json; charset=utf-8 | page=4
[GD] page 4: 24 items
[GD] HTTP 200 | CT=application/json; charset=utf-8 | page=5
[GD] page 5: 24 items
[GD] total raw items before normalize: 120; unique kept: 102
[GD] normalized rows: 102
[GD] blocked by specialty/diesel filter: 90; passing: 12
[Proxibid] parsed 30 rows across 1 page(s)
[Renebates] found 57 events on index
[Renebates] event: Bolivar Water Supply Corporation - Sanger, Texas secs=23600
[Renebates] Bolivar Water Supply Corporation - Sanger, Texas -> 48 lots via https://renebates.com/a_list_2.php?id=294&cat=all
[Renebates] event: Allen Independent School District - Allen, Texas secs=27196
[Renebates] Allen Independent School District - Allen, Texas -> 45 lots via https://renebates.com/a_list_2.php?id=234&cat=all
[DEBUG] collected 34 listings from all sites (after filter)
[GD] HTTP 200 | CT=application/json; charset=utf-8 | page=1
[GD] page 1: 24 items
[GD] HTTP 200 | CT=application/json; charset=utf-8 | page=2
[GD] page 2: 24 items
[GD] HTTP 200 | CT=application/json; charset=utf-8 | page=3
[GD] page 3: 24 items
[GD] HTTP 200 | CT=application/json; charset=utf-8 | page=4
[GD] page 4: 24 items
[GD] HTTP 200 | CT=application/json; charset=utf-8 | page=5
[GD] page 5: 24 items
[GD] total raw items before normalize: 120; unique kept: 102
[GD] normalized rows: 102
[GD] blocked by specialty/diesel filter: 90; passing: 12
[Proxibid] parsed 30 rows across 1 page(s)
[Renebates] found 57 events on index
[Renebates] event: Bolivar Water Supply Corporation - Sanger, Texas secs=22954
[Renebates] Bolivar Water Supply Corporation - Sanger, Texas -> 48 lots via https://renebates.com/a_list_2.php?id=294&cat=all
[Renebates] event: Allen Independent School District - Allen, Texas secs=26550
[Renebates] Allen Independent School District - Allen, Texas -> 45 lots via https://renebates.com/a_list_2.php?id=234&cat=all
[DEBUG] collected 34 listings from all sites (after filter)
[GD] HTTP 200 | CT=application/json; charset=utf-8 | page=1
[GD] page 1: 24 items
[GD] HTTP 200 | CT=application/json; charset=utf-8 | page=2
[GD] page 2: 24 items
[GD] HTTP 200 | CT=application/json; charset=utf-8 | page=3
[GD] page 3: 24 items
[GD] HTTP 200 | CT=application/json; charset=utf-8 | page=4
[GD] page 4: 24 items
[GD] HTTP 200 | CT=application/json; charset=utf-8 | page=5
[GD] page 5: 24 items
[GD] total raw items before normalize: 120; unique kept: 102
[GD] normalized rows: 102
[GD] blocked by specialty/diesel filter: 90; passing: 12
[Proxibid] parsed 30 rows across 1 page(s)
[Renebates] found 57 events on index
[Renebates] event: Bolivar Water Supply Corporation - Sanger, Texas secs=22308
[Renebates] Bolivar Water Supply Corporation - Sanger, Texas -> 48 lots via https://renebates.com/a_list_2.php?id=294&cat=all
[Renebates] event: Allen Independent School District - Allen, Texas secs=25903
[Renebates] Allen Independent School District - Allen, Texas -> 45 lots via https://renebates.com/a_list_2.php?id=234&cat=all
[DEBUG] collected 34 listings from all sites (after filter)
[GD] HTTP 200 | CT=application/json; charset=utf-8 | page=1
[GD] page 1: 24 items
[GD] HTTP 200 | CT=application/json; charset=utf-8 | page=2
[GD] page 2: 24 items
[GD] HTTP 200 | CT=application/json; charset=utf-8 | page=3
[GD] page 3: 24 items
[GD] HTTP 200 | CT=application/json; charset=utf-8 | page=4
[GD] page 4: 24 items
[GD] HTTP 200 | CT=application/json; charset=utf-8 | page=5
[GD] page 5: 24 items
[GD] total raw items before normalize: 120; unique kept: 102
[GD] normalized rows: 102
[GD] blocked by specialty/diesel filter: 90; passing: 12
[Proxibid] parsed 30 rows across 1 page(s)
[Renebates] found 57 events on index
[Renebates] event: Bolivar Water Supply Corporation - Sanger, Texas secs=21652
[Renebates] Bolivar Water Supply Corporation - Sanger, Texas -> 48 lots via https://renebates.com/a_list_2.php?id=294&cat=all
[Renebates] event: Allen Independent School District - Allen, Texas secs=25248
[Renebates] Allen Independent School District - Allen, Texas -> 45 lots via https://renebates.com/a_list_2.php?id=234&cat=all
[DEBUG] collected 34 listings from all sites (after filter)
[GD] HTTP 200 | CT=application/json; charset=utf-8 | page=1
[GD] page 1: 24 items
[GD] HTTP 200 | CT=application/json; charset=utf-8 | page=2
[GD] page 2: 24 items
[GD] HTTP 200 | CT=application/json; charset=utf-8 | page=3
[GD] page 3: 24 items
[GD] HTTP 200 | CT=application/json; charset=utf-8 | page=4
[GD] page 4: 24 items
[GD] HTTP 200 | CT=application/json; charset=utf-8 | page=5
[GD] page 5: 24 items
[GD] total raw items before normalize: 120; unique kept: 102
[GD] normalized rows: 102
[GD] blocked by specialty/diesel filter: 90; passing: 12
[Proxibid] parsed 30 rows across 1 page(s)
[Renebates] found 57 events on index
[Renebates] event: Bolivar Water Supply Corporation - Sanger, Texas secs=20992
[Renebates] Bolivar Water Supply Corporation - Sanger, Texas -> 48 lots via https://renebates.com/a_list_2.php?id=294&cat=all
[Renebates] event: Allen Independent School District - Allen, Texas secs=24588
[Renebates] Allen Independent School District - Allen, Texas -> 45 lots via https://renebates.com/a_list_2.php?id=234&cat=all
[DEBUG] collected 34 listings from all sites (after filter)
[GD] HTTP 200 | CT=application/json; charset=utf-8 | page=1
[GD] page 1: 24 items
[GD] HTTP 200 | CT=application/json; charset=utf-8 | page=2
[GD] page 2: 24 items
[GD] HTTP 200 | CT=application/json; charset=utf-8 | page=3
[GD] page 3: 24 items
[GD] HTTP 200 | CT=application/json; charset=utf-8 | page=4
[GD] page 4: 24 items
[GD] HTTP 200 | CT=application/json; charset=utf-8 | page=5
[GD] page 5: 24 items
[GD] total raw items before normalize: 120; unique kept: 102
[GD] normalized rows: 102
[GD] blocked by specialty/diesel filter: 90; passing: 12
[Proxibid] parsed 30 rows across 1 page(s)
[Renebates] found 57 events on index
[Renebates] event: Bolivar Water Supply Corporation - Sanger, Texas secs=20335
[Renebates] Bolivar Water Supply Corporation - Sanger, Texas -> 48 lots via https://renebates.com/a_list_2.php?id=294&cat=all
[Renebates] event: Allen Independent School District - Allen, Texas secs=23932
[Renebates] Allen Independent School District - Allen, Texas -> 45 lots via https://renebates.com/a_list_2.php?id=234&cat=all
[DEBUG] collected 34 listings from all sites (after filter)
[GD] HTTP 200 | CT=application/json; charset=utf-8 | page=1
[GD] page 1: 24 items
[GD] HTTP 200 | CT=application/json; charset=utf-8 | page=2
[GD] page 2: 24 items
[GD] HTTP 200 | CT=application/json; charset=utf-8 | page=3
[GD] page 3: 24 items
[GD] HTTP 200 | CT=application/json; charset=utf-8 | page=4
[GD] page 4: 24 items
[GD] HTTP 200 | CT=application/json; charset=utf-8 | page=5
[GD] page 5: 24 items
[GD] total raw items before normalize: 120; unique kept: 102
[GD] normalized rows: 102
[GD] blocked by specialty/diesel filter: 90; passing: 12
[Proxibid] parsed 30 rows across 1 page(s)
[Renebates] found 57 events on index
[Renebates] event: Bolivar Water Supply Corporation - Sanger, Texas secs=19684
[Renebates] Bolivar Water Supply Corporation - Sanger, Texas -> 48 lots via https://renebates.com/a_list_2.php?id=294&cat=all
[Renebates] event: Allen Independent School District - Allen, Texas secs=23281
[Renebates] Allen Independent School District - Allen, Texas -> 45 lots via https://renebates.com/a_list_2.php?id=234&cat=all
[DEBUG] collected 34 listings from all sites (after filter)
[GD] HTTP 200 | CT=application/json; charset=utf-8 | page=1
[GD] page 1: 24 items
[GD] HTTP 200 | CT=application/json; charset=utf-8 | page=2
[GD] page 2: 24 items
[GD] HTTP 200 | CT=application/json; charset=utf-8 | page=3
[GD] page 3: 24 items
[GD] HTTP 200 | CT=application/json; charset=utf-8 | page=4
[GD] page 4: 24 items
[GD] HTTP 200 | CT=application/json; charset=utf-8 | page=5
[GD] page 5: 24 items
[GD] total raw items before normalize: 120; unique kept: 102
[GD] normalized rows: 102
[GD] blocked by specialty/diesel filter: 90; passing: 12
[Proxibid] parsed 30 rows across 1 page(s)
[Renebates] found 57 events on index
[Renebates] event: Bolivar Water Supply Corporation - Sanger, Texas secs=19027
[Renebates] Bolivar Water Supply Corporation - Sanger, Texas -> 48 lots via https://renebates.com/a_list_2.php?id=294&cat=all
[Renebates] event: Allen Independent School District - Allen, Texas secs=22624
[Renebates] Allen Independent School District - Allen, Texas -> 45 lots via https://renebates.com/a_list_2.php?id=234&cat=all
[DEBUG] collected 34 listings from all sites (after filter)
[GD] HTTP 200 | CT=application/json; charset=utf-8 | page=1
[GD] page 1: 24 items
[GD] HTTP 200 | CT=application/json; charset=utf-8 | page=2
[GD] page 2: 24 items
[GD] HTTP 200 | CT=application/json; charset=utf-8 | page=3
[GD] page 3: 24 items
[GD] HTTP 200 | CT=application/json; charset=utf-8 | page=4
[GD] page 4: 24 items
[GD] HTTP 200 | CT=application/json; charset=utf-8 | page=5
[GD] page 5: 24 items
[GD] total raw items before normalize: 120; unique kept: 102
[GD] normalized rows: 102
[GD] blocked by specialty/diesel filter: 90; passing: 12
[Proxibid] parsed 30 rows across 1 page(s)
[Renebates] found 57 events on index
[Renebates] event: Bolivar Water Supply Corporation - Sanger, Texas secs=18387
[Renebates] Bolivar Water Supply Corporation - Sanger, Texas -> 48 lots via https://renebates.com/a_list_2.php?id=294&cat=all
[Renebates] event: Allen Independent School District - Allen, Texas secs=21982
[Renebates] Allen Independent School District - Allen, Texas -> 45 lots via https://renebates.com/a_list_2.php?id=234&cat=all
[DEBUG] collected 34 listings from all sites (after filter)
[GD] HTTP 200 | CT=application/json; charset=utf-8 | page=1
[GD] page 1: 24 items
[GD] HTTP 200 | CT=application/json; charset=utf-8 | page=2
[GD] page 2: 24 items
[GD] HTTP 200 | CT=application/json; charset=utf-8 | page=3
[GD] page 3: 24 items
[GD] HTTP 200 | CT=application/json; charset=utf-8 | page=4
[GD] page 4: 24 items
[GD] HTTP 200 | CT=application/json; charset=utf-8 | page=5
[GD] page 5: 24 items
[GD] total raw items before normalize: 120; unique kept: 102
[GD] normalized rows: 102
[GD] blocked by specialty/diesel filter: 90; passing: 12
[Proxibid] parsed 30 rows across 1 page(s)
[Renebates] found 57 events on index
[Renebates] event: Bolivar Water Supply Corporation - Sanger, Texas secs=17728
[Renebates] Bolivar Water Supply Corporation - Sanger, Texas -> 48 lots via https://renebates.com/a_list_2.php?id=294&cat=all
[Renebates] event: Allen Independent School District - Allen, Texas secs=21324
[Renebates] Allen Independent School District - Allen, Texas -> 45 lots via https://renebates.com/a_list_2.php?id=234&cat=all
[DEBUG] collected 34 listings from all sites (after filter)
[GD] HTTP 200 | CT=application/json; charset=utf-8 | page=1
[GD] page 1: 24 items
[GD] HTTP 200 | CT=application/json; charset=utf-8 | page=2
[GD] page 2: 24 items
[GD] HTTP 200 | CT=application/json; charset=utf-8 | page=3
[GD] page 3: 24 items
[GD] HTTP 200 | CT=application/json; charset=utf-8 | page=4
[GD] page 4: 24 items
[GD] HTTP 200 | CT=application/json; charset=utf-8 | page=5
[GD] page 5: 24 items
[GD] total raw items before normalize: 120; unique kept: 102
[GD] normalized rows: 102
[GD] blocked by specialty/diesel filter: 90; passing: 12
[Proxibid] parsed 30 rows across 1 page(s)
[Renebates] found 57 events on index
[Renebates] event: Bolivar Water Supply Corporation - Sanger, Texas secs=17068
[Renebates] Bolivar Water Supply Corporation - Sanger, Texas -> 48 lots via https://renebates.com/a_list_2.php?id=294&cat=all
[Renebates] event: Allen Independent School District - Allen, Texas secs=20664
[Renebates] Allen Independent School District - Allen, Texas -> 45 lots via https://renebates.com/a_list_2.php?id=234&cat=all
[DEBUG] collected 34 listings from all sites (after filter)
[GD] HTTP 200 | CT=application/json; charset=utf-8 | page=1
[GD] page 1: 24 items
[GD] HTTP 200 | CT=application/json; charset=utf-8 | page=2
[GD] page 2: 24 items
[GD] HTTP 200 | CT=application/json; charset=utf-8 | page=3
[GD] page 3: 24 items
[GD] HTTP 200 | CT=application/json; charset=utf-8 | page=4
[GD] page 4: 24 items
[GD] HTTP 200 | CT=application/json; charset=utf-8 | page=5
[GD] page 5: 24 items
[GD] total raw items before normalize: 120; unique kept: 102
[GD] normalized rows: 102
[GD] blocked by specialty/diesel filter: 90; passing: 12
[Proxibid] parsed 30 rows across 1 page(s)
[Renebates] found 57 events on index
[Renebates] event: Bolivar Water Supply Corporation - Sanger, Texas secs=16420
[Renebates] Bolivar Water Supply Corporation - Sanger, Texas -> 48 lots via https://renebates.com/a_list_2.php?id=294&cat=all
[Renebates] event: Allen Independent School District - Allen, Texas secs=20016
[Renebates] Allen Independent School District - Allen, Texas -> 45 lots via https://renebates.com/a_list_2.php?id=234&cat=all
[DEBUG] collected 34 listings from all sites (after filter)
[GD] HTTP 200 | CT=application/json; charset=utf-8 | page=1
[GD] page 1: 24 items
[GD] HTTP 200 | CT=application/json; charset=utf-8 | page=2
[GD] page 2: 24 items
[GD] HTTP 200 | CT=application/json; charset=utf-8 | page=3
[GD] page 3: 24 items
[GD] HTTP 200 | CT=application/json; charset=utf-8 | page=4
[GD] page 4: 24 items
[GD] HTTP 200 | CT=application/json; charset=utf-8 | page=5
[GD] page 5: 24 items
[GD] total raw items before normalize: 120; unique kept: 102
[GD] normalized rows: 102
[GD] blocked by specialty/diesel filter: 90; passing: 12
[Proxibid] parsed 30 rows across 1 page(s)
[Renebates] found 57 events on index
[Renebates] event: Bolivar Water Supply Corporation - Sanger, Texas secs=15767
[Renebates] Bolivar Water Supply Corporation - Sanger, Texas -> 48 lots via https://renebates.com/a_list_2.php?id=294&cat=all
[Renebates] event: Allen Independent School District - Allen, Texas secs=19363
[Renebates] Allen Independent School District - Allen, Texas -> 45 lots via https://renebates.com/a_list_2.php?id=234&cat=all
[DEBUG] collected 34 listings from all sites (after filter)
[GD] HTTP 200 | CT=application/json; charset=utf-8 | page=1
[GD] page 1: 24 items
[GD] HTTP 200 | CT=application/json; charset=utf-8 | page=2
[GD] page 2: 24 items
[GD] HTTP 200 | CT=application/json; charset=utf-8 | page=3
[GD] page 3: 24 items
[GD] HTTP 200 | CT=application/json; charset=utf-8 | page=4
[GD] page 4: 24 items
[GD] HTTP 200 | CT=application/json; charset=utf-8 | page=5
[GD] page 5: 24 items
[GD] total raw items before normalize: 120; unique kept: 102
[GD] normalized rows: 102
[GD] blocked by specialty/diesel filter: 90; passing: 12
[Proxibid] parsed 30 rows across 1 page(s)
[Renebates] found 57 events on index
[Renebates] event: Bolivar Water Supply Corporation - Sanger, Texas secs=15114
[Renebates] Bolivar Water Supply Corporation - Sanger, Texas -> 48 lots via https://renebates.com/a_list_2.php?id=294&cat=all
[Renebates] event: Allen Independent School District - Allen, Texas secs=18709
[Renebates] Allen Independent School District - Allen, Texas -> 45 lots via https://renebates.com/a_list_2.php?id=234&cat=all
[DEBUG] collected 34 listings from all sites (after filter)
[GD] HTTP 200 | CT=application/json; charset=utf-8 | page=1
[GD] page 1: 24 items
[GD] HTTP 200 | CT=application/json; charset=utf-8 | page=2
[GD] page 2: 24 items
[GD] HTTP 200 | CT=application/json; charset=utf-8 | page=3
[GD] page 3: 24 items
[GD] HTTP 200 | CT=application/json; charset=utf-8 | page=4
[GD] page 4: 24 items
[GD] HTTP 200 | CT=application/json; charset=utf-8 | page=5
[GD] page 5: 24 items
[GD] total raw items before normalize: 120; unique kept: 102
[GD] normalized rows: 102
[GD] blocked by specialty/diesel filter: 90; passing: 12
[Proxibid] parsed 30 rows across 1 page(s)
[Renebates] found 57 events on index
[Renebates] event: Bolivar Water Supply Corporation - Sanger, Texas secs=14465
[Renebates] Bolivar Water Supply Corporation - Sanger, Texas -> 48 lots via https://renebates.com/a_list_2.php?id=294&cat=all
[Renebates] event: Allen Independent School District - Allen, Texas secs=18062
[Renebates] Allen Independent School District - Allen, Texas -> 45 lots via https://renebates.com/a_list_2.php?id=234&cat=all
[DEBUG] collected 34 listings from all sites (after filter)
[GD] HTTP 200 | CT=application/json; charset=utf-8 | page=1
[GD] page 1: 24 items
[GD] HTTP 200 | CT=application/json; charset=utf-8 | page=2
[GD] page 2: 24 items
[GD] HTTP 200 | CT=application/json; charset=utf-8 | page=3
[GD] page 3: 24 items
[GD] HTTP 200 | CT=application/json; charset=utf-8 | page=4
[GD] page 4: 24 items
[GD] HTTP 200 | CT=application/json; charset=utf-8 | page=5
[GD] page 5: 24 items
[GD] total raw items before normalize: 120; unique kept: 102
[GD] normalized rows: 102
[GD] blocked by specialty/diesel filter: 90; passing: 12
[Proxibid] parsed 30 rows across 1 page(s)
[Renebates] found 57 events on index
[Renebates] event: Bolivar Water Supply Corporation - Sanger, Texas secs=13822
[Renebates] Bolivar Water Supply Corporation - Sanger, Texas -> 48 lots via https://renebates.com/a_list_2.php?id=294&cat=all
[Renebates] event: Allen Independent School District - Allen, Texas secs=17419
[Renebates] Allen Independent School District - Allen, Texas -> 45 lots via https://renebates.com/a_list_2.php?id=234&cat=all
[DEBUG] collected 34 listings from all sites (after filter)
[GD] HTTP 200 | CT=application/json; charset=utf-8 | page=1
[GD] page 1: 24 items
[GD] HTTP 200 | CT=application/json; charset=utf-8 | page=2
[GD] page 2: 24 items
[GD] HTTP 200 | CT=application/json; charset=utf-8 | page=3
[GD] page 3: 24 items
[GD] HTTP 200 | CT=application/json; charset=utf-8 | page=4
[GD] page 4: 24 items
[GD] HTTP 200 | CT=application/json; charset=utf-8 | page=5
[GD] page 5: 24 items
[GD] total raw items before normalize: 120; unique kept: 102
[GD] normalized rows: 102
[GD] blocked by specialty/diesel filter: 90; passing: 12
[Proxibid] parsed 30 rows across 1 page(s)
[Renebates] found 57 events on index
[Renebates] event: Bolivar Water Supply Corporation - Sanger, Texas secs=13160
[Renebates] Bolivar Water Supply Corporation - Sanger, Texas -> 48 lots via https://renebates.com/a_list_2.php?id=294&cat=all
[Renebates] event: Allen Independent School District - Allen, Texas secs=16758
[Renebates] Allen Independent School District - Allen, Texas -> 45 lots via https://renebates.com/a_list_2.php?id=234&cat=all
[DEBUG] collected 34 listings from all sites (after filter)
[GD] HTTP 200 | CT=application/json; charset=utf-8 | page=1
[GD] page 1: 24 items
[GD] HTTP 200 | CT=application/json; charset=utf-8 | page=2
[GD] page 2: 24 items
[GD] HTTP 200 | CT=application/json; charset=utf-8 | page=3
[GD] page 3: 24 items
[GD] HTTP 200 | CT=application/json; charset=utf-8 | page=4
[GD] page 4: 24 items
[GD] HTTP 200 | CT=application/json; charset=utf-8 | page=5
[GD] page 5: 24 items
[GD] total raw items before normalize: 120; unique kept: 102
[GD] normalized rows: 102
[GD] blocked by specialty/diesel filter: 90; passing: 12
[Proxibid] parsed 30 rows across 1 page(s)
[Renebates] found 57 events on index
[Renebates] event: Bolivar Water Supply Corporation - Sanger, Texas secs=12514
[Renebates] Bolivar Water Supply Corporation - Sanger, Texas -> 48 lots via https://renebates.com/a_list_2.php?id=294&cat=all
[Renebates] event: Allen Independent School District - Allen, Texas secs=16110
[Renebates] Allen Independent School District - Allen, Texas -> 45 lots via https://renebates.com/a_list_2.php?id=234&cat=all
[DEBUG] collected 34 listings from all sites (after filter)
[GD] HTTP 200 | CT=application/json; charset=utf-8 | page=1
[GD] page 1: 24 items
[GD] HTTP 200 | CT=application/json; charset=utf-8 | page=2
[GD] page 2: 24 items
[GD] HTTP 200 | CT=application/json; charset=utf-8 | page=3
[GD] page 3: 24 items
[GD] HTTP 200 | CT=application/json; charset=utf-8 | page=4
[GD] page 4: 24 items
[GD] HTTP 200 | CT=application/json; charset=utf-8 | page=5
[GD] page 5: 24 items
[GD] total raw items before normalize: 120; unique kept: 102
[GD] normalized rows: 102
[GD] blocked by specialty/diesel filter: 90; passing: 12
[Proxibid] parsed 30 rows across 1 page(s)
[Renebates] found 57 events on index
[Renebates] event: Bolivar Water Supply Corporation - Sanger, Texas secs=11861
[Renebates] Bolivar Water Supply Corporation - Sanger, Texas -> 48 lots via https://renebates.com/a_list_2.php?id=294&cat=all
[Renebates] event: Allen Independent School District - Allen, Texas secs=15457
[Renebates] Allen Independent School District - Allen, Texas -> 45 lots via https://renebates.com/a_list_2.php?id=234&cat=all
[DEBUG] collected 34 listings from all sites (after filter)
[GD] HTTP 200 | CT=application/json; charset=utf-8 | page=1
[GD] page 1: 24 items
[GD] HTTP 200 | CT=application/json; charset=utf-8 | page=2
[GD] page 2: 24 items
[GD] HTTP 200 | CT=application/json; charset=utf-8 | page=3
[GD] page 3: 24 items
[GD] HTTP 200 | CT=application/json; charset=utf-8 | page=4
[GD] page 4: 24 items
[GD] HTTP 200 | CT=application/json; charset=utf-8 | page=5
[GD] page 5: 24 items
[GD] total raw items before normalize: 120; unique kept: 102
[GD] normalized rows: 102
[GD] blocked by specialty/diesel filter: 90; passing: 12
[Proxibid] parsed 30 rows across 1 page(s)
[Renebates] found 57 events on index
[Renebates] event: Bolivar Water Supply Corporation - Sanger, Texas secs=11206
[Renebates] Bolivar Water Supply Corporation - Sanger, Texas -> 48 lots via https://renebates.com/a_list_2.php?id=294&cat=all
[Renebates] event: Allen Independent School District - Allen, Texas secs=14802
[Renebates] Allen Independent School District - Allen, Texas -> 45 lots via https://renebates.com/a_list_2.php?id=234&cat=all
[DEBUG] collected 34 listings from all sites (after filter)
[GD] HTTP 200 | CT=application/json; charset=utf-8 | page=1
[GD] page 1: 24 items
[GD] HTTP 200 | CT=application/json; charset=utf-8 | page=2
[GD] page 2: 24 items
[GD] HTTP 200 | CT=application/json; charset=utf-8 | page=3
[GD] page 3: 24 items
[GD] HTTP 200 | CT=application/json; charset=utf-8 | page=4
[GD] page 4: 24 items
[GD] HTTP 200 | CT=application/json; charset=utf-8 | page=5
[GD] page 5: 24 items
[GD] total raw items before normalize: 120; unique kept: 102
[GD] normalized rows: 102
[GD] blocked by specialty/diesel filter: 90; passing: 12
[Proxibid] parsed 30 rows across 1 page(s)
[Renebates] found 57 events on index
[Renebates] event: Bolivar Water Supply Corporation - Sanger, Texas secs=10560
[Renebates] Bolivar Water Supply Corporation - Sanger, Texas -> 48 lots via https://renebates.com/a_list_2.php?id=294&cat=all
[Renebates] event: Allen Independent School District - Allen, Texas secs=14157
[Renebates] Allen Independent School District - Allen, Texas -> 45 lots via https://renebates.com/a_list_2.php?id=234&cat=all
[DEBUG] collected 34 listings from all sites (after filter)
[GD] HTTP 200 | CT=application/json; charset=utf-8 | page=1
[GD] page 1: 24 items
[GD] HTTP 200 | CT=application/json; charset=utf-8 | page=2
[GD] page 2: 24 items
[GD] HTTP 200 | CT=application/json; charset=utf-8 | page=3
[GD] page 3: 24 items
[GD] HTTP 200 | CT=application/json; charset=utf-8 | page=4
[GD] page 4: 24 items
[GD] HTTP 200 | CT=application/json; charset=utf-8 | page=5
[GD] page 5: 24 items
[GD] total raw items before normalize: 120; unique kept: 102
[GD] normalized rows: 102
[GD] blocked by specialty/diesel filter: 90; passing: 12
[Proxibid] parsed 30 rows across 1 page(s)
[Renebates] found 57 events on index
[Renebates] event: Bolivar Water Supply Corporation - Sanger, Texas secs=9908
[Renebates] Bolivar Water Supply Corporation - Sanger, Texas -> 48 lots via https://renebates.com/a_list_2.php?id=294&cat=all
[Renebates] event: Allen Independent School District - Allen, Texas secs=13504
[Renebates] Allen Independent School District - Allen, Texas -> 45 lots via https://renebates.com/a_list_2.php?id=234&cat=all
[DEBUG] collected 34 listings from all sites (after filter)
[GD] HTTP 200 | CT=application/json; charset=utf-8 | page=1
[GD] page 1: 24 items
[GD] HTTP 200 | CT=application/json; charset=utf-8 | page=2
[GD] page 2: 24 items
[GD] HTTP 200 | CT=application/json; charset=utf-8 | page=3
[GD] page 3: 24 items
[GD] HTTP 200 | CT=application/json; charset=utf-8 | page=4
[GD] page 4: 24 items
[GD] HTTP 200 | CT=application/json; charset=utf-8 | page=5
[GD] page 5: 24 items
[GD] total raw items before normalize: 120; unique kept: 102
[GD] normalized rows: 102
[GD] blocked by specialty/diesel filter: 90; passing: 12
[Proxibid] parsed 30 rows across 1 page(s)
[Renebates] found 57 events on index
[Renebates] event: Bolivar Water Supply Corporation - Sanger, Texas secs=9261
[Renebates] Bolivar Water Supply Corporation - Sanger, Texas -> 48 lots via https://renebates.com/a_list_2.php?id=294&cat=all
[Renebates] event: Allen Independent School District - Allen, Texas secs=12858
[Renebates] Allen Independent School District - Allen, Texas -> 45 lots via https://renebates.com/a_list_2.php?id=234&cat=all
[DEBUG] collected 34 listings from all sites (after filter)
[GD] HTTP 200 | CT=application/json; charset=utf-8 | page=1
[GD] page 1: 24 items
[GD] HTTP 200 | CT=application/json; charset=utf-8 | page=2
[GD] page 2: 24 items
[GD] HTTP 200 | CT=application/json; charset=utf-8 | page=3
[GD] page 3: 24 items
[GD] HTTP 200 | CT=application/json; charset=utf-8 | page=4
[GD] page 4: 24 items
[GD] HTTP 200 | CT=application/json; charset=utf-8 | page=5
[GD] page 5: 24 items
[GD] total raw items before normalize: 120; unique kept: 102
[GD] normalized rows: 102
[GD] blocked by specialty/diesel filter: 90; passing: 12
[Proxibid] parsed 30 rows across 1 page(s)
[Renebates] found 57 events on index
[Renebates] event: Bolivar Water Supply Corporation - Sanger, Texas secs=8612
[Renebates] Bolivar Water Supply Corporation - Sanger, Texas -> 48 lots via https://renebates.com/a_list_2.php?id=294&cat=all
[Renebates] event: Allen Independent School District - Allen, Texas secs=12209
[Renebates] Allen Independent School District - Allen, Texas -> 45 lots via https://renebates.com/a_list_2.php?id=234&cat=all
[DEBUG] collected 34 listings from all sites (after filter)
[GD] HTTP 200 | CT=application/json; charset=utf-8 | page=1
[GD] page 1: 24 items
[GD] HTTP 200 | CT=application/json; charset=utf-8 | page=2
[GD] page 2: 24 items
[GD] HTTP 200 | CT=application/json; charset=utf-8 | page=3
[GD] page 3: 24 items
[GD] HTTP 200 | CT=application/json; charset=utf-8 | page=4
[GD] page 4: 24 items
[GD] HTTP 200 | CT=application/json; charset=utf-8 | page=5
[GD] page 5: 24 items
[GD] total raw items before normalize: 120; unique kept: 100
[GD] normalized rows: 100
[GD] blocked by specialty/diesel filter: 88; passing: 12
[Proxibid] parsed 30 rows across 1 page(s)
[Renebates] found 57 events on index
[Renebates] event: Bolivar Water Supply Corporation - Sanger, Texas secs=7956
[Renebates] Bolivar Water Supply Corporation - Sanger, Texas -> 48 lots via https://renebates.com/a_list_2.php?id=294&cat=all
[Renebates] event: Allen Independent School District - Allen, Texas secs=11553
[Renebates] Allen Independent School District - Allen, Texas -> 45 lots via https://renebates.com/a_list_2.php?id=234&cat=all
[DEBUG] collected 34 listings from all sites (after filter)
[GD] HTTP 200 | CT=application/json; charset=utf-8 | page=1
[GD] page 1: 24 items
[GD] HTTP 200 | CT=application/json; charset=utf-8 | page=2
[GD] page 2: 24 items
[GD] HTTP 200 | CT=application/json; charset=utf-8 | page=3
[GD] page 3: 24 items
[GD] HTTP 200 | CT=application/json; charset=utf-8 | page=4
[GD] page 4: 24 items
[GD] HTTP 200 | CT=application/json; charset=utf-8 | page=5
[GD] page 5: 24 items
[GD] total raw items before normalize: 120; unique kept: 100
[GD] normalized rows: 100
[GD] blocked by specialty/diesel filter: 88; passing: 12
[Proxibid] parsed 30 rows across 1 page(s)
[Renebates] found 57 events on index
[Renebates] event: Bolivar Water Supply Corporation - Sanger, Texas secs=7307
[Renebates] Bolivar Water Supply Corporation - Sanger, Texas -> 48 lots via https://renebates.com/a_list_2.php?id=294&cat=all
[Renebates] event: Allen Independent School District - Allen, Texas secs=10903
[Renebates] Allen Independent School District - Allen, Texas -> 45 lots via https://renebates.com/a_list_2.php?id=234&cat=all
[DEBUG] collected 34 listings from all sites (after filter)
[GD] HTTP 200 | CT=application/json; charset=utf-8 | page=1
[GD] page 1: 24 items
[GD] HTTP 200 | CT=application/json; charset=utf-8 | page=2
[GD] page 2: 24 items
[GD] HTTP 200 | CT=application/json; charset=utf-8 | page=3
[GD] page 3: 24 items
[GD] HTTP 200 | CT=application/json; charset=utf-8 | page=4
[GD] page 4: 24 items
[GD] HTTP 200 | CT=application/json; charset=utf-8 | page=5
[GD] page 5: 24 items
[GD] total raw items before normalize: 120; unique kept: 99
[GD] normalized rows: 99
[GD] blocked by specialty/diesel filter: 88; passing: 11
[Proxibid] parsed 30 rows across 1 page(s)
[Renebates] found 57 events on index
[Renebates] event: Bolivar Water Supply Corporation - Sanger, Texas secs=6658
[Renebates] Bolivar Water Supply Corporation - Sanger, Texas -> 48 lots via https://renebates.com/a_list_2.php?id=294&cat=all
[Renebates] event: Allen Independent School District - Allen, Texas secs=10255
[Renebates] Allen Independent School District - Allen, Texas -> 45 lots via https://renebates.com/a_list_2.php?id=234&cat=all
[DEBUG] collected 33 listings from all sites (after filter)
[GD] HTTP 200 | CT=application/json; charset=utf-8 | page=1
[GD] page 1: 24 items
[GD] HTTP 200 | CT=application/json; charset=utf-8 | page=2
[GD] page 2: 24 items
[GD] HTTP 200 | CT=application/json; charset=utf-8 | page=3
[GD] page 3: 24 items
[GD] HTTP 200 | CT=application/json; charset=utf-8 | page=4
[GD] page 4: 24 items
[GD] HTTP 200 | CT=application/json; charset=utf-8 | page=5
[GD] page 5: 24 items
[GD] total raw items before normalize: 120; unique kept: 99
[GD] normalized rows: 99
[GD] blocked by specialty/diesel filter: 88; passing: 11
[Proxibid] parsed 30 rows across 1 page(s)
[Renebates] found 57 events on index
[Renebates] event: Bolivar Water Supply Corporation - Sanger, Texas secs=6009
[Renebates] Bolivar Water Supply Corporation - Sanger, Texas -> 48 lots via https://renebates.com/a_list_2.php?id=294&cat=all
[Renebates] event: Allen Independent School District - Allen, Texas secs=9604
[Renebates] Allen Independent School District - Allen, Texas -> 45 lots via https://renebates.com/a_list_2.php?id=234&cat=all
[DEBUG] collected 33 listings from all sites (after filter)
[GD] HTTP 200 | CT=application/json; charset=utf-8 | page=1
[GD] page 1: 24 items
[GD] HTTP 200 | CT=application/json; charset=utf-8 | page=2
[GD] page 2: 24 items
[GD] HTTP 200 | CT=application/json; charset=utf-8 | page=3
[GD] page 3: 24 items
[GD] HTTP 200 | CT=application/json; charset=utf-8 | page=4
[GD] page 4: 24 items
[GD] HTTP 200 | CT=application/json; charset=utf-8 | page=5
[GD] page 5: 24 items
[GD] total raw items before normalize: 120; unique kept: 98
[GD] normalized rows: 98
[GD] blocked by specialty/diesel filter: 87; passing: 11
[Proxibid] parsed 30 rows across 1 page(s)
[Renebates] found 57 events on index
[Renebates] event: Bolivar Water Supply Corporation - Sanger, Texas secs=5345
[Renebates] Bolivar Water Supply Corporation - Sanger, Texas -> 48 lots via https://renebates.com/a_list_2.php?id=294&cat=all
[Renebates] event: Allen Independent School District - Allen, Texas secs=8942
[Renebates] Allen Independent School District - Allen, Texas -> 45 lots via https://renebates.com/a_list_2.php?id=234&cat=all
[DEBUG] collected 33 listings from all sites (after filter)
[GD] HTTP 200 | CT=application/json; charset=utf-8 | page=1
[GD] page 1: 24 items
[GD] HTTP 200 | CT=application/json; charset=utf-8 | page=2
[GD] page 2: 24 items
[GD] HTTP 200 | CT=application/json; charset=utf-8 | page=3
[GD] page 3: 24 items
[GD] HTTP 200 | CT=application/json; charset=utf-8 | page=4
[GD] page 4: 24 items
[GD] HTTP 200 | CT=application/json; charset=utf-8 | page=5
[GD] page 5: 24 items
[GD] total raw items before normalize: 120; unique kept: 98
[GD] normalized rows: 98
[GD] blocked by specialty/diesel filter: 87; passing: 11
[Proxibid] parsed 30 rows across 1 page(s)
[Renebates] found 57 events on index
[Renebates] event: Bolivar Water Supply Corporation - Sanger, Texas secs=4702
[Renebates] Bolivar Water Supply Corporation - Sanger, Texas -> 48 lots via https://renebates.com/a_list_2.php?id=294&cat=all
[Renebates] event: Allen Independent School District - Allen, Texas secs=8299
[Renebates] Allen Independent School District - Allen, Texas -> 45 lots via https://renebates.com/a_list_2.php?id=234&cat=all
[DEBUG] collected 33 listings from all sites (after filter)
[GD] HTTP 200 | CT=application/json; charset=utf-8 | page=1
[GD] page 1: 24 items
[GD] HTTP 200 | CT=application/json; charset=utf-8 | page=2
[GD] page 2: 24 items
[GD] HTTP 200 | CT=application/json; charset=utf-8 | page=3
[GD] page 3: 24 items
[GD] HTTP 200 | CT=application/json; charset=utf-8 | page=4
[GD] page 4: 24 items
[GD] HTTP 200 | CT=application/json; charset=utf-8 | page=5
[GD] page 5: 24 items
[GD] total raw items before normalize: 120; unique kept: 97
[GD] normalized rows: 97
[GD] blocked by specialty/diesel filter: 86; passing: 11
[Proxibid] parsed 30 rows across 1 page(s)
[Renebates] found 57 events on index
[Renebates] event: Bolivar Water Supply Corporation - Sanger, Texas secs=4061
[Renebates] Bolivar Water Supply Corporation - Sanger, Texas -> 48 lots via https://renebates.com/a_list_2.php?id=294&cat=all
[Renebates] event: Allen Independent School District - Allen, Texas secs=7659
[Renebates] Allen Independent School District - Allen, Texas -> 45 lots via https://renebates.com/a_list_2.php?id=234&cat=all
[DEBUG] collected 33 listings from all sites (after filter)
[GD] HTTP 200 | CT=application/json; charset=utf-8 | page=1
[GD] page 1: 24 items
[GD] HTTP 200 | CT=application/json; charset=utf-8 | page=2
[GD] page 2: 24 items
[GD] HTTP 200 | CT=application/json; charset=utf-8 | page=3
[GD] page 3: 24 items
[GD] HTTP 200 | CT=application/json; charset=utf-8 | page=4
[GD] page 4: 24 items
[GD] HTTP 200 | CT=application/json; charset=utf-8 | page=5
[GD] page 5: 24 items
[GD] total raw items before normalize: 120; unique kept: 98
[GD] normalized rows: 98
[GD] blocked by specialty/diesel filter: 86; passing: 12
[Proxibid] parsed 30 rows across 1 page(s)
[Renebates] found 58 events on index
[Renebates] event: Bolivar Water Supply Corporation - Sanger, Texas secs=3411
[Renebates] Bolivar Water Supply Corporation - Sanger, Texas -> 48 lots via https://renebates.com/a_list_2.php?id=294&cat=all
[Renebates] event: Allen Independent School District - Allen, Texas secs=7008
[Renebates] Allen Independent School District - Allen, Texas -> 45 lots via https://renebates.com/a_list_2.php?id=234&cat=all
[Renebates] time budget exceeded; moving on
[DEBUG] collected 34 listings from all sites (after filter)
❌ Digest SMS failed: HTTP 401 error: Unable to create record: Authenticate
📬 Daily digest SMS sent.
[GD] HTTP 200 | CT=application/json; charset=utf-8 | page=1
[GD] page 1: 24 items
[GD] HTTP 200 | CT=application/json; charset=utf-8 | page=2
[GD] page 2: 24 items
[GD] HTTP 200 | CT=application/json; charset=utf-8 | page=3
[GD] page 3: 24 items
[GD] HTTP 200 | CT=application/json; charset=utf-8 | page=4
[GD] page 4: 24 items
[GD] HTTP 200 | CT=application/json; charset=utf-8 | page=5
[GD] page 5: 24 items
[GD] total raw items before normalize: 120; unique kept: 99
[GD] normalized rows: 99
[GD] blocked by specialty/diesel filter: 85; passing: 14
[Proxibid] parsed 30 rows across 1 page(s)
[Renebates] found 58 events on index
[Renebates] event: Bolivar Water Supply Corporation - Sanger, Texas secs=2763
[Renebates] Bolivar Water Supply Corporation - Sanger, Texas -> 48 lots via https://renebates.com/a_list_2.php?id=294&cat=all
[Renebates] event: Allen Independent School District - Allen, Texas secs=6361
[Renebates] Allen Independent School District - Allen, Texas -> 45 lots via https://renebates.com/a_list_2.php?id=234&cat=all
[DEBUG] collected 36 listings from all sites (after filter)
[GD] HTTP 200 | CT=application/json; charset=utf-8 | page=1
[GD] page 1: 24 items
[GD] HTTP 200 | CT=application/json; charset=utf-8 | page=2
[GD] page 2: 24 items
[GD] HTTP 200 | CT=application/json; charset=utf-8 | page=3
[GD] page 3: 24 items
[GD] HTTP 200 | CT=application/json; charset=utf-8 | page=4
[GD] page 4: 24 items
[GD] HTTP 200 | CT=application/json; charset=utf-8 | page=5
[GD] page 5: 24 items
[GD] total raw items before normalize: 120; unique kept: 100
[GD] normalized rows: 100
[GD] blocked by specialty/diesel filter: 87; passing: 13
[Proxibid] parsed 30 rows across 1 page(s)
[Renebates] found 58 events on index
[Renebates] event: Bolivar Water Supply Corporation - Sanger, Texas secs=2117
[Renebates] Bolivar Water Supply Corporation - Sanger, Texas -> 48 lots via https://renebates.com/a_list_2.php?id=294&cat=all
[Renebates] event: Allen Independent School District - Allen, Texas secs=5715
[Renebates] Allen Independent School District - Allen, Texas -> 45 lots via https://renebates.com/a_list_2.php?id=234&cat=all
[DEBUG] collected 35 listings from all sites (after filter)
[GD] HTTP 200 | CT=application/json; charset=utf-8 | page=1
[GD] page 1: 24 items
[GD] HTTP 200 | CT=application/json; charset=utf-8 | page=2
[GD] page 2: 24 items
[GD] HTTP 200 | CT=application/json; charset=utf-8 | page=3
[GD] page 3: 24 items
[GD] HTTP 200 | CT=application/json; charset=utf-8 | page=4
[GD] page 4: 24 items
[GD] HTTP 200 | CT=application/json; charset=utf-8 | page=5
[GD] page 5: 24 items
[GD] total raw items before normalize: 120; unique kept: 100
[GD] normalized rows: 100
[GD] blocked by specialty/diesel filter: 87; passing: 13
[Proxibid] parsed 30 rows across 1 page(s)
[Renebates] found 58 events on index
[Renebates] event: Bolivar Water Supply Corporation - Sanger, Texas secs=1460
[Renebates] Bolivar Water Supply Corporation - Sanger, Texas -> 48 lots via https://renebates.com/a_list_2.php?id=294&cat=all
[Renebates] event: Allen Independent School District - Allen, Texas secs=5056
[Renebates] Allen Independent School District - Allen, Texas -> 45 lots via https://renebates.com/a_list_2.php?id=234&cat=all
[DEBUG] collected 35 listings from all sites (after filter)
[GD] HTTP 200 | CT=application/json; charset=utf-8 | page=1
[GD] page 1: 24 items
[GD] HTTP 200 | CT=application/json; charset=utf-8 | page=2
[GD] page 2: 24 items
[GD] HTTP 200 | CT=application/json; charset=utf-8 | page=3
[GD] page 3: 24 items
[GD] HTTP 200 | CT=application/json; charset=utf-8 | page=4
[GD] page 4: 24 items
[GD] HTTP 200 | CT=application/json; charset=utf-8 | page=5
[GD] page 5: 24 items
[GD] total raw items before normalize: 120; unique kept: 100
[GD] normalized rows: 100
[GD] blocked by specialty/diesel filter: 85; passing: 15
[Proxibid] parsed 30 rows across 1 page(s)
[Renebates] found 58 events on index
[Renebates] event: Bolivar Water Supply Corporation - Sanger, Texas secs=806
[Renebates] Bolivar Water Supply Corporation - Sanger, Texas -> 48 lots via https://renebates.com/a_list_2.php?id=294&cat=all
[Renebates] event: Allen Independent School District - Allen, Texas secs=4401
[Renebates] Allen Independent School District - Allen, Texas -> 45 lots via https://renebates.com/a_list_2.php?id=234&cat=all
[DEBUG] collected 37 listings from all sites (after filter)
[GD] HTTP 200 | CT=application/json; charset=utf-8 | page=1
[GD] page 1: 24 items
[GD] HTTP 200 | CT=application/json; charset=utf-8 | page=2
[GD] page 2: 24 items
[GD] HTTP 200 | CT=application/json; charset=utf-8 | page=3
[GD] page 3: 24 items
[GD] HTTP 200 | CT=application/json; charset=utf-8 | page=4
[GD] page 4: 24 items
[GD] HTTP 200 | CT=application/json; charset=utf-8 | page=5
[GD] page 5: 24 items
[GD] total raw items before normalize: 120; unique kept: 100
[GD] normalized rows: 100
[GD] blocked by specialty/diesel filter: 85; passing: 15
[Proxibid] parsed 30 rows across 1 page(s)
[Renebates] found 58 events on index
[Renebates] event: Bolivar Water Supply Corporation - Sanger, Texas secs=146
[Renebates] Bolivar Water Supply Corporation - Sanger, Texas -> 48 lots via https://renebates.com/a_list_2.php?id=294&cat=all
[Renebates] event: Allen Independent School District - Allen, Texas secs=3742
[Renebates] Allen Independent School District - Allen, Texas -> 45 lots via https://renebates.com/a_list_2.php?id=234&cat=all
[DEBUG] collected 37 listings from all sites (after filter)
[GD] HTTP 200 | CT=application/json; charset=utf-8 | page=1
[GD] page 1: 24 items
[GD] HTTP 200 | CT=application/json; charset=utf-8 | page=2
[GD] page 2: 24 items
[GD] HTTP 200 | CT=application/json; charset=utf-8 | page=3
[GD] page 3: 24 items
[GD] HTTP 200 | CT=application/json; charset=utf-8 | page=4
[GD] page 4: 24 items
[GD] HTTP 200 | CT=application/json; charset=utf-8 | page=5
[GD] page 5: 24 items
[GD] total raw items before normalize: 120; unique kept: 107
[GD] normalized rows: 107
[GD] blocked by specialty/diesel filter: 96; passing: 11
[Proxibid] parsed 30 rows across 1 page(s)
[Renebates] found 58 events on index
[Renebates] event: Celina Independent School District - Celina, Texas secs=68831
[Renebates] Celina Independent School District - Celina, Texas -> 33 lots via https://renebates.com/a_list_2.php?id=268&cat=all
[Renebates] event: MHMR Tarrant - Fort Worth, Texas secs=79627
[Renebates] MHMR Tarrant - Fort Worth, Texas -> 60 lots via https://renebates.com/a_list_2.php?id=138&cat=all
[DEBUG] collected 32 listings from all sites (after filter)
[GD] HTTP 200 | CT=application/json; charset=utf-8 | page=1
[GD] page 1: 24 items
[GD] HTTP 200 | CT=application/json; charset=utf-8 | page=2
[GD] page 2: 24 items
[GD] HTTP 200 | CT=application/json; charset=utf-8 | page=3
[GD] page 3: 24 items
[GD] HTTP 200 | CT=application/json; charset=utf-8 | page=4
[GD] page 4: 24 items
[GD] HTTP 200 | CT=application/json; charset=utf-8 | page=5
[GD] page 5: 24 items
[GD] total raw items before normalize: 120; unique kept: 105
[GD] normalized rows: 105
[GD] blocked by specialty/diesel filter: 94; passing: 11
[Proxibid] parsed 30 rows across 1 page(s)
[Renebates] found 58 events on index
[Renebates] event: Celina Independent School District - Celina, Texas secs=68183
[Renebates] Celina Independent School District - Celina, Texas -> 33 lots via https://renebates.com/a_list_2.php?id=268&cat=all
[Renebates] event: MHMR Tarrant - Fort Worth, Texas secs=78980
[Renebates] MHMR Tarrant - Fort Worth, Texas -> 60 lots via https://renebates.com/a_list_2.php?id=138&cat=all
[DEBUG] collected 33 listings from all sites (after filter)
[GD] HTTP 200 | CT=application/json; charset=utf-8 | page=1
[GD] page 1: 24 items
[GD] HTTP 200 | CT=application/json; charset=utf-8 | page=2
[GD] page 2: 24 items
[GD] HTTP 200 | CT=application/json; charset=utf-8 | page=3
[GD] page 3: 24 items
[GD] HTTP 200 | CT=application/json; charset=utf-8 | page=4
[GD] page 4: 24 items
[GD] HTTP 200 | CT=application/json; charset=utf-8 | page=5
[GD] page 5: 24 items
[GD] total raw items before normalize: 120; unique kept: 104
[GD] normalized rows: 104
[GD] blocked by specialty/diesel filter: 95; passing: 9
[Proxibid] parsed 30 rows across 1 page(s)
[Renebates] found 58 events on index
[Renebates] event: Celina Independent School District - Celina, Texas secs=67532
[Renebates] Celina Independent School District - Celina, Texas -> 33 lots via https://renebates.com/a_list_2.php?id=268&cat=all
[Renebates] event: MHMR Tarrant - Fort Worth, Texas secs=78329
[Renebates] MHMR Tarrant - Fort Worth, Texas -> 60 lots via https://renebates.com/a_list_2.php?id=138&cat=all
[DEBUG] collected 31 listings from all sites (after filter)
[GD] HTTP 200 | CT=application/json; charset=utf-8 | page=1
[GD] page 1: 24 items
[GD] HTTP 200 | CT=application/json; charset=utf-8 | page=2
[GD] page 2: 24 items
[GD] HTTP 200 | CT=application/json; charset=utf-8 | page=3
[GD] page 3: 24 items
[GD] HTTP 200 | CT=application/json; charset=utf-8 | page=4
[GD] page 4: 24 items
[GD] HTTP 200 | CT=application/json; charset=utf-8 | page=5
[GD] page 5: 24 items
[GD] total raw items before normalize: 120; unique kept: 105
[GD] normalized rows: 105
[GD] blocked by specialty/diesel filter: 98; passing: 7
[Proxibid] parsed 30 rows across 1 page(s)
[Renebates] found 58 events on index
[Renebates] event: Celina Independent School District - Celina, Texas secs=66884
[Renebates] Celina Independent School District - Celina, Texas -> 33 lots via https://renebates.com/a_list_2.php?id=268&cat=all
[Renebates] event: MHMR Tarrant - Fort Worth, Texas secs=77680
[Renebates] MHMR Tarrant - Fort Worth, Texas -> 60 lots via https://renebates.com/a_list_2.php?id=138&cat=all
[DEBUG] collected 29 listings from all sites (after filter)
[GD] HTTP 200 | CT=application/json; charset=utf-8 | page=1
[GD] page 1: 24 items
[GD] HTTP 200 | CT=application/json; charset=utf-8 | page=2
[GD] page 2: 24 items
[GD] HTTP 200 | CT=application/json; charset=utf-8 | page=3
[GD] page 3: 24 items
[GD] HTTP 200 | CT=application/json; charset=utf-8 | page=4
[GD] page 4: 24 items
[GD] HTTP 200 | CT=application/json; charset=utf-8 | page=5
[GD] page 5: 24 items
[GD] total raw items before normalize: 120; unique kept: 104
[GD] normalized rows: 104
[GD] blocked by specialty/diesel filter: 97; passing: 7
[Proxibid] parsed 30 rows across 1 page(s)
[Renebates] found 58 events on index
[Renebates] event: Celina Independent School District - Celina, Texas secs=66232
[Renebates] Celina Independent School District - Celina, Texas -> 33 lots via https://renebates.com/a_list_2.php?id=268&cat=all
[Renebates] event: MHMR Tarrant - Fort Worth, Texas secs=77027
[Renebates] MHMR Tarrant - Fort Worth, Texas -> 60 lots via https://renebates.com/a_list_2.php?id=138&cat=all
[DEBUG] collected 29 listings from all sites (after filter)
[GD] HTTP 200 | CT=application/json; charset=utf-8 | page=1
[GD] page 1: 24 items
[GD] HTTP 200 | CT=application/json; charset=utf-8 | page=2
[GD] page 2: 24 items
[GD] HTTP 200 | CT=application/json; charset=utf-8 | page=3
[GD] page 3: 24 items
[GD] HTTP 200 | CT=application/json; charset=utf-8 | page=4
[GD] page 4: 24 items
[GD] HTTP 200 | CT=application/json; charset=utf-8 | page=5
[GD] page 5: 24 items
[GD] total raw items before normalize: 120; unique kept: 103
[GD] normalized rows: 103
[GD] blocked by specialty/diesel filter: 96; passing: 7
[Proxibid] parsed 30 rows across 1 page(s)
[Renebates] found 58 events on index
[Renebates] event: Celina Independent School District - Celina, Texas secs=65579
[Renebates] Celina Independent School District - Celina, Texas -> 33 lots via https://renebates.com/a_list_2.php?id=268&cat=all
[Renebates] event: MHMR Tarrant - Fort Worth, Texas secs=76375
[Renebates] MHMR Tarrant - Fort Worth, Texas -> 60 lots via https://renebates.com/a_list_2.php?id=138&cat=all
[DEBUG] collected 28 listings from all sites (after filter)
[GD] HTTP 200 | CT=application/json; charset=utf-8 | page=1
[GD] page 1: 24 items
[GD] HTTP 200 | CT=application/json; charset=utf-8 | page=2
[GD] page 2: 24 items
[GD] HTTP 200 | CT=application/json; charset=utf-8 | page=3
[GD] page 3: 24 items
[GD] HTTP 200 | CT=application/json; charset=utf-8 | page=4
[GD] page 4: 24 items
[GD] HTTP 200 | CT=application/json; charset=utf-8 | page=5
[GD] page 5: 24 items
[GD] total raw items before normalize: 120; unique kept: 103
[GD] normalized rows: 103
[GD] blocked by specialty/diesel filter: 96; passing: 7
[Proxibid] parsed 30 rows across 1 page(s)
[Renebates] found 58 events on index
[Renebates] event: Celina Independent School District - Celina, Texas secs=64929
[Renebates] Celina Independent School District - Celina, Texas -> 33 lots via https://renebates.com/a_list_2.php?id=268&cat=all
[Renebates] event: MHMR Tarrant - Fort Worth, Texas secs=75726
[Renebates] MHMR Tarrant - Fort Worth, Texas -> 60 lots via https://renebates.com/a_list_2.php?id=138&cat=all
[DEBUG] collected 28 listings from all sites (after filter)
[GD] HTTP 200 | CT=application/json; charset=utf-8 | page=1
[GD] page 1: 24 items
[GD] HTTP 200 | CT=application/json; charset=utf-8 | page=2
[GD] page 2: 24 items
[GD] HTTP 200 | CT=application/json; charset=utf-8 | page=3
[GD] page 3: 24 items
[GD] HTTP 200 | CT=application/json; charset=utf-8 | page=4
[GD] page 4: 24 items
[GD] HTTP 200 | CT=application/json; charset=utf-8 | page=5
[GD] page 5: 24 items
[GD] total raw items before normalize: 120; unique kept: 102
[GD] normalized rows: 102
[GD] blocked by specialty/diesel filter: 95; passing: 7
[Proxibid] parsed 30 rows across 1 page(s)
[Renebates] found 58 events on index
[Renebates] event: Celina Independent School District - Celina, Texas secs=64285
[Renebates] Celina Independent School District - Celina, Texas -> 33 lots via https://renebates.com/a_list_2.php?id=268&cat=all
[Renebates] event: MHMR Tarrant - Fort Worth, Texas secs=75082
[Renebates] MHMR Tarrant - Fort Worth, Texas -> 60 lots via https://renebates.com/a_list_2.php?id=138&cat=all
[DEBUG] collected 29 listings from all sites (after filter)
[GD] HTTP 200 | CT=application/json; charset=utf-8 | page=1
[GD] page 1: 24 items
[GD] HTTP 200 | CT=application/json; charset=utf-8 | page=2
[GD] page 2: 24 items
[GD] HTTP 200 | CT=application/json; charset=utf-8 | page=3
[GD] page 3: 24 items
[GD] HTTP 200 | CT=application/json; charset=utf-8 | page=4
[GD] page 4: 24 items
[GD] HTTP 200 | CT=application/json; charset=utf-8 | page=5
[GD] page 5: 24 items
[GD] total raw items before normalize: 120; unique kept: 102
[GD] normalized rows: 102
[GD] blocked by specialty/diesel filter: 94; passing: 8
[Proxibid] parsed 30 rows across 1 page(s)
[Renebates] found 58 events on index
[Renebates] event: Celina Independent School District - Celina, Texas secs=63640
[Renebates] Celina Independent School District - Celina, Texas -> 33 lots via https://renebates.com/a_list_2.php?id=268&cat=all
[Renebates] event: MHMR Tarrant - Fort Worth, Texas secs=74437
[Renebates] MHMR Tarrant - Fort Worth, Texas -> 60 lots via https://renebates.com/a_list_2.php?id=138&cat=all
[DEBUG] collected 28 listings from all sites (after filter)
[GD] HTTP 200 | CT=application/json; charset=utf-8 | page=1
[GD] page 1: 24 items
[GD] HTTP 200 | CT=application/json; charset=utf-8 | page=2
[GD] page 2: 24 items
[GD] HTTP 200 | CT=application/json; charset=utf-8 | page=3
[GD] page 3: 24 items
[GD] HTTP 200 | CT=application/json; charset=utf-8 | page=4
[GD] page 4: 24 items
[GD] HTTP 200 | CT=application/json; charset=utf-8 | page=5
[GD] page 5: 24 items
[GD] total raw items before normalize: 120; unique kept: 102
[GD] normalized rows: 102
[GD] blocked by specialty/diesel filter: 94; passing: 8
[Proxibid] parsed 30 rows across 1 page(s)
[Renebates] found 58 events on index
[Renebates] event: Celina Independent School District - Celina, Texas secs=62994
[Renebates] Celina Independent School District - Celina, Texas -> 33 lots via https://renebates.com/a_list_2.php?id=268&cat=all
[Renebates] event: MHMR Tarrant - Fort Worth, Texas secs=73791
[Renebates] MHMR Tarrant - Fort Worth, Texas -> 60 lots via https://renebates.com/a_list_2.php?id=138&cat=all
[DEBUG] collected 32 listings from all sites (after filter)
[GD] HTTP 200 | CT=application/json; charset=utf-8 | page=1
[GD] page 1: 24 items
[GD] HTTP 200 | CT=application/json; charset=utf-8 | page=2
[GD] page 2: 24 items
[GD] HTTP 200 | CT=application/json; charset=utf-8 | page=3
[GD] page 3: 24 items
[GD] HTTP 200 | CT=application/json; charset=utf-8 | page=4
[GD] page 4: 24 items
[GD] HTTP 200 | CT=application/json; charset=utf-8 | page=5
[GD] page 5: 24 items
[GD] total raw items before normalize: 120; unique kept: 101
[GD] normalized rows: 101
[GD] blocked by specialty/diesel filter: 93; passing: 8
[Proxibid] parsed 30 rows across 1 page(s)
[Renebates] found 58 events on index
[Renebates] event: Celina Independent School District - Celina, Texas secs=62350
[Renebates] Celina Independent School District - Celina, Texas -> 33 lots via https://renebates.com/a_list_2.php?id=268&cat=all
[Renebates] event: MHMR Tarrant - Fort Worth, Texas secs=73146
[Renebates] MHMR Tarrant - Fort Worth, Texas -> 60 lots via https://renebates.com/a_list_2.php?id=138&cat=all
[DEBUG] collected 32 listings from all sites (after filter)
[GD] HTTP 200 | CT=application/json; charset=utf-8 | page=1
[GD] page 1: 24 items
[GD] HTTP 200 | CT=application/json; charset=utf-8 | page=2
[GD] page 2: 24 items
[GD] HTTP 200 | CT=application/json; charset=utf-8 | page=3
[GD] page 3: 24 items
[GD] HTTP 200 | CT=application/json; charset=utf-8 | page=4
[GD] page 4: 24 items
[GD] HTTP 200 | CT=application/json; charset=utf-8 | page=5
[GD] page 5: 24 items
[GD] total raw items before normalize: 120; unique kept: 101
[GD] normalized rows: 101
[GD] blocked by specialty/diesel filter: 93; passing: 8
[Proxibid] parsed 30 rows across 1 page(s)
[Renebates] found 58 events on index
[Renebates] event: Celina Independent School District - Celina, Texas secs=61696
[Renebates] Celina Independent School District - Celina, Texas -> 33 lots via https://renebates.com/a_list_2.php?id=268&cat=all
[Renebates] event: MHMR Tarrant - Fort Worth, Texas secs=72492
[Renebates] MHMR Tarrant - Fort Worth, Texas -> 60 lots via https://renebates.com/a_list_2.php?id=138&cat=all
[DEBUG] collected 32 listings from all sites (after filter)
[GD] HTTP 200 | CT=application/json; charset=utf-8 | page=1
[GD] page 1: 24 items
[GD] HTTP 200 | CT=application/json; charset=utf-8 | page=2
[GD] page 2: 24 items
[GD] HTTP 200 | CT=application/json; charset=utf-8 | page=3
[GD] page 3: 24 items
[GD] HTTP 200 | CT=application/json; charset=utf-8 | page=4
[GD] page 4: 24 items
[GD] HTTP 200 | CT=application/json; charset=utf-8 | page=5
[GD] page 5: 24 items
[GD] total raw items before normalize: 120; unique kept: 101
[GD] normalized rows: 101
[GD] blocked by specialty/diesel filter: 93; passing: 8
[Proxibid] parsed 30 rows across 1 page(s)
[Renebates] found 58 events on index
[Renebates] event: Celina Independent School District - Celina, Texas secs=61036
[Renebates] Celina Independent School District - Celina, Texas -> 33 lots via https://renebates.com/a_list_2.php?id=268&cat=all
[Renebates] event: MHMR Tarrant - Fort Worth, Texas secs=71832
[Renebates] MHMR Tarrant - Fort Worth, Texas -> 60 lots via https://renebates.com/a_list_2.php?id=138&cat=all
[DEBUG] collected 32 listings from all sites (after filter)
[GD] HTTP 200 | CT=application/json; charset=utf-8 | page=1
[GD] page 1: 24 items
[GD] HTTP 200 | CT=application/json; charset=utf-8 | page=2
[GD] page 2: 24 items
[GD] HTTP 200 | CT=application/json; charset=utf-8 | page=3
[GD] page 3: 24 items
[GD] HTTP 200 | CT=application/json; charset=utf-8 | page=4
[GD] page 4: 24 items
[GD] HTTP 200 | CT=application/json; charset=utf-8 | page=5
[GD] page 5: 24 items
[GD] total raw items before normalize: 120; unique kept: 101
[GD] normalized rows: 101
[GD] blocked by specialty/diesel filter: 92; passing: 9
[Proxibid] parsed 30 rows across 1 page(s)
[Renebates] found 58 events on index
[Renebates] event: Celina Independent School District - Celina, Texas secs=60380
[Renebates] Celina Independent School District - Celina, Texas -> 33 lots via https://renebates.com/a_list_2.php?id=268&cat=all
[Renebates] event: MHMR Tarrant - Fort Worth, Texas secs=71177
[Renebates] MHMR Tarrant - Fort Worth, Texas -> 60 lots via https://renebates.com/a_list_2.php?id=138&cat=all
[DEBUG] collected 33 listings from all sites (after filter)
[GD] HTTP 200 | CT=application/json; charset=utf-8 | page=1
[GD] page 1: 24 items
[GD] HTTP 200 | CT=application/json; charset=utf-8 | page=2
[GD] page 2: 24 items
[GD] HTTP 200 | CT=application/json; charset=utf-8 | page=3
[GD] page 3: 24 items
[GD] HTTP 200 | CT=application/json; charset=utf-8 | page=4
[GD] page 4: 24 items
[GD] HTTP 200 | CT=application/json; charset=utf-8 | page=5
[GD] page 5: 24 items
[GD] total raw items before normalize: 120; unique kept: 100
[GD] normalized rows: 100
[GD] blocked by specialty/diesel filter: 91; passing: 9
[Proxibid] parsed 30 rows across 1 page(s)
[Renebates] found 58 events on index
[Renebates] event: Celina Independent School District - Celina, Texas secs=59727
[Renebates] Celina Independent School District - Celina, Texas -> 33 lots via https://renebates.com/a_list_2.php?id=268&cat=all
[Renebates] event: MHMR Tarrant - Fort Worth, Texas secs=70522
[Renebates] MHMR Tarrant - Fort Worth, Texas -> 60 lots via https://renebates.com/a_list_2.php?id=138&cat=all
[DEBUG] collected 33 listings from all sites (after filter)
[GD] HTTP 200 | CT=application/json; charset=utf-8 | page=1
[GD] page 1: 24 items
[GD] HTTP 200 | CT=application/json; charset=utf-8 | page=2
[GD] page 2: 24 items
[GD] HTTP 200 | CT=application/json; charset=utf-8 | page=3
[GD] page 3: 24 items
[GD] HTTP 200 | CT=application/json; charset=utf-8 | page=4
[GD] page 4: 24 items
[GD] HTTP 200 | CT=application/json; charset=utf-8 | page=5
[GD] page 5: 24 items
[GD] total raw items before normalize: 120; unique kept: 101
[GD] normalized rows: 101
[GD] blocked by specialty/diesel filter: 92; passing: 9
[Proxibid] parsed 30 rows across 1 page(s)
[Renebates] found 58 events on index
[Renebates] event: Celina Independent School District - Celina, Texas secs=59075
[Renebates] Celina Independent School District - Celina, Texas -> 33 lots via https://renebates.com/a_list_2.php?id=268&cat=all
[Renebates] event: MHMR Tarrant - Fort Worth, Texas secs=69873
[Renebates] MHMR Tarrant - Fort Worth, Texas -> 60 lots via https://renebates.com/a_list_2.php?id=138&cat=all
[DEBUG] collected 33 listings from all sites (after filter)
[GD] HTTP 200 | CT=application/json; charset=utf-8 | page=1
[GD] page 1: 24 items
[GD] HTTP 200 | CT=application/json; charset=utf-8 | page=2
[GD] page 2: 24 items
[GD] HTTP 200 | CT=application/json; charset=utf-8 | page=3
[GD] page 3: 24 items
[GD] HTTP 200 | CT=application/json; charset=utf-8 | page=4
[GD] page 4: 24 items
[GD] HTTP 200 | CT=application/json; charset=utf-8 | page=5
[GD] page 5: 24 items
[GD] total raw items before normalize: 120; unique kept: 101
[GD] normalized rows: 101
[GD] blocked by specialty/diesel filter: 92; passing: 9
[Proxibid] parsed 30 rows across 1 page(s)
[Renebates] found 58 events on index
[Renebates] event: Celina Independent School District - Celina, Texas secs=58424
[Renebates] Celina Independent School District - Celina, Texas -> 33 lots via https://renebates.com/a_list_2.php?id=268&cat=all
[Renebates] event: MHMR Tarrant - Fort Worth, Texas secs=69219
[Renebates] MHMR Tarrant - Fort Worth, Texas -> 60 lots via https://renebates.com/a_list_2.php?id=138&cat=all
[DEBUG] collected 33 listings from all sites (after filter)
[GD] HTTP 200 | CT=application/json; charset=utf-8 | page=1
[GD] page 1: 24 items
[GD] HTTP 200 | CT=application/json; charset=utf-8 | page=2
[GD] page 2: 24 items
[GD] HTTP 200 | CT=application/json; charset=utf-8 | page=3
[GD] page 3: 24 items
[GD] HTTP 200 | CT=application/json; charset=utf-8 | page=4
[GD] page 4: 24 items
[GD] HTTP 200 | CT=application/json; charset=utf-8 | page=5
[GD] page 5: 24 items
[GD] total raw items before normalize: 120; unique kept: 100
[GD] normalized rows: 100
[GD] blocked by specialty/diesel filter: 92; passing: 8
[Proxibid] parsed 30 rows across 1 page(s)
[Renebates] found 58 events on index
[Renebates] event: Celina Independent School District - Celina, Texas secs=57768
[Renebates] Celina Independent School District - Celina, Texas -> 33 lots via https://renebates.com/a_list_2.php?id=268&cat=all
[Renebates] event: MHMR Tarrant - Fort Worth, Texas secs=68565
[Renebates] MHMR Tarrant - Fort Worth, Texas -> 60 lots via https://renebates.com/a_list_2.php?id=138&cat=all
[DEBUG] collected 32 listings from all sites (after filter)
[GD] HTTP 200 | CT=application/json; charset=utf-8 | page=1
[GD] page 1: 24 items
[GD] HTTP 200 | CT=application/json; charset=utf-8 | page=2
[GD] page 2: 24 items
[GD] HTTP 200 | CT=application/json; charset=utf-8 | page=3
[GD] page 3: 24 items
[GD] HTTP 200 | CT=application/json; charset=utf-8 | page=4
[GD] page 4: 24 items
[GD] HTTP 200 | CT=application/json; charset=utf-8 | page=5
[GD] page 5: 24 items
[GD] total raw items before normalize: 120; unique kept: 100
[GD] normalized rows: 100
[GD] blocked by specialty/diesel filter: 91; passing: 9
[Proxibid] parsed 30 rows across 1 page(s)
[Renebates] found 58 events on index
[Renebates] event: Celina Independent School District - Celina, Texas secs=57111
[Renebates] Celina Independent School District - Celina, Texas -> 33 lots via https://renebates.com/a_list_2.php?id=268&cat=all
[Renebates] event: MHMR Tarrant - Fort Worth, Texas secs=67907
[Renebates] MHMR Tarrant - Fort Worth, Texas -> 60 lots via https://renebates.com/a_list_2.php?id=138&cat=all
[DEBUG] collected 33 listings from all sites (after filter)
[GD] HTTP 200 | CT=application/json; charset=utf-8 | page=1
[GD] page 1: 24 items
[GD] HTTP 200 | CT=application/json; charset=utf-8 | page=2
[GD] page 2: 24 items
[GD] HTTP 200 | CT=application/json; charset=utf-8 | page=3
[GD] page 3: 24 items
[GD] HTTP 200 | CT=application/json; charset=utf-8 | page=4
[GD] page 4: 24 items
[GD] HTTP 200 | CT=application/json; charset=utf-8 | page=5
[GD] page 5: 24 items
[GD] total raw items before normalize: 120; unique kept: 100
[GD] normalized rows: 100
[GD] blocked by specialty/diesel filter: 91; passing: 9
[Proxibid] parsed 30 rows across 1 page(s)
[Renebates] found 58 events on index
[Renebates] event: Celina Independent School District - Celina, Texas secs=56465
[Renebates] Celina Independent School District - Celina, Texas -> 33 lots via https://renebates.com/a_list_2.php?id=268&cat=all
[Renebates] event: MHMR Tarrant - Fort Worth, Texas secs=67263
[Renebates] MHMR Tarrant - Fort Worth, Texas -> 60 lots via https://renebates.com/a_list_2.php?id=138&cat=all
[DEBUG] collected 33 listings from all sites (after filter)
[GD] HTTP 200 | CT=application/json; charset=utf-8 | page=1
[GD] page 1: 24 items
[GD] HTTP 200 | CT=application/json; charset=utf-8 | page=2
[GD] page 2: 24 items
[GD] HTTP 200 | CT=application/json; charset=utf-8 | page=3
[GD] page 3: 24 items
[GD] HTTP 200 | CT=application/json; charset=utf-8 | page=4
[GD] page 4: 24 items
[GD] HTTP 200 | CT=application/json; charset=utf-8 | page=5
[GD] page 5: 24 items
[GD] total raw items before normalize: 120; unique kept: 100
[GD] normalized rows: 100
[GD] blocked by specialty/diesel filter: 92; passing: 8
[Proxibid] parsed 30 rows across 1 page(s)
[Renebates] found 58 events on index
[Renebates] event: Celina Independent School District - Celina, Texas secs=55815
[Renebates] Celina Independent School District - Celina, Texas -> 33 lots via https://renebates.com/a_list_2.php?id=268&cat=all
[Renebates] event: MHMR Tarrant - Fort Worth, Texas secs=66612
[Renebates] MHMR Tarrant - Fort Worth, Texas -> 60 lots via https://renebates.com/a_list_2.php?id=138&cat=all
[DEBUG] collected 32 listings from all sites (after filter)
[GD] HTTP 200 | CT=application/json; charset=utf-8 | page=1
[GD] page 1: 24 items
[GD] HTTP 200 | CT=application/json; charset=utf-8 | page=2
[GD] page 2: 24 items
[GD] HTTP 200 | CT=application/json; charset=utf-8 | page=3
[GD] page 3: 24 items
[GD] HTTP 200 | CT=application/json; charset=utf-8 | page=4
[GD] page 4: 24 items
[GD] HTTP 200 | CT=application/json; charset=utf-8 | page=5
[GD] page 5: 24 items
[GD] total raw items before normalize: 120; unique kept: 100